[Licensing::Module] Trying to connect to existing licensing client channel...
Built from '6000.3/respin/6000.3.1f1-f56f53296c2c' branch; Version is '6000.3.1f1 (37142da19a94) revision 3609645'; Using compiler version '194234433'; Build Type 'Release'
OS: 'Windows 11  (10.0.26200) 64bit Professional' Language: 'en' Physical Memory: 16200 MB
[Licensing::IpcConnector] Successfully connected to: "LicenseClient-Huseyn" at "2026-04-17T23:27:11.730661Z"
BatchMode: 1, IsHumanControllingUs: 0, StartBugReporterOnCrash: 0, Is64bit: 1
Date: 2026-04-17T23:27:11Z

COMMAND LINE ARGUMENTS:
C:\Program Files\Unity\Hub\Editor\6000.3.1f1\Editor\Unity.exe
-adb2
-batchMode
-noUpm
-name
AssetImportWorker3
-projectPath
C:/Users/Huseyn/Desktop/New folder (2)/PlatformGameForLesson
-logFile
Logs/AssetImportWorker3.log
-srvPort
57634
-licensingIpc
LicenseClient-Huseyn
-job-worker-count
7
-background-job-worker-count
8
-gc-helper-count
1
-name
AssetImport
Successfully changed project path to: C:/Users/Huseyn/Desktop/New folder (2)/PlatformGameForLesson
C:/Users/Huseyn/Desktop/New folder (2)/PlatformGameForLesson
[UnityMemory] Configuration Parameters - Can be set up in boot.config
    "memorysetup-temp-allocator-size-nav-mesh-worker=65536"
    "memorysetup-temp-allocator-size-audio-worker=65536"
    "memorysetup-temp-allocator-size-gfx=262144"
    "memorysetup-allocator-temp-initial-block-size-main=262144"
    "memorysetup-allocator-temp-initial-block-size-worker=262144"
    "memorysetup-temp-allocator-size-background-worker=32768"
    "memorysetup-temp-allocator-size-job-worker=262144"
    "memorysetup-temp-allocator-size-preload-manager=33554432"
    "memorysetup-temp-allocator-size-gi-baking-worker=262144"
    "memorysetup-temp-allocator-size-gi-baking-worker=262144"
    "memorysetup-temp-allocator-size-gi-baking-worker=262144"
    "memorysetup-temp-allocator-size-gi-baking-worker=262144"
    "memorysetup-temp-allocator-size-gi-baking-worker=262144"
    "memorysetup-bucket-allocator-granularity=16"
    "memorysetup-bucket-allocator-bucket-count=8"
    "memorysetup-bucket-allocator-block-size=33554432"
    "memorysetup-bucket-allocator-block-count=8"
    "memorysetup-main-allocator-block-size=16777216"
    "memorysetup-thread-allocator-block-size=16777216"
    "memorysetup-gfx-main-allocator-block-size=16777216"
    "memorysetup-gfx-thread-allocator-block-size=16777216"
    "memorysetup-cache-allocator-block-size=4194304"
    "memorysetup-typetree-allocator-block-size=2097152"
    "memorysetup-profiler-bucket-allocator-granularity=16"
    "memorysetup-profiler-bucket-allocator-bucket-count=8"
    "memorysetup-profiler-bucket-allocator-block-size=33554432"
    "memorysetup-profiler-bucket-allocator-block-count=8"
    "memorysetup-profiler-allocator-block-size=16777216"
    "memorysetup-profiler-editor-allocator-block-size=1048576"
    "memorysetup-temp-allocator-size-main=16777216"
    "memorysetup-job-temp-allocator-block-size=2097152"
    "memorysetup-job-temp-allocator-block-size-background=1048576"
    "memorysetup-job-temp-allocator-reduction-small-platforms=262144"
    "memorysetup-temp-allocator-size-cloud-worker=32768"
Player connection [25256]  Target information:

Player connection [25256]  * "[IP] 192.168.56.1 [Port] 0 [Flags] 2 [Guid] 3136740150 [EditorId] 3136740150 [Version] 1048832 [Id] WindowsEditor(7,DESKTOP-P8DN92Q) [Debug] 1 [PackageName] WindowsEditor [ProjectName] Editor" 

Player connection [25256]  * "[IP] 192.168.0.200 [Port] 0 [Flags] 2 [Guid] 3136740150 [EditorId] 3136740150 [Version] 1048832 [Id] WindowsEditor(7,DESKTOP-P8DN92Q) [Debug] 1 [PackageName] WindowsEditor [ProjectName] Editor" 

Player connection [25256] Host joined multi-casting on [225.0.0.222:54997]...
Player connection [25256] Host joined alternative multi-casting on [225.0.0.222:34997]...
JobSystem: Creating JobQueue using job-worker-count value 7
Input System module state changed to: Initialized.
[Physics::Module] Initialized fallback backend.
[Physics::Module] Id: 0xdecafbad
Library Redirect Path: Library/
[Physics::Module] Selected backend.
[Physics::Module] Name: PhysX
[Physics::Module] Id: 0xf2b8ea05
[Physics::Module] SDK Version: 4.1.2
[Physics::Module] Integration Version: 1.0.0
[Physics::Module] Threading Mode: Multi-Threaded
Refreshing native plugins compatible for Editor in 4.09 ms, found 4 plugins.
Preloading 0 native plugins for Editor in 0.00 ms.
Initialize engine version: 6000.3.1f1 (37142da19a94)
[Subsystems] Discovering subsystems at path C:/Program Files/Unity/Hub/Editor/6000.3.1f1/Editor/Data/Resources/UnitySubsystems
[Subsystems] Discovering subsystems at path C:/Users/Huseyn/Desktop/New folder (2)/PlatformGameForLesson/Assets
GfxDevice: creating device client; kGfxThreadingModeNonThreaded
Direct3D:
    Version:  Direct3D 11.0 [level 11.1]
    Renderer: NVIDIA GeForce RTX 3050 Laptop GPU (ID=0x25a2)
    Vendor:   NVIDIA
    VRAM:     3962 MB
    Driver:   32.0.15.9186
Initialize mono
Mono path[0] = 'C:/Program Files/Unity/Hub/Editor/6000.3.1f1/Editor/Data/Managed'
Mono path[1] = 'C:/Program Files/Unity/Hub/Editor/6000.3.1f1/Editor/Data/MonoBleedingEdge/lib/mono/unityjit-win32'
Mono config path = 'C:/Program Files/Unity/Hub/Editor/6000.3.1f1/Editor/Data/MonoBleedingEdge/etc'
Using monoOptions --debugger-agent=transport=dt_socket,embedding=1,server=y,suspend=n,address=127.0.0.1:56840
Begin MonoManager ReloadAssembly
Registering precompiled unity dll's ...
Register platform support module: C:/Program Files/Unity/Hub/Editor/6000.3.1f1/Editor/Data/PlaybackEngines/WebGLSupport/UnityEditor.WebGL.Extensions.dll
Register platform support module: C:/Program Files/Unity/Hub/Editor/6000.3.1f1/Editor/Data/PlaybackEngines/WindowsStandaloneSupport/UnityEditor.WindowsStandalone.Extensions.dll
[Licensing::Module] Licensing is not yet initialized.
[Licensing::Client] Handshaking with LicensingClient:
  Version:                 1.17.4+4293ba1
  Session Id:              8c710c36fc444d3d9b77d2cf3861d1a7
  Correlation Id:          b6c0715d3a820be36b2f7da351ade35c
  External correlation Id: 1060005336140461526
  Machine Id:              tv/gQBm3jDMfnTwrqsG2ELGBXbM=
[Licensing::Module] Successfully connected to LicensingClient on channel: "LicenseClient-Huseyn" (connect: 0.00s, validation: 0.00s, handshake: 1.27s)
[Licensing::IpcConnector] Successfully connected to: "LicenseClient-Huseyn-notifications" at "2026-04-17T23:27:13.0041587Z"
[Licensing::Module] Licensing Background thread has ended after 1.27s
[Licensing::Module] Licensing is initialized (took 0.26s).
[Licensing::Client] Successfully resolved entitlement details
[Licensing::Module] License group:
  Id: 18966791570336-UnityPersXXXX
  Product: Unity Personal
  Type: Assigned
  Expiration: Unlimited
Register platform support module: C:/Program Files/Unity/Hub/Editor/6000.3.1f1/Editor/Data/PlaybackEngines/AndroidPlayer/UnityEditor.Android.Extensions.dll
Registered in 0.267211 seconds.
- Loaded All Assemblies, in  0.782 seconds
Native extension for Android target not found
Android Extension - Scanning For ADB Devices 269 ms
Native extension for WindowsStandalone target not found
Native extension for WebGL target not found
Mono: successfully reloaded assembly
- Finished resetting the current domain, in  0.777 seconds
Domain Reload Profiling: 1556ms
	BeginReloadAssembly (178ms)
		ExecutionOrderSort (0ms)
		DisableScriptedObjects (0ms)
		BackupInstance (0ms)
		ReleaseScriptingObjects (0ms)
		CreateAndSetChildDomain (1ms)
	RebuildCommonClasses (51ms)
	RebuildNativeTypeToScriptingClass (12ms)
	initialDomainReloadingComplete (329ms)
	LoadAllAssembliesAndSetupDomain (207ms)
		LoadAssemblies (174ms)
		RebuildTransferFunctionScriptingTraits (0ms)
		AnalyzeDomain (203ms)
			TypeCache.Refresh (201ms)
				TypeCache.ScanAssembly (187ms)
			BuildScriptInfoCaches (0ms)
			ResolveRequiredComponents (0ms)
	FinalizeReload (778ms)
		ReleaseScriptCaches (0ms)
		RebuildScriptCaches (0ms)
		SetupLoadedEditorAssemblies (736ms)
			LogAssemblyErrors (0ms)
			InitializePlatformSupportModulesInManaged (378ms)
			SetLoadedEditorAssemblies (5ms)
			BeforeProcessingInitializeOnLoad (103ms)
			ProcessInitializeOnLoadAttributes (173ms)
			ProcessInitializeOnLoadMethodAttributes (78ms)
			AfterProcessingInitializeOnLoad (0ms)
			EditorAssembliesLoaded (0ms)
		ExecutionOrderSort2 (0ms)
		AwakeInstancesAfterBackupRestoration (0ms)
========================================================================
Worker process is ready to serve import requests
Import Worker Mode flag is 0x00
Begin MonoManager ReloadAssembly
[Licensing::Client] Successfully resolved entitlement details
- Loaded All Assemblies, in  1.051 seconds
Refreshing native plugins compatible for Editor in 2.19 ms, found 4 plugins.
Native extension for Android target not found
Native extension for WindowsStandalone target not found
Native extension for WebGL target not found
Package Manager log level set to [2]
[Package Manager] Failed to launch server process. Reason: Unity was launched with the -noUpm command-line argument
[Package Manager] Unable to send message (not connected to server process).
[Package Manager] Cannot connect to Unity Package Manager local server
Mono: successfully reloaded assembly
- Finished resetting the current domain, in  0.978 seconds
Domain Reload Profiling: 2020ms
	BeginReloadAssembly (225ms)
		ExecutionOrderSort (0ms)
		DisableScriptedObjects (7ms)
		BackupInstance (0ms)
		ReleaseScriptingObjects (0ms)
		CreateAndSetChildDomain (50ms)
	RebuildCommonClasses (42ms)
	RebuildNativeTypeToScriptingClass (13ms)
	initialDomainReloadingComplete (48ms)
	LoadAllAssembliesAndSetupDomain (714ms)
		LoadAssemblies (532ms)
		RebuildTransferFunctionScriptingTraits (0ms)
		AnalyzeDomain (300ms)
			TypeCache.Refresh (220ms)
				TypeCache.ScanAssembly (201ms)
			BuildScriptInfoCaches (63ms)
			ResolveRequiredComponents (12ms)
	FinalizeReload (978ms)
		ReleaseScriptCaches (0ms)
		RebuildScriptCaches (0ms)
		SetupLoadedEditorAssemblies (798ms)
			LogAssemblyErrors (0ms)
			InitializePlatformSupportModulesInManaged (12ms)
			SetLoadedEditorAssemblies (7ms)
			BeforeProcessingInitializeOnLoad (213ms)
			ProcessInitializeOnLoadAttributes (412ms)
			ProcessInitializeOnLoadMethodAttributes (144ms)
			AfterProcessingInitializeOnLoad (9ms)
			EditorAssembliesLoaded (0ms)
		ExecutionOrderSort2 (0ms)
		AwakeInstancesAfterBackupRestoration (10ms)
Launched and connected shader compiler UnityShaderCompiler.exe after 0.02 seconds
Refreshing native plugins compatible for Editor in 1.94 ms, found 4 plugins.
Preloading 0 native plugins for Editor in 0.00 ms.
Unloading 16 Unused Serialized files (Serialized files now loaded: 0)
Unloading 6876 unused Assets / (4.6 MB). Loaded Objects now: 7711.
Memory consumption went from 157.3 MB to 152.7 MB.
Total: 11.349700 ms (FindLiveObjects: 0.921000 ms CreateObjectMapping: 0.723500 ms MarkObjects: 7.221100 ms  DeleteObjects: 2.482400 ms)

========================================================================
Received Import Request.
  Time since last request: 41248.236421 seconds.
  path: Assets/sprites/Plant Animations/Plant 3/Plant3_00036.png
  artifactKey: Guid(5e5bee485c9920a43b3572673435242e) Importer(815301076,1909f56bfc062723c751e8b465ee728b)
Start importing Assets/sprites/Plant Animations/Plant 3/Plant3_00036.png using Guid(5e5bee485c9920a43b3572673435242e) Importer(815301076,1909f56bfc062723c751e8b465ee728b) (PreviewImporter) -> (artifact id: '424fb2fbea6ca6a86771833aa41250d5') in 0.1177679 seconds
Number of updated asset objects reloaded before import = 0Number of asset objects unloaded after import = 4

========================================================================
Received Import Request.
  Time since last request: 0.000027 seconds.
  path: Assets/sprites/Plant Animations/Plant 2/Plant2_00014.png
  artifactKey: Guid(6ab7dcb36511d3b47a470fb630e8f54e) Importer(815301076,1909f56bfc062723c751e8b465ee728b)
Start importing Assets/sprites/Plant Animations/Plant 2/Plant2_00014.png using Guid(6ab7dcb36511d3b47a470fb630e8f54e) Importer(815301076,1909f56bfc062723c751e8b465ee728b) (PreviewImporter) -> (artifact id: '701047c633e3319f5af0ad2daa79867b') in 0.0280428 seconds
Number of updated asset objects reloaded before import = 0Number of asset objects unloaded after import = 5

========================================================================
Received Import Request.
  Time since last request: 0.000019 seconds.
  path: Assets/sprites/Plant Animations/Plant 2/Plant2_00044.png
  artifactKey: Guid(ad2a7d500b9a5a845afb36cc21d0ab37) Importer(815301076,1909f56bfc062723c751e8b465ee728b)
Start importing Assets/sprites/Plant Animations/Plant 2/Plant2_00044.png using Guid(ad2a7d500b9a5a845afb36cc21d0ab37) Importer(815301076,1909f56bfc062723c751e8b465ee728b) (PreviewImporter) -> (artifact id: '44adb054b7b9eb37c53ad3490c3ad3e8') in 0.0269187 seconds
Number of updated asset objects reloaded before import = 0Number of asset objects unloaded after import = 5

========================================================================
Received Import Request.
  Time since last request: 0.000036 seconds.
  path: Assets/sprites/Plant Animations/Plant 2/Plant2_00008.png
  artifactKey: Guid(e5dd43fac6853154495c606d5884f615) Importer(815301076,1909f56bfc062723c751e8b465ee728b)
Start importing Assets/sprites/Plant Animations/Plant 2/Plant2_00008.png using Guid(e5dd43fac6853154495c606d5884f615) Importer(815301076,1909f56bfc062723c751e8b465ee728b) (PreviewImporter) -> (artifact id: '1da17d5e21fdfd6ed4dd9921677edea7') in 0.028527 seconds
Number of updated asset objects reloaded before import = 0Number of asset objects unloaded after import = 5

========================================================================
Received Import Request.
  Time since last request: 0.000019 seconds.
  path: Assets/sprites/Plant Animations/Plant 1/Plant1_00020.png
  artifactKey: Guid(65c7ed0ab526e4648900bc8b9c46a930) Importer(815301076,1909f56bfc062723c751e8b465ee728b)
Start importing Assets/sprites/Plant Animations/Plant 1/Plant1_00020.png using Guid(65c7ed0ab526e4648900bc8b9c46a930) Importer(815301076,1909f56bfc062723c751e8b465ee728b) (PreviewImporter) -> (artifact id: '0646ba7ed7861d1e2f779200b9e22aab') in 0.0225718 seconds
Number of updated asset objects reloaded before import = 0Number of asset objects unloaded after import = 3

========================================================================
Received Import Request.
  Time since last request: 0.000018 seconds.
  path: Assets/sprites/Plant Animations/Plant 2/Plant2_00028.png
  artifactKey: Guid(70c8599e12953314b95f615bd6ae4ae4) Importer(815301076,1909f56bfc062723c751e8b465ee728b)
Start importing Assets/sprites/Plant Animations/Plant 2/Plant2_00028.png using Guid(70c8599e12953314b95f615bd6ae4ae4) Importer(815301076,1909f56bfc062723c751e8b465ee728b) (PreviewImporter) -> (artifact id: '16098957c4c75d819424ffac84b9749a') in 0.0264422 seconds
Number of updated asset objects reloaded before import = 0Number of asset objects unloaded after import = 5

========================================================================
Received Import Request.
  Time since last request: 0.000021 seconds.
  path: Assets/sprites/Plant Animations/BlueFlower2/BluePlantClosed_00025.png
  artifactKey: Guid(0955501afdc500e4f88049e076598d2d) Importer(815301076,1909f56bfc062723c751e8b465ee728b)
Start importing Assets/sprites/Plant Animations/BlueFlower2/BluePlantClosed_00025.png using Guid(0955501afdc500e4f88049e076598d2d) Importer(815301076,1909f56bfc062723c751e8b465ee728b) (PreviewImporter) -> (artifact id: 'df83c8951a5da25a5e463a0ea89ac7a7') in 0.0326242 seconds
Number of updated asset objects reloaded before import = 0Number of asset objects unloaded after import = 7

========================================================================
Received Import Request.
  Time since last request: 0.000029 seconds.
  path: Assets/sprites/Plant Animations/Plant 3/Plant3_00033.png
  artifactKey: Guid(180b8d1d3b4f09a41af1c88ada0c6102) Importer(815301076,1909f56bfc062723c751e8b465ee728b)
Start importing Assets/sprites/Plant Animations/Plant 3/Plant3_00033.png using Guid(180b8d1d3b4f09a41af1c88ada0c6102) Importer(815301076,1909f56bfc062723c751e8b465ee728b) (PreviewImporter) -> (artifact id: 'e8e2032664f8596bc03ac6171117d4ce') in 0.0223426 seconds
Number of updated asset objects reloaded before import = 0Number of asset objects unloaded after import = 4

========================================================================
Received Import Request.
  Time since last request: 0.000014 seconds.
  path: Assets/sprites/Plant Animations/Plant 1/Plant1_00018.png
  artifactKey: Guid(8a1609afe90dd5843916ff079e56e1db) Importer(815301076,1909f56bfc062723c751e8b465ee728b)
Start importing Assets/sprites/Plant Animations/Plant 1/Plant1_00018.png using Guid(8a1609afe90dd5843916ff079e56e1db) Importer(815301076,1909f56bfc062723c751e8b465ee728b) (PreviewImporter) -> (artifact id: '04eb7627039cb2b71c1c8d2fafc2f98a') in 0.0204798 seconds
Number of updated asset objects reloaded before import = 0Number of asset objects unloaded after import = 3

========================================================================
Received Import Request.
  Time since last request: 0.000016 seconds.
  path: Assets/sprites/Plant Animations/BlueFlower2/BluePlantClosed_00008.png
  artifactKey: Guid(2e84c08385ebc3b42a93a41cb47df4eb) Importer(815301076,1909f56bfc062723c751e8b465ee728b)
Start importing Assets/sprites/Plant Animations/BlueFlower2/BluePlantClosed_00008.png using Guid(2e84c08385ebc3b42a93a41cb47df4eb) Importer(815301076,1909f56bfc062723c751e8b465ee728b) (PreviewImporter) -> (artifact id: '870b7eab569f2bfa4fc1f40c6a2cd492') in 0.0329167 seconds
Number of updated asset objects reloaded before import = 0Number of asset objects unloaded after import = 8

========================================================================
Received Import Request.
  Time since last request: 0.000020 seconds.
  path: Assets/sprites/Plant Animations/Plant 3/Plant3_00000.png
  artifactKey: Guid(cffa8d788f2cc894b8d836603b3e79e9) Importer(815301076,1909f56bfc062723c751e8b465ee728b)
Start importing Assets/sprites/Plant Animations/Plant 3/Plant3_00000.png using Guid(cffa8d788f2cc894b8d836603b3e79e9) Importer(815301076,1909f56bfc062723c751e8b465ee728b) (PreviewImporter) -> (artifact id: 'a64c16b0eab35696129515ae5006d536') in 0.0238892 seconds
Number of updated asset objects reloaded before import = 0Number of asset objects unloaded after import = 4

========================================================================
Received Import Request.
  Time since last request: 0.000032 seconds.
  path: Assets/sprites/Plant Animations/Plant 2/Plant2_00010.png
  artifactKey: Guid(2b4c68bb26438bb42ae91083a59293b8) Importer(815301076,1909f56bfc062723c751e8b465ee728b)
Start importing Assets/sprites/Plant Animations/Plant 2/Plant2_00010.png using Guid(2b4c68bb26438bb42ae91083a59293b8) Importer(815301076,1909f56bfc062723c751e8b465ee728b) (PreviewImporter) -> (artifact id: 'f88b4297ee2fb6926cdca6c3e1cba163') in 0.0254681 seconds
Number of updated asset objects reloaded before import = 0Number of asset objects unloaded after import = 5

========================================================================
Received Import Request.
  Time since last request: 0.000017 seconds.
  path: Assets/sprites/Plant Animations/Plant 2/Plant2_00030.png
  artifactKey: Guid(fed2d5602f7d66a4993f8a017960de13) Importer(815301076,1909f56bfc062723c751e8b465ee728b)
Start importing Assets/sprites/Plant Animations/Plant 2/Plant2_00030.png using Guid(fed2d5602f7d66a4993f8a017960de13) Importer(815301076,1909f56bfc062723c751e8b465ee728b) (PreviewImporter) -> (artifact id: '1e7bd6662ed949c9adf1ebcc564bb10e') in 0.0249011 seconds
Number of updated asset objects reloaded before import = 0Number of asset objects unloaded after import = 5

========================================================================
Received Import Request.
  Time since last request: 0.000022 seconds.
  path: Assets/sprites/Plant Animations/Plant 3/Plant3_00012.png
  artifactKey: Guid(4cce442a5ddb0194c93ca1e1b0509aa0) Importer(815301076,1909f56bfc062723c751e8b465ee728b)
Start importing Assets/sprites/Plant Animations/Plant 3/Plant3_00012.png using Guid(4cce442a5ddb0194c93ca1e1b0509aa0) Importer(815301076,1909f56bfc062723c751e8b465ee728b) (PreviewImporter) -> (artifact id: 'b244592851bdfc08345c7a5b654fdba2') in 0.0306925 seconds
Number of updated asset objects reloaded before import = 0Number of asset objects unloaded after import = 4

========================================================================
Received Import Request.
  Time since last request: 0.000019 seconds.
  path: Assets/sprites/Plant Animations/Plant 1/Plant1_00016.png
  artifactKey: Guid(e91eb780e2409784f8e60f98d2f58eb3) Importer(815301076,1909f56bfc062723c751e8b465ee728b)
Start importing Assets/sprites/Plant Animations/Plant 1/Plant1_00016.png using Guid(e91eb780e2409784f8e60f98d2f58eb3) Importer(815301076,1909f56bfc062723c751e8b465ee728b) (PreviewImporter) -> (artifact id: 'e26ea7b22bd1a5b138ac329de3feb4fe') in 0.0193504 seconds
Number of updated asset objects reloaded before import = 0Number of asset objects unloaded after import = 3

========================================================================
Received Import Request.
  Time since last request: 0.000032 seconds.
  path: Assets/sprites/Plant Animations/Plant 2/Plant2_00012.png
  artifactKey: Guid(7dbe7bb197e869447b2894e980ee01e0) Importer(815301076,1909f56bfc062723c751e8b465ee728b)
Start importing Assets/sprites/Plant Animations/Plant 2/Plant2_00012.png using Guid(7dbe7bb197e869447b2894e980ee01e0) Importer(815301076,1909f56bfc062723c751e8b465ee728b) (PreviewImporter) -> (artifact id: '4e9c89f5a8f71980563f7cb74e6abea6') in 0.0268904 seconds
Number of updated asset objects reloaded before import = 0Number of asset objects unloaded after import = 5

========================================================================
Received Import Request.
  Time since last request: 0.000023 seconds.
  path: Assets/sprites/Plant Animations/Plant 2/Plant2_00036.png
  artifactKey: Guid(b9765820c6d146d408099455b48e4e79) Importer(815301076,1909f56bfc062723c751e8b465ee728b)
Start importing Assets/sprites/Plant Animations/Plant 2/Plant2_00036.png using Guid(b9765820c6d146d408099455b48e4e79) Importer(815301076,1909f56bfc062723c751e8b465ee728b) (PreviewImporter) -> (artifact id: '53f172db8e63842c26a99435e54a829e') in 0.0391138 seconds
Number of updated asset objects reloaded before import = 0Number of asset objects unloaded after import = 5

========================================================================
Received Import Request.
  Time since last request: 0.000014 seconds.
  path: Assets/sprites/Plant Animations/Plant 2/Plant2_00027.png
  artifactKey: Guid(fbc6788d63953c243a37675b8d432085) Importer(815301076,1909f56bfc062723c751e8b465ee728b)
Start importing Assets/sprites/Plant Animations/Plant 2/Plant2_00027.png using Guid(fbc6788d63953c243a37675b8d432085) Importer(815301076,1909f56bfc062723c751e8b465ee728b) (PreviewImporter) -> (artifact id: '0230d0ec01d43304a040fea2d16b64f6') in 0.0309885 seconds
Number of updated asset objects reloaded before import = 0Number of asset objects unloaded after import = 5

========================================================================
Received Import Request.
  Time since last request: 0.000024 seconds.
  path: Assets/sprites/Plant Animations/Plant 2/Plant2_00003.png
  artifactKey: Guid(0804faa35392fbc4ba5915f5536fe549) Importer(815301076,1909f56bfc062723c751e8b465ee728b)
Start importing Assets/sprites/Plant Animations/Plant 2/Plant2_00003.png using Guid(0804faa35392fbc4ba5915f5536fe549) Importer(815301076,1909f56bfc062723c751e8b465ee728b) (PreviewImporter) -> (artifact id: '0698f960044ce87a85ed8543a09882f3') in 0.0237042 seconds
Number of updated asset objects reloaded before import = 0Number of asset objects unloaded after import = 5

========================================================================
Received Import Request.
  Time since last request: 0.000031 seconds.
  path: Assets/sprites/Plant Animations/Plant 3/Plant3_00011.png
  artifactKey: Guid(7c95c36e40d3f774d9d143dece4571ff) Importer(815301076,1909f56bfc062723c751e8b465ee728b)
Start importing Assets/sprites/Plant Animations/Plant 3/Plant3_00011.png using Guid(7c95c36e40d3f774d9d143dece4571ff) Importer(815301076,1909f56bfc062723c751e8b465ee728b) (PreviewImporter) -> (artifact id: 'a009d5e273fe635f474f2633e2cdfe43') in 0.0379759 seconds
Number of updated asset objects reloaded before import = 0Number of asset objects unloaded after import = 4

========================================================================
Received Import Request.
  Time since last request: 0.000020 seconds.
  path: Assets/sprites/Plant Animations/BlueFlower2/BluePlantClosed_00031.png
  artifactKey: Guid(2c7ab8d427bdd99418f95075d00b0820) Importer(815301076,1909f56bfc062723c751e8b465ee728b)
Start importing Assets/sprites/Plant Animations/BlueFlower2/BluePlantClosed_00031.png using Guid(2c7ab8d427bdd99418f95075d00b0820) Importer(815301076,1909f56bfc062723c751e8b465ee728b) (PreviewImporter) -> (artifact id: '02c64be14b935bcd9298055f6871a21b') in 0.0468251 seconds
Number of updated asset objects reloaded before import = 0Number of asset objects unloaded after import = 7

========================================================================
Received Import Request.
  Time since last request: 0.000016 seconds.
  path: Assets/sprites/Plant Animations/Plant 1/Plant1_00001.png
  artifactKey: Guid(5e0c7f635ebc9d640ab46b2f5a219581) Importer(815301076,1909f56bfc062723c751e8b465ee728b)
Start importing Assets/sprites/Plant Animations/Plant 1/Plant1_00001.png using Guid(5e0c7f635ebc9d640ab46b2f5a219581) Importer(815301076,1909f56bfc062723c751e8b465ee728b) (PreviewImporter) -> (artifact id: 'e8a290474646eceb8d425f271d57e7a9') in 0.0203531 seconds
Number of updated asset objects reloaded before import = 0Number of asset objects unloaded after import = 3

========================================================================
Received Import Request.
  Time since last request: 0.000020 seconds.
  path: Assets/sprites/Plant Animations/Plant 2/Plant2_00020.png
  artifactKey: Guid(353f6dee13babc24aa1d20aaa82c4b4f) Importer(815301076,1909f56bfc062723c751e8b465ee728b)
Start importing Assets/sprites/Plant Animations/Plant 2/Plant2_00020.png using Guid(353f6dee13babc24aa1d20aaa82c4b4f) Importer(815301076,1909f56bfc062723c751e8b465ee728b) (PreviewImporter) -> (artifact id: '3e4452b0426250b521fc3ef363adf328') in 0.0262639 seconds
Number of updated asset objects reloaded before import = 0Number of asset objects unloaded after import = 5

========================================================================
Received Import Request.
  Time since last request: 0.000030 seconds.
  path: Assets/sprites/Plant Animations/BlueFlower2/BluePlantClosed_00013.png
  artifactKey: Guid(b9b55cc2dbbe4de4399e425fed0f3add) Importer(815301076,1909f56bfc062723c751e8b465ee728b)
Start importing Assets/sprites/Plant Animations/BlueFlower2/BluePlantClosed_00013.png using Guid(b9b55cc2dbbe4de4399e425fed0f3add) Importer(815301076,1909f56bfc062723c751e8b465ee728b) (PreviewImporter) -> (artifact id: '26759dd458f2226e300ba69a1fd38de6') in 0.0405767 seconds
Number of updated asset objects reloaded before import = 0Number of asset objects unloaded after import = 8

========================================================================
Received Import Request.
  Time since last request: 0.000027 seconds.
  path: Assets/sprites/Plant Animations/Plant 1/Plant1_00030.png
  artifactKey: Guid(66c99e0638b7b08429977b1dfcb9f212) Importer(815301076,1909f56bfc062723c751e8b465ee728b)
Start importing Assets/sprites/Plant Animations/Plant 1/Plant1_00030.png using Guid(66c99e0638b7b08429977b1dfcb9f212) Importer(815301076,1909f56bfc062723c751e8b465ee728b) (PreviewImporter) -> (artifact id: 'fb54045cbe7a8fd7fb1b9501997c3adc') in 0.0341633 seconds
Number of updated asset objects reloaded before import = 0Number of asset objects unloaded after import = 3

========================================================================
Received Import Request.
  Time since last request: 0.000018 seconds.
  path: Assets/sprites/Plant Animations/Plant 2
  artifactKey: Guid(51a28bff931c92447af8a0e57811a4cc) Importer(815301076,1909f56bfc062723c751e8b465ee728b)
Start importing Assets/sprites/Plant Animations/Plant 2 using Guid(51a28bff931c92447af8a0e57811a4cc) Importer(815301076,1909f56bfc062723c751e8b465ee728b) (PreviewImporter) -> (artifact id: '0d00e996f8184a51955cf16fef0ca733') in 0.0007373 seconds
Number of updated asset objects reloaded before import = 0Number of asset objects unloaded after import = 0

========================================================================
Received Import Request.
  Time since last request: 0.000026 seconds.
  path: Assets/sprites/Plant Animations/Plant 1/Plant1_00033.png
  artifactKey: Guid(6985b87c1d3f269449c42b87d59994e7) Importer(815301076,1909f56bfc062723c751e8b465ee728b)
Start importing Assets/sprites/Plant Animations/Plant 1/Plant1_00033.png using Guid(6985b87c1d3f269449c42b87d59994e7) Importer(815301076,1909f56bfc062723c751e8b465ee728b) (PreviewImporter) -> (artifact id: 'db33dc4fc54b4e25094bc1a6326f7152') in 0.0212165 seconds
Number of updated asset objects reloaded before import = 0Number of asset objects unloaded after import = 3

========================================================================
Received Import Request.
  Time since last request: 0.000021 seconds.
  path: Assets/sprites/Plant Animations/Plant 3
  artifactKey: Guid(64dbb1b3cf08f574e9e1320d5c258fd9) Importer(815301076,1909f56bfc062723c751e8b465ee728b)
Start importing Assets/sprites/Plant Animations/Plant 3 using Guid(64dbb1b3cf08f574e9e1320d5c258fd9) Importer(815301076,1909f56bfc062723c751e8b465ee728b) (PreviewImporter) -> (artifact id: 'edfb6332a208a30b030e309c8313c051') in 0.0007261 seconds
Number of updated asset objects reloaded before import = 0Number of asset objects unloaded after import = 0

========================================================================
Received Import Request.
  Time since last request: 0.000030 seconds.
  path: Assets/sprites/Plant Animations/BlueFlower2/BluePlantClosed_00004.png
  artifactKey: Guid(e0fbd911b53043a459ebd9ced03e1a17) Importer(815301076,1909f56bfc062723c751e8b465ee728b)
Start importing Assets/sprites/Plant Animations/BlueFlower2/BluePlantClosed_00004.png using Guid(e0fbd911b53043a459ebd9ced03e1a17) Importer(815301076,1909f56bfc062723c751e8b465ee728b) (PreviewImporter) -> (artifact id: 'c0ddc5030d48db6f90363a63b9cb463e') in 0.0349929 seconds
Number of updated asset objects reloaded before import = 0Number of asset objects unloaded after import = 8

========================================================================
Received Import Request.
  Time since last request: 0.000016 seconds.
  path: Assets/sprites/Plant Animations/Plant 3/Plant3_00026.png
  artifactKey: Guid(5af70eb40794de04da58d178697b89b8) Importer(815301076,1909f56bfc062723c751e8b465ee728b)
Start importing Assets/sprites/Plant Animations/Plant 3/Plant3_00026.png using Guid(5af70eb40794de04da58d178697b89b8) Importer(815301076,1909f56bfc062723c751e8b465ee728b) (PreviewImporter) -> (artifact id: '01a1ced1c0dae06fa507c4540ffb397e') in 0.0254589 seconds
Number of updated asset objects reloaded before import = 0Number of asset objects unloaded after import = 4

========================================================================
Received Import Request.
  Time since last request: 0.000017 seconds.
  path: Assets/sprites/Plant Animations/Plant 2/Plant2_00004.png
  artifactKey: Guid(73342a262cc906d47a8130fa78ce014c) Importer(815301076,1909f56bfc062723c751e8b465ee728b)
Start importing Assets/sprites/Plant Animations/Plant 2/Plant2_00004.png using Guid(73342a262cc906d47a8130fa78ce014c) Importer(815301076,1909f56bfc062723c751e8b465ee728b) (PreviewImporter) -> (artifact id: '1c5c0f94b78dbf78d67ca839acf8c9c2') in 0.0285043 seconds
Number of updated asset objects reloaded before import = 0Number of asset objects unloaded after import = 5

========================================================================
Received Import Request.
  Time since last request: 0.000020 seconds.
  path: Assets/sprites/Plant Animations/Plant 2/Plant2_00018.png
  artifactKey: Guid(fc08027697e39f446977b71d333e38b8) Importer(815301076,1909f56bfc062723c751e8b465ee728b)
Start importing Assets/sprites/Plant Animations/Plant 2/Plant2_00018.png using Guid(fc08027697e39f446977b71d333e38b8) Importer(815301076,1909f56bfc062723c751e8b465ee728b) (PreviewImporter) -> (artifact id: '4b46ef91d9e104cd9b68590660de746a') in 0.0255887 seconds
Number of updated asset objects reloaded before import = 0Number of asset objects unloaded after import = 5

========================================================================
Received Import Request.
  Time since last request: 0.000036 seconds.
  path: Assets/sprites/Plant Animations/Plant 1/Plant1_00036.png
  artifactKey: Guid(087cbafa72828fd47bc40f18d3b3a219) Importer(815301076,1909f56bfc062723c751e8b465ee728b)
Start importing Assets/sprites/Plant Animations/Plant 1/Plant1_00036.png using Guid(087cbafa72828fd47bc40f18d3b3a219) Importer(815301076,1909f56bfc062723c751e8b465ee728b) (PreviewImporter) -> (artifact id: '4f86f3b8d47543d47802201fd96aab3d') in 0.0179343 seconds
Number of updated asset objects reloaded before import = 0Number of asset objects unloaded after import = 3

========================================================================
Received Import Request.
  Time since last request: 0.000018 seconds.
  path: Assets/sprites/Plant Animations/Plant 1/Plant1_00012.png
  artifactKey: Guid(33a1053fcf0c3124dbceb52ba5093a0c) Importer(815301076,1909f56bfc062723c751e8b465ee728b)
Start importing Assets/sprites/Plant Animations/Plant 1/Plant1_00012.png using Guid(33a1053fcf0c3124dbceb52ba5093a0c) Importer(815301076,1909f56bfc062723c751e8b465ee728b) (PreviewImporter) -> (artifact id: 'ee956dbba6bc522358d9ed56c87de690') in 0.0209321 seconds
Number of updated asset objects reloaded before import = 0Number of asset objects unloaded after import = 3

========================================================================
Received Import Request.
  Time since last request: 0.000020 seconds.
  path: Assets/sprites/Plant Animations/Plant 2/Plant2_00043.png
  artifactKey: Guid(e8d7f5228f644b0459c46e041db3e5eb) Importer(815301076,1909f56bfc062723c751e8b465ee728b)
Start importing Assets/sprites/Plant Animations/Plant 2/Plant2_00043.png using Guid(e8d7f5228f644b0459c46e041db3e5eb) Importer(815301076,1909f56bfc062723c751e8b465ee728b) (PreviewImporter) -> (artifact id: 'eff02678f39d61c88dcf82930d82c307') in 0.0240178 seconds
Number of updated asset objects reloaded before import = 0Number of asset objects unloaded after import = 5

========================================================================
Received Import Request.
  Time since last request: 0.000019 seconds.
  path: Assets/sprites/Plant Animations/Plant 3/Plant3_00006.png
  artifactKey: Guid(d0b40901da3b58848b0bc515bb92a8a6) Importer(815301076,1909f56bfc062723c751e8b465ee728b)
Start importing Assets/sprites/Plant Animations/Plant 3/Plant3_00006.png using Guid(d0b40901da3b58848b0bc515bb92a8a6) Importer(815301076,1909f56bfc062723c751e8b465ee728b) (PreviewImporter) -> (artifact id: 'b252fd58a57e0a0bb4d1351b409bb646') in 0.0232332 seconds
Number of updated asset objects reloaded before import = 0Number of asset objects unloaded after import = 4

========================================================================
Received Import Request.
  Time since last request: 0.000023 seconds.
  path: Assets/sprites/Plant Animations/Plant 3/Plant3_00032.png
  artifactKey: Guid(1e2d13a8e70159c4c9d192cd69349ebc) Importer(815301076,1909f56bfc062723c751e8b465ee728b)
Start importing Assets/sprites/Plant Animations/Plant 3/Plant3_00032.png using Guid(1e2d13a8e70159c4c9d192cd69349ebc) Importer(815301076,1909f56bfc062723c751e8b465ee728b) (PreviewImporter) -> (artifact id: 'e68ce0eb3387c73b253465544396ac6e') in 0.0258084 seconds
Number of updated asset objects reloaded before import = 0Number of asset objects unloaded after import = 4

========================================================================
Received Import Request.
  Time since last request: 0.000026 seconds.
  path: Assets/sprites/Plant Animations/Plant 3/Plant3_00001.png
  artifactKey: Guid(11fc8d0efec80cd459d4fabfc0d2fcd6) Importer(815301076,1909f56bfc062723c751e8b465ee728b)
Start importing Assets/sprites/Plant Animations/Plant 3/Plant3_00001.png using Guid(11fc8d0efec80cd459d4fabfc0d2fcd6) Importer(815301076,1909f56bfc062723c751e8b465ee728b) (PreviewImporter) -> (artifact id: 'b6dff8ab89ce0dcb472b1a8110428d00') in 0.0229555 seconds
Number of updated asset objects reloaded before import = 0Number of asset objects unloaded after import = 4

========================================================================
Received Import Request.
  Time since last request: 0.000018 seconds.
  path: Assets/sprites/Plant Animations/Plant 1/Plant1_00021.png
  artifactKey: Guid(b20e3908e9bdd874c8694b0689b16d43) Importer(815301076,1909f56bfc062723c751e8b465ee728b)
Start importing Assets/sprites/Plant Animations/Plant 1/Plant1_00021.png using Guid(b20e3908e9bdd874c8694b0689b16d43) Importer(815301076,1909f56bfc062723c751e8b465ee728b) (PreviewImporter) -> (artifact id: '85acebfb970e731e3ce1aa487e91e1e2') in 0.0174303 seconds
Number of updated asset objects reloaded before import = 0Number of asset objects unloaded after import = 3

========================================================================
Received Import Request.
  Time since last request: 0.000017 seconds.
  path: Assets/sprites/Plant Animations/Plant 3/Plant3_00043.png
  artifactKey: Guid(41b4a03f7ee2c3d468e158860650719e) Importer(815301076,1909f56bfc062723c751e8b465ee728b)
Start importing Assets/sprites/Plant Animations/Plant 3/Plant3_00043.png using Guid(41b4a03f7ee2c3d468e158860650719e) Importer(815301076,1909f56bfc062723c751e8b465ee728b) (PreviewImporter) -> (artifact id: '8beb9f7a41b46a9d8ee2992b5bd4fc12') in 0.0224594 seconds
Number of updated asset objects reloaded before import = 0Number of asset objects unloaded after import = 4

========================================================================
Received Import Request.
  Time since last request: 0.000020 seconds.
  path: Assets/sprites/Plant Animations/Plant 1/Plant1_00045.png
  artifactKey: Guid(45bf62937bb623140a7e1fea3883a035) Importer(815301076,1909f56bfc062723c751e8b465ee728b)
Start importing Assets/sprites/Plant Animations/Plant 1/Plant1_00045.png using Guid(45bf62937bb623140a7e1fea3883a035) Importer(815301076,1909f56bfc062723c751e8b465ee728b) (PreviewImporter) -> (artifact id: '506fc4bb1907c51a0574d3152c2bc2fe') in 0.0213138 seconds
Number of updated asset objects reloaded before import = 0Number of asset objects unloaded after import = 3

========================================================================
Received Import Request.
  Time since last request: 0.000021 seconds.
  path: Assets/sprites/Plant Animations/Plant 3/Plant3_00014.png
  artifactKey: Guid(ac7dc3638c8bdd94781ec1d990800585) Importer(815301076,1909f56bfc062723c751e8b465ee728b)
Start importing Assets/sprites/Plant Animations/Plant 3/Plant3_00014.png using Guid(ac7dc3638c8bdd94781ec1d990800585) Importer(815301076,1909f56bfc062723c751e8b465ee728b) (PreviewImporter) -> (artifact id: '6826a031cc40a2f3dbb3ceb2e8f87749') in 0.0235221 seconds
Number of updated asset objects reloaded before import = 0Number of asset objects unloaded after import = 4

========================================================================
Received Import Request.
  Time since last request: 0.000042 seconds.
  path: Assets/sprites/Plant Animations/Plant 2/Plant2_00000.png
  artifactKey: Guid(7e8fdd564e39f154eb28033fb9c9e64f) Importer(815301076,1909f56bfc062723c751e8b465ee728b)
Start importing Assets/sprites/Plant Animations/Plant 2/Plant2_00000.png using Guid(7e8fdd564e39f154eb28033fb9c9e64f) Importer(815301076,1909f56bfc062723c751e8b465ee728b) (PreviewImporter) -> (artifact id: '42b427f02e20ea860ad6b1d55a5cfe39') in 0.0278606 seconds
Number of updated asset objects reloaded before import = 0Number of asset objects unloaded after import = 5

========================================================================
Received Import Request.
  Time since last request: 0.000017 seconds.
  path: Assets/sprites/Plant Animations/Plant 1/Plant1_00037.png
  artifactKey: Guid(8df9493be96fec9478f719372dd4bb04) Importer(815301076,1909f56bfc062723c751e8b465ee728b)
Start importing Assets/sprites/Plant Animations/Plant 1/Plant1_00037.png using Guid(8df9493be96fec9478f719372dd4bb04) Importer(815301076,1909f56bfc062723c751e8b465ee728b) (PreviewImporter) -> (artifact id: '38a26ff48317a9159bf519b1ba6ac016') in 0.018638 seconds
Number of updated asset objects reloaded before import = 0Number of asset objects unloaded after import = 3

========================================================================
Received Import Request.
  Time since last request: 0.000016 seconds.
  path: Assets/sprites/Plant Animations/Plant 3/Plant3_00021.png
  artifactKey: Guid(c06d3e6857e1872488caa31cf4ab7812) Importer(815301076,1909f56bfc062723c751e8b465ee728b)
Start importing Assets/sprites/Plant Animations/Plant 3/Plant3_00021.png using Guid(c06d3e6857e1872488caa31cf4ab7812) Importer(815301076,1909f56bfc062723c751e8b465ee728b) (PreviewImporter) -> (artifact id: '12a2e5d3cdfe947db4a9c20495972bbf') in 0.0250765 seconds
Number of updated asset objects reloaded before import = 0Number of asset objects unloaded after import = 4

========================================================================
Received Import Request.
  Time since last request: 0.000030 seconds.
  path: Assets/sprites/Plant Animations/Plant 3/Plant3_00009.png
  artifactKey: Guid(cba6e35a8fff4c545819a3644376159e) Importer(815301076,1909f56bfc062723c751e8b465ee728b)
Start importing Assets/sprites/Plant Animations/Plant 3/Plant3_00009.png using Guid(cba6e35a8fff4c545819a3644376159e) Importer(815301076,1909f56bfc062723c751e8b465ee728b) (PreviewImporter) -> (artifact id: '75b1fe572c62cd2e8340cefae504ad34') in 0.0259558 seconds
Number of updated asset objects reloaded before import = 0Number of asset objects unloaded after import = 4

========================================================================
Received Import Request.
  Time since last request: 0.000029 seconds.
  path: Assets/sprites/Plant Animations/Plant 1/Plant1_00048.png
  artifactKey: Guid(34233de04c24b8446bb1e043c5d59751) Importer(815301076,1909f56bfc062723c751e8b465ee728b)
Start importing Assets/sprites/Plant Animations/Plant 1/Plant1_00048.png using Guid(34233de04c24b8446bb1e043c5d59751) Importer(815301076,1909f56bfc062723c751e8b465ee728b) (PreviewImporter) -> (artifact id: '1ad1ab3f83765ac648bc62c9d45b291d') in 0.0209281 seconds
Number of updated asset objects reloaded before import = 0Number of asset objects unloaded after import = 3

========================================================================
Received Import Request.
  Time since last request: 0.000018 seconds.
  path: Assets/sprites/Plant Animations/Plant 3/Plant3_00031.png
  artifactKey: Guid(2f0d9dd6f6dffed4d89a294f84f290f0) Importer(815301076,1909f56bfc062723c751e8b465ee728b)
Start importing Assets/sprites/Plant Animations/Plant 3/Plant3_00031.png using Guid(2f0d9dd6f6dffed4d89a294f84f290f0) Importer(815301076,1909f56bfc062723c751e8b465ee728b) (PreviewImporter) -> (artifact id: 'b7b5366f3b9f4ecf68b1aa22c32eff2b') in 0.0231862 seconds
Number of updated asset objects reloaded before import = 0Number of asset objects unloaded after import = 4

========================================================================
Received Import Request.
  Time since last request: 0.000018 seconds.
  path: Assets/sprites/Plant Animations/BlueFlower2/BluePlantClosed_00035.png
  artifactKey: Guid(349b2edf12b0529429140bb4faa85933) Importer(815301076,1909f56bfc062723c751e8b465ee728b)
Start importing Assets/sprites/Plant Animations/BlueFlower2/BluePlantClosed_00035.png using Guid(349b2edf12b0529429140bb4faa85933) Importer(815301076,1909f56bfc062723c751e8b465ee728b) (PreviewImporter) -> (artifact id: 'd91d491e0485f292339ae4786105f779') in 0.0332097 seconds
Number of updated asset objects reloaded before import = 0Number of asset objects unloaded after import = 7

========================================================================
Received Import Request.
  Time since last request: 4.256566 seconds.
  path: Assets/sprites/Plant Animations/Plant 4/Plant4_00003.png
  artifactKey: Guid(70f03043aff8a874bb57a7c72cc5c47b) Importer(815301076,1909f56bfc062723c751e8b465ee728b)
Start importing Assets/sprites/Plant Animations/Plant 4/Plant4_00003.png using Guid(70f03043aff8a874bb57a7c72cc5c47b) Importer(815301076,1909f56bfc062723c751e8b465ee728b) (PreviewImporter) -> (artifact id: 'b7e0b2f9f5ca07601d4a672e7ffb77e8') in 0.0207361 seconds
Number of updated asset objects reloaded before import = 0Number of asset objects unloaded after import = 3

========================================================================
Received Import Request.
  Time since last request: 0.000018 seconds.
  path: Assets/sprites/Plant Animations/Plant 4/Plant4_00019.png
  artifactKey: Guid(6ae73a784bf2eb1468c91e88fe73e846) Importer(815301076,1909f56bfc062723c751e8b465ee728b)
Start importing Assets/sprites/Plant Animations/Plant 4/Plant4_00019.png using Guid(6ae73a784bf2eb1468c91e88fe73e846) Importer(815301076,1909f56bfc062723c751e8b465ee728b) (PreviewImporter) -> (artifact id: 'ac126c88df947f3f5c7bf9b5724cc3c8') in 0.0409955 seconds
Number of updated asset objects reloaded before import = 0Number of asset objects unloaded after import = 3

========================================================================
Received Import Request.
  Time since last request: 0.000025 seconds.
  path: Assets/sprites/Plant Animations/Plant 4/Plant4_00004.png
  artifactKey: Guid(2f4ced62bd2251046af83e0f7104c16a) Importer(815301076,1909f56bfc062723c751e8b465ee728b)
Start importing Assets/sprites/Plant Animations/Plant 4/Plant4_00004.png using Guid(2f4ced62bd2251046af83e0f7104c16a) Importer(815301076,1909f56bfc062723c751e8b465ee728b) (PreviewImporter) -> (artifact id: '71c4ede3e6d99e999d63dfd1a24eeee8') in 0.0338195 seconds
Number of updated asset objects reloaded before import = 0Number of asset objects unloaded after import = 3

========================================================================
Received Import Request.
  Time since last request: 0.000019 seconds.
  path: Assets/sprites/Plant Animations/Plant 4/Plant4_00006.png
  artifactKey: Guid(5652685af0c4c6e41b55b9884cb13101) Importer(815301076,1909f56bfc062723c751e8b465ee728b)
Start importing Assets/sprites/Plant Animations/Plant 4/Plant4_00006.png using Guid(5652685af0c4c6e41b55b9884cb13101) Importer(815301076,1909f56bfc062723c751e8b465ee728b) (PreviewImporter) -> (artifact id: '657badf8d70cad58af076015753fe66a') in 0.0278761 seconds
Number of updated asset objects reloaded before import = 0Number of asset objects unloaded after import = 3

========================================================================
Received Import Request.
  Time since last request: 0.000018 seconds.
  path: Assets/sprites/Plant Animations/Plant 4/Plant4_00011.png
  artifactKey: Guid(91228ac3500e0fc47a8e660641fd8d63) Importer(815301076,1909f56bfc062723c751e8b465ee728b)
Start importing Assets/sprites/Plant Animations/Plant 4/Plant4_00011.png using Guid(91228ac3500e0fc47a8e660641fd8d63) Importer(815301076,1909f56bfc062723c751e8b465ee728b) (PreviewImporter) -> (artifact id: '450f73429ff331ff52cee6edd92cb684') in 0.0194685 seconds
Number of updated asset objects reloaded before import = 0Number of asset objects unloaded after import = 3

========================================================================
Received Import Request.
  Time since last request: 0.000023 seconds.
  path: Assets/sprites/Plant Animations/Plant 4/Plant4_00026.png
  artifactKey: Guid(dc6ec442e2477254aa08ecd5e59276c4) Importer(815301076,1909f56bfc062723c751e8b465ee728b)
Start importing Assets/sprites/Plant Animations/Plant 4/Plant4_00026.png using Guid(dc6ec442e2477254aa08ecd5e59276c4) Importer(815301076,1909f56bfc062723c751e8b465ee728b) (PreviewImporter) -> (artifact id: '049178a5312b047ee08f5ab6a25bcdca') in 0.017334 seconds
Number of updated asset objects reloaded before import = 0Number of asset objects unloaded after import = 3

========================================================================
Received Import Request.
  Time since last request: 0.000027 seconds.
  path: Assets/sprites/Plant Animations/Plant 4/Plant4_00032.png
  artifactKey: Guid(560a025ef9693704793f29a0f5e9a32c) Importer(815301076,1909f56bfc062723c751e8b465ee728b)
Start importing Assets/sprites/Plant Animations/Plant 4/Plant4_00032.png using Guid(560a025ef9693704793f29a0f5e9a32c) Importer(815301076,1909f56bfc062723c751e8b465ee728b) (PreviewImporter) -> (artifact id: 'acd9f30018f1b23bba838374ab629798') in 0.0102095 seconds
Number of updated asset objects reloaded before import = 0Number of asset objects unloaded after import = 3

========================================================================
Received Import Request.
  Time since last request: 0.000021 seconds.
  path: Assets/sprites/Plant Animations/Plant 4/Plant4_00045.png
  artifactKey: Guid(e65c120db8fc60a4791a0936bc2737ce) Importer(815301076,1909f56bfc062723c751e8b465ee728b)
Start importing Assets/sprites/Plant Animations/Plant 4/Plant4_00045.png using Guid(e65c120db8fc60a4791a0936bc2737ce) Importer(815301076,1909f56bfc062723c751e8b465ee728b) (PreviewImporter) -> (artifact id: '916f48eab57a47f4d7d6eaf932df8bb6') in 0.017345 seconds
Number of updated asset objects reloaded before import = 0Number of asset objects unloaded after import = 3

========================================================================
Received Import Request.
  Time since last request: 0.000018 seconds.
  path: Assets/sprites/Plant Animations/Plant 4/Plant4_00012.png
  artifactKey: Guid(aaaad94ef953b424b88965376864f473) Importer(815301076,1909f56bfc062723c751e8b465ee728b)
Start importing Assets/sprites/Plant Animations/Plant 4/Plant4_00012.png using Guid(aaaad94ef953b424b88965376864f473) Importer(815301076,1909f56bfc062723c751e8b465ee728b) (PreviewImporter) -> (artifact id: '41ca3500e149466bf7fef8c6789aaf32') in 0.0174063 seconds
Number of updated asset objects reloaded before import = 0Number of asset objects unloaded after import = 3

========================================================================
Received Import Request.
  Time since last request: 0.000016 seconds.
  path: Assets/sprites/Plant Animations/Plant 4/Plant4_00016.png
  artifactKey: Guid(9ce7961cf277e0943809e3746ced529e) Importer(815301076,1909f56bfc062723c751e8b465ee728b)
Start importing Assets/sprites/Plant Animations/Plant 4/Plant4_00016.png using Guid(9ce7961cf277e0943809e3746ced529e) Importer(815301076,1909f56bfc062723c751e8b465ee728b) (PreviewImporter) -> (artifact id: '6544916b743c029026acd44a2392c477') in 0.0201434 seconds
Number of updated asset objects reloaded before import = 0Number of asset objects unloaded after import = 3

========================================================================
Received Import Request.
  Time since last request: 0.000018 seconds.
  path: Assets/sprites/Plant Animations/Plant 4/Plant4_00010.png
  artifactKey: Guid(002a249ac6125ce4487d28fb9cbcc013) Importer(815301076,1909f56bfc062723c751e8b465ee728b)
Start importing Assets/sprites/Plant Animations/Plant 4/Plant4_00010.png using Guid(002a249ac6125ce4487d28fb9cbcc013) Importer(815301076,1909f56bfc062723c751e8b465ee728b) (PreviewImporter) -> (artifact id: '946161a50a3e1cabbb8ba83bab3adee9') in 0.0313559 seconds
Number of updated asset objects reloaded before import = 0Number of asset objects unloaded after import = 3

========================================================================
Received Import Request.
  Time since last request: 0.000028 seconds.
  path: Assets/sprites/Plant Animations/Plant 4/Plant4_00015.png
  artifactKey: Guid(2a6777653e10bcc4b8542c9a5dc53c8a) Importer(815301076,1909f56bfc062723c751e8b465ee728b)
Start importing Assets/sprites/Plant Animations/Plant 4/Plant4_00015.png using Guid(2a6777653e10bcc4b8542c9a5dc53c8a) Importer(815301076,1909f56bfc062723c751e8b465ee728b) (PreviewImporter) -> (artifact id: 'cf782090bb76bf14dd156bd799db5dd0') in 0.0193611 seconds
Number of updated asset objects reloaded before import = 0Number of asset objects unloaded after import = 3

========================================================================
Received Import Request.
  Time since last request: 1.256702 seconds.
  path: Assets/sprites/Plant Animations/Plant 5/Plant5_00003.png
  artifactKey: Guid(092f930dd1ab4354cbe958bb260a54e5) Importer(815301076,1909f56bfc062723c751e8b465ee728b)
Start importing Assets/sprites/Plant Animations/Plant 5/Plant5_00003.png using Guid(092f930dd1ab4354cbe958bb260a54e5) Importer(815301076,1909f56bfc062723c751e8b465ee728b) (PreviewImporter) -> (artifact id: '51b1f85b61c5c87216405407f9b6fcbf') in 0.0207457 seconds
Number of updated asset objects reloaded before import = 0Number of asset objects unloaded after import = 3

========================================================================
Received Import Request.
  Time since last request: 0.000013 seconds.
  path: Assets/sprites/Plant Animations/Plant 5/Plant5_00038.png
  artifactKey: Guid(1dd78d9fb82ba5d4cb3c7913009c0802) Importer(815301076,1909f56bfc062723c751e8b465ee728b)
Start importing Assets/sprites/Plant Animations/Plant 5/Plant5_00038.png using Guid(1dd78d9fb82ba5d4cb3c7913009c0802) Importer(815301076,1909f56bfc062723c751e8b465ee728b) (PreviewImporter) -> (artifact id: '4c2d500796ee11b51730482de7a4a1d2') in 0.0212359 seconds
Number of updated asset objects reloaded before import = 0Number of asset objects unloaded after import = 3

========================================================================
Received Import Request.
  Time since last request: 0.000014 seconds.
  path: Assets/sprites/Plant Animations/Plant 5/Plant5_00029.png
  artifactKey: Guid(fbac7cc04581cc24b8e99b4b7d7f43d4) Importer(815301076,1909f56bfc062723c751e8b465ee728b)
Start importing Assets/sprites/Plant Animations/Plant 5/Plant5_00029.png using Guid(fbac7cc04581cc24b8e99b4b7d7f43d4) Importer(815301076,1909f56bfc062723c751e8b465ee728b) (PreviewImporter) -> (artifact id: '8709ee275c189f00a6b361d765d23e71') in 0.0204376 seconds
Number of updated asset objects reloaded before import = 0Number of asset objects unloaded after import = 3

========================================================================
Received Import Request.
  Time since last request: 0.000025 seconds.
  path: Assets/sprites/Plant Animations/Plant 5/Plant5_00042.png
  artifactKey: Guid(e20ecdd483dfa754e835640cc864f51c) Importer(815301076,1909f56bfc062723c751e8b465ee728b)
Start importing Assets/sprites/Plant Animations/Plant 5/Plant5_00042.png using Guid(e20ecdd483dfa754e835640cc864f51c) Importer(815301076,1909f56bfc062723c751e8b465ee728b) (PreviewImporter) -> (artifact id: '4c263080b9e29f73c2f23df8b4ecb6df') in 0.0215157 seconds
Number of updated asset objects reloaded before import = 0Number of asset objects unloaded after import = 3

========================================================================
Received Import Request.
  Time since last request: 0.000013 seconds.
  path: Assets/sprites/Plant Animations/Plant 5/Plant5_00046.png
  artifactKey: Guid(23a1334e61097cc448abd844043fe554) Importer(815301076,1909f56bfc062723c751e8b465ee728b)
Start importing Assets/sprites/Plant Animations/Plant 5/Plant5_00046.png using Guid(23a1334e61097cc448abd844043fe554) Importer(815301076,1909f56bfc062723c751e8b465ee728b) (PreviewImporter) -> (artifact id: '244e7fac38b97a3fbeb3b9b3f4fa4030') in 0.0298795 seconds
Number of updated asset objects reloaded before import = 0Number of asset objects unloaded after import = 3

========================================================================
Received Import Request.
  Time since last request: 0.000013 seconds.
  path: Assets/sprites/Plant Animations/Plant 5/Plant5_00037.png
  artifactKey: Guid(1ade22815ab08eb4b9f247373a1eacfa) Importer(815301076,1909f56bfc062723c751e8b465ee728b)
Start importing Assets/sprites/Plant Animations/Plant 5/Plant5_00037.png using Guid(1ade22815ab08eb4b9f247373a1eacfa) Importer(815301076,1909f56bfc062723c751e8b465ee728b) (PreviewImporter) -> (artifact id: '13a8012e44153ec6773e9d3a0bda46e0') in 0.0198456 seconds
Number of updated asset objects reloaded before import = 0Number of asset objects unloaded after import = 3

========================================================================
Received Import Request.
  Time since last request: 0.000016 seconds.
  path: Assets/sprites/Plant Animations/Plant 5/Plant5_00048.png
  artifactKey: Guid(686d60e405a6f764dadb1331f3449802) Importer(815301076,1909f56bfc062723c751e8b465ee728b)
Start importing Assets/sprites/Plant Animations/Plant 5/Plant5_00048.png using Guid(686d60e405a6f764dadb1331f3449802) Importer(815301076,1909f56bfc062723c751e8b465ee728b) (PreviewImporter) -> (artifact id: '1fd873606fd58c56cb443d10825271f2') in 0.0213163 seconds
Number of updated asset objects reloaded before import = 0Number of asset objects unloaded after import = 3

========================================================================
Received Import Request.
  Time since last request: 0.000016 seconds.
  path: Assets/sprites/Plant Animations/Plant 5/Plant5_00047.png
  artifactKey: Guid(4ce58f19693781547889f9cd4ca10536) Importer(815301076,1909f56bfc062723c751e8b465ee728b)
Start importing Assets/sprites/Plant Animations/Plant 5/Plant5_00047.png using Guid(4ce58f19693781547889f9cd4ca10536) Importer(815301076,1909f56bfc062723c751e8b465ee728b) (PreviewImporter) -> (artifact id: '2ce13f444276b7f951b5a36ac6b64163') in 0.0220099 seconds
Number of updated asset objects reloaded before import = 0Number of asset objects unloaded after import = 3

========================================================================
Received Import Request.
  Time since last request: 0.000021 seconds.
  path: Assets/sprites/Plant Animations/Plant 5/Plant5_00011.png
  artifactKey: Guid(338e8ff24de66b1409b1113b54dde2d1) Importer(815301076,1909f56bfc062723c751e8b465ee728b)
Start importing Assets/sprites/Plant Animations/Plant 5/Plant5_00011.png using Guid(338e8ff24de66b1409b1113b54dde2d1) Importer(815301076,1909f56bfc062723c751e8b465ee728b) (PreviewImporter) -> (artifact id: '717c09e32569679bfbfa9b2d6cad132b') in 0.0218123 seconds
Number of updated asset objects reloaded before import = 0Number of asset objects unloaded after import = 3

========================================================================
Received Import Request.
  Time since last request: 0.000016 seconds.
  path: Assets/sprites/Plant Animations/Plant 5/Plant5_00028.png
  artifactKey: Guid(df96e216de57be54787adbbc0e15a062) Importer(815301076,1909f56bfc062723c751e8b465ee728b)
Start importing Assets/sprites/Plant Animations/Plant 5/Plant5_00028.png using Guid(df96e216de57be54787adbbc0e15a062) Importer(815301076,1909f56bfc062723c751e8b465ee728b) (PreviewImporter) -> (artifact id: '12f3189b239e9f52790e5172385b32e9') in 0.0216138 seconds
Number of updated asset objects reloaded before import = 0Number of asset objects unloaded after import = 3

========================================================================
Received Import Request.
  Time since last request: 0.000014 seconds.
  path: Assets/sprites/Plant Animations/Plant 5/Plant5_00043.png
  artifactKey: Guid(09c97d59130b3754aa777898a7e168c9) Importer(815301076,1909f56bfc062723c751e8b465ee728b)
Start importing Assets/sprites/Plant Animations/Plant 5/Plant5_00043.png using Guid(09c97d59130b3754aa777898a7e168c9) Importer(815301076,1909f56bfc062723c751e8b465ee728b) (PreviewImporter) -> (artifact id: '959228c5fec6e7e76944d5efc8b2b60b') in 0.0217192 seconds
Number of updated asset objects reloaded before import = 0Number of asset objects unloaded after import = 3

========================================================================
Received Import Request.
  Time since last request: 0.000018 seconds.
  path: Assets/sprites/Plant Animations/Plant 5/Plant5_00025.png
  artifactKey: Guid(31a1daf43bbd4bd409b3e591e34a2a03) Importer(815301076,1909f56bfc062723c751e8b465ee728b)
Start importing Assets/sprites/Plant Animations/Plant 5/Plant5_00025.png using Guid(31a1daf43bbd4bd409b3e591e34a2a03) Importer(815301076,1909f56bfc062723c751e8b465ee728b) (PreviewImporter) -> (artifact id: 'd4fe8a73f4e165a680e1742a422f027b') in 0.0209928 seconds
Number of updated asset objects reloaded before import = 0Number of asset objects unloaded after import = 3

========================================================================
Received Import Request.
  Time since last request: 1.432707 seconds.
  path: Assets/sprites/Plant Animations/Plant 6/Plant6_00003.png
  artifactKey: Guid(25cc3744b4acc11408d469185ee139ba) Importer(815301076,1909f56bfc062723c751e8b465ee728b)
Start importing Assets/sprites/Plant Animations/Plant 6/Plant6_00003.png using Guid(25cc3744b4acc11408d469185ee139ba) Importer(815301076,1909f56bfc062723c751e8b465ee728b) (PreviewImporter) -> (artifact id: '596c74cde029fd7f05fc5bc2cfd697cf') in 0.0207381 seconds
Number of updated asset objects reloaded before import = 0Number of asset objects unloaded after import = 3

========================================================================
Received Import Request.
  Time since last request: 0.000020 seconds.
  path: Assets/sprites/Plant Animations/Plant 6/Plant6_00018.png
  artifactKey: Guid(1f164150fa3212a45841e406342a476a) Importer(815301076,1909f56bfc062723c751e8b465ee728b)
Start importing Assets/sprites/Plant Animations/Plant 6/Plant6_00018.png using Guid(1f164150fa3212a45841e406342a476a) Importer(815301076,1909f56bfc062723c751e8b465ee728b) (PreviewImporter) -> (artifact id: 'b17f31c8c4e22a74d617da4723bbf58a') in 0.0217881 seconds
Number of updated asset objects reloaded before import = 0Number of asset objects unloaded after import = 3

========================================================================
Received Import Request.
  Time since last request: 0.000013 seconds.
  path: Assets/sprites/Plant Animations/Plant 6/Plant6_00027.png
  artifactKey: Guid(ea7f2f60a9df3ea4cb24fb088ce6bb75) Importer(815301076,1909f56bfc062723c751e8b465ee728b)
Start importing Assets/sprites/Plant Animations/Plant 6/Plant6_00027.png using Guid(ea7f2f60a9df3ea4cb24fb088ce6bb75) Importer(815301076,1909f56bfc062723c751e8b465ee728b) (PreviewImporter) -> (artifact id: '13d4e3057ca48274e63523a1bf26a192') in 0.018921 seconds
Number of updated asset objects reloaded before import = 0Number of asset objects unloaded after import = 3

========================================================================
Received Import Request.
  Time since last request: 0.000013 seconds.
  path: Assets/sprites/Plant Animations/Plant 6/Plant6_00043.png
  artifactKey: Guid(0d47c4591fc4a844085a757f7f219c51) Importer(815301076,1909f56bfc062723c751e8b465ee728b)
Start importing Assets/sprites/Plant Animations/Plant 6/Plant6_00043.png using Guid(0d47c4591fc4a844085a757f7f219c51) Importer(815301076,1909f56bfc062723c751e8b465ee728b) (PreviewImporter) -> (artifact id: 'ef9717cfb2403161752c87dc0cd3bf2e') in 0.0190517 seconds
Number of updated asset objects reloaded before import = 0Number of asset objects unloaded after import = 3

========================================================================
Received Import Request.
  Time since last request: 0.000018 seconds.
  path: Assets/sprites/Plant Animations/Plant 6/Plant6_00016.png
  artifactKey: Guid(c9eb00d045370364e96e0a9bacfd5a90) Importer(815301076,1909f56bfc062723c751e8b465ee728b)
Start importing Assets/sprites/Plant Animations/Plant 6/Plant6_00016.png using Guid(c9eb00d045370364e96e0a9bacfd5a90) Importer(815301076,1909f56bfc062723c751e8b465ee728b) (PreviewImporter) -> (artifact id: 'da1218dddbf43541295fb28c68cda71a') in 0.0195163 seconds
Number of updated asset objects reloaded before import = 0Number of asset objects unloaded after import = 3

========================================================================
Received Import Request.
  Time since last request: 0.000027 seconds.
  path: Assets/sprites/Plant Animations/Plant 6/Plant6_00039.png
  artifactKey: Guid(228934aca5f8d1944975784158469bcc) Importer(815301076,1909f56bfc062723c751e8b465ee728b)
Start importing Assets/sprites/Plant Animations/Plant 6/Plant6_00039.png using Guid(228934aca5f8d1944975784158469bcc) Importer(815301076,1909f56bfc062723c751e8b465ee728b) (PreviewImporter) -> (artifact id: 'fa3ae52e3750422a6aa33c559fd4d108') in 0.0196657 seconds
Number of updated asset objects reloaded before import = 0Number of asset objects unloaded after import = 3

========================================================================
Received Import Request.
  Time since last request: 0.000015 seconds.
  path: Assets/sprites/Plant Animations/Plant 6/Plant6_00006.png
  artifactKey: Guid(fdee288b8bf293643946e1eefe54ae6f) Importer(815301076,1909f56bfc062723c751e8b465ee728b)
Start importing Assets/sprites/Plant Animations/Plant 6/Plant6_00006.png using Guid(fdee288b8bf293643946e1eefe54ae6f) Importer(815301076,1909f56bfc062723c751e8b465ee728b) (PreviewImporter) -> (artifact id: '09eb96b0092971bb5e603b0ddeda4219') in 0.0200654 seconds
Number of updated asset objects reloaded before import = 0Number of asset objects unloaded after import = 3

========================================================================
Received Import Request.
  Time since last request: 0.000018 seconds.
  path: Assets/sprites/Plant Animations/Plant 6/Plant6_00025.png
  artifactKey: Guid(3630bcd528db0554d9f6fcafaae8834c) Importer(815301076,1909f56bfc062723c751e8b465ee728b)
Start importing Assets/sprites/Plant Animations/Plant 6/Plant6_00025.png using Guid(3630bcd528db0554d9f6fcafaae8834c) Importer(815301076,1909f56bfc062723c751e8b465ee728b) (PreviewImporter) -> (artifact id: '4643e9e20132798420714f80b4c55c33') in 0.0186264 seconds
Number of updated asset objects reloaded before import = 0Number of asset objects unloaded after import = 3

========================================================================
Received Import Request.
  Time since last request: 0.000018 seconds.
  path: Assets/sprites/Plant Animations/Plant 6/Plant6_00014.png
  artifactKey: Guid(ff67a0743b73e0341a12da744a594c5b) Importer(815301076,1909f56bfc062723c751e8b465ee728b)
Start importing Assets/sprites/Plant Animations/Plant 6/Plant6_00014.png using Guid(ff67a0743b73e0341a12da744a594c5b) Importer(815301076,1909f56bfc062723c751e8b465ee728b) (PreviewImporter) -> (artifact id: 'dd42f5cb311ca686490422b3c759e9ad') in 0.0201558 seconds
Number of updated asset objects reloaded before import = 0Number of asset objects unloaded after import = 3

========================================================================
Received Import Request.
  Time since last request: 0.000025 seconds.
  path: Assets/sprites/Plant Animations/Plant 6/Plant6_00026.png
  artifactKey: Guid(49545c11a38d0fc44b6872c94916149f) Importer(815301076,1909f56bfc062723c751e8b465ee728b)
Start importing Assets/sprites/Plant Animations/Plant 6/Plant6_00026.png using Guid(49545c11a38d0fc44b6872c94916149f) Importer(815301076,1909f56bfc062723c751e8b465ee728b) (PreviewImporter) -> (artifact id: '183ae9f36860d9ab8f5f1361eb8eb25e') in 0.0197865 seconds
Number of updated asset objects reloaded before import = 0Number of asset objects unloaded after import = 3

========================================================================
Received Import Request.
  Time since last request: 0.000032 seconds.
  path: Assets/sprites/Plant Animations/Plant 6/Plant6_00042.png
  artifactKey: Guid(316e525674b46b242b0882ca7cc50904) Importer(815301076,1909f56bfc062723c751e8b465ee728b)
Start importing Assets/sprites/Plant Animations/Plant 6/Plant6_00042.png using Guid(316e525674b46b242b0882ca7cc50904) Importer(815301076,1909f56bfc062723c751e8b465ee728b) (PreviewImporter) -> (artifact id: 'b401161a3ea254aaf2f0f3101859470f') in 0.0196664 seconds
Number of updated asset objects reloaded before import = 0Number of asset objects unloaded after import = 3

========================================================================
Received Import Request.
  Time since last request: 0.000017 seconds.
  path: Assets/sprites/Plant Animations/Plant 6/Plant6_00038.png
  artifactKey: Guid(d0eae29184343e3488944d7e9441a731) Importer(815301076,1909f56bfc062723c751e8b465ee728b)
Start importing Assets/sprites/Plant Animations/Plant 6/Plant6_00038.png using Guid(d0eae29184343e3488944d7e9441a731) Importer(815301076,1909f56bfc062723c751e8b465ee728b) (PreviewImporter) -> (artifact id: '187ba21744fbcf8b099c42dd00aff389') in 0.0225186 seconds
Number of updated asset objects reloaded before import = 0Number of asset objects unloaded after import = 3

========================================================================
Received Import Request.
  Time since last request: 1.262308 seconds.
  path: Assets/sprites/Plant Animations/Plant 7/Plant7_00003.png
  artifactKey: Guid(e943408a625a2fa4cb1bf378a2f8411b) Importer(815301076,1909f56bfc062723c751e8b465ee728b)
Start importing Assets/sprites/Plant Animations/Plant 7/Plant7_00003.png using Guid(e943408a625a2fa4cb1bf378a2f8411b) Importer(815301076,1909f56bfc062723c751e8b465ee728b) (PreviewImporter) -> (artifact id: '16e0d22506a6b2da0fdb9d2930f3e3fe') in 0.0207454 seconds
Number of updated asset objects reloaded before import = 0Number of asset objects unloaded after import = 3

========================================================================
Received Import Request.
  Time since last request: 0.000020 seconds.
  path: Assets/sprites/Plant Animations/Plant 7/Plant7_00005.png
  artifactKey: Guid(1b59ee8d392a92542a83e20f35581fee) Importer(815301076,1909f56bfc062723c751e8b465ee728b)
Start importing Assets/sprites/Plant Animations/Plant 7/Plant7_00005.png using Guid(1b59ee8d392a92542a83e20f35581fee) Importer(815301076,1909f56bfc062723c751e8b465ee728b) (PreviewImporter) -> (artifact id: 'e1aeb2d744c76d57655a584ca9cab811') in 0.020217 seconds
Number of updated asset objects reloaded before import = 0Number of asset objects unloaded after import = 3

========================================================================
Received Import Request.
  Time since last request: 0.000021 seconds.
  path: Assets/sprites/Plant Animations/Plant 7/Plant7_00034.png
  artifactKey: Guid(efabad9c6d2f1034fb6f8e634f18208c) Importer(815301076,1909f56bfc062723c751e8b465ee728b)
Start importing Assets/sprites/Plant Animations/Plant 7/Plant7_00034.png using Guid(efabad9c6d2f1034fb6f8e634f18208c) Importer(815301076,1909f56bfc062723c751e8b465ee728b) (PreviewImporter) -> (artifact id: 'a24edf86ba6eff2571f9fc7edb78e7af') in 0.0184253 seconds
Number of updated asset objects reloaded before import = 0Number of asset objects unloaded after import = 3

========================================================================
Received Import Request.
  Time since last request: 0.000014 seconds.
  path: Assets/sprites/Plant Animations/Plant 7/Plant7_00009.png
  artifactKey: Guid(5cfd7ad3f639ab54eb34f1759d4ece79) Importer(815301076,1909f56bfc062723c751e8b465ee728b)
Start importing Assets/sprites/Plant Animations/Plant 7/Plant7_00009.png using Guid(5cfd7ad3f639ab54eb34f1759d4ece79) Importer(815301076,1909f56bfc062723c751e8b465ee728b) (PreviewImporter) -> (artifact id: 'eb25575e185f153e258daa3421b07043') in 0.0225732 seconds
Number of updated asset objects reloaded before import = 0Number of asset objects unloaded after import = 3

========================================================================
Received Import Request.
  Time since last request: 0.000016 seconds.
  path: Assets/sprites/Plant Animations/Plant 7/Plant7_00026.png
  artifactKey: Guid(903a5d03e611e624592a6ed8c1b3f6d3) Importer(815301076,1909f56bfc062723c751e8b465ee728b)
Start importing Assets/sprites/Plant Animations/Plant 7/Plant7_00026.png using Guid(903a5d03e611e624592a6ed8c1b3f6d3) Importer(815301076,1909f56bfc062723c751e8b465ee728b) (PreviewImporter) -> (artifact id: '834e75a6b25a36dfc9260b3034f3271b') in 0.0194537 seconds
Number of updated asset objects reloaded before import = 0Number of asset objects unloaded after import = 3

========================================================================
Received Import Request.
  Time since last request: 0.000015 seconds.
  path: Assets/sprites/Plant Animations/Plant 7/Plant7_00012.png
  artifactKey: Guid(688339641f6361d48aab087164085dc5) Importer(815301076,1909f56bfc062723c751e8b465ee728b)
Start importing Assets/sprites/Plant Animations/Plant 7/Plant7_00012.png using Guid(688339641f6361d48aab087164085dc5) Importer(815301076,1909f56bfc062723c751e8b465ee728b) (PreviewImporter) -> (artifact id: '9dd690748a6cd76d36e0b43fe72546a8') in 0.0214682 seconds
Number of updated asset objects reloaded before import = 0Number of asset objects unloaded after import = 3

========================================================================
Received Import Request.
  Time since last request: 0.000016 seconds.
  path: Assets/sprites/Plant Animations/Plant 7/Plant7_00047.png
  artifactKey: Guid(1e3fc28e298429b438888c31fe69d831) Importer(815301076,1909f56bfc062723c751e8b465ee728b)
Start importing Assets/sprites/Plant Animations/Plant 7/Plant7_00047.png using Guid(1e3fc28e298429b438888c31fe69d831) Importer(815301076,1909f56bfc062723c751e8b465ee728b) (PreviewImporter) -> (artifact id: 'de693b92236fb0b3593291e1aeb8b87f') in 0.0215659 seconds
Number of updated asset objects reloaded before import = 0Number of asset objects unloaded after import = 3

========================================================================
Received Import Request.
  Time since last request: 0.000021 seconds.
  path: Assets/sprites/Plant Animations/Plant 7/Plant7_00048.png
  artifactKey: Guid(b6b200335fcce1140a7bea0835990950) Importer(815301076,1909f56bfc062723c751e8b465ee728b)
Start importing Assets/sprites/Plant Animations/Plant 7/Plant7_00048.png using Guid(b6b200335fcce1140a7bea0835990950) Importer(815301076,1909f56bfc062723c751e8b465ee728b) (PreviewImporter) -> (artifact id: '0d420a205d06390b15d38d264dfdd0eb') in 0.0198494 seconds
Number of updated asset objects reloaded before import = 0Number of asset objects unloaded after import = 3

========================================================================
Received Import Request.
  Time since last request: 0.000014 seconds.
  path: Assets/sprites/Plant Animations/Plant 7/Plant7_00039.png
  artifactKey: Guid(a66354d90790d354c8d1ec4faa16ec9c) Importer(815301076,1909f56bfc062723c751e8b465ee728b)
Start importing Assets/sprites/Plant Animations/Plant 7/Plant7_00039.png using Guid(a66354d90790d354c8d1ec4faa16ec9c) Importer(815301076,1909f56bfc062723c751e8b465ee728b) (PreviewImporter) -> (artifact id: '11cb721cd873611a2895a0ba6429613f') in 0.0218229 seconds
Number of updated asset objects reloaded before import = 0Number of asset objects unloaded after import = 3

========================================================================
Received Import Request.
  Time since last request: 0.000017 seconds.
  path: Assets/sprites/Plant Animations/Plant 7/Plant7_00045.png
  artifactKey: Guid(789faa316ea88d54389e693cb221993c) Importer(815301076,1909f56bfc062723c751e8b465ee728b)
Start importing Assets/sprites/Plant Animations/Plant 7/Plant7_00045.png using Guid(789faa316ea88d54389e693cb221993c) Importer(815301076,1909f56bfc062723c751e8b465ee728b) (PreviewImporter) -> (artifact id: '4674597987c1c7025b23841ce7b2e211') in 0.0205825 seconds
Number of updated asset objects reloaded before import = 0Number of asset objects unloaded after import = 3

========================================================================
Received Import Request.
  Time since last request: 0.000013 seconds.
  path: Assets/sprites/Plant Animations/Plant 7/Plant7_00037.png
  artifactKey: Guid(012ba0d44be5c22459980e3ec506637c) Importer(815301076,1909f56bfc062723c751e8b465ee728b)
Start importing Assets/sprites/Plant Animations/Plant 7/Plant7_00037.png using Guid(012ba0d44be5c22459980e3ec506637c) Importer(815301076,1909f56bfc062723c751e8b465ee728b) (PreviewImporter) -> (artifact id: 'f8bf401ea0ef499e43375540b0817173') in 0.0189212 seconds
Number of updated asset objects reloaded before import = 0Number of asset objects unloaded after import = 3

========================================================================
Received Import Request.
  Time since last request: 0.000017 seconds.
  path: Assets/sprites/Plant Animations/Plant 7/Plant7_00029.png
  artifactKey: Guid(88fb6d51b95e1bd4b8964520bbcc6891) Importer(815301076,1909f56bfc062723c751e8b465ee728b)
Start importing Assets/sprites/Plant Animations/Plant 7/Plant7_00029.png using Guid(88fb6d51b95e1bd4b8964520bbcc6891) Importer(815301076,1909f56bfc062723c751e8b465ee728b) (PreviewImporter) -> (artifact id: '19fd259dc7daf5a49a60905650e26633') in 0.0232062 seconds
Number of updated asset objects reloaded before import = 0Number of asset objects unloaded after import = 3

========================================================================
Received Import Request.
  Time since last request: 1.701191 seconds.
  path: Assets/sprites/Plant Animations/Plant 8 Poison/PlantPosion_00003.png
  artifactKey: Guid(65415a9e3df043f42908ba3d6199bcc0) Importer(815301076,1909f56bfc062723c751e8b465ee728b)
Start importing Assets/sprites/Plant Animations/Plant 8 Poison/PlantPosion_00003.png using Guid(65415a9e3df043f42908ba3d6199bcc0) Importer(815301076,1909f56bfc062723c751e8b465ee728b) (PreviewImporter) -> (artifact id: '84581f16e159b404520013dba781ee10') in 0.0220091 seconds
Number of updated asset objects reloaded before import = 0Number of asset objects unloaded after import = 3

========================================================================
Received Import Request.
  Time since last request: 0.000022 seconds.
  path: Assets/sprites/Plant Animations/Plant 8 Poison/PlantPosion_00007.png
  artifactKey: Guid(3a91e70f0332d174d9f754eade7d2a31) Importer(815301076,1909f56bfc062723c751e8b465ee728b)
Start importing Assets/sprites/Plant Animations/Plant 8 Poison/PlantPosion_00007.png using Guid(3a91e70f0332d174d9f754eade7d2a31) Importer(815301076,1909f56bfc062723c751e8b465ee728b) (PreviewImporter) -> (artifact id: '567798adb20daf88384aea24386ac36e') in 0.0234602 seconds
Number of updated asset objects reloaded before import = 0Number of asset objects unloaded after import = 3

========================================================================
Received Import Request.
  Time since last request: 0.000016 seconds.
  path: Assets/sprites/Plant Animations/Plant 8 Poison/PlantPosion_00022.png
  artifactKey: Guid(e417b8500fd08324890dc2b8d7d69b52) Importer(815301076,1909f56bfc062723c751e8b465ee728b)
Start importing Assets/sprites/Plant Animations/Plant 8 Poison/PlantPosion_00022.png using Guid(e417b8500fd08324890dc2b8d7d69b52) Importer(815301076,1909f56bfc062723c751e8b465ee728b) (PreviewImporter) -> (artifact id: '10bde94c17e270abe76cb1462bb17066') in 0.0221152 seconds
Number of updated asset objects reloaded before import = 0Number of asset objects unloaded after import = 3

========================================================================
Received Import Request.
  Time since last request: 0.000021 seconds.
  path: Assets/sprites/Plant Animations/Plant 8 Poison/PlantPosion_00027.png
  artifactKey: Guid(403834f329397604b914f0e9f5075539) Importer(815301076,1909f56bfc062723c751e8b465ee728b)
Start importing Assets/sprites/Plant Animations/Plant 8 Poison/PlantPosion_00027.png using Guid(403834f329397604b914f0e9f5075539) Importer(815301076,1909f56bfc062723c751e8b465ee728b) (PreviewImporter) -> (artifact id: '25f50f509b6a98f90516d486cf9fd483') in 0.0436602 seconds
Number of updated asset objects reloaded before import = 0Number of asset objects unloaded after import = 3

========================================================================
Received Import Request.
  Time since last request: 0.000019 seconds.
  path: Assets/sprites/Plant Animations/Plant 8 Poison/PlantPosion_00006.png
  artifactKey: Guid(4ac5d08c3edcde24da3906d0f94f1da2) Importer(815301076,1909f56bfc062723c751e8b465ee728b)
Start importing Assets/sprites/Plant Animations/Plant 8 Poison/PlantPosion_00006.png using Guid(4ac5d08c3edcde24da3906d0f94f1da2) Importer(815301076,1909f56bfc062723c751e8b465ee728b) (PreviewImporter) -> (artifact id: '90cc212e4ce63cd5db27c05388bb4a42') in 0.0223727 seconds
Number of updated asset objects reloaded before import = 0Number of asset objects unloaded after import = 3

========================================================================
Received Import Request.
  Time since last request: 0.000014 seconds.
  path: Assets/sprites/Plant Animations/Plant 8 Poison/PlantPosion_00004.png
  artifactKey: Guid(5688bfa6734a78a4c9ca98c7a6e9a584) Importer(815301076,1909f56bfc062723c751e8b465ee728b)
Start importing Assets/sprites/Plant Animations/Plant 8 Poison/PlantPosion_00004.png using Guid(5688bfa6734a78a4c9ca98c7a6e9a584) Importer(815301076,1909f56bfc062723c751e8b465ee728b) (PreviewImporter) -> (artifact id: 'a48cb3bc39aaa5ad275de0653a52188b') in 0.0222863 seconds
Number of updated asset objects reloaded before import = 0Number of asset objects unloaded after import = 3

========================================================================
Received Import Request.
  Time since last request: 0.000022 seconds.
  path: Assets/sprites/Plant Animations/Plant 8 Poison/PlantPosion_00017.png
  artifactKey: Guid(dee005a52ac17fb429c0eef9e78f78de) Importer(815301076,1909f56bfc062723c751e8b465ee728b)
Start importing Assets/sprites/Plant Animations/Plant 8 Poison/PlantPosion_00017.png using Guid(dee005a52ac17fb429c0eef9e78f78de) Importer(815301076,1909f56bfc062723c751e8b465ee728b) (PreviewImporter) -> (artifact id: '0ff74cd55620a99916d5e8ba050ce131') in 0.0241134 seconds
Number of updated asset objects reloaded before import = 0Number of asset objects unloaded after import = 3

========================================================================
Received Import Request.
  Time since last request: 0.000027 seconds.
  path: Assets/sprites/Plant Animations/Plant 8 Poison/PlantPosion_00029.png
  artifactKey: Guid(add606e34cf77974585aafeed1d71016) Importer(815301076,1909f56bfc062723c751e8b465ee728b)
Start importing Assets/sprites/Plant Animations/Plant 8 Poison/PlantPosion_00029.png using Guid(add606e34cf77974585aafeed1d71016) Importer(815301076,1909f56bfc062723c751e8b465ee728b) (PreviewImporter) -> (artifact id: 'a6038e7c46817fc2c4481247898763ef') in 0.0205754 seconds
Number of updated asset objects reloaded before import = 0Number of asset objects unloaded after import = 3

========================================================================
Received Import Request.
  Time since last request: 1.941563 seconds.
  path: Assets/sprites/Plant Animations/Plant Wind 1/Plant Wind 1_00003.png
  artifactKey: Guid(da36d28fe293f9c40b4f91a1788d7949) Importer(815301076,1909f56bfc062723c751e8b465ee728b)
Start importing Assets/sprites/Plant Animations/Plant Wind 1/Plant Wind 1_00003.png using Guid(da36d28fe293f9c40b4f91a1788d7949) Importer(815301076,1909f56bfc062723c751e8b465ee728b) (PreviewImporter) -> (artifact id: 'b400e024daa7f73f7d9824f6cec7fe6d') in 0.0217557 seconds
Number of updated asset objects reloaded before import = 0Number of asset objects unloaded after import = 3

========================================================================
Received Import Request.
  Time since last request: 0.000017 seconds.
  path: Assets/sprites/Plant Animations/Plant Wind 1/Plant Wind 1_00022.png
  artifactKey: Guid(b57ce848cf67ddf45838699695586119) Importer(815301076,1909f56bfc062723c751e8b465ee728b)
Start importing Assets/sprites/Plant Animations/Plant Wind 1/Plant Wind 1_00022.png using Guid(b57ce848cf67ddf45838699695586119) Importer(815301076,1909f56bfc062723c751e8b465ee728b) (PreviewImporter) -> (artifact id: 'b96056e7ec763995f33911db4669d7e1') in 0.0252235 seconds
Number of updated asset objects reloaded before import = 0Number of asset objects unloaded after import = 3

========================================================================
Received Import Request.
  Time since last request: 0.000021 seconds.
  path: Assets/sprites/Plant Animations/Plant Wind 1/Plant Wind 1_00008.png
  artifactKey: Guid(3dff288645794d8429479fc0f1b6462f) Importer(815301076,1909f56bfc062723c751e8b465ee728b)
Start importing Assets/sprites/Plant Animations/Plant Wind 1/Plant Wind 1_00008.png using Guid(3dff288645794d8429479fc0f1b6462f) Importer(815301076,1909f56bfc062723c751e8b465ee728b) (PreviewImporter) -> (artifact id: '977a1b567ff6ed9a87fb11f2e5667aba') in 0.0221138 seconds
Number of updated asset objects reloaded before import = 0Number of asset objects unloaded after import = 3

========================================================================
Received Import Request.
  Time since last request: 0.000021 seconds.
  path: Assets/sprites/Plant Animations/Plant Wind 1/Plant Wind 1_00023.png
  artifactKey: Guid(7f9c96a3573b08343b573a2cc5ee5cf5) Importer(815301076,1909f56bfc062723c751e8b465ee728b)
Start importing Assets/sprites/Plant Animations/Plant Wind 1/Plant Wind 1_00023.png using Guid(7f9c96a3573b08343b573a2cc5ee5cf5) Importer(815301076,1909f56bfc062723c751e8b465ee728b) (PreviewImporter) -> (artifact id: 'e1edbeaf93cf5ca80a244eec70fb0bb4') in 0.0201998 seconds
Number of updated asset objects reloaded before import = 0Number of asset objects unloaded after import = 3

========================================================================
Received Import Request.
  Time since last request: 0.000019 seconds.
  path: Assets/sprites/Plant Animations/Plant Wind 1/Plant Wind 1_00016.png
  artifactKey: Guid(5122e005d47558f42b5177cf6c4212f4) Importer(815301076,1909f56bfc062723c751e8b465ee728b)
Start importing Assets/sprites/Plant Animations/Plant Wind 1/Plant Wind 1_00016.png using Guid(5122e005d47558f42b5177cf6c4212f4) Importer(815301076,1909f56bfc062723c751e8b465ee728b) (PreviewImporter) -> (artifact id: '90f3ef0df9012c28eda097e742de5b23') in 0.0211336 seconds
Number of updated asset objects reloaded before import = 0Number of asset objects unloaded after import = 3

========================================================================
Received Import Request.
  Time since last request: 0.000017 seconds.
  path: Assets/sprites/Plant Animations/Plant Wind 1/Plant Wind 1_00027.png
  artifactKey: Guid(d4a43c53f13d3bc428d77e618cca1491) Importer(815301076,1909f56bfc062723c751e8b465ee728b)
Start importing Assets/sprites/Plant Animations/Plant Wind 1/Plant Wind 1_00027.png using Guid(d4a43c53f13d3bc428d77e618cca1491) Importer(815301076,1909f56bfc062723c751e8b465ee728b) (PreviewImporter) -> (artifact id: '67e02ffba9ef336c7b5409ac969e491a') in 0.021555 seconds
Number of updated asset objects reloaded before import = 0Number of asset objects unloaded after import = 3

========================================================================
Received Import Request.
  Time since last request: 0.000019 seconds.
  path: Assets/sprites/Plant Animations/Plant Wind 1/Plant Wind 1_00024.png
  artifactKey: Guid(2b63e8c47872dc048aebaa88b0f3e906) Importer(815301076,1909f56bfc062723c751e8b465ee728b)
Start importing Assets/sprites/Plant Animations/Plant Wind 1/Plant Wind 1_00024.png using Guid(2b63e8c47872dc048aebaa88b0f3e906) Importer(815301076,1909f56bfc062723c751e8b465ee728b) (PreviewImporter) -> (artifact id: '783c71e89f9a2ba2ec2baeef40e33312') in 0.022891 seconds
Number of updated asset objects reloaded before import = 0Number of asset objects unloaded after import = 3

========================================================================
Received Import Request.
  Time since last request: 1.406448 seconds.
  path: Assets/sprites/Plant Animations/PlantJump/JumpPlant_00003.png
  artifactKey: Guid(a57f0761597890841bf107c9f31b135c) Importer(815301076,1909f56bfc062723c751e8b465ee728b)
Start importing Assets/sprites/Plant Animations/PlantJump/JumpPlant_00003.png using Guid(a57f0761597890841bf107c9f31b135c) Importer(815301076,1909f56bfc062723c751e8b465ee728b) (PreviewImporter) -> (artifact id: 'ed00f68fb39913e10b4a1dbb46c3e293') in 0.0244206 seconds
Number of updated asset objects reloaded before import = 0Number of asset objects unloaded after import = 3

========================================================================
Received Import Request.
  Time since last request: 0.000021 seconds.
  path: Assets/sprites/Plant Animations/PlantJump/JumpPlant_00005.png
  artifactKey: Guid(bda3122300b264346ae247a092cce5ae) Importer(815301076,1909f56bfc062723c751e8b465ee728b)
Start importing Assets/sprites/Plant Animations/PlantJump/JumpPlant_00005.png using Guid(bda3122300b264346ae247a092cce5ae) Importer(815301076,1909f56bfc062723c751e8b465ee728b) (PreviewImporter) -> (artifact id: '9c29f440667d9290487df8afcfaa8522') in 0.0215212 seconds
Number of updated asset objects reloaded before import = 0Number of asset objects unloaded after import = 3

========================================================================
Received Import Request.
  Time since last request: 0.000020 seconds.
  path: Assets/sprites/Plant Animations/PlantJump/JumpPlant_00016.png
  artifactKey: Guid(f5a4c9dedf0cdca4abff60c5f3aa4746) Importer(815301076,1909f56bfc062723c751e8b465ee728b)
Start importing Assets/sprites/Plant Animations/PlantJump/JumpPlant_00016.png using Guid(f5a4c9dedf0cdca4abff60c5f3aa4746) Importer(815301076,1909f56bfc062723c751e8b465ee728b) (PreviewImporter) -> (artifact id: 'd2ae2e41c3489d13685210811e2e0e7d') in 0.0220412 seconds
Number of updated asset objects reloaded before import = 0Number of asset objects unloaded after import = 3

========================================================================
Received Import Request.
  Time since last request: 0.000016 seconds.
  path: Assets/sprites/Plant Animations/PlantJump/JumpPlant_00014.png
  artifactKey: Guid(eb20a317608b65a4da3836bca2f03d77) Importer(815301076,1909f56bfc062723c751e8b465ee728b)
Start importing Assets/sprites/Plant Animations/PlantJump/JumpPlant_00014.png using Guid(eb20a317608b65a4da3836bca2f03d77) Importer(815301076,1909f56bfc062723c751e8b465ee728b) (PreviewImporter) -> (artifact id: '2a4748004966f5ca1048d3ff94759d82') in 0.0236818 seconds
Number of updated asset objects reloaded before import = 0Number of asset objects unloaded after import = 3

========================================================================
Received Import Request.
  Time since last request: 0.000015 seconds.
  path: Assets/sprites/Plant Animations/PlantJump/JumpPlant_00015.png
  artifactKey: Guid(678555c120fdcb345919468120363268) Importer(815301076,1909f56bfc062723c751e8b465ee728b)
Start importing Assets/sprites/Plant Animations/PlantJump/JumpPlant_00015.png using Guid(678555c120fdcb345919468120363268) Importer(815301076,1909f56bfc062723c751e8b465ee728b) (PreviewImporter) -> (artifact id: '4f3845abf1ab87537dbfe9ac08213165') in 0.0217355 seconds
Number of updated asset objects reloaded before import = 0Number of asset objects unloaded after import = 3

========================================================================
Received Import Request.
  Time since last request: 2.423662 seconds.
  path: Assets/sprites/Plant Animations/PlantJump2/JumpPlant 2_00003.png
  artifactKey: Guid(4a343d2b60acf3f419a25565cb45c564) Importer(815301076,1909f56bfc062723c751e8b465ee728b)
Start importing Assets/sprites/Plant Animations/PlantJump2/JumpPlant 2_00003.png using Guid(4a343d2b60acf3f419a25565cb45c564) Importer(815301076,1909f56bfc062723c751e8b465ee728b) (PreviewImporter) -> (artifact id: 'abe2de7b0a375bccf806a4afa9982a05') in 0.0849394 seconds
Number of updated asset objects reloaded before import = 0Number of asset objects unloaded after import = 3

========================================================================
Received Import Request.
  Time since last request: 0.000018 seconds.
  path: Assets/sprites/Plant Animations/PlantJump2/JumpPlant 2_00006.png
  artifactKey: Guid(2af1b48e61d78a24bb822b3b3f25a0eb) Importer(815301076,1909f56bfc062723c751e8b465ee728b)
Start importing Assets/sprites/Plant Animations/PlantJump2/JumpPlant 2_00006.png using Guid(2af1b48e61d78a24bb822b3b3f25a0eb) Importer(815301076,1909f56bfc062723c751e8b465ee728b) (PreviewImporter) -> (artifact id: '48acd83ab881abb303360b48aee7dbd0') in 0.0201801 seconds
Number of updated asset objects reloaded before import = 0Number of asset objects unloaded after import = 3

========================================================================
Received Import Request.
  Time since last request: 0.000027 seconds.
  path: Assets/sprites/Plant Animations/PlantJump2/JumpPlant 2_00015.png
  artifactKey: Guid(a3904972f6fe76e4f98ba93e31f99466) Importer(815301076,1909f56bfc062723c751e8b465ee728b)
Start importing Assets/sprites/Plant Animations/PlantJump2/JumpPlant 2_00015.png using Guid(a3904972f6fe76e4f98ba93e31f99466) Importer(815301076,1909f56bfc062723c751e8b465ee728b) (PreviewImporter) -> (artifact id: '729821aedcb142683be86f89980eb65c') in 0.0327856 seconds
Number of updated asset objects reloaded before import = 0Number of asset objects unloaded after import = 3

========================================================================
Received Import Request.
  Time since last request: 0.000019 seconds.
  path: Assets/sprites/Plant Animations/PlantJump2/JumpPlant 2_00019.png
  artifactKey: Guid(775f0ca2445dd454e92f4315cab81868) Importer(815301076,1909f56bfc062723c751e8b465ee728b)
Start importing Assets/sprites/Plant Animations/PlantJump2/JumpPlant 2_00019.png using Guid(775f0ca2445dd454e92f4315cab81868) Importer(815301076,1909f56bfc062723c751e8b465ee728b) (PreviewImporter) -> (artifact id: 'b591d67bebac6aa5222f55d391ea32d6') in 0.0194089 seconds
Number of updated asset objects reloaded before import = 0Number of asset objects unloaded after import = 3

========================================================================
Received Import Request.
  Time since last request: 0.000021 seconds.
  path: Assets/sprites/Plant Animations/PlantJump2/JumpPlant 2_00007.png
  artifactKey: Guid(4f9068213b2adea419fe199ff2ab23dc) Importer(815301076,1909f56bfc062723c751e8b465ee728b)
Start importing Assets/sprites/Plant Animations/PlantJump2/JumpPlant 2_00007.png using Guid(4f9068213b2adea419fe199ff2ab23dc) Importer(815301076,1909f56bfc062723c751e8b465ee728b) (PreviewImporter) -> (artifact id: '88ca349b1c201c99c3c310b3e8b72fc3') in 0.0223205 seconds
Number of updated asset objects reloaded before import = 0Number of asset objects unloaded after import = 3

========================================================================
Received Import Request.
  Time since last request: 9.534989 seconds.
  path: Assets/sprites/Plant Animations/Plant 1/Plant1_00052.png
  artifactKey: Guid(06be9a2d8ef849a44a9d8636b9660045) Importer(815301076,1909f56bfc062723c751e8b465ee728b)
Start importing Assets/sprites/Plant Animations/Plant 1/Plant1_00052.png using Guid(06be9a2d8ef849a44a9d8636b9660045) Importer(815301076,1909f56bfc062723c751e8b465ee728b) (PreviewImporter) -> (artifact id: '644c3014476a779739a9df43b55e188b') in 0.0758384 seconds
Number of updated asset objects reloaded before import = 0Number of asset objects unloaded after import = 3

========================================================================
Received Import Request.
  Time since last request: 0.000020 seconds.
  path: Assets/sprites/Plant Animations/Plant 1/Plant1_00053.png
  artifactKey: Guid(e9026be45167f354f96517feae9af916) Importer(815301076,1909f56bfc062723c751e8b465ee728b)
Start importing Assets/sprites/Plant Animations/Plant 1/Plant1_00053.png using Guid(e9026be45167f354f96517feae9af916) Importer(815301076,1909f56bfc062723c751e8b465ee728b) (PreviewImporter) -> (artifact id: '88c234594b25bfc101c27d9aef137653') in 0.0260936 seconds
Number of updated asset objects reloaded before import = 0Number of asset objects unloaded after import = 3

========================================================================
Received Import Request.
  Time since last request: 0.000019 seconds.
  path: Assets/sprites/Plant Animations/Plant 1/Plant1_00059.png
  artifactKey: Guid(3cffdbeacd664f6408aa0edf8a78d9ff) Importer(815301076,1909f56bfc062723c751e8b465ee728b)
Start importing Assets/sprites/Plant Animations/Plant 1/Plant1_00059.png using Guid(3cffdbeacd664f6408aa0edf8a78d9ff) Importer(815301076,1909f56bfc062723c751e8b465ee728b) (PreviewImporter) -> (artifact id: '61f70e3092d46911ae8916d585669bb5') in 0.0362096 seconds
Number of updated asset objects reloaded before import = 0Number of asset objects unloaded after import = 3

========================================================================
Received Import Request.
  Time since last request: 0.000025 seconds.
  path: Assets/sprites/Plant Animations/Plant 1/Plant1_00067.png
  artifactKey: Guid(d350a23e847330641b6cb1c88350351e) Importer(815301076,1909f56bfc062723c751e8b465ee728b)
Start importing Assets/sprites/Plant Animations/Plant 1/Plant1_00067.png using Guid(d350a23e847330641b6cb1c88350351e) Importer(815301076,1909f56bfc062723c751e8b465ee728b) (PreviewImporter) -> (artifact id: '47371ae0c689aeb31cf681c71730c497') in 0.0261137 seconds
Number of updated asset objects reloaded before import = 0Number of asset objects unloaded after import = 3

========================================================================
Received Import Request.
  Time since last request: 0.000029 seconds.
  path: Assets/sprites/Plant Animations/Plant 1/Plant1_00063.png
  artifactKey: Guid(61b964e6b1f99e8448df404ec41f0d25) Importer(815301076,1909f56bfc062723c751e8b465ee728b)
Start importing Assets/sprites/Plant Animations/Plant 1/Plant1_00063.png using Guid(61b964e6b1f99e8448df404ec41f0d25) Importer(815301076,1909f56bfc062723c751e8b465ee728b) (PreviewImporter) -> (artifact id: 'dc2166207fcbe0b3848aba3ffbaeedfe') in 0.0186625 seconds
Number of updated asset objects reloaded before import = 0Number of asset objects unloaded after import = 3

========================================================================
Received Import Request.
  Time since last request: 0.000018 seconds.
  path: Assets/sprites/Plant Animations/Plant 1/Plant1_00072.png
  artifactKey: Guid(bfcdecaa3daa3bd44a70d5c85d876993) Importer(815301076,1909f56bfc062723c751e8b465ee728b)
Start importing Assets/sprites/Plant Animations/Plant 1/Plant1_00072.png using Guid(bfcdecaa3daa3bd44a70d5c85d876993) Importer(815301076,1909f56bfc062723c751e8b465ee728b) (PreviewImporter) -> (artifact id: '57d9a4b2d8cbddc53db94122fb40c7dd') in 0.0196474 seconds
Number of updated asset objects reloaded before import = 0Number of asset objects unloaded after import = 3

========================================================================
Received Import Request.
  Time since last request: 0.105918 seconds.
  path: Assets/sprites/Plant Animations/Plant 1/Plant1_00076.png
  artifactKey: Guid(14de59776c74d4c40bfdf792abecb5f9) Importer(815301076,1909f56bfc062723c751e8b465ee728b)
Start importing Assets/sprites/Plant Animations/Plant 1/Plant1_00076.png using Guid(14de59776c74d4c40bfdf792abecb5f9) Importer(815301076,1909f56bfc062723c751e8b465ee728b) (PreviewImporter) -> (artifact id: 'd0bbb4bde83db15ada938fe7c8efca1d') in 0.0203216 seconds
Number of updated asset objects reloaded before import = 0Number of asset objects unloaded after import = 3

========================================================================
Received Import Request.
  Time since last request: 0.000016 seconds.
  path: Assets/sprites/Plant Animations/Plant 1/Plant1_00084.png
  artifactKey: Guid(99173f76cfb56cf48b97766c379f6d17) Importer(815301076,1909f56bfc062723c751e8b465ee728b)
Start importing Assets/sprites/Plant Animations/Plant 1/Plant1_00084.png using Guid(99173f76cfb56cf48b97766c379f6d17) Importer(815301076,1909f56bfc062723c751e8b465ee728b) (PreviewImporter) -> (artifact id: 'ed6beb32a7a0f395b9ef8771236ef047') in 0.0204393 seconds
Number of updated asset objects reloaded before import = 0Number of asset objects unloaded after import = 3

========================================================================
Received Import Request.
  Time since last request: 0.000017 seconds.
  path: Assets/sprites/Plant Animations/Plant 1/Plant1_00085.png
  artifactKey: Guid(3e34ced4167f0fa4aaa0308368edc79c) Importer(815301076,1909f56bfc062723c751e8b465ee728b)
Start importing Assets/sprites/Plant Animations/Plant 1/Plant1_00085.png using Guid(3e34ced4167f0fa4aaa0308368edc79c) Importer(815301076,1909f56bfc062723c751e8b465ee728b) (PreviewImporter) -> (artifact id: '3ced4115d1db51b055627b43998f98a0') in 0.0226738 seconds
Number of updated asset objects reloaded before import = 0Number of asset objects unloaded after import = 3

========================================================================
Received Import Request.
  Time since last request: 0.000016 seconds.
  path: Assets/sprites/Plant Animations/Plant 1/Plant1_00083.png
  artifactKey: Guid(f135b4e409c5a2946b1b6fe49b014126) Importer(815301076,1909f56bfc062723c751e8b465ee728b)
Start importing Assets/sprites/Plant Animations/Plant 1/Plant1_00083.png using Guid(f135b4e409c5a2946b1b6fe49b014126) Importer(815301076,1909f56bfc062723c751e8b465ee728b) (PreviewImporter) -> (artifact id: '52c050066130168e193be800c4ea6b73') in 0.0184903 seconds
Number of updated asset objects reloaded before import = 0Number of asset objects unloaded after import = 3

========================================================================
Received Import Request.
  Time since last request: 0.000028 seconds.
  path: Assets/sprites/Plant Animations/Plant 1/Plant1_00079.png
  artifactKey: Guid(3e64eca6b68b31645b046371d252c365) Importer(815301076,1909f56bfc062723c751e8b465ee728b)
Start importing Assets/sprites/Plant Animations/Plant 1/Plant1_00079.png using Guid(3e64eca6b68b31645b046371d252c365) Importer(815301076,1909f56bfc062723c751e8b465ee728b) (PreviewImporter) -> (artifact id: '312df0014e7a117622448ff9b30e53f0') in 0.0171965 seconds
Number of updated asset objects reloaded before import = 0Number of asset objects unloaded after import = 3

========================================================================
Received Import Request.
  Time since last request: 7.930987 seconds.
  path: Assets/sprites/Plant Animations/Plant 2/Plant2_00052.png
  artifactKey: Guid(c8b4683c29aa1a6429d1b9e64c0cf1ff) Importer(815301076,1909f56bfc062723c751e8b465ee728b)
Start importing Assets/sprites/Plant Animations/Plant 2/Plant2_00052.png using Guid(c8b4683c29aa1a6429d1b9e64c0cf1ff) Importer(815301076,1909f56bfc062723c751e8b465ee728b) (PreviewImporter) -> (artifact id: 'c3a7234900e4676f9f41d47dc3351280') in 0.0665731 seconds
Number of updated asset objects reloaded before import = 0Number of asset objects unloaded after import = 5

========================================================================
Received Import Request.
  Time since last request: 0.000013 seconds.
  path: Assets/sprites/Plant Animations/Plant 2/Plant2_00064.png
  artifactKey: Guid(797268bcab9e3bf45adb920d28daa37f) Importer(815301076,1909f56bfc062723c751e8b465ee728b)
Start importing Assets/sprites/Plant Animations/Plant 2/Plant2_00064.png using Guid(797268bcab9e3bf45adb920d28daa37f) Importer(815301076,1909f56bfc062723c751e8b465ee728b) (PreviewImporter) -> (artifact id: 'f66c34940b807c12e04d90dd84705675') in 0.0338808 seconds
Number of updated asset objects reloaded before import = 0Number of asset objects unloaded after import = 5

========================================================================
Received Import Request.
  Time since last request: 0.000016 seconds.
  path: Assets/sprites/Plant Animations/Plant 2/Plant2_00084.png
  artifactKey: Guid(60d63a77ee07fdd4795e3cb0cebd6a38) Importer(815301076,1909f56bfc062723c751e8b465ee728b)
Start importing Assets/sprites/Plant Animations/Plant 2/Plant2_00084.png using Guid(60d63a77ee07fdd4795e3cb0cebd6a38) Importer(815301076,1909f56bfc062723c751e8b465ee728b) (PreviewImporter) -> (artifact id: 'ccf2e88370b9a9d55e759a0b281f3a76') in 0.0546487 seconds
Number of updated asset objects reloaded before import = 0Number of asset objects unloaded after import = 5

========================================================================
Received Import Request.
  Time since last request: 0.000026 seconds.
  path: Assets/sprites/Plant Animations/Plant 2/Plant2_00053.png
  artifactKey: Guid(3c7f2ff28d9f9eb43b4e50e11807fb99) Importer(815301076,1909f56bfc062723c751e8b465ee728b)
Start importing Assets/sprites/Plant Animations/Plant 2/Plant2_00053.png using Guid(3c7f2ff28d9f9eb43b4e50e11807fb99) Importer(815301076,1909f56bfc062723c751e8b465ee728b) (PreviewImporter) -> (artifact id: '2d24dc79a123e6e585f58a6b761cf466') in 0.033014 seconds
Number of updated asset objects reloaded before import = 0Number of asset objects unloaded after import = 5

========================================================================
Received Import Request.
  Time since last request: 0.000015 seconds.
  path: Assets/sprites/Plant Animations/Plant 2/Plant2_00081.png
  artifactKey: Guid(5e2fbfce4a240bf42ada284ef0d92d71) Importer(815301076,1909f56bfc062723c751e8b465ee728b)
Start importing Assets/sprites/Plant Animations/Plant 2/Plant2_00081.png using Guid(5e2fbfce4a240bf42ada284ef0d92d71) Importer(815301076,1909f56bfc062723c751e8b465ee728b) (PreviewImporter) -> (artifact id: '382d75052066ed5b20060616fac26148') in 0.0232989 seconds
Number of updated asset objects reloaded before import = 0Number of asset objects unloaded after import = 5

========================================================================
Received Import Request.
  Time since last request: 0.000014 seconds.
  path: Assets/sprites/Plant Animations/Plant 2/Plant2_00086.png
  artifactKey: Guid(03b627721f5fd914b9ca0501375f94d8) Importer(815301076,1909f56bfc062723c751e8b465ee728b)
Start importing Assets/sprites/Plant Animations/Plant 2/Plant2_00086.png using Guid(03b627721f5fd914b9ca0501375f94d8) Importer(815301076,1909f56bfc062723c751e8b465ee728b) (PreviewImporter) -> (artifact id: '79ac5a1e41f4fb54780ea5bdcffe47d6') in 0.0253053 seconds
Number of updated asset objects reloaded before import = 0Number of asset objects unloaded after import = 5

========================================================================
Received Import Request.
  Time since last request: 0.000019 seconds.
  path: Assets/sprites/Plant Animations/Plant 2/Plant2_00082.png
  artifactKey: Guid(1f6bb3140db56f545a5f340c0e4fd50e) Importer(815301076,1909f56bfc062723c751e8b465ee728b)
Start importing Assets/sprites/Plant Animations/Plant 2/Plant2_00082.png using Guid(1f6bb3140db56f545a5f340c0e4fd50e) Importer(815301076,1909f56bfc062723c751e8b465ee728b) (PreviewImporter) -> (artifact id: '631b0fab280e54080dec3c9e9ab636d2') in 0.0228909 seconds
Number of updated asset objects reloaded before import = 0Number of asset objects unloaded after import = 5

========================================================================
Received Import Request.
  Time since last request: 0.000025 seconds.
  path: Assets/sprites/Plant Animations/Plant 2/Plant2_00080.png
  artifactKey: Guid(9581b186a89a22641bec727e43a164ac) Importer(815301076,1909f56bfc062723c751e8b465ee728b)
Start importing Assets/sprites/Plant Animations/Plant 2/Plant2_00080.png using Guid(9581b186a89a22641bec727e43a164ac) Importer(815301076,1909f56bfc062723c751e8b465ee728b) (PreviewImporter) -> (artifact id: '71ef7bae5e686f05818f50c7437c3bfe') in 0.0238694 seconds
Number of updated asset objects reloaded before import = 0Number of asset objects unloaded after import = 5

========================================================================
Received Import Request.
  Time since last request: 0.000017 seconds.
  path: Assets/sprites/Plant Animations/Plant 2/Plant2_00059.png
  artifactKey: Guid(df826a197d2dc0b41b91f2426606dabf) Importer(815301076,1909f56bfc062723c751e8b465ee728b)
Start importing Assets/sprites/Plant Animations/Plant 2/Plant2_00059.png using Guid(df826a197d2dc0b41b91f2426606dabf) Importer(815301076,1909f56bfc062723c751e8b465ee728b) (PreviewImporter) -> (artifact id: '67818c19f2b62e6ce80caa8721cb8d1c') in 0.0266198 seconds
Number of updated asset objects reloaded before import = 0Number of asset objects unloaded after import = 5

========================================================================
Received Import Request.
  Time since last request: 0.000018 seconds.
  path: Assets/sprites/Plant Animations/Plant 2/Plant2_00060.png
  artifactKey: Guid(c50772d9482cc5c44a5c152c5f85590a) Importer(815301076,1909f56bfc062723c751e8b465ee728b)
Start importing Assets/sprites/Plant Animations/Plant 2/Plant2_00060.png using Guid(c50772d9482cc5c44a5c152c5f85590a) Importer(815301076,1909f56bfc062723c751e8b465ee728b) (PreviewImporter) -> (artifact id: '4cc585ad98d6ae2831e0b52939a265fc') in 0.0235168 seconds
Number of updated asset objects reloaded before import = 0Number of asset objects unloaded after import = 5

========================================================================
Received Import Request.
  Time since last request: 3.197870 seconds.
  path: Assets/sprites/Plant Animations/Plant 3/Plant3_00052.png
  artifactKey: Guid(82ac9d28495413d40833a40465a4d7ec) Importer(815301076,1909f56bfc062723c751e8b465ee728b)
Start importing Assets/sprites/Plant Animations/Plant 3/Plant3_00052.png using Guid(82ac9d28495413d40833a40465a4d7ec) Importer(815301076,1909f56bfc062723c751e8b465ee728b) (PreviewImporter) -> (artifact id: 'f105553f86326cbb6e467592697794b3') in 0.032715 seconds
Number of updated asset objects reloaded before import = 0Number of asset objects unloaded after import = 4

========================================================================
Received Import Request.
  Time since last request: 0.000017 seconds.
  path: Assets/sprites/Plant Animations/Plant 3/Plant3_00059.png
  artifactKey: Guid(7fad8782ea7c4a44ea47189de1441199) Importer(815301076,1909f56bfc062723c751e8b465ee728b)
Start importing Assets/sprites/Plant Animations/Plant 3/Plant3_00059.png using Guid(7fad8782ea7c4a44ea47189de1441199) Importer(815301076,1909f56bfc062723c751e8b465ee728b) (PreviewImporter) -> (artifact id: '913063f39b1771f17550fbea5a0fb905') in 0.0306791 seconds
Number of updated asset objects reloaded before import = 0Number of asset objects unloaded after import = 4

========================================================================
Received Import Request.
  Time since last request: 0.000025 seconds.
  path: Assets/sprites/Plant Animations/Plant 3/Plant3_00067.png
  artifactKey: Guid(d5c216eea14bdca4e8e398a73a2c7c40) Importer(815301076,1909f56bfc062723c751e8b465ee728b)
Start importing Assets/sprites/Plant Animations/Plant 3/Plant3_00067.png using Guid(d5c216eea14bdca4e8e398a73a2c7c40) Importer(815301076,1909f56bfc062723c751e8b465ee728b) (PreviewImporter) -> (artifact id: '13d7757ffeefba2b6322fca164f462f8') in 0.0270268 seconds
Number of updated asset objects reloaded before import = 0Number of asset objects unloaded after import = 4

========================================================================
Received Import Request.
  Time since last request: 0.000015 seconds.
  path: Assets/sprites/Plant Animations/Plant 3/Plant3_00079.png
  artifactKey: Guid(5bd04717a77cf4d4ab619191193619c7) Importer(815301076,1909f56bfc062723c751e8b465ee728b)
Start importing Assets/sprites/Plant Animations/Plant 3/Plant3_00079.png using Guid(5bd04717a77cf4d4ab619191193619c7) Importer(815301076,1909f56bfc062723c751e8b465ee728b) (PreviewImporter) -> (artifact id: '8cdc75d0696691e101345e7614a98541') in 0.0306603 seconds
Number of updated asset objects reloaded before import = 0Number of asset objects unloaded after import = 4

========================================================================
Received Import Request.
  Time since last request: 0.000017 seconds.
  path: Assets/sprites/Plant Animations/Plant 3/Plant3_00058.png
  artifactKey: Guid(47479cfba1a508c4ca9e05611612090f) Importer(815301076,1909f56bfc062723c751e8b465ee728b)
Start importing Assets/sprites/Plant Animations/Plant 3/Plant3_00058.png using Guid(47479cfba1a508c4ca9e05611612090f) Importer(815301076,1909f56bfc062723c751e8b465ee728b) (PreviewImporter) -> (artifact id: 'ffc0b9dd8583f87e3f3cba935209c08a') in 0.0258991 seconds
Number of updated asset objects reloaded before import = 0Number of asset objects unloaded after import = 4

========================================================================
Received Import Request.
  Time since last request: 0.000016 seconds.
  path: Assets/sprites/Plant Animations/Plant 3/Plant3_00086.png
  artifactKey: Guid(55986fa97807f6d4ba1146648f9abdc1) Importer(815301076,1909f56bfc062723c751e8b465ee728b)
Start importing Assets/sprites/Plant Animations/Plant 3/Plant3_00086.png using Guid(55986fa97807f6d4ba1146648f9abdc1) Importer(815301076,1909f56bfc062723c751e8b465ee728b) (PreviewImporter) -> (artifact id: '6f6d50bf859a02eb2cdec3ed5b6c72d8') in 0.0277756 seconds
Number of updated asset objects reloaded before import = 0Number of asset objects unloaded after import = 4

========================================================================
Received Import Request.
  Time since last request: 0.000020 seconds.
  path: Assets/sprites/Plant Animations/Plant 3/Plant3_00084.png
  artifactKey: Guid(286725071c10b594f97c2160716ffa8d) Importer(815301076,1909f56bfc062723c751e8b465ee728b)
Start importing Assets/sprites/Plant Animations/Plant 3/Plant3_00084.png using Guid(286725071c10b594f97c2160716ffa8d) Importer(815301076,1909f56bfc062723c751e8b465ee728b) (PreviewImporter) -> (artifact id: '867e71960664d681d05dbdbcec957d11') in 0.0257916 seconds
Number of updated asset objects reloaded before import = 0Number of asset objects unloaded after import = 4

========================================================================
Received Import Request.
  Time since last request: 0.000020 seconds.
  path: Assets/sprites/Plant Animations/Plant 3/Plant3_00060.png
  artifactKey: Guid(094545dc52734e1449f50db1af26ba19) Importer(815301076,1909f56bfc062723c751e8b465ee728b)
Start importing Assets/sprites/Plant Animations/Plant 3/Plant3_00060.png using Guid(094545dc52734e1449f50db1af26ba19) Importer(815301076,1909f56bfc062723c751e8b465ee728b) (PreviewImporter) -> (artifact id: '3e82d8578c0ae9f70baed137142e5177') in 0.0249976 seconds
Number of updated asset objects reloaded before import = 0Number of asset objects unloaded after import = 4

========================================================================
Received Import Request.
  Time since last request: 0.000014 seconds.
  path: Assets/sprites/Plant Animations/Plant 3/Plant3_00057.png
  artifactKey: Guid(64f04e307a143f84ea8121a300800919) Importer(815301076,1909f56bfc062723c751e8b465ee728b)
Start importing Assets/sprites/Plant Animations/Plant 3/Plant3_00057.png using Guid(64f04e307a143f84ea8121a300800919) Importer(815301076,1909f56bfc062723c751e8b465ee728b) (PreviewImporter) -> (artifact id: '83d07129dfb49c9534f581babb595d77') in 0.0242239 seconds
Number of updated asset objects reloaded before import = 0Number of asset objects unloaded after import = 4

========================================================================
Received Import Request.
  Time since last request: 0.000019 seconds.
  path: Assets/sprites/Plant Animations/Plant 3/Plant3_00081.png
  artifactKey: Guid(ff054f0dd05bc5346a11798c59909880) Importer(815301076,1909f56bfc062723c751e8b465ee728b)
Start importing Assets/sprites/Plant Animations/Plant 3/Plant3_00081.png using Guid(ff054f0dd05bc5346a11798c59909880) Importer(815301076,1909f56bfc062723c751e8b465ee728b) (PreviewImporter) -> (artifact id: '26c2af79723b21e7c176a09f6d5fbc9d') in 0.0242586 seconds
Number of updated asset objects reloaded before import = 0Number of asset objects unloaded after import = 4

========================================================================
Received Import Request.
  Time since last request: 7.572784 seconds.
  path: Assets/sprites/Plant Animations/Plant 4/Plant4_00052.png
  artifactKey: Guid(3a9199f5c8104144abfd2430c8a41e62) Importer(815301076,1909f56bfc062723c751e8b465ee728b)
Start importing Assets/sprites/Plant Animations/Plant 4/Plant4_00052.png using Guid(3a9199f5c8104144abfd2430c8a41e62) Importer(815301076,1909f56bfc062723c751e8b465ee728b) (PreviewImporter) -> (artifact id: '6c44b524346bd1727aba57989f754130') in 0.014334 seconds
Number of updated asset objects reloaded before import = 0Number of asset objects unloaded after import = 3

========================================================================
Received Import Request.
  Time since last request: 0.000017 seconds.
  path: Assets/sprites/Plant Animations/Plant 4/Plant4_00059.png
  artifactKey: Guid(3defb24c3f3d22e4e8eb888bf1f86d30) Importer(815301076,1909f56bfc062723c751e8b465ee728b)
Start importing Assets/sprites/Plant Animations/Plant 4/Plant4_00059.png using Guid(3defb24c3f3d22e4e8eb888bf1f86d30) Importer(815301076,1909f56bfc062723c751e8b465ee728b) (PreviewImporter) -> (artifact id: '17e782244edb9738f96d7432a487d02e') in 0.0401423 seconds
Number of updated asset objects reloaded before import = 0Number of asset objects unloaded after import = 3

========================================================================
Received Import Request.
  Time since last request: 0.000019 seconds.
  path: Assets/sprites/Plant Animations/Plant 4/Plant4_00053.png
  artifactKey: Guid(9c2c345836e6dc745a5d24f9f656e938) Importer(815301076,1909f56bfc062723c751e8b465ee728b)
Start importing Assets/sprites/Plant Animations/Plant 4/Plant4_00053.png using Guid(9c2c345836e6dc745a5d24f9f656e938) Importer(815301076,1909f56bfc062723c751e8b465ee728b) (PreviewImporter) -> (artifact id: '8bbe84ed31e6567d0679a89cb4606463') in 0.0266801 seconds
Number of updated asset objects reloaded before import = 0Number of asset objects unloaded after import = 3

========================================================================
Received Import Request.
  Time since last request: 3.822769 seconds.
  path: Assets/sprites/Plant Animations/Plant 5/Plant5_00052.png
  artifactKey: Guid(d62b7b057e3911f458aba3859f2a94c4) Importer(815301076,1909f56bfc062723c751e8b465ee728b)
Start importing Assets/sprites/Plant Animations/Plant 5/Plant5_00052.png using Guid(d62b7b057e3911f458aba3859f2a94c4) Importer(815301076,1909f56bfc062723c751e8b465ee728b) (PreviewImporter) -> (artifact id: '5f36ddb769a10e4996417ea61be6b8db') in 0.0464638 seconds
Number of updated asset objects reloaded before import = 0Number of asset objects unloaded after import = 3

========================================================================
Received Import Request.
  Time since last request: 0.000022 seconds.
  path: Assets/sprites/Plant Animations/Plant 5/Plant5_00054.png
  artifactKey: Guid(16798fa7ec718964fb53619a05b7a8b3) Importer(815301076,1909f56bfc062723c751e8b465ee728b)
Start importing Assets/sprites/Plant Animations/Plant 5/Plant5_00054.png using Guid(16798fa7ec718964fb53619a05b7a8b3) Importer(815301076,1909f56bfc062723c751e8b465ee728b) (PreviewImporter) -> (artifact id: '077aacd573dbcb0d7ed6dea682f5b23f') in 0.0338744 seconds
Number of updated asset objects reloaded before import = 0Number of asset objects unloaded after import = 3

========================================================================
Received Import Request.
  Time since last request: 3.665618 seconds.
  path: Assets/sprites/Plant Animations/Plant 6/Plant6_00052.png
  artifactKey: Guid(32701d255540ac040bdf1b4ee4ed8822) Importer(815301076,1909f56bfc062723c751e8b465ee728b)
Start importing Assets/sprites/Plant Animations/Plant 6/Plant6_00052.png using Guid(32701d255540ac040bdf1b4ee4ed8822) Importer(815301076,1909f56bfc062723c751e8b465ee728b) (PreviewImporter) -> (artifact id: 'ee1157b2cf3c9344f120bd33c5e11751') in 0.0221683 seconds
Number of updated asset objects reloaded before import = 0Number of asset objects unloaded after import = 3

========================================================================
Received Import Request.
  Time since last request: 0.000016 seconds.
  path: Assets/sprites/Plant Animations/Plant 6/Plant6_00054.png
  artifactKey: Guid(d704d0431522c834cba32fe23c5c2c6b) Importer(815301076,1909f56bfc062723c751e8b465ee728b)
Start importing Assets/sprites/Plant Animations/Plant 6/Plant6_00054.png using Guid(d704d0431522c834cba32fe23c5c2c6b) Importer(815301076,1909f56bfc062723c751e8b465ee728b) (PreviewImporter) -> (artifact id: '4457d5d858795e009be6faba1756be82') in 0.0226207 seconds
Number of updated asset objects reloaded before import = 0Number of asset objects unloaded after import = 3

========================================================================
Received Import Request.
  Time since last request: 0.000028 seconds.
  path: Assets/sprites/Plant Animations/Plant 6/Plant6_00055.png
  artifactKey: Guid(10311fdac9d8ea54dbd03a57874311c2) Importer(815301076,1909f56bfc062723c751e8b465ee728b)
Start importing Assets/sprites/Plant Animations/Plant 6/Plant6_00055.png using Guid(10311fdac9d8ea54dbd03a57874311c2) Importer(815301076,1909f56bfc062723c751e8b465ee728b) (PreviewImporter) -> (artifact id: '69c75271ffa798b4190cbcb8813f50de') in 0.0204771 seconds
Number of updated asset objects reloaded before import = 0Number of asset objects unloaded after import = 3

========================================================================
Received Import Request.
  Time since last request: 2.963772 seconds.
  path: Assets/sprites/Plant Animations/Plant 7/Plant7_00052.png
  artifactKey: Guid(f4bfbec5e4cb0964382979e391ea6982) Importer(815301076,1909f56bfc062723c751e8b465ee728b)
Start importing Assets/sprites/Plant Animations/Plant 7/Plant7_00052.png using Guid(f4bfbec5e4cb0964382979e391ea6982) Importer(815301076,1909f56bfc062723c751e8b465ee728b) (PreviewImporter) -> (artifact id: '9e630917e89a5d8e460e657f4764f0ea') in 0.0492787 seconds
Number of updated asset objects reloaded before import = 0Number of asset objects unloaded after import = 3

========================================================================
Received Import Request.
  Time since last request: 0.000021 seconds.
  path: Assets/sprites/Plant Animations/Plant 7/Plant7_00056.png
  artifactKey: Guid(681d272c5148dd14f803c076be7a83b6) Importer(815301076,1909f56bfc062723c751e8b465ee728b)
Start importing Assets/sprites/Plant Animations/Plant 7/Plant7_00056.png using Guid(681d272c5148dd14f803c076be7a83b6) Importer(815301076,1909f56bfc062723c751e8b465ee728b) (PreviewImporter) -> (artifact id: '684211e6da76f8453993f04feb24c4b6') in 0.0884473 seconds
Number of updated asset objects reloaded before import = 0Number of asset objects unloaded after import = 3

Editor requested this worker to shutdown with reason: Scaling down because of idle timeout
AssetImportWorker is now disconnected from the server
Process exiting
Exiting without the bug reporter. Application will terminate with return code 0