[Licensing::Module] Trying to connect to existing licensing client channel...
Built from '6000.3/respin/6000.3.1f1-f56f53296c2c' branch; Version is '6000.3.1f1 (37142da19a94) revision 3609645'; Using compiler version '194234433'; Build Type 'Release'
OS: 'Windows 11  (10.0.26200) 64bit Professional' Language: 'en' Physical Memory: 16200 MB
[Licensing::IpcConnector] Successfully connected to: "LicenseClient-Huseyn" at "2026-04-17T16:41:34.8530168Z"
BatchMode: 1, IsHumanControllingUs: 0, StartBugReporterOnCrash: 0, Is64bit: 1
Date: 2026-04-17T16:41:34Z

COMMAND LINE ARGUMENTS:
C:\Program Files\Unity\Hub\Editor\6000.3.1f1\Editor\Unity.exe
-adb2
-batchMode
-noUpm
-name
AssetImportWorker4
-projectPath
C:/Users/Huseyn/Desktop/New folder (2)/PlatformGameForLesson
-logFile
Logs/AssetImportWorker4.log
-srvPort
52413
-licensingIpc
LicenseClient-Huseyn
-job-worker-count
7
-background-job-worker-count
8
-gc-helper-count
1
-name
AssetImport
Successfully changed project path to: C:/Users/Huseyn/Desktop/New folder (2)/PlatformGameForLesson
C:/Users/Huseyn/Desktop/New folder (2)/PlatformGameForLesson
[UnityMemory] Configuration Parameters - Can be set up in boot.config
    "memorysetup-temp-allocator-size-nav-mesh-worker=65536"
    "memorysetup-temp-allocator-size-audio-worker=65536"
    "memorysetup-temp-allocator-size-gfx=262144"
    "memorysetup-allocator-temp-initial-block-size-main=262144"
    "memorysetup-allocator-temp-initial-block-size-worker=262144"
    "memorysetup-temp-allocator-size-background-worker=32768"
    "memorysetup-temp-allocator-size-job-worker=262144"
    "memorysetup-temp-allocator-size-preload-manager=33554432"
    "memorysetup-temp-allocator-size-gi-baking-worker=262144"
    "memorysetup-temp-allocator-size-gi-baking-worker=262144"
    "memorysetup-temp-allocator-size-gi-baking-worker=262144"
    "memorysetup-temp-allocator-size-gi-baking-worker=262144"
    "memorysetup-temp-allocator-size-gi-baking-worker=262144"
    "memorysetup-bucket-allocator-granularity=16"
    "memorysetup-bucket-allocator-bucket-count=8"
    "memorysetup-bucket-allocator-block-size=33554432"
    "memorysetup-bucket-allocator-block-count=8"
    "memorysetup-main-allocator-block-size=16777216"
    "memorysetup-thread-allocator-block-size=16777216"
    "memorysetup-gfx-main-allocator-block-size=16777216"
    "memorysetup-gfx-thread-allocator-block-size=16777216"
    "memorysetup-cache-allocator-block-size=4194304"
    "memorysetup-typetree-allocator-block-size=2097152"
    "memorysetup-profiler-bucket-allocator-granularity=16"
    "memorysetup-profiler-bucket-allocator-bucket-count=8"
    "memorysetup-profiler-bucket-allocator-block-size=33554432"
    "memorysetup-profiler-bucket-allocator-block-count=8"
    "memorysetup-profiler-allocator-block-size=16777216"
    "memorysetup-profiler-editor-allocator-block-size=1048576"
    "memorysetup-temp-allocator-size-main=16777216"
    "memorysetup-job-temp-allocator-block-size=2097152"
    "memorysetup-job-temp-allocator-block-size-background=1048576"
    "memorysetup-job-temp-allocator-reduction-small-platforms=262144"
    "memorysetup-temp-allocator-size-cloud-worker=32768"
Player connection [36100]  Target information:

Player connection [36100]  * "[IP] 192.168.56.1 [Port] 0 [Flags] 2 [Guid] 2110221362 [EditorId] 2110221362 [Version] 1048832 [Id] WindowsEditor(7,DESKTOP-P8DN92Q) [Debug] 1 [PackageName] WindowsEditor [ProjectName] Editor" 

Player connection [36100]  * "[IP] 192.168.0.200 [Port] 0 [Flags] 2 [Guid] 2110221362 [EditorId] 2110221362 [Version] 1048832 [Id] WindowsEditor(7,DESKTOP-P8DN92Q) [Debug] 1 [PackageName] WindowsEditor [ProjectName] Editor" 

Player connection [36100] Host joined multi-casting on [225.0.0.222:54997]...
Player connection [36100] Host joined alternative multi-casting on [225.0.0.222:34997]...
JobSystem: Creating JobQueue using job-worker-count value 7
Input System module state changed to: Initialized.
[Physics::Module] Initialized fallback backend.
[Physics::Module] Id: 0xdecafbad
Library Redirect Path: Library/
[Physics::Module] Selected backend.
[Physics::Module] Name: PhysX
[Physics::Module] Id: 0xf2b8ea05
[Physics::Module] SDK Version: 4.1.2
[Physics::Module] Integration Version: 1.0.0
[Physics::Module] Threading Mode: Multi-Threaded
Refreshing native plugins compatible for Editor in 9.22 ms, found 4 plugins.
Preloading 0 native plugins for Editor in 0.00 ms.
Initialize engine version: 6000.3.1f1 (37142da19a94)
[Subsystems] Discovering subsystems at path C:/Program Files/Unity/Hub/Editor/6000.3.1f1/Editor/Data/Resources/UnitySubsystems
[Subsystems] Discovering subsystems at path C:/Users/Huseyn/Desktop/New folder (2)/PlatformGameForLesson/Assets
GfxDevice: creating device client; kGfxThreadingModeNonThreaded
Direct3D:
    Version:  Direct3D 11.0 [level 11.1]
    Renderer: NVIDIA GeForce RTX 3050 Laptop GPU (ID=0x25a2)
    Vendor:   NVIDIA
    VRAM:     3962 MB
    Driver:   32.0.15.9186
Initialize mono
Mono path[0] = 'C:/Program Files/Unity/Hub/Editor/6000.3.1f1/Editor/Data/Managed'
Mono path[1] = 'C:/Program Files/Unity/Hub/Editor/6000.3.1f1/Editor/Data/MonoBleedingEdge/lib/mono/unityjit-win32'
Mono config path = 'C:/Program Files/Unity/Hub/Editor/6000.3.1f1/Editor/Data/MonoBleedingEdge/etc'
Using monoOptions --debugger-agent=transport=dt_socket,embedding=1,server=y,suspend=n,address=127.0.0.1:56268
Begin MonoManager ReloadAssembly
Registering precompiled unity dll's ...
Register platform support module: C:/Program Files/Unity/Hub/Editor/6000.3.1f1/Editor/Data/PlaybackEngines/WebGLSupport/UnityEditor.WebGL.Extensions.dll
Register platform support module: C:/Program Files/Unity/Hub/Editor/6000.3.1f1/Editor/Data/PlaybackEngines/WindowsStandaloneSupport/UnityEditor.WindowsStandalone.Extensions.dll
[Licensing::Module] Licensing is not yet initialized.
[Licensing::Client] Handshaking with LicensingClient:
  Version:                 1.17.4+4293ba1
  Session Id:              1a66955c672b4174ae9f92579b3b9ebb
  Correlation Id:          b6c0715d3a820be36b2f7da351ade35c
  External correlation Id: 5489814824600214665
  Machine Id:              tv/gQBm3jDMfnTwrqsG2ELGBXbM=
[Licensing::Module] Successfully connected to LicensingClient on channel: "LicenseClient-Huseyn" (connect: 0.00s, validation: 0.00s, handshake: 1.22s)
[Licensing::IpcConnector] Successfully connected to: "LicenseClient-Huseyn-notifications" at "2026-04-17T16:41:36.0750328Z"
[Licensing::Module] Licensing Background thread has ended after 1.22s
[Licensing::Module] Licensing is initialized (took 0.19s).
[Licensing::Client] Successfully resolved entitlement details
[Licensing::Module] License group:
  Id: 18966791570336-UnityPersXXXX
  Product: Unity Personal
  Type: Assigned
  Expiration: Unlimited
Register platform support module: C:/Program Files/Unity/Hub/Editor/6000.3.1f1/Editor/Data/PlaybackEngines/AndroidPlayer/UnityEditor.Android.Extensions.dll
Registered in 0.197313 seconds.
- Loaded All Assemblies, in  0.724 seconds
Native extension for Android target not found
Android Extension - Scanning For ADB Devices 291 ms
Native extension for WindowsStandalone target not found
Native extension for WebGL target not found
Mono: successfully reloaded assembly
- Finished resetting the current domain, in  0.793 seconds
Domain Reload Profiling: 1511ms
	BeginReloadAssembly (175ms)
		ExecutionOrderSort (0ms)
		DisableScriptedObjects (0ms)
		BackupInstance (0ms)
		ReleaseScriptingObjects (0ms)
		CreateAndSetChildDomain (1ms)
	RebuildCommonClasses (47ms)
	RebuildNativeTypeToScriptingClass (15ms)
	initialDomainReloadingComplete (256ms)
	LoadAllAssembliesAndSetupDomain (224ms)
		LoadAssemblies (169ms)
		RebuildTransferFunctionScriptingTraits (0ms)
		AnalyzeDomain (219ms)
			TypeCache.Refresh (217ms)
				TypeCache.ScanAssembly (202ms)
			BuildScriptInfoCaches (0ms)
			ResolveRequiredComponents (1ms)
	FinalizeReload (794ms)
		ReleaseScriptCaches (0ms)
		RebuildScriptCaches (0ms)
		SetupLoadedEditorAssemblies (739ms)
			LogAssemblyErrors (0ms)
			InitializePlatformSupportModulesInManaged (389ms)
			SetLoadedEditorAssemblies (4ms)
			BeforeProcessingInitializeOnLoad (91ms)
			ProcessInitializeOnLoadAttributes (159ms)
			ProcessInitializeOnLoadMethodAttributes (95ms)
			AfterProcessingInitializeOnLoad (0ms)
			EditorAssembliesLoaded (0ms)
		ExecutionOrderSort2 (0ms)
		AwakeInstancesAfterBackupRestoration (0ms)
========================================================================
Worker process is ready to serve import requests
Import Worker Mode flag is 0x00
Begin MonoManager ReloadAssembly
[Licensing::Client] Successfully resolved entitlement details
- Loaded All Assemblies, in  1.266 seconds
Refreshing native plugins compatible for Editor in 1.71 ms, found 4 plugins.
Native extension for Android target not found
Native extension for WindowsStandalone target not found
Native extension for WebGL target not found
Package Manager log level set to [2]
[Package Manager] Failed to launch server process. Reason: Unity was launched with the -noUpm command-line argument
[Package Manager] Unable to send message (not connected to server process).
[Package Manager] Cannot connect to Unity Package Manager local server
Mono: successfully reloaded assembly
- Finished resetting the current domain, in  0.917 seconds
Domain Reload Profiling: 2171ms
	BeginReloadAssembly (264ms)
		ExecutionOrderSort (0ms)
		DisableScriptedObjects (7ms)
		BackupInstance (0ms)
		ReleaseScriptingObjects (0ms)
		CreateAndSetChildDomain (53ms)
	RebuildCommonClasses (61ms)
	RebuildNativeTypeToScriptingClass (19ms)
	initialDomainReloadingComplete (63ms)
	LoadAllAssembliesAndSetupDomain (847ms)
		LoadAssemblies (579ms)
		RebuildTransferFunctionScriptingTraits (0ms)
		AnalyzeDomain (415ms)
			TypeCache.Refresh (300ms)
				TypeCache.ScanAssembly (275ms)
			BuildScriptInfoCaches (89ms)
			ResolveRequiredComponents (18ms)
	FinalizeReload (917ms)
		ReleaseScriptCaches (0ms)
		RebuildScriptCaches (0ms)
		SetupLoadedEditorAssemblies (747ms)
			LogAssemblyErrors (0ms)
			InitializePlatformSupportModulesInManaged (12ms)
			SetLoadedEditorAssemblies (6ms)
			BeforeProcessingInitializeOnLoad (180ms)
			ProcessInitializeOnLoadAttributes (396ms)
			ProcessInitializeOnLoadMethodAttributes (143ms)
			AfterProcessingInitializeOnLoad (10ms)
			EditorAssembliesLoaded (0ms)
		ExecutionOrderSort2 (0ms)
		AwakeInstancesAfterBackupRestoration (8ms)
Launched and connected shader compiler UnityShaderCompiler.exe after 0.02 seconds
Refreshing native plugins compatible for Editor in 2.38 ms, found 4 plugins.
Preloading 0 native plugins for Editor in 0.00 ms.
Unloading 16 Unused Serialized files (Serialized files now loaded: 0)
Unloading 6876 unused Assets / (4.6 MB). Loaded Objects now: 7709.
Memory consumption went from 155.2 MB to 150.6 MB.
Total: 12.203700 ms (FindLiveObjects: 0.772800 ms CreateObjectMapping: 0.670400 ms MarkObjects: 7.489100 ms  DeleteObjects: 3.269700 ms)

========================================================================
Received Import Request.
  Time since last request: 16911.886323 seconds.
  path: Assets/New Asssets/Plant Animations/Plant 4/Plant4_00049.png
  artifactKey: Guid(9b749a54e786b964c84ae20e0b0f973e) Importer(2089858483,b0f066a214c2f5e87bad3c948f4d605d)
Start importing Assets/New Asssets/Plant Animations/Plant 4/Plant4_00049.png using Guid(9b749a54e786b964c84ae20e0b0f973e) Importer(2089858483,b0f066a214c2f5e87bad3c948f4d605d) (ScriptedImporter) -> (artifact id: '2c86f067cd41708b91831d71c8ac6163') in 0.1590638 seconds
Number of updated asset objects reloaded before import = 0Number of asset objects unloaded after import = 3

========================================================================
Received Import Request.
  Time since last request: 0.000018 seconds.
  path: Assets/New Asssets/Plant Animations/BlueFlower1/BlueFlower_00027.png
  artifactKey: Guid(1a50b4921f764d24a817ff43a4c5b4ec) Importer(2089858483,b0f066a214c2f5e87bad3c948f4d605d)
Start importing Assets/New Asssets/Plant Animations/BlueFlower1/BlueFlower_00027.png using Guid(1a50b4921f764d24a817ff43a4c5b4ec) Importer(2089858483,b0f066a214c2f5e87bad3c948f4d605d) (ScriptedImporter) -> (artifact id: '9b77099951756d40711be15d2b520cde') in 0.0179153 seconds
Number of updated asset objects reloaded before import = 0Number of asset objects unloaded after import = 3

========================================================================
Received Import Request.
  Time since last request: 0.462453 seconds.
  path: Assets/New Asssets/BlueWizard/2BlueWizardWalk/Chara_BlueWalk00003.png
  artifactKey: Guid(0145107e00544ea48a5d9f8a892ada59) Importer(2089858483,b0f066a214c2f5e87bad3c948f4d605d)
Start importing Assets/New Asssets/BlueWizard/2BlueWizardWalk/Chara_BlueWalk00003.png using Guid(0145107e00544ea48a5d9f8a892ada59) Importer(2089858483,b0f066a214c2f5e87bad3c948f4d605d) (ScriptedImporter) -> (artifact id: 'ef344f1893d101bb7b3bc4a9e8d20e07') in 0.0213608 seconds
Number of updated asset objects reloaded before import = 0Number of asset objects unloaded after import = 3

========================================================================
Received Import Request.
  Time since last request: 0.000019 seconds.
  path: Assets/New Asssets/Plant Animations/Plant 3/Plant3_00063.png
  artifactKey: Guid(e07458f2e534b90499f3a85735fdce6f) Importer(2089858483,b0f066a214c2f5e87bad3c948f4d605d)
Start importing Assets/New Asssets/Plant Animations/Plant 3/Plant3_00063.png using Guid(e07458f2e534b90499f3a85735fdce6f) Importer(2089858483,b0f066a214c2f5e87bad3c948f4d605d) (ScriptedImporter) -> (artifact id: '8a3f9bb222a837769b42307c88c976db') in 0.0180328 seconds
Number of updated asset objects reloaded before import = 0Number of asset objects unloaded after import = 4

========================================================================
Received Import Request.
  Time since last request: 0.601552 seconds.
  path: Assets/New Asssets/BlueWizard/2BlueWizardJump/Dash2/DashBlue_00001.png
  artifactKey: Guid(0b1257d5adaf33a4a927e52962df9ac0) Importer(2089858483,b0f066a214c2f5e87bad3c948f4d605d)
Start importing Assets/New Asssets/BlueWizard/2BlueWizardJump/Dash2/DashBlue_00001.png using Guid(0b1257d5adaf33a4a927e52962df9ac0) Importer(2089858483,b0f066a214c2f5e87bad3c948f4d605d) (ScriptedImporter) -> (artifact id: '113f37342c2090828b962dbbdb391123') in 0.0205412 seconds
Number of updated asset objects reloaded before import = 0Number of asset objects unloaded after import = 3

========================================================================
Received Import Request.
  Time since last request: 0.000017 seconds.
  path: Assets/New Asssets/Mossy Tileset/Mossy - Hanging Plants.png
  artifactKey: Guid(2a8dcaf3ee3f698409215c709d121a6f) Importer(2089858483,b0f066a214c2f5e87bad3c948f4d605d)
Start importing Assets/New Asssets/Mossy Tileset/Mossy - Hanging Plants.png using Guid(2a8dcaf3ee3f698409215c709d121a6f) Importer(2089858483,b0f066a214c2f5e87bad3c948f4d605d) (ScriptedImporter) -> (artifact id: '145ba28d624555c300ec3b4928032239') in 0.0403331 seconds
Number of updated asset objects reloaded before import = 0Number of asset objects unloaded after import = 12

========================================================================
Received Import Request.
  Time since last request: 0.566639 seconds.
  path: Assets/New Asssets/Plant Animations/Plant Wind 1/Plant Wind 1_00026.png
  artifactKey: Guid(cee788210007d644fa2fe1d9ff545fcf) Importer(2089858483,b0f066a214c2f5e87bad3c948f4d605d)
Start importing Assets/New Asssets/Plant Animations/Plant Wind 1/Plant Wind 1_00026.png using Guid(cee788210007d644fa2fe1d9ff545fcf) Importer(2089858483,b0f066a214c2f5e87bad3c948f4d605d) (ScriptedImporter) -> (artifact id: '78a9a4d8e5a3007c910fac4a25b18d8e') in 0.0155892 seconds
Number of updated asset objects reloaded before import = 0Number of asset objects unloaded after import = 3

========================================================================
Received Import Request.
  Time since last request: 0.000021 seconds.
  path: Assets/New Asssets/Plant Animations/PlantJump/JumpPlant_00008.png
  artifactKey: Guid(18a8ec919127c2845b409b27ae973767) Importer(2089858483,b0f066a214c2f5e87bad3c948f4d605d)
Start importing Assets/New Asssets/Plant Animations/PlantJump/JumpPlant_00008.png using Guid(18a8ec919127c2845b409b27ae973767) Importer(2089858483,b0f066a214c2f5e87bad3c948f4d605d) (ScriptedImporter) -> (artifact id: '760d8b0e3e5be5cca1ca9aff53f8a250') in 0.0165466 seconds
Number of updated asset objects reloaded before import = 0Number of asset objects unloaded after import = 3

========================================================================
Received Import Request.
  Time since last request: 0.000027 seconds.
  path: Assets/New Asssets/Plant Animations/BlueFlower2/BluePlantClosed_00013.png
  artifactKey: Guid(3f5a79d95e9bac24196fea5374d40e50) Importer(2089858483,b0f066a214c2f5e87bad3c948f4d605d)
Start importing Assets/New Asssets/Plant Animations/BlueFlower2/BluePlantClosed_00013.png using Guid(3f5a79d95e9bac24196fea5374d40e50) Importer(2089858483,b0f066a214c2f5e87bad3c948f4d605d) (ScriptedImporter) -> (artifact id: '30d8315550a3dfccf5feb7a1138d3b40') in 0.0237769 seconds
Number of updated asset objects reloaded before import = 0Number of asset objects unloaded after import = 8

========================================================================
Received Import Request.
  Time since last request: 0.031579 seconds.
  path: Assets/New Asssets
  artifactKey: Guid(0c6916b4edfe4ff42b2ca389c5f52885) Importer(815301076,1909f56bfc062723c751e8b465ee728b)
Start importing Assets/New Asssets using Guid(0c6916b4edfe4ff42b2ca389c5f52885) Importer(815301076,1909f56bfc062723c751e8b465ee728b) (PreviewImporter) -> (artifact id: '3c3b82bdc7e72ad58a10da76a103737e') in 0.0007412 seconds
Number of updated asset objects reloaded before import = 0Number of asset objects unloaded after import = 0

========================================================================
Received Import Request.
  Time since last request: 0.446045 seconds.
  path: Assets/New Asssets/Plant Animations/Plant 2/Plant2_00026.png
  artifactKey: Guid(62501a55a773c0a41b4252872f2fff7d) Importer(2089858483,b0f066a214c2f5e87bad3c948f4d605d)
Start importing Assets/New Asssets/Plant Animations/Plant 2/Plant2_00026.png using Guid(62501a55a773c0a41b4252872f2fff7d) Importer(2089858483,b0f066a214c2f5e87bad3c948f4d605d) (ScriptedImporter) -> (artifact id: '92111d2d3deecefc67a17509551dcfc8') in 0.0164032 seconds
Number of updated asset objects reloaded before import = 0Number of asset objects unloaded after import = 5

========================================================================
Received Import Request.
  Time since last request: 0.000022 seconds.
  path: Assets/New Asssets/Plant Animations/Plant 3/Plant3_00016.png
  artifactKey: Guid(6b08d2f9b0af86e4aa967a6649a4f75d) Importer(2089858483,b0f066a214c2f5e87bad3c948f4d605d)
Start importing Assets/New Asssets/Plant Animations/Plant 3/Plant3_00016.png using Guid(6b08d2f9b0af86e4aa967a6649a4f75d) Importer(2089858483,b0f066a214c2f5e87bad3c948f4d605d) (ScriptedImporter) -> (artifact id: '64794b6c827078310e7cfeeaf2867c2c') in 0.0183623 seconds
Number of updated asset objects reloaded before import = 0Number of asset objects unloaded after import = 4

========================================================================
Received Import Request.
  Time since last request: 0.000034 seconds.
  path: Assets/New Asssets/Plant Animations/BlueFlower2/BluePlantClosed_00028.png
  artifactKey: Guid(5778a47f8a258684e97c3b5c49768109) Importer(2089858483,b0f066a214c2f5e87bad3c948f4d605d)
Start importing Assets/New Asssets/Plant Animations/BlueFlower2/BluePlantClosed_00028.png using Guid(5778a47f8a258684e97c3b5c49768109) Importer(2089858483,b0f066a214c2f5e87bad3c948f4d605d) (ScriptedImporter) -> (artifact id: 'c27054da4a79593b2ff5f31681c7dc41') in 0.0245102 seconds
Number of updated asset objects reloaded before import = 0Number of asset objects unloaded after import = 7

========================================================================
Received Import Request.
  Time since last request: 0.345046 seconds.
  path: Assets/New Asssets/BlueWizard
  artifactKey: Guid(b891ed0316bffd445b89a62e281db101) Importer(815301076,1909f56bfc062723c751e8b465ee728b)
Start importing Assets/New Asssets/BlueWizard using Guid(b891ed0316bffd445b89a62e281db101) Importer(815301076,1909f56bfc062723c751e8b465ee728b) (PreviewImporter) -> (artifact id: 'd86d4efd56531d48190f7aebbdfbac13') in 0.0006736 seconds
Number of updated asset objects reloaded before import = 0Number of asset objects unloaded after import = 0

========================================================================
Received Import Request.
  Time since last request: 0.111870 seconds.
  path: Assets/New Asssets/Plant Animations/Plant 4/Plant4_00035.png
  artifactKey: Guid(6e1235c54fe97614cbb19c56ca2bd97a) Importer(2089858483,b0f066a214c2f5e87bad3c948f4d605d)
Start importing Assets/New Asssets/Plant Animations/Plant 4/Plant4_00035.png using Guid(6e1235c54fe97614cbb19c56ca2bd97a) Importer(2089858483,b0f066a214c2f5e87bad3c948f4d605d) (ScriptedImporter) -> (artifact id: 'e3b0f15b21fe1ac1a10caaf2477be116') in 0.0190807 seconds
Number of updated asset objects reloaded before import = 0Number of asset objects unloaded after import = 3

========================================================================
Received Import Request.
  Time since last request: 0.000013 seconds.
  path: Assets/New Asssets/Plant Animations/Plant Wind 1/Plant Wind 1_00027.png
  artifactKey: Guid(1b8393e2690f3264684f0119c538f179) Importer(2089858483,b0f066a214c2f5e87bad3c948f4d605d)
Start importing Assets/New Asssets/Plant Animations/Plant Wind 1/Plant Wind 1_00027.png using Guid(1b8393e2690f3264684f0119c538f179) Importer(2089858483,b0f066a214c2f5e87bad3c948f4d605d) (ScriptedImporter) -> (artifact id: 'aad1a7b97db64a1b6606c8590d31a1c3') in 0.016131 seconds
Number of updated asset objects reloaded before import = 0Number of asset objects unloaded after import = 3

========================================================================
Received Import Request.
  Time since last request: 0.000017 seconds.
  path: Assets/New Asssets/Plant Animations/Plant 7
  artifactKey: Guid(c4311e980ba52bd41bded9b355cb436f) Importer(2089858483,b0f066a214c2f5e87bad3c948f4d605d)
Start importing Assets/New Asssets/Plant Animations/Plant 7 using Guid(c4311e980ba52bd41bded9b355cb436f) Importer(2089858483,b0f066a214c2f5e87bad3c948f4d605d) (ScriptedImporter) -> (artifact id: '133013206cffef8f7c5e513a7a3d963d') in 0.0131942 seconds
Number of updated asset objects reloaded before import = 0Number of asset objects unloaded after import = 1

========================================================================
Received Import Request.
  Time since last request: 0.498603 seconds.
  path: Assets/New Asssets/Plant Animations/Plant 8 Poison/PlantPosion_00006.png
  artifactKey: Guid(091ff62ec7a339b4185161fc635c8921) Importer(2089858483,b0f066a214c2f5e87bad3c948f4d605d)
Start importing Assets/New Asssets/Plant Animations/Plant 8 Poison/PlantPosion_00006.png using Guid(091ff62ec7a339b4185161fc635c8921) Importer(2089858483,b0f066a214c2f5e87bad3c948f4d605d) (ScriptedImporter) -> (artifact id: '52cbe1a163821b80e0d6301049beb85e') in 0.0200016 seconds
Number of updated asset objects reloaded before import = 0Number of asset objects unloaded after import = 3

========================================================================
Received Import Request.
  Time since last request: 0.000018 seconds.
  path: Assets/New Asssets/Plant Animations/Plant 8 Poison/PlantPosion_00016.png
  artifactKey: Guid(0bcf9a7e3094a6f4b8e765953eabdebf) Importer(2089858483,b0f066a214c2f5e87bad3c948f4d605d)
Start importing Assets/New Asssets/Plant Animations/Plant 8 Poison/PlantPosion_00016.png using Guid(0bcf9a7e3094a6f4b8e765953eabdebf) Importer(2089858483,b0f066a214c2f5e87bad3c948f4d605d) (ScriptedImporter) -> (artifact id: 'd465135e71786899f1462b328625cd9f') in 0.0191406 seconds
Number of updated asset objects reloaded before import = 0Number of asset objects unloaded after import = 3

========================================================================
Received Import Request.
  Time since last request: 0.000017 seconds.
  path: Assets/New Asssets/Plant Animations/Plant 6/Plant6_00025.png
  artifactKey: Guid(3388e383e5e1e53458a1d39b6b5fde80) Importer(2089858483,b0f066a214c2f5e87bad3c948f4d605d)
Start importing Assets/New Asssets/Plant Animations/Plant 6/Plant6_00025.png using Guid(3388e383e5e1e53458a1d39b6b5fde80) Importer(2089858483,b0f066a214c2f5e87bad3c948f4d605d) (ScriptedImporter) -> (artifact id: '2e427cf7718ce3ef57434eba4306c996') in 0.0181934 seconds
Number of updated asset objects reloaded before import = 0Number of asset objects unloaded after import = 3

========================================================================
Received Import Request.
  Time since last request: 0.000040 seconds.
  path: Assets/New Asssets/BlueWizard/2BlueWizardIdle/Chara - BlueIdle00002.png
  artifactKey: Guid(393e9c9e6d53f634d8ecd16090e15741) Importer(815301076,1909f56bfc062723c751e8b465ee728b)
Start importing Assets/New Asssets/BlueWizard/2BlueWizardIdle/Chara - BlueIdle00002.png using Guid(393e9c9e6d53f634d8ecd16090e15741) Importer(815301076,1909f56bfc062723c751e8b465ee728b) (PreviewImporter) -> (artifact id: 'b70ef70ca74fc1afd8a70f44f8dd64af') in 0.0864805 seconds
Number of updated asset objects reloaded before import = 0Number of asset objects unloaded after import = 3

========================================================================
Received Import Request.
  Time since last request: 0.000019 seconds.
  path: Assets/New Asssets/BlueWizard/2BlueWizardIdle/Chara - BlueIdle00005.png
  artifactKey: Guid(72005f76df9c217429809fd53ff06729) Importer(815301076,1909f56bfc062723c751e8b465ee728b)
Start importing Assets/New Asssets/BlueWizard/2BlueWizardIdle/Chara - BlueIdle00005.png using Guid(72005f76df9c217429809fd53ff06729) Importer(815301076,1909f56bfc062723c751e8b465ee728b) (PreviewImporter) -> (artifact id: '403702d0b69b3fcc02e936184bb92c1e') in 0.0198787 seconds
Number of updated asset objects reloaded before import = 0Number of asset objects unloaded after import = 3

========================================================================
Received Import Request.
  Time since last request: 0.000030 seconds.
  path: Assets/New Asssets/BlueWizard/2BlueWizardIdle/Chara - BlueIdle00000.png
  artifactKey: Guid(48b364215f7da314ca0bcc187031a318) Importer(815301076,1909f56bfc062723c751e8b465ee728b)
Start importing Assets/New Asssets/BlueWizard/2BlueWizardIdle/Chara - BlueIdle00000.png using Guid(48b364215f7da314ca0bcc187031a318) Importer(815301076,1909f56bfc062723c751e8b465ee728b) (PreviewImporter) -> (artifact id: '96ee2a5955575f260339fab68310c330') in 0.019243 seconds
Number of updated asset objects reloaded before import = 0Number of asset objects unloaded after import = 3

========================================================================
Received Import Request.
  Time since last request: 0.000026 seconds.
  path: Assets/New Asssets/Plant Animations/BlueFlower2/BluePlantClosed_00011.png
  artifactKey: Guid(c31a0f8363301fc41a96d28d39d088d9) Importer(2089858483,b0f066a214c2f5e87bad3c948f4d605d)
Start importing Assets/New Asssets/Plant Animations/BlueFlower2/BluePlantClosed_00011.png using Guid(c31a0f8363301fc41a96d28d39d088d9) Importer(2089858483,b0f066a214c2f5e87bad3c948f4d605d) (ScriptedImporter) -> (artifact id: 'cf93e5439ee3d5380f78c1c95d794d4c') in 0.0274622 seconds
Number of updated asset objects reloaded before import = 0Number of asset objects unloaded after import = 8

========================================================================
Received Import Request.
  Time since last request: 0.000029 seconds.
  path: Assets/New Asssets/BlueWizard/2BlueWizardJump/Dash3/Dash3_00012.png
  artifactKey: Guid(3377814ec83b38e45aca51ee8ba31594) Importer(2089858483,b0f066a214c2f5e87bad3c948f4d605d)
Start importing Assets/New Asssets/BlueWizard/2BlueWizardJump/Dash3/Dash3_00012.png using Guid(3377814ec83b38e45aca51ee8ba31594) Importer(2089858483,b0f066a214c2f5e87bad3c948f4d605d) (ScriptedImporter) -> (artifact id: '67a8686af7e2b76051ec2dde61daef89') in 0.0165884 seconds
Number of updated asset objects reloaded before import = 0Number of asset objects unloaded after import = 3

========================================================================
Received Import Request.
  Time since last request: 0.000020 seconds.
  path: Assets/New Asssets/Plant Animations/Plant 6/Plant6_00015.png
  artifactKey: Guid(77fa6e4d4f1f13043bfa45cdd9cecbfa) Importer(2089858483,b0f066a214c2f5e87bad3c948f4d605d)
Start importing Assets/New Asssets/Plant Animations/Plant 6/Plant6_00015.png using Guid(77fa6e4d4f1f13043bfa45cdd9cecbfa) Importer(2089858483,b0f066a214c2f5e87bad3c948f4d605d) (ScriptedImporter) -> (artifact id: '8be4fc233d55d24a5453ff75b62476a4') in 0.0170152 seconds
Number of updated asset objects reloaded before import = 0Number of asset objects unloaded after import = 3

========================================================================
Received Import Request.
  Time since last request: 0.000025 seconds.
  path: Assets/New Asssets/Plant Animations/Plant Wind 1/Plant Wind 1_00016.png
  artifactKey: Guid(b8e75fc29cb58b547998b15b555c0ee2) Importer(2089858483,b0f066a214c2f5e87bad3c948f4d605d)
Start importing Assets/New Asssets/Plant Animations/Plant Wind 1/Plant Wind 1_00016.png using Guid(b8e75fc29cb58b547998b15b555c0ee2) Importer(2089858483,b0f066a214c2f5e87bad3c948f4d605d) (ScriptedImporter) -> (artifact id: 'b047a82f26453e12528065fddf61b24d') in 0.0165518 seconds
Number of updated asset objects reloaded before import = 0Number of asset objects unloaded after import = 3

========================================================================
Received Import Request.
  Time since last request: 0.000020 seconds.
  path: Assets/New Asssets/Plant Animations/Plant 4/Plant4_00058.png
  artifactKey: Guid(52d663a0f0e23784cab1962c4700fa1a) Importer(2089858483,b0f066a214c2f5e87bad3c948f4d605d)
Start importing Assets/New Asssets/Plant Animations/Plant 4/Plant4_00058.png using Guid(52d663a0f0e23784cab1962c4700fa1a) Importer(2089858483,b0f066a214c2f5e87bad3c948f4d605d) (ScriptedImporter) -> (artifact id: 'baf798330224620df14be68b6353e8cd') in 0.0192442 seconds
Number of updated asset objects reloaded before import = 0Number of asset objects unloaded after import = 3

========================================================================
Received Import Request.
  Time since last request: 0.000024 seconds.
  path: Assets/New Asssets/Plant Animations/Plant 2/Plant2_00087.png
  artifactKey: Guid(3d7a196b47631b04ca930a1f71c5431f) Importer(2089858483,b0f066a214c2f5e87bad3c948f4d605d)
Start importing Assets/New Asssets/Plant Animations/Plant 2/Plant2_00087.png using Guid(3d7a196b47631b04ca930a1f71c5431f) Importer(2089858483,b0f066a214c2f5e87bad3c948f4d605d) (ScriptedImporter) -> (artifact id: '72eecaecf65b5722dff62d2071e9baee') in 0.0203919 seconds
Number of updated asset objects reloaded before import = 0Number of asset objects unloaded after import = 5

========================================================================
Received Import Request.
  Time since last request: 0.000034 seconds.
  path: Assets/New Asssets/Plant Animations/Plant Wind 1/Plant Wind 1_00010.png
  artifactKey: Guid(8ac123b6d9f60f349af39d7776d43738) Importer(2089858483,b0f066a214c2f5e87bad3c948f4d605d)
Start importing Assets/New Asssets/Plant Animations/Plant Wind 1/Plant Wind 1_00010.png using Guid(8ac123b6d9f60f349af39d7776d43738) Importer(2089858483,b0f066a214c2f5e87bad3c948f4d605d) (ScriptedImporter) -> (artifact id: '0f7f330b230415fb6d51040f77168690') in 0.0178185 seconds
Number of updated asset objects reloaded before import = 0Number of asset objects unloaded after import = 3

========================================================================
Received Import Request.
  Time since last request: 0.000024 seconds.
  path: Assets/New Asssets/Plant Animations/Plant 3/Plant3_00082.png
  artifactKey: Guid(6f196a2fc1556b247a3e03c15274d975) Importer(2089858483,b0f066a214c2f5e87bad3c948f4d605d)
Start importing Assets/New Asssets/Plant Animations/Plant 3/Plant3_00082.png using Guid(6f196a2fc1556b247a3e03c15274d975) Importer(2089858483,b0f066a214c2f5e87bad3c948f4d605d) (ScriptedImporter) -> (artifact id: '106c23ad494c60446c23ddff80e309fc') in 0.0206988 seconds
Number of updated asset objects reloaded before import = 0Number of asset objects unloaded after import = 4

========================================================================
Received Import Request.
  Time since last request: 0.000017 seconds.
  path: Assets/New Asssets/Plant Animations/PlantJump2/JumpPlant 2_00012.png
  artifactKey: Guid(a7efaed504001064490c841117fbec8d) Importer(2089858483,b0f066a214c2f5e87bad3c948f4d605d)
Start importing Assets/New Asssets/Plant Animations/PlantJump2/JumpPlant 2_00012.png using Guid(a7efaed504001064490c841117fbec8d) Importer(2089858483,b0f066a214c2f5e87bad3c948f4d605d) (ScriptedImporter) -> (artifact id: '7b75257eacb29806455786a09b1ef7e0') in 0.0173199 seconds
Number of updated asset objects reloaded before import = 0Number of asset objects unloaded after import = 3

========================================================================
Received Import Request.
  Time since last request: 0.000020 seconds.
  path: Assets/New Asssets/BlueWizard/2BlueWizardIdle/Chara - BlueIdle00001.png
  artifactKey: Guid(0541ba2f3cdd4794eb6e3b0bb3add9eb) Importer(2089858483,b0f066a214c2f5e87bad3c948f4d605d)
Start importing Assets/New Asssets/BlueWizard/2BlueWizardIdle/Chara - BlueIdle00001.png using Guid(0541ba2f3cdd4794eb6e3b0bb3add9eb) Importer(2089858483,b0f066a214c2f5e87bad3c948f4d605d) (ScriptedImporter) -> (artifact id: '8f65a2581547d949c1c9b7dd10601c7b') in 0.021153 seconds
Number of updated asset objects reloaded before import = 0Number of asset objects unloaded after import = 3

========================================================================
Received Import Request.
  Time since last request: 0.000024 seconds.
  path: Assets/New Asssets/BlueWizard/2BlueWizardIdle/Chara - BlueIdle00009.png
  artifactKey: Guid(39975adace83839428ef69ab8b2bb375) Importer(815301076,1909f56bfc062723c751e8b465ee728b)
Start importing Assets/New Asssets/BlueWizard/2BlueWizardIdle/Chara - BlueIdle00009.png using Guid(39975adace83839428ef69ab8b2bb375) Importer(815301076,1909f56bfc062723c751e8b465ee728b) (PreviewImporter) -> (artifact id: '4dcea0d8d6ca6ef5a6b3861c9d4d757b') in 0.0190071 seconds
Number of updated asset objects reloaded before import = 0Number of asset objects unloaded after import = 3

========================================================================
Received Import Request.
  Time since last request: 0.000030 seconds.
  path: Assets/New Asssets/BlueWizard/2BlueWizardIdle/Chara - BlueIdle00014.png
  artifactKey: Guid(e70f554c1bf9906438b75c9e5fc3cec9) Importer(815301076,1909f56bfc062723c751e8b465ee728b)
Start importing Assets/New Asssets/BlueWizard/2BlueWizardIdle/Chara - BlueIdle00014.png using Guid(e70f554c1bf9906438b75c9e5fc3cec9) Importer(815301076,1909f56bfc062723c751e8b465ee728b) (PreviewImporter) -> (artifact id: '9e13aff480bd69b986fcd155da10f20f') in 0.0203439 seconds
Number of updated asset objects reloaded before import = 0Number of asset objects unloaded after import = 3

========================================================================
Received Import Request.
  Time since last request: 0.000018 seconds.
  path: Assets/New Asssets/Plant Animations/Plant 6/Plant6_00022.png
  artifactKey: Guid(d5777b8b3cf25a642a52e30ed400cb6a) Importer(2089858483,b0f066a214c2f5e87bad3c948f4d605d)
Start importing Assets/New Asssets/Plant Animations/Plant 6/Plant6_00022.png using Guid(d5777b8b3cf25a642a52e30ed400cb6a) Importer(2089858483,b0f066a214c2f5e87bad3c948f4d605d) (ScriptedImporter) -> (artifact id: 'cbc4c29ab33d760b53c354084df0e889') in 0.0185058 seconds
Number of updated asset objects reloaded before import = 0Number of asset objects unloaded after import = 3

========================================================================
Received Import Request.
  Time since last request: 0.000019 seconds.
  path: Assets/New Asssets/Plant Animations/Plant 5/Plant5_00002.png
  artifactKey: Guid(c2f55e6ec2dd87245b1172dd93002f60) Importer(2089858483,b0f066a214c2f5e87bad3c948f4d605d)
Start importing Assets/New Asssets/Plant Animations/Plant 5/Plant5_00002.png using Guid(c2f55e6ec2dd87245b1172dd93002f60) Importer(2089858483,b0f066a214c2f5e87bad3c948f4d605d) (ScriptedImporter) -> (artifact id: '3c835ee47e6a4aa966d4f3c843b607ea') in 0.0182035 seconds
Number of updated asset objects reloaded before import = 0Number of asset objects unloaded after import = 3

========================================================================
Received Import Request.
  Time since last request: 0.000024 seconds.
  path: Assets/New Asssets/Plant Animations/BlueFlower2/BluePlantClosed_00023.png
  artifactKey: Guid(f51b997cb28542d4caffe4d9e3f48f55) Importer(2089858483,b0f066a214c2f5e87bad3c948f4d605d)
Start importing Assets/New Asssets/Plant Animations/BlueFlower2/BluePlantClosed_00023.png using Guid(f51b997cb28542d4caffe4d9e3f48f55) Importer(2089858483,b0f066a214c2f5e87bad3c948f4d605d) (ScriptedImporter) -> (artifact id: 'a68d38ba1a55358fc36dcd9b035f0c52') in 0.0291853 seconds
Number of updated asset objects reloaded before import = 0Number of asset objects unloaded after import = 7

========================================================================
Received Import Request.
  Time since last request: 0.000024 seconds.
  path: Assets/New Asssets/BlueWizard/2BlueWizardWalk/Chara_BlueWalk00002.png
  artifactKey: Guid(41b01e135ee86004f932e33bb1eef3ee) Importer(2089858483,b0f066a214c2f5e87bad3c948f4d605d)
Start importing Assets/New Asssets/BlueWizard/2BlueWizardWalk/Chara_BlueWalk00002.png using Guid(41b01e135ee86004f932e33bb1eef3ee) Importer(2089858483,b0f066a214c2f5e87bad3c948f4d605d) (ScriptedImporter) -> (artifact id: '5397617cdc94d317f8eadb9568ac3de8') in 0.0204287 seconds
Number of updated asset objects reloaded before import = 0Number of asset objects unloaded after import = 3

========================================================================
Received Import Request.
  Time since last request: 0.000032 seconds.
  path: Assets/New Asssets/Plant Animations/BlueFlower1/BlueFlower_00046.png
  artifactKey: Guid(d01a8a56e1d9225469ca7924aa99a499) Importer(2089858483,b0f066a214c2f5e87bad3c948f4d605d)
Start importing Assets/New Asssets/Plant Animations/BlueFlower1/BlueFlower_00046.png using Guid(d01a8a56e1d9225469ca7924aa99a499) Importer(2089858483,b0f066a214c2f5e87bad3c948f4d605d) (ScriptedImporter) -> (artifact id: 'f13b4e19338df2833fd842683f610cf9') in 0.0185853 seconds
Number of updated asset objects reloaded before import = 0Number of asset objects unloaded after import = 3

========================================================================
Received Import Request.
  Time since last request: 0.000017 seconds.
  path: Assets/New Asssets/Plant Animations/Plant 4/Plant4_00053.png
  artifactKey: Guid(00697e98f2255cc4dbf5d478b7af36eb) Importer(2089858483,b0f066a214c2f5e87bad3c948f4d605d)
Start importing Assets/New Asssets/Plant Animations/Plant 4/Plant4_00053.png using Guid(00697e98f2255cc4dbf5d478b7af36eb) Importer(2089858483,b0f066a214c2f5e87bad3c948f4d605d) (ScriptedImporter) -> (artifact id: 'f32ac0b05f9dd2499972815c798e2e0f') in 0.0202043 seconds
Number of updated asset objects reloaded before import = 0Number of asset objects unloaded after import = 3

========================================================================
Received Import Request.
  Time since last request: 0.000017 seconds.
  path: Assets/New Asssets/Plant Animations/Plant 6/Plant6_00009.png
  artifactKey: Guid(8dcdee969d53e344b9a3d91883c7988c) Importer(2089858483,b0f066a214c2f5e87bad3c948f4d605d)
Start importing Assets/New Asssets/Plant Animations/Plant 6/Plant6_00009.png using Guid(8dcdee969d53e344b9a3d91883c7988c) Importer(2089858483,b0f066a214c2f5e87bad3c948f4d605d) (ScriptedImporter) -> (artifact id: 'b5928055e805126f3bb104e6f68c574f') in 0.0192673 seconds
Number of updated asset objects reloaded before import = 0Number of asset objects unloaded after import = 3

========================================================================
Received Import Request.
  Time since last request: 0.000019 seconds.
  path: Assets/New Asssets/Plant Animations/Plant 4/Plant4_00000.png
  artifactKey: Guid(dc89fe18566734543b501b6aee7650ef) Importer(2089858483,b0f066a214c2f5e87bad3c948f4d605d)
Start importing Assets/New Asssets/Plant Animations/Plant 4/Plant4_00000.png using Guid(dc89fe18566734543b501b6aee7650ef) Importer(2089858483,b0f066a214c2f5e87bad3c948f4d605d) (ScriptedImporter) -> (artifact id: 'd8b2389995efd1d48f791deae150f9fb') in 0.0173318 seconds
Number of updated asset objects reloaded before import = 0Number of asset objects unloaded after import = 3

========================================================================
Received Import Request.
  Time since last request: 0.000018 seconds.
  path: Assets/New Asssets/Plant Animations/BlueFlower2/BluePlantClosed_00047.png
  artifactKey: Guid(ee4ad509b54ef2149a2c2a937b4f9554) Importer(2089858483,b0f066a214c2f5e87bad3c948f4d605d)
Start importing Assets/New Asssets/Plant Animations/BlueFlower2/BluePlantClosed_00047.png using Guid(ee4ad509b54ef2149a2c2a937b4f9554) Importer(2089858483,b0f066a214c2f5e87bad3c948f4d605d) (ScriptedImporter) -> (artifact id: '5b0920013fec8b62646fcf1c5aeb28e0') in 0.0225186 seconds
Number of updated asset objects reloaded before import = 0Number of asset objects unloaded after import = 8

========================================================================
Received Import Request.
  Time since last request: 0.000035 seconds.
  path: Assets/New Asssets/Plant Animations/Plant 2/Plant2_00051.png
  artifactKey: Guid(1d259a56b8a8b8c4294154466fc79c68) Importer(2089858483,b0f066a214c2f5e87bad3c948f4d605d)
Start importing Assets/New Asssets/Plant Animations/Plant 2/Plant2_00051.png using Guid(1d259a56b8a8b8c4294154466fc79c68) Importer(2089858483,b0f066a214c2f5e87bad3c948f4d605d) (ScriptedImporter) -> (artifact id: '9417fcd5c88d6aceeada31fdec71fa91') in 0.0261738 seconds
Number of updated asset objects reloaded before import = 0Number of asset objects unloaded after import = 5

========================================================================
Received Import Request.
  Time since last request: 0.000019 seconds.
  path: Assets/New Asssets/Plant Animations/Plant 2/Plant2_00031.png
  artifactKey: Guid(7433e95fb3579454f8be3f4ad09a252a) Importer(2089858483,b0f066a214c2f5e87bad3c948f4d605d)
Start importing Assets/New Asssets/Plant Animations/Plant 2/Plant2_00031.png using Guid(7433e95fb3579454f8be3f4ad09a252a) Importer(2089858483,b0f066a214c2f5e87bad3c948f4d605d) (ScriptedImporter) -> (artifact id: '0a5a06f685174cb765a0be12d38c5697') in 0.0197018 seconds
Number of updated asset objects reloaded before import = 0Number of asset objects unloaded after import = 5

========================================================================
Received Import Request.
  Time since last request: 0.000025 seconds.
  path: Assets/New Asssets/BlueWizard/2BlueWizardJump/DashEffect/BlueWizardDash_00013.png
  artifactKey: Guid(9c457671181e4384db2f78bb97d64b6f) Importer(2089858483,b0f066a214c2f5e87bad3c948f4d605d)
Start importing Assets/New Asssets/BlueWizard/2BlueWizardJump/DashEffect/BlueWizardDash_00013.png using Guid(9c457671181e4384db2f78bb97d64b6f) Importer(2089858483,b0f066a214c2f5e87bad3c948f4d605d) (ScriptedImporter) -> (artifact id: 'ea32158697c74161a48a1e8f39b2f61c') in 0.0175498 seconds
Number of updated asset objects reloaded before import = 0Number of asset objects unloaded after import = 3

========================================================================
Received Import Request.
  Time since last request: 0.000023 seconds.
  path: Assets/New Asssets/BlueWizard/2BlueWizardJump/CharaWizardJump_00004.png
  artifactKey: Guid(e8f920ebb2eb00a459d6dbec915e2251) Importer(2089858483,b0f066a214c2f5e87bad3c948f4d605d)
Start importing Assets/New Asssets/BlueWizard/2BlueWizardJump/CharaWizardJump_00004.png using Guid(e8f920ebb2eb00a459d6dbec915e2251) Importer(2089858483,b0f066a214c2f5e87bad3c948f4d605d) (ScriptedImporter) -> (artifact id: '53a749f1db70453d8fd8b23c978ec245') in 0.0203364 seconds
Number of updated asset objects reloaded before import = 0Number of asset objects unloaded after import = 3

========================================================================
Received Import Request.
  Time since last request: 0.000021 seconds.
  path: Assets/New Asssets/Plant Animations/BlueFlower1/BlueFlower_00015.png
  artifactKey: Guid(a5a05ccd930903b4288855819ab3deab) Importer(2089858483,b0f066a214c2f5e87bad3c948f4d605d)
Start importing Assets/New Asssets/Plant Animations/BlueFlower1/BlueFlower_00015.png using Guid(a5a05ccd930903b4288855819ab3deab) Importer(2089858483,b0f066a214c2f5e87bad3c948f4d605d) (ScriptedImporter) -> (artifact id: 'e26f77c5a00ac58c56a83087329154fa') in 0.019799 seconds
Number of updated asset objects reloaded before import = 0Number of asset objects unloaded after import = 3

========================================================================
Received Import Request.
  Time since last request: 0.000028 seconds.
  path: Assets/New Asssets/Plant Animations/Plant 2/Plant2_00010.png
  artifactKey: Guid(67989b7ac0ef88c498da881813eed8c7) Importer(2089858483,b0f066a214c2f5e87bad3c948f4d605d)
Start importing Assets/New Asssets/Plant Animations/Plant 2/Plant2_00010.png using Guid(67989b7ac0ef88c498da881813eed8c7) Importer(2089858483,b0f066a214c2f5e87bad3c948f4d605d) (ScriptedImporter) -> (artifact id: 'f2769fa1956d9d494cc182de56cad55e') in 0.0212698 seconds
Number of updated asset objects reloaded before import = 0Number of asset objects unloaded after import = 5

========================================================================
Received Import Request.
  Time since last request: 0.000021 seconds.
  path: Assets/New Asssets/BlueWizard/2BlueWizardJump/CharaWizardJump_00000.png
  artifactKey: Guid(8aeb3a38339b939468665303da94b9fa) Importer(2089858483,b0f066a214c2f5e87bad3c948f4d605d)
Start importing Assets/New Asssets/BlueWizard/2BlueWizardJump/CharaWizardJump_00000.png using Guid(8aeb3a38339b939468665303da94b9fa) Importer(2089858483,b0f066a214c2f5e87bad3c948f4d605d) (ScriptedImporter) -> (artifact id: 'b456eaacf1e15b48a1aa52e5d866800d') in 0.0187661 seconds
Number of updated asset objects reloaded before import = 0Number of asset objects unloaded after import = 3

========================================================================
Received Import Request.
  Time since last request: 0.000018 seconds.
  path: Assets/New Asssets/BlueWizard/2BlueWizardJump/Dash2/DashBlue_00008.png
  artifactKey: Guid(53c84b4113aa4d94d802abbc908a02d4) Importer(2089858483,b0f066a214c2f5e87bad3c948f4d605d)
Start importing Assets/New Asssets/BlueWizard/2BlueWizardJump/Dash2/DashBlue_00008.png using Guid(53c84b4113aa4d94d802abbc908a02d4) Importer(2089858483,b0f066a214c2f5e87bad3c948f4d605d) (ScriptedImporter) -> (artifact id: '66211121be1b14e985f7b51e30ca30dd') in 0.016962 seconds
Number of updated asset objects reloaded before import = 0Number of asset objects unloaded after import = 3

========================================================================
Received Import Request.
  Time since last request: 0.000024 seconds.
  path: Assets/New Asssets/Plant Animations/Plant 8 Poison/PlantPosion_00018.png
  artifactKey: Guid(0540b9b3f24d38f45a4919b7bbd1bef7) Importer(2089858483,b0f066a214c2f5e87bad3c948f4d605d)
Start importing Assets/New Asssets/Plant Animations/Plant 8 Poison/PlantPosion_00018.png using Guid(0540b9b3f24d38f45a4919b7bbd1bef7) Importer(2089858483,b0f066a214c2f5e87bad3c948f4d605d) (ScriptedImporter) -> (artifact id: '1fd4239f3589d3710ac28a87b8eef584') in 0.0208605 seconds
Number of updated asset objects reloaded before import = 0Number of asset objects unloaded after import = 3

========================================================================
Received Import Request.
  Time since last request: 0.000057 seconds.
  path: Assets/New Asssets/Plant Animations/Plant 2/Plant2_00052.png
  artifactKey: Guid(b1589b64ca1df4b4cbdcfea28a07491d) Importer(2089858483,b0f066a214c2f5e87bad3c948f4d605d)
Start importing Assets/New Asssets/Plant Animations/Plant 2/Plant2_00052.png using Guid(b1589b64ca1df4b4cbdcfea28a07491d) Importer(2089858483,b0f066a214c2f5e87bad3c948f4d605d) (ScriptedImporter) -> (artifact id: '1b465bee5cd5c87d2f1932147c07a248') in 0.0216194 seconds
Number of updated asset objects reloaded before import = 0Number of asset objects unloaded after import = 5

========================================================================
Received Import Request.
  Time since last request: 0.000019 seconds.
  path: Assets/New Asssets/Plant Animations/BlueFlower2/BluePlantClosed_00037.png
  artifactKey: Guid(3d21fa75a87334941b6addb78dcfe898) Importer(2089858483,b0f066a214c2f5e87bad3c948f4d605d)
Start importing Assets/New Asssets/Plant Animations/BlueFlower2/BluePlantClosed_00037.png using Guid(3d21fa75a87334941b6addb78dcfe898) Importer(2089858483,b0f066a214c2f5e87bad3c948f4d605d) (ScriptedImporter) -> (artifact id: '2fa394aa807b16cb757262d8e9a08a91') in 0.0257979 seconds
Number of updated asset objects reloaded before import = 0Number of asset objects unloaded after import = 8

========================================================================
Received Import Request.
  Time since last request: 0.000029 seconds.
  path: Assets/New Asssets/Plant Animations/BlueFlower2/BluePlantClosed_00020.png
  artifactKey: Guid(94fa89cfa8931664fb3bfc804d2b09e2) Importer(2089858483,b0f066a214c2f5e87bad3c948f4d605d)
Start importing Assets/New Asssets/Plant Animations/BlueFlower2/BluePlantClosed_00020.png using Guid(94fa89cfa8931664fb3bfc804d2b09e2) Importer(2089858483,b0f066a214c2f5e87bad3c948f4d605d) (ScriptedImporter) -> (artifact id: '6474ea4e0cf89133b0c0fad918ba8e96') in 0.0234559 seconds
Number of updated asset objects reloaded before import = 0Number of asset objects unloaded after import = 7

========================================================================
Received Import Request.
  Time since last request: 0.000020 seconds.
  path: Assets/New Asssets/Plant Animations/Plant 3/Plant3_00045.png
  artifactKey: Guid(dd341c843810d8f4e90129de025ca116) Importer(2089858483,b0f066a214c2f5e87bad3c948f4d605d)
Start importing Assets/New Asssets/Plant Animations/Plant 3/Plant3_00045.png using Guid(dd341c843810d8f4e90129de025ca116) Importer(2089858483,b0f066a214c2f5e87bad3c948f4d605d) (ScriptedImporter) -> (artifact id: 'dab2e91ba092726a178bcd736ac63288') in 0.0173282 seconds
Number of updated asset objects reloaded before import = 0Number of asset objects unloaded after import = 4

========================================================================
Received Import Request.
  Time since last request: 0.000031 seconds.
  path: Assets/New Asssets/Plant Animations/Plant 7/Plant7_00046.png
  artifactKey: Guid(d17e30588add5fe4faeda37bd7589612) Importer(2089858483,b0f066a214c2f5e87bad3c948f4d605d)
Start importing Assets/New Asssets/Plant Animations/Plant 7/Plant7_00046.png using Guid(d17e30588add5fe4faeda37bd7589612) Importer(2089858483,b0f066a214c2f5e87bad3c948f4d605d) (ScriptedImporter) -> (artifact id: '2b4b5fa0ca9827f6e6cb4ab7b29b89e2') in 0.0161228 seconds
Number of updated asset objects reloaded before import = 0Number of asset objects unloaded after import = 3

========================================================================
Received Import Request.
  Time since last request: 0.000015 seconds.
  path: Assets/New Asssets/Plant Animations/Plant 2/Plant2_00084.png
  artifactKey: Guid(3801b08bae3c8e04a857fca35c52eac2) Importer(2089858483,b0f066a214c2f5e87bad3c948f4d605d)
Start importing Assets/New Asssets/Plant Animations/Plant 2/Plant2_00084.png using Guid(3801b08bae3c8e04a857fca35c52eac2) Importer(2089858483,b0f066a214c2f5e87bad3c948f4d605d) (ScriptedImporter) -> (artifact id: 'b10d43a53c79bb8624bc62b0e10f68a9') in 0.0215049 seconds
Number of updated asset objects reloaded before import = 0Number of asset objects unloaded after import = 5

========================================================================
Received Import Request.
  Time since last request: 0.000019 seconds.
  path: Assets/New Asssets/Plant Animations/Plant 8 Poison/PlantPosion_00001.png
  artifactKey: Guid(9a9d8ff59a757884797acd009a2dca29) Importer(2089858483,b0f066a214c2f5e87bad3c948f4d605d)
Start importing Assets/New Asssets/Plant Animations/Plant 8 Poison/PlantPosion_00001.png using Guid(9a9d8ff59a757884797acd009a2dca29) Importer(2089858483,b0f066a214c2f5e87bad3c948f4d605d) (ScriptedImporter) -> (artifact id: '56a731215d537dd35e99bac7d8d9dbb2') in 0.0193416 seconds
Number of updated asset objects reloaded before import = 0Number of asset objects unloaded after import = 3

========================================================================
Received Import Request.
  Time since last request: 0.000023 seconds.
  path: Assets/New Asssets/Plant Animations/Plant 7/Plant7_00033.png
  artifactKey: Guid(757bbd7d756724b44bfa2c3df0e19953) Importer(2089858483,b0f066a214c2f5e87bad3c948f4d605d)
Start importing Assets/New Asssets/Plant Animations/Plant 7/Plant7_00033.png using Guid(757bbd7d756724b44bfa2c3df0e19953) Importer(2089858483,b0f066a214c2f5e87bad3c948f4d605d) (ScriptedImporter) -> (artifact id: '6bc28654e8970ca373cf70f2f82883ad') in 0.0190293 seconds
Number of updated asset objects reloaded before import = 0Number of asset objects unloaded after import = 3

========================================================================
Received Import Request.
  Time since last request: 0.000026 seconds.
  path: Assets/New Asssets/Plant Animations/Plant 5/Plant5_00017.png
  artifactKey: Guid(f93c5ce13e0007949abad7112ec5a841) Importer(2089858483,b0f066a214c2f5e87bad3c948f4d605d)
Start importing Assets/New Asssets/Plant Animations/Plant 5/Plant5_00017.png using Guid(f93c5ce13e0007949abad7112ec5a841) Importer(2089858483,b0f066a214c2f5e87bad3c948f4d605d) (ScriptedImporter) -> (artifact id: '1358fbcc1b7e090eff87965b9dbdba56') in 0.0181708 seconds
Number of updated asset objects reloaded before import = 0Number of asset objects unloaded after import = 3

========================================================================
Received Import Request.
  Time since last request: 0.000037 seconds.
  path: Assets/New Asssets/Plant Animations/BlueFlower2/BluePlantClosed_00003.png
  artifactKey: Guid(9928afadbd90671448af13ebf3ddc1e2) Importer(2089858483,b0f066a214c2f5e87bad3c948f4d605d)
Start importing Assets/New Asssets/Plant Animations/BlueFlower2/BluePlantClosed_00003.png using Guid(9928afadbd90671448af13ebf3ddc1e2) Importer(2089858483,b0f066a214c2f5e87bad3c948f4d605d) (ScriptedImporter) -> (artifact id: '8cc62129481a9e2745a89c6856bb0463') in 0.0261969 seconds
Number of updated asset objects reloaded before import = 0Number of asset objects unloaded after import = 8

========================================================================
Received Import Request.
  Time since last request: 0.000023 seconds.
  path: Assets/New Asssets/Plant Animations/Plant 6/Plant6_00011.png
  artifactKey: Guid(6d0d96e74abc0134c8d881b48f3f3d94) Importer(2089858483,b0f066a214c2f5e87bad3c948f4d605d)
Start importing Assets/New Asssets/Plant Animations/Plant 6/Plant6_00011.png using Guid(6d0d96e74abc0134c8d881b48f3f3d94) Importer(2089858483,b0f066a214c2f5e87bad3c948f4d605d) (ScriptedImporter) -> (artifact id: 'b9a83fa70f29d3385b644cad6aab975a') in 0.0178773 seconds
Number of updated asset objects reloaded before import = 0Number of asset objects unloaded after import = 3

========================================================================
Received Import Request.
  Time since last request: 0.000025 seconds.
  path: Assets/New Asssets/Plant Animations/Plant 7/Plant7_00029.png
  artifactKey: Guid(bb8102dc31599624a800faf08aa565a6) Importer(2089858483,b0f066a214c2f5e87bad3c948f4d605d)
Start importing Assets/New Asssets/Plant Animations/Plant 7/Plant7_00029.png using Guid(bb8102dc31599624a800faf08aa565a6) Importer(2089858483,b0f066a214c2f5e87bad3c948f4d605d) (ScriptedImporter) -> (artifact id: 'ce06948cd92073bcc22d51002310b417') in 0.0171624 seconds
Number of updated asset objects reloaded before import = 0Number of asset objects unloaded after import = 3

========================================================================
Received Import Request.
  Time since last request: 0.000029 seconds.
  path: Assets/New Asssets/Plant Animations/Plant 2/Plant2_00060.png
  artifactKey: Guid(4d724133fe43d9b4ca37d01943b5c413) Importer(2089858483,b0f066a214c2f5e87bad3c948f4d605d)
Start importing Assets/New Asssets/Plant Animations/Plant 2/Plant2_00060.png using Guid(4d724133fe43d9b4ca37d01943b5c413) Importer(2089858483,b0f066a214c2f5e87bad3c948f4d605d) (ScriptedImporter) -> (artifact id: '3d502fc1c1d5aed945edf789d3a8a36e') in 0.018344 seconds
Number of updated asset objects reloaded before import = 0Number of asset objects unloaded after import = 5

========================================================================
Received Import Request.
  Time since last request: 0.000030 seconds.
  path: Assets/New Asssets/Plant Animations/Plant 2/Plant2_00078.png
  artifactKey: Guid(097413d7fa4cac540a5cbc923b9369f5) Importer(2089858483,b0f066a214c2f5e87bad3c948f4d605d)
Start importing Assets/New Asssets/Plant Animations/Plant 2/Plant2_00078.png using Guid(097413d7fa4cac540a5cbc923b9369f5) Importer(2089858483,b0f066a214c2f5e87bad3c948f4d605d) (ScriptedImporter) -> (artifact id: 'c47217bb12b883cdc4325e265b12417b') in 0.020938 seconds
Number of updated asset objects reloaded before import = 0Number of asset objects unloaded after import = 5

========================================================================
Received Import Request.
  Time since last request: 0.000022 seconds.
  path: Assets/New Asssets/Plant Animations/BlueFlower1/BlueFlower_00038.png
  artifactKey: Guid(a897ba906bb24f742a4c17e44398113a) Importer(2089858483,b0f066a214c2f5e87bad3c948f4d605d)
Start importing Assets/New Asssets/Plant Animations/BlueFlower1/BlueFlower_00038.png using Guid(a897ba906bb24f742a4c17e44398113a) Importer(2089858483,b0f066a214c2f5e87bad3c948f4d605d) (ScriptedImporter) -> (artifact id: '1f3bad632be3dfc70d1db9f9fbeffe38') in 0.0170198 seconds
Number of updated asset objects reloaded before import = 0Number of asset objects unloaded after import = 3

========================================================================
Received Import Request.
  Time since last request: 0.000020 seconds.
  path: Assets/New Asssets/Plant Animations/BlueFlower1/BlueFlower_00024.png
  artifactKey: Guid(b145aacdf7844184392d12399e28eb16) Importer(2089858483,b0f066a214c2f5e87bad3c948f4d605d)
Start importing Assets/New Asssets/Plant Animations/BlueFlower1/BlueFlower_00024.png using Guid(b145aacdf7844184392d12399e28eb16) Importer(2089858483,b0f066a214c2f5e87bad3c948f4d605d) (ScriptedImporter) -> (artifact id: '62e1b27ceb078fb77708e6e7cd7f5cf0') in 0.017731 seconds
Number of updated asset objects reloaded before import = 0Number of asset objects unloaded after import = 3

========================================================================
Received Import Request.
  Time since last request: 0.000022 seconds.
  path: Assets/New Asssets/Plant Animations/Plant 2/Plant2_00000.png
  artifactKey: Guid(86d2fba990d88c642ac2b1815806b39e) Importer(2089858483,b0f066a214c2f5e87bad3c948f4d605d)
Start importing Assets/New Asssets/Plant Animations/Plant 2/Plant2_00000.png using Guid(86d2fba990d88c642ac2b1815806b39e) Importer(2089858483,b0f066a214c2f5e87bad3c948f4d605d) (ScriptedImporter) -> (artifact id: '966f76f72b7894679e9ea4cb02143229') in 0.0194309 seconds
Number of updated asset objects reloaded before import = 0Number of asset objects unloaded after import = 5

========================================================================
Received Import Request.
  Time since last request: 0.000031 seconds.
  path: Assets/New Asssets/Plant Animations/Plant 8 Poison/PlantPosion_00010.png
  artifactKey: Guid(d0ea28e7a090d4c40b6d8a7756fab590) Importer(2089858483,b0f066a214c2f5e87bad3c948f4d605d)
Start importing Assets/New Asssets/Plant Animations/Plant 8 Poison/PlantPosion_00010.png using Guid(d0ea28e7a090d4c40b6d8a7756fab590) Importer(2089858483,b0f066a214c2f5e87bad3c948f4d605d) (ScriptedImporter) -> (artifact id: '654af681f464ac5de8d73bc7ac462f57') in 0.0183928 seconds
Number of updated asset objects reloaded before import = 0Number of asset objects unloaded after import = 3

========================================================================
Received Import Request.
  Time since last request: 0.000037 seconds.
  path: Assets/New Asssets/Plant Animations/BlueFlower2/BluePlantClosed_00052.png
  artifactKey: Guid(7d07e43e807cdab41a8035a3f4c26c64) Importer(2089858483,b0f066a214c2f5e87bad3c948f4d605d)
Start importing Assets/New Asssets/Plant Animations/BlueFlower2/BluePlantClosed_00052.png using Guid(7d07e43e807cdab41a8035a3f4c26c64) Importer(2089858483,b0f066a214c2f5e87bad3c948f4d605d) (ScriptedImporter) -> (artifact id: '9c6d5203b6fccc03c55a58dc085a680c') in 0.0239174 seconds
Number of updated asset objects reloaded before import = 0Number of asset objects unloaded after import = 8

========================================================================
Received Import Request.
  Time since last request: 0.000017 seconds.
  path: Assets/New Asssets/Plant Animations
  artifactKey: Guid(795524b8829be074f983cff6917f2be7) Importer(2089858483,b0f066a214c2f5e87bad3c948f4d605d)
Start importing Assets/New Asssets/Plant Animations using Guid(795524b8829be074f983cff6917f2be7) Importer(2089858483,b0f066a214c2f5e87bad3c948f4d605d) (ScriptedImporter) -> (artifact id: '767e01a4ff71fb0cc436c813a1dba7ec') in 0.0113459 seconds
Number of updated asset objects reloaded before import = 0Number of asset objects unloaded after import = 1

========================================================================
Received Import Request.
  Time since last request: 0.000017 seconds.
  path: Assets/New Asssets/Plant Animations/Plant 6/Plant6_00007.png
  artifactKey: Guid(ef38dabb7181187419dc0957167d07a3) Importer(2089858483,b0f066a214c2f5e87bad3c948f4d605d)
Start importing Assets/New Asssets/Plant Animations/Plant 6/Plant6_00007.png using Guid(ef38dabb7181187419dc0957167d07a3) Importer(2089858483,b0f066a214c2f5e87bad3c948f4d605d) (ScriptedImporter) -> (artifact id: '9a752586cf43b6bd2bfd01efc5946b65') in 0.01912 seconds
Number of updated asset objects reloaded before import = 0Number of asset objects unloaded after import = 3

========================================================================
Received Import Request.
  Time since last request: 0.000018 seconds.
  path: Assets/New Asssets/Plant Animations/BlueFlower2/BluePlantClosed_00030.png
  artifactKey: Guid(7ec1ade08732bcf4890da4989238453a) Importer(2089858483,b0f066a214c2f5e87bad3c948f4d605d)
Start importing Assets/New Asssets/Plant Animations/BlueFlower2/BluePlantClosed_00030.png using Guid(7ec1ade08732bcf4890da4989238453a) Importer(2089858483,b0f066a214c2f5e87bad3c948f4d605d) (ScriptedImporter) -> (artifact id: '1b3ae0ecf305017f7b32f1028754a67f') in 0.0226806 seconds
Number of updated asset objects reloaded before import = 0Number of asset objects unloaded after import = 7

========================================================================
Received Import Request.
  Time since last request: 0.000030 seconds.
  path: Assets/New Asssets/BlueWizard/2BlueWizardJump/DashEffect/BlueWizardDash_00004.png
  artifactKey: Guid(05d8348aa75c27d49920d6208f45b522) Importer(2089858483,b0f066a214c2f5e87bad3c948f4d605d)
Start importing Assets/New Asssets/BlueWizard/2BlueWizardJump/DashEffect/BlueWizardDash_00004.png using Guid(05d8348aa75c27d49920d6208f45b522) Importer(2089858483,b0f066a214c2f5e87bad3c948f4d605d) (ScriptedImporter) -> (artifact id: '001cf3dcb1a652c36ac59cb81136a2d5') in 0.016995 seconds
Number of updated asset objects reloaded before import = 0Number of asset objects unloaded after import = 3

========================================================================
Received Import Request.
  Time since last request: 0.000034 seconds.
  path: Assets/New Asssets/BlueWizard/2BlueWizardJump
  artifactKey: Guid(a3f4ce5c452e0bb48b4de0ce4f00d08b) Importer(815301076,1909f56bfc062723c751e8b465ee728b)
Start importing Assets/New Asssets/BlueWizard/2BlueWizardJump using Guid(a3f4ce5c452e0bb48b4de0ce4f00d08b) Importer(815301076,1909f56bfc062723c751e8b465ee728b) (PreviewImporter) -> (artifact id: '9e569a3a87425a574754088da2f5db1f') in 0.0006988 seconds
Number of updated asset objects reloaded before import = 0Number of asset objects unloaded after import = 0

========================================================================
Received Import Request.
  Time since last request: 0.000018 seconds.
  path: Assets/New Asssets/BlueWizard/2BlueWizardJump/CharaWizardJump_00004.png
  artifactKey: Guid(e8f920ebb2eb00a459d6dbec915e2251) Importer(815301076,1909f56bfc062723c751e8b465ee728b)
Start importing Assets/New Asssets/BlueWizard/2BlueWizardJump/CharaWizardJump_00004.png using Guid(e8f920ebb2eb00a459d6dbec915e2251) Importer(815301076,1909f56bfc062723c751e8b465ee728b) (PreviewImporter) -> (artifact id: '398eac08b4c8f3539072c16dbc9da4ee') in 0.0194314 seconds
Number of updated asset objects reloaded before import = 0Number of asset objects unloaded after import = 3

========================================================================
Received Import Request.
  Time since last request: 0.000023 seconds.
  path: Assets/New Asssets/Plant Animations/PlantJump/JumpPlant_00014.png
  artifactKey: Guid(b89d0a9d0c883e54fb35a8e83ed1c09d) Importer(2089858483,b0f066a214c2f5e87bad3c948f4d605d)
Start importing Assets/New Asssets/Plant Animations/PlantJump/JumpPlant_00014.png using Guid(b89d0a9d0c883e54fb35a8e83ed1c09d) Importer(2089858483,b0f066a214c2f5e87bad3c948f4d605d) (ScriptedImporter) -> (artifact id: 'a535aaa4fabb54986f40b368e464991c') in 0.0171589 seconds
Number of updated asset objects reloaded before import = 0Number of asset objects unloaded after import = 3

========================================================================
Received Import Request.
  Time since last request: 0.000027 seconds.
  path: Assets/New Asssets/Plant Animations/BlueFlower2/BluePlantClosed_00057.png
  artifactKey: Guid(2572e3a304365dd4db74ef8327e858e7) Importer(2089858483,b0f066a214c2f5e87bad3c948f4d605d)
Start importing Assets/New Asssets/Plant Animations/BlueFlower2/BluePlantClosed_00057.png using Guid(2572e3a304365dd4db74ef8327e858e7) Importer(2089858483,b0f066a214c2f5e87bad3c948f4d605d) (ScriptedImporter) -> (artifact id: 'a56bdff6fcdfbc082df6dfe6fc8485ce') in 0.0255089 seconds
Number of updated asset objects reloaded before import = 0Number of asset objects unloaded after import = 8

========================================================================
Received Import Request.
  Time since last request: 0.000022 seconds.
  path: Assets/New Asssets/Plant Animations/Plant 6/Plant6_00045.png
  artifactKey: Guid(7aaaf7efa725c1c429068876226ececb) Importer(2089858483,b0f066a214c2f5e87bad3c948f4d605d)
Start importing Assets/New Asssets/Plant Animations/Plant 6/Plant6_00045.png using Guid(7aaaf7efa725c1c429068876226ececb) Importer(2089858483,b0f066a214c2f5e87bad3c948f4d605d) (ScriptedImporter) -> (artifact id: '3e96f8a25d20c5f0979be45b933d26f4') in 0.0183223 seconds
Number of updated asset objects reloaded before import = 0Number of asset objects unloaded after import = 3

========================================================================
Received Import Request.
  Time since last request: 0.000035 seconds.
  path: Assets/New Asssets/BlueWizard/2BlueWizardJump/Dash3/Dash3_00006.png
  artifactKey: Guid(1b9e2ca1382e113478e6fb7580059131) Importer(2089858483,b0f066a214c2f5e87bad3c948f4d605d)
Start importing Assets/New Asssets/BlueWizard/2BlueWizardJump/Dash3/Dash3_00006.png using Guid(1b9e2ca1382e113478e6fb7580059131) Importer(2089858483,b0f066a214c2f5e87bad3c948f4d605d) (ScriptedImporter) -> (artifact id: 'e29c413c320198daa21d098a9f6f370c') in 0.0197072 seconds
Number of updated asset objects reloaded before import = 0Number of asset objects unloaded after import = 3

========================================================================
Received Import Request.
  Time since last request: 0.000029 seconds.
  path: Assets/New Asssets/BlueWizard/2BlueWizardIdle/Chara - BlueIdle00013.png
  artifactKey: Guid(6d19729b662733249ae94b6e77c9cab0) Importer(2089858483,b0f066a214c2f5e87bad3c948f4d605d)
Start importing Assets/New Asssets/BlueWizard/2BlueWizardIdle/Chara - BlueIdle00013.png using Guid(6d19729b662733249ae94b6e77c9cab0) Importer(2089858483,b0f066a214c2f5e87bad3c948f4d605d) (ScriptedImporter) -> (artifact id: 'e65f29099f2b01fa5a3732c8aec7b585') in 0.0161116 seconds
Number of updated asset objects reloaded before import = 0Number of asset objects unloaded after import = 3

========================================================================
Received Import Request.
  Time since last request: 0.000017 seconds.
  path: Assets/New Asssets/Plant Animations/Plant 5/Plant5_00001.png
  artifactKey: Guid(48b2ead412860584a91ed5e7a4af119e) Importer(2089858483,b0f066a214c2f5e87bad3c948f4d605d)
Start importing Assets/New Asssets/Plant Animations/Plant 5/Plant5_00001.png using Guid(48b2ead412860584a91ed5e7a4af119e) Importer(2089858483,b0f066a214c2f5e87bad3c948f4d605d) (ScriptedImporter) -> (artifact id: 'a695f2b0927bc2ab7571f90b35fadb94') in 0.0188997 seconds
Number of updated asset objects reloaded before import = 0Number of asset objects unloaded after import = 3

========================================================================
Received Import Request.
  Time since last request: 0.000021 seconds.
  path: Assets/New Asssets/Plant Animations/Plant 2/Plant2_00002.png
  artifactKey: Guid(820241960a9d67d40b93903e08ac596f) Importer(2089858483,b0f066a214c2f5e87bad3c948f4d605d)
Start importing Assets/New Asssets/Plant Animations/Plant 2/Plant2_00002.png using Guid(820241960a9d67d40b93903e08ac596f) Importer(2089858483,b0f066a214c2f5e87bad3c948f4d605d) (ScriptedImporter) -> (artifact id: '90f9d200bd2ea218eb4e04c5e1c1e923') in 0.0198577 seconds
Number of updated asset objects reloaded before import = 0Number of asset objects unloaded after import = 5

========================================================================
Received Import Request.
  Time since last request: 0.000021 seconds.
  path: Assets/New Asssets/Mossy Tileset/Mossy - FloatingPlatforms.png
  artifactKey: Guid(69329dbc1b1386e4bb4ff58e47ecf094) Importer(2089858483,b0f066a214c2f5e87bad3c948f4d605d)
Start importing Assets/New Asssets/Mossy Tileset/Mossy - FloatingPlatforms.png using Guid(69329dbc1b1386e4bb4ff58e47ecf094) Importer(2089858483,b0f066a214c2f5e87bad3c948f4d605d) (ScriptedImporter) -> (artifact id: '24f4efdb95171e75d9a8835a9ed2fc9f') in 0.0280121 seconds
Number of updated asset objects reloaded before import = 0Number of asset objects unloaded after import = 12

========================================================================
Received Import Request.
  Time since last request: 0.000037 seconds.
  path: Assets/New Asssets/Plant Animations/BlueFlower2/BluePlantClosed_00040.png
  artifactKey: Guid(63a430b8decfdc747b5724849f19f782) Importer(2089858483,b0f066a214c2f5e87bad3c948f4d605d)
Start importing Assets/New Asssets/Plant Animations/BlueFlower2/BluePlantClosed_00040.png using Guid(63a430b8decfdc747b5724849f19f782) Importer(2089858483,b0f066a214c2f5e87bad3c948f4d605d) (ScriptedImporter) -> (artifact id: '181e927bca196d8954ce7139cf944ae1') in 0.0249209 seconds
Number of updated asset objects reloaded before import = 0Number of asset objects unloaded after import = 7

========================================================================
Received Import Request.
  Time since last request: 0.000019 seconds.
  path: Assets/New Asssets/Plant Animations/BlueFlower2/BluePlantClosed_00007.png
  artifactKey: Guid(a829d4727878849418a279e2715803ca) Importer(2089858483,b0f066a214c2f5e87bad3c948f4d605d)
Start importing Assets/New Asssets/Plant Animations/BlueFlower2/BluePlantClosed_00007.png using Guid(a829d4727878849418a279e2715803ca) Importer(2089858483,b0f066a214c2f5e87bad3c948f4d605d) (ScriptedImporter) -> (artifact id: '09ce0f3975c28306d6587f696eb8091c') in 0.0255534 seconds
Number of updated asset objects reloaded before import = 0Number of asset objects unloaded after import = 8

========================================================================
Received Import Request.
  Time since last request: 0.000019 seconds.
  path: Assets/New Asssets/BlueWizard/2BlueWizardJump/DashEffect/BlueWizardDash_00002.png
  artifactKey: Guid(6f8302f6ee6711b43b8d535c9c8c10f7) Importer(2089858483,b0f066a214c2f5e87bad3c948f4d605d)
Start importing Assets/New Asssets/BlueWizard/2BlueWizardJump/DashEffect/BlueWizardDash_00002.png using Guid(6f8302f6ee6711b43b8d535c9c8c10f7) Importer(2089858483,b0f066a214c2f5e87bad3c948f4d605d) (ScriptedImporter) -> (artifact id: '9825cb278c56c94f4a801cf99aa733ec') in 0.0185886 seconds
Number of updated asset objects reloaded before import = 0Number of asset objects unloaded after import = 3

========================================================================
Received Import Request.
  Time since last request: 0.000014 seconds.
  path: Assets/New Asssets/Plant Animations/BlueFlower1/BlueFlower_00014.png
  artifactKey: Guid(82263b80d9ca15e4da767f2915450f69) Importer(2089858483,b0f066a214c2f5e87bad3c948f4d605d)
Start importing Assets/New Asssets/Plant Animations/BlueFlower1/BlueFlower_00014.png using Guid(82263b80d9ca15e4da767f2915450f69) Importer(2089858483,b0f066a214c2f5e87bad3c948f4d605d) (ScriptedImporter) -> (artifact id: '9379076d9f88daaf3af7ffe7930ecccb') in 0.0166881 seconds
Number of updated asset objects reloaded before import = 0Number of asset objects unloaded after import = 3

========================================================================
Received Import Request.
  Time since last request: 0.000029 seconds.
  path: Assets/New Asssets/Plant Animations/Plant 3/Plant3_00069.png
  artifactKey: Guid(ef22eeef3ed222b43ac9a18603bbb5c3) Importer(2089858483,b0f066a214c2f5e87bad3c948f4d605d)
Start importing Assets/New Asssets/Plant Animations/Plant 3/Plant3_00069.png using Guid(ef22eeef3ed222b43ac9a18603bbb5c3) Importer(2089858483,b0f066a214c2f5e87bad3c948f4d605d) (ScriptedImporter) -> (artifact id: 'fd39f54267f2c9562e4a637365c9d5b4') in 0.019782 seconds
Number of updated asset objects reloaded before import = 0Number of asset objects unloaded after import = 4

========================================================================
Received Import Request.
  Time since last request: 0.000028 seconds.
  path: Assets/New Asssets/Plant Animations/Plant 7/Plant7_00055.png
  artifactKey: Guid(713e4f127530361499ed2aa3f9fa6936) Importer(2089858483,b0f066a214c2f5e87bad3c948f4d605d)
Start importing Assets/New Asssets/Plant Animations/Plant 7/Plant7_00055.png using Guid(713e4f127530361499ed2aa3f9fa6936) Importer(2089858483,b0f066a214c2f5e87bad3c948f4d605d) (ScriptedImporter) -> (artifact id: 'f359da89416aef7b0a0643772e40d72c') in 0.0184542 seconds
Number of updated asset objects reloaded before import = 0Number of asset objects unloaded after import = 3

========================================================================
Received Import Request.
  Time since last request: 0.000018 seconds.
  path: Assets/New Asssets/Plant Animations/Plant 1/Plant1_00072.png
  artifactKey: Guid(e7b2570ce441d3c408692a0fc1af5b69) Importer(2089858483,b0f066a214c2f5e87bad3c948f4d605d)
Start importing Assets/New Asssets/Plant Animations/Plant 1/Plant1_00072.png using Guid(e7b2570ce441d3c408692a0fc1af5b69) Importer(2089858483,b0f066a214c2f5e87bad3c948f4d605d) (ScriptedImporter) -> (artifact id: '23329e944374f56e590b38936c241ad0') in 0.0200502 seconds
Number of updated asset objects reloaded before import = 0Number of asset objects unloaded after import = 3

========================================================================
Received Import Request.
  Time since last request: 0.000032 seconds.
  path: Assets/New Asssets/Plant Animations/BlueFlower1/BlueFlower_00017.png
  artifactKey: Guid(4648f9a0de69ad94987d0a08e6de5edf) Importer(2089858483,b0f066a214c2f5e87bad3c948f4d605d)
Start importing Assets/New Asssets/Plant Animations/BlueFlower1/BlueFlower_00017.png using Guid(4648f9a0de69ad94987d0a08e6de5edf) Importer(2089858483,b0f066a214c2f5e87bad3c948f4d605d) (ScriptedImporter) -> (artifact id: '6f331a218b88cff90fcd2a692d0a9958') in 0.022581 seconds
Number of updated asset objects reloaded before import = 0Number of asset objects unloaded after import = 3

========================================================================
Received Import Request.
  Time since last request: 0.000022 seconds.
  path: Assets/New Asssets/Plant Animations/Plant 8 Poison
  artifactKey: Guid(a645f473b9d3ce64fb10972657829c4e) Importer(2089858483,b0f066a214c2f5e87bad3c948f4d605d)
Start importing Assets/New Asssets/Plant Animations/Plant 8 Poison using Guid(a645f473b9d3ce64fb10972657829c4e) Importer(2089858483,b0f066a214c2f5e87bad3c948f4d605d) (ScriptedImporter) -> (artifact id: 'f2803e2c2a19bbb061196dc03e3f21d1') in 0.0127822 seconds
Number of updated asset objects reloaded before import = 0Number of asset objects unloaded after import = 1

========================================================================
Received Import Request.
  Time since last request: 0.000028 seconds.
  path: Assets/New Asssets/Plant Animations/Plant 4/Plant4_00018.png
  artifactKey: Guid(ae24f77fae0c821418960d86cf4a859e) Importer(2089858483,b0f066a214c2f5e87bad3c948f4d605d)
Start importing Assets/New Asssets/Plant Animations/Plant 4/Plant4_00018.png using Guid(ae24f77fae0c821418960d86cf4a859e) Importer(2089858483,b0f066a214c2f5e87bad3c948f4d605d) (ScriptedImporter) -> (artifact id: '8c3b654551cc2441007a1bc956ec0ed2') in 0.018257 seconds
Number of updated asset objects reloaded before import = 0Number of asset objects unloaded after import = 3

========================================================================
Received Import Request.
  Time since last request: 0.000020 seconds.
  path: Assets/New Asssets/Plant Animations/Plant 5/Plant5_00015.png
  artifactKey: Guid(2084d8f0ba8a9df488a2288e4ae5c6f1) Importer(2089858483,b0f066a214c2f5e87bad3c948f4d605d)
Start importing Assets/New Asssets/Plant Animations/Plant 5/Plant5_00015.png using Guid(2084d8f0ba8a9df488a2288e4ae5c6f1) Importer(2089858483,b0f066a214c2f5e87bad3c948f4d605d) (ScriptedImporter) -> (artifact id: '66aa8dd6d38519d5e62db1e8b2bfbdca') in 0.016981 seconds
Number of updated asset objects reloaded before import = 0Number of asset objects unloaded after import = 3

========================================================================
Received Import Request.
  Time since last request: 0.000018 seconds.
  path: Assets/New Asssets/Plant Animations/Plant 3/Plant3_00003.png
  artifactKey: Guid(0ece25aa6829b3149a5896b4240b3cf4) Importer(2089858483,b0f066a214c2f5e87bad3c948f4d605d)
Start importing Assets/New Asssets/Plant Animations/Plant 3/Plant3_00003.png using Guid(0ece25aa6829b3149a5896b4240b3cf4) Importer(2089858483,b0f066a214c2f5e87bad3c948f4d605d) (ScriptedImporter) -> (artifact id: 'ddbb055932a9a4592d7bb772b7d0e828') in 0.0172732 seconds
Number of updated asset objects reloaded before import = 0Number of asset objects unloaded after import = 4

========================================================================
Received Import Request.
  Time since last request: 0.000023 seconds.
  path: Assets/New Asssets/Plant Animations/Plant 3/Plant3_00087.png
  artifactKey: Guid(d9f5ae741fea8f8438b319e1cc0b4ee4) Importer(2089858483,b0f066a214c2f5e87bad3c948f4d605d)
Start importing Assets/New Asssets/Plant Animations/Plant 3/Plant3_00087.png using Guid(d9f5ae741fea8f8438b319e1cc0b4ee4) Importer(2089858483,b0f066a214c2f5e87bad3c948f4d605d) (ScriptedImporter) -> (artifact id: '47515e66659a566f6cab9fbd7a621fbc') in 0.0178447 seconds
Number of updated asset objects reloaded before import = 0Number of asset objects unloaded after import = 4

========================================================================
Received Import Request.
  Time since last request: 0.000020 seconds.
  path: Assets/New Asssets/Plant Animations/Plant 3/Plant3_00034.png
  artifactKey: Guid(d71f5a489e9dfa746bc3bdf99e5f4118) Importer(2089858483,b0f066a214c2f5e87bad3c948f4d605d)
Start importing Assets/New Asssets/Plant Animations/Plant 3/Plant3_00034.png using Guid(d71f5a489e9dfa746bc3bdf99e5f4118) Importer(2089858483,b0f066a214c2f5e87bad3c948f4d605d) (ScriptedImporter) -> (artifact id: '0445523bc324551edc8fcdd50255ed5f') in 0.0178904 seconds
Number of updated asset objects reloaded before import = 0Number of asset objects unloaded after import = 4

========================================================================
Received Import Request.
  Time since last request: 0.000029 seconds.
  path: Assets/New Asssets/Plant Animations/Plant 5/Plant5_00032.png
  artifactKey: Guid(2ac25b915b60a77429e8c3003a677788) Importer(2089858483,b0f066a214c2f5e87bad3c948f4d605d)
Start importing Assets/New Asssets/Plant Animations/Plant 5/Plant5_00032.png using Guid(2ac25b915b60a77429e8c3003a677788) Importer(2089858483,b0f066a214c2f5e87bad3c948f4d605d) (ScriptedImporter) -> (artifact id: '99ff784f5dd8e7e7d6874f9c5d501487') in 0.0178391 seconds
Number of updated asset objects reloaded before import = 0Number of asset objects unloaded after import = 3

========================================================================
Received Import Request.
  Time since last request: 0.000018 seconds.
  path: Assets/New Asssets/Plant Animations/Plant 3/Plant3_00078.png
  artifactKey: Guid(b2ce21c703c484f40ab74e102579b736) Importer(2089858483,b0f066a214c2f5e87bad3c948f4d605d)
Start importing Assets/New Asssets/Plant Animations/Plant 3/Plant3_00078.png using Guid(b2ce21c703c484f40ab74e102579b736) Importer(2089858483,b0f066a214c2f5e87bad3c948f4d605d) (ScriptedImporter) -> (artifact id: '8aa1c496d9806a95d42035a3849a7f3a') in 0.0206657 seconds
Number of updated asset objects reloaded before import = 0Number of asset objects unloaded after import = 4

========================================================================
Received Import Request.
  Time since last request: 0.000020 seconds.
  path: Assets/New Asssets/Plant Animations/BlueFlower1/BlueFlower_00050.png
  artifactKey: Guid(e007dd4327bf950409767c26e007fa88) Importer(2089858483,b0f066a214c2f5e87bad3c948f4d605d)
Start importing Assets/New Asssets/Plant Animations/BlueFlower1/BlueFlower_00050.png using Guid(e007dd4327bf950409767c26e007fa88) Importer(2089858483,b0f066a214c2f5e87bad3c948f4d605d) (ScriptedImporter) -> (artifact id: '44c49cbe30de85b4aa0a0b07cabc5bac') in 0.018716 seconds
Number of updated asset objects reloaded before import = 0Number of asset objects unloaded after import = 3

========================================================================
Received Import Request.
  Time since last request: 0.000035 seconds.
  path: Assets/New Asssets/Plant Animations/Plant 5/Plant5_00033.png
  artifactKey: Guid(5e547fc57e54abf4b96168209fc60528) Importer(2089858483,b0f066a214c2f5e87bad3c948f4d605d)
Start importing Assets/New Asssets/Plant Animations/Plant 5/Plant5_00033.png using Guid(5e547fc57e54abf4b96168209fc60528) Importer(2089858483,b0f066a214c2f5e87bad3c948f4d605d) (ScriptedImporter) -> (artifact id: '094cc95e3fb237b10b1f0777237d48bf') in 0.0180069 seconds
Number of updated asset objects reloaded before import = 0Number of asset objects unloaded after import = 3

========================================================================
Received Import Request.
  Time since last request: 0.000027 seconds.
  path: Assets/New Asssets/Plant Animations/Plant 5/Plant5_00031.png
  artifactKey: Guid(191df0080fbf40b4ebbc0cd069b67436) Importer(2089858483,b0f066a214c2f5e87bad3c948f4d605d)
Start importing Assets/New Asssets/Plant Animations/Plant 5/Plant5_00031.png using Guid(191df0080fbf40b4ebbc0cd069b67436) Importer(2089858483,b0f066a214c2f5e87bad3c948f4d605d) (ScriptedImporter) -> (artifact id: 'b3eefb00e30659a52085979159b23b7b') in 0.0192632 seconds
Number of updated asset objects reloaded before import = 0Number of asset objects unloaded after import = 3

========================================================================
Received Import Request.
  Time since last request: 0.000041 seconds.
  path: Assets/New Asssets/Plant Animations/Plant 5/Plant5_00045.png
  artifactKey: Guid(7f7d54488e8368e4a8c0d0fa0f734bd4) Importer(2089858483,b0f066a214c2f5e87bad3c948f4d605d)
Start importing Assets/New Asssets/Plant Animations/Plant 5/Plant5_00045.png using Guid(7f7d54488e8368e4a8c0d0fa0f734bd4) Importer(2089858483,b0f066a214c2f5e87bad3c948f4d605d) (ScriptedImporter) -> (artifact id: 'ffe687369d522d5f42f16bf695888e40') in 0.0186761 seconds
Number of updated asset objects reloaded before import = 0Number of asset objects unloaded after import = 3

========================================================================
Received Import Request.
  Time since last request: 0.000019 seconds.
  path: Assets/New Asssets/Plant Animations/Plant 4/Plant4_00016.png
  artifactKey: Guid(52864114c87c636448feb1ffc002e108) Importer(2089858483,b0f066a214c2f5e87bad3c948f4d605d)
Start importing Assets/New Asssets/Plant Animations/Plant 4/Plant4_00016.png using Guid(52864114c87c636448feb1ffc002e108) Importer(2089858483,b0f066a214c2f5e87bad3c948f4d605d) (ScriptedImporter) -> (artifact id: 'f2bbfc8af50f1e67ebdafcba2dc70f7b') in 0.0163424 seconds
Number of updated asset objects reloaded before import = 0Number of asset objects unloaded after import = 3

========================================================================
Received Import Request.
  Time since last request: 0.000022 seconds.
  path: Assets/New Asssets/Plant Animations/Plant 3/Plant3_00032.png
  artifactKey: Guid(936787bd6e0b79644b20dd612a595785) Importer(2089858483,b0f066a214c2f5e87bad3c948f4d605d)
Start importing Assets/New Asssets/Plant Animations/Plant 3/Plant3_00032.png using Guid(936787bd6e0b79644b20dd612a595785) Importer(2089858483,b0f066a214c2f5e87bad3c948f4d605d) (ScriptedImporter) -> (artifact id: '7f08601ec60641b38adf3e167f3e46fd') in 0.0178772 seconds
Number of updated asset objects reloaded before import = 0Number of asset objects unloaded after import = 4

========================================================================
Received Import Request.
  Time since last request: 0.000015 seconds.
  path: Assets/New Asssets/Plant Animations/BlueFlower2/BluePlantClosed_00046.png
  artifactKey: Guid(c2828c5183acd2542a03b5c3827386da) Importer(2089858483,b0f066a214c2f5e87bad3c948f4d605d)
Start importing Assets/New Asssets/Plant Animations/BlueFlower2/BluePlantClosed_00046.png using Guid(c2828c5183acd2542a03b5c3827386da) Importer(2089858483,b0f066a214c2f5e87bad3c948f4d605d) (ScriptedImporter) -> (artifact id: '48f13d706aab85b1dfb355c891227b4a') in 0.0266082 seconds
Number of updated asset objects reloaded before import = 0Number of asset objects unloaded after import = 8

========================================================================
Received Import Request.
  Time since last request: 0.000028 seconds.
  path: Assets/New Asssets/Plant Animations/Plant 7/Plant7_00028.png
  artifactKey: Guid(833320ab13894d14babff6e7db6d12e2) Importer(2089858483,b0f066a214c2f5e87bad3c948f4d605d)
Start importing Assets/New Asssets/Plant Animations/Plant 7/Plant7_00028.png using Guid(833320ab13894d14babff6e7db6d12e2) Importer(2089858483,b0f066a214c2f5e87bad3c948f4d605d) (ScriptedImporter) -> (artifact id: '44d172040aef0a0741a9031e2c5ee6bd') in 0.0173649 seconds
Number of updated asset objects reloaded before import = 0Number of asset objects unloaded after import = 3

========================================================================
Received Import Request.
  Time since last request: 0.000030 seconds.
  path: Assets/New Asssets/BlueWizard/2BlueWizardIdle/Chara - BlueIdle00003.png
  artifactKey: Guid(1973f76caa1c31b49b5e52259affdacf) Importer(2089858483,b0f066a214c2f5e87bad3c948f4d605d)
Start importing Assets/New Asssets/BlueWizard/2BlueWizardIdle/Chara - BlueIdle00003.png using Guid(1973f76caa1c31b49b5e52259affdacf) Importer(2089858483,b0f066a214c2f5e87bad3c948f4d605d) (ScriptedImporter) -> (artifact id: 'a857227e7b19cf51b5a084fa64af33a0') in 0.0185613 seconds
Number of updated asset objects reloaded before import = 0Number of asset objects unloaded after import = 3

========================================================================
Received Import Request.
  Time since last request: 0.000018 seconds.
  path: Assets/New Asssets/Plant Animations/Plant 1/Plant1_00044.png
  artifactKey: Guid(76e68c1c8ea68cf4ab192ae47e333af2) Importer(2089858483,b0f066a214c2f5e87bad3c948f4d605d)
Start importing Assets/New Asssets/Plant Animations/Plant 1/Plant1_00044.png using Guid(76e68c1c8ea68cf4ab192ae47e333af2) Importer(2089858483,b0f066a214c2f5e87bad3c948f4d605d) (ScriptedImporter) -> (artifact id: '67d7b43acf5beee67e6f5309f9901691') in 0.0169347 seconds
Number of updated asset objects reloaded before import = 0Number of asset objects unloaded after import = 3

========================================================================
Received Import Request.
  Time since last request: 0.000021 seconds.
  path: Assets/New Asssets/Plant Animations/Plant 7/Plant7_00059.png
  artifactKey: Guid(63d6bbb1a17eef7409892a2897128214) Importer(2089858483,b0f066a214c2f5e87bad3c948f4d605d)
Start importing Assets/New Asssets/Plant Animations/Plant 7/Plant7_00059.png using Guid(63d6bbb1a17eef7409892a2897128214) Importer(2089858483,b0f066a214c2f5e87bad3c948f4d605d) (ScriptedImporter) -> (artifact id: 'e54b028b3685581446c2c3e9dc34416b') in 0.0175056 seconds
Number of updated asset objects reloaded before import = 0Number of asset objects unloaded after import = 3

========================================================================
Received Import Request.
  Time since last request: 0.000023 seconds.
  path: Assets/New Asssets/BlueWizard/2BlueWizardJump/CharaWizardJump_00001.png
  artifactKey: Guid(6694418bde790a2498c48e3a9d201eba) Importer(815301076,1909f56bfc062723c751e8b465ee728b)
Start importing Assets/New Asssets/BlueWizard/2BlueWizardJump/CharaWizardJump_00001.png using Guid(6694418bde790a2498c48e3a9d201eba) Importer(815301076,1909f56bfc062723c751e8b465ee728b) (PreviewImporter) -> (artifact id: '76bcd47163324ec39019647769874f44') in 0.0192677 seconds
Number of updated asset objects reloaded before import = 0Number of asset objects unloaded after import = 3

========================================================================
Received Import Request.
  Time since last request: 0.000034 seconds.
  path: Assets/New Asssets/Plant Animations/Plant 1/Plant1_00082.png
  artifactKey: Guid(b02e277bb37e0ee48a5a24301257c5b5) Importer(2089858483,b0f066a214c2f5e87bad3c948f4d605d)
Start importing Assets/New Asssets/Plant Animations/Plant 1/Plant1_00082.png using Guid(b02e277bb37e0ee48a5a24301257c5b5) Importer(2089858483,b0f066a214c2f5e87bad3c948f4d605d) (ScriptedImporter) -> (artifact id: 'c5a93e9870443aa883b7466af35ff0ec') in 0.0195632 seconds
Number of updated asset objects reloaded before import = 0Number of asset objects unloaded after import = 3

========================================================================
Received Import Request.
  Time since last request: 0.000035 seconds.
  path: Assets/New Asssets/Plant Animations/Plant 3/Plant3_00029.png
  artifactKey: Guid(ce1c5d592e042744d8104538565c0fb3) Importer(2089858483,b0f066a214c2f5e87bad3c948f4d605d)
Start importing Assets/New Asssets/Plant Animations/Plant 3/Plant3_00029.png using Guid(ce1c5d592e042744d8104538565c0fb3) Importer(2089858483,b0f066a214c2f5e87bad3c948f4d605d) (ScriptedImporter) -> (artifact id: 'd2f2d8ccfa052c22eb12fdbb0147f613') in 0.0175094 seconds
Number of updated asset objects reloaded before import = 0Number of asset objects unloaded after import = 4

========================================================================
Received Import Request.
  Time since last request: 0.000027 seconds.
  path: Assets/New Asssets/BlueWizard/2BlueWizardWalk/Chara_BlueWalk00019.png
  artifactKey: Guid(0a04498e1043bd543834ed9064a4aebe) Importer(2089858483,b0f066a214c2f5e87bad3c948f4d605d)
Start importing Assets/New Asssets/BlueWizard/2BlueWizardWalk/Chara_BlueWalk00019.png using Guid(0a04498e1043bd543834ed9064a4aebe) Importer(2089858483,b0f066a214c2f5e87bad3c948f4d605d) (ScriptedImporter) -> (artifact id: '0297b1e1b1593e903b7d1bc684e926ae') in 0.0187186 seconds
Number of updated asset objects reloaded before import = 0Number of asset objects unloaded after import = 3

========================================================================
Received Import Request.
  Time since last request: 0.000023 seconds.
  path: Assets/New Asssets/Plant Animations/Plant 4/Plant4_00023.png
  artifactKey: Guid(3415bf9a29e183f49b7a42b2c6263e25) Importer(2089858483,b0f066a214c2f5e87bad3c948f4d605d)
Start importing Assets/New Asssets/Plant Animations/Plant 4/Plant4_00023.png using Guid(3415bf9a29e183f49b7a42b2c6263e25) Importer(2089858483,b0f066a214c2f5e87bad3c948f4d605d) (ScriptedImporter) -> (artifact id: '7f2ae0d5b4c0f10494464ef8a822fbe6') in 0.0175988 seconds
Number of updated asset objects reloaded before import = 0Number of asset objects unloaded after import = 3

========================================================================
Received Import Request.
  Time since last request: 0.000026 seconds.
  path: Assets/New Asssets/Plant Animations/Plant 1/Plant1_00049.png
  artifactKey: Guid(21e40697b8fedaf4b95499bbd8e6cee5) Importer(2089858483,b0f066a214c2f5e87bad3c948f4d605d)
Start importing Assets/New Asssets/Plant Animations/Plant 1/Plant1_00049.png using Guid(21e40697b8fedaf4b95499bbd8e6cee5) Importer(2089858483,b0f066a214c2f5e87bad3c948f4d605d) (ScriptedImporter) -> (artifact id: 'a97249c9468b16ad48f8237951c6586f') in 0.0174967 seconds
Number of updated asset objects reloaded before import = 0Number of asset objects unloaded after import = 3

========================================================================
Received Import Request.
  Time since last request: 0.000037 seconds.
  path: Assets/New Asssets/BlueWizard/2BlueWizardWalk/Chara_BlueWalk00015.png
  artifactKey: Guid(9626a80c761dc3a4f9d3ad08267dfd99) Importer(2089858483,b0f066a214c2f5e87bad3c948f4d605d)
Start importing Assets/New Asssets/BlueWizard/2BlueWizardWalk/Chara_BlueWalk00015.png using Guid(9626a80c761dc3a4f9d3ad08267dfd99) Importer(2089858483,b0f066a214c2f5e87bad3c948f4d605d) (ScriptedImporter) -> (artifact id: '2f4627f2e27f2a26e0be4a84b144e030') in 0.0195994 seconds
Number of updated asset objects reloaded before import = 0Number of asset objects unloaded after import = 3

========================================================================
Received Import Request.
  Time since last request: 0.000033 seconds.
  path: Assets/New Asssets/Plant Animations/BlueFlower2/BluePlantClosed_00015.png
  artifactKey: Guid(a6968a2ffa00a3a46b62ba36651df64b) Importer(2089858483,b0f066a214c2f5e87bad3c948f4d605d)
Start importing Assets/New Asssets/Plant Animations/BlueFlower2/BluePlantClosed_00015.png using Guid(a6968a2ffa00a3a46b62ba36651df64b) Importer(2089858483,b0f066a214c2f5e87bad3c948f4d605d) (ScriptedImporter) -> (artifact id: '73e2d92c605bae525844d8385846a589') in 0.0251017 seconds
Number of updated asset objects reloaded before import = 0Number of asset objects unloaded after import = 8

========================================================================
Received Import Request.
  Time since last request: 0.000023 seconds.
  path: Assets/New Asssets/Plant Animations/Plant 4/Plant4_00024.png
  artifactKey: Guid(013f3e1697709084ca9c7c65a6e35f51) Importer(2089858483,b0f066a214c2f5e87bad3c948f4d605d)
Start importing Assets/New Asssets/Plant Animations/Plant 4/Plant4_00024.png using Guid(013f3e1697709084ca9c7c65a6e35f51) Importer(2089858483,b0f066a214c2f5e87bad3c948f4d605d) (ScriptedImporter) -> (artifact id: '45ebb9a1c45acddd887d8a24ea6c6feb') in 0.018039 seconds
Number of updated asset objects reloaded before import = 0Number of asset objects unloaded after import = 3

========================================================================
Received Import Request.
  Time since last request: 0.000019 seconds.
  path: Assets/New Asssets/Plant Animations/Plant 5/Plant5_00047.png
  artifactKey: Guid(47269e732f48f0240ae9ffbb1ef09dd3) Importer(2089858483,b0f066a214c2f5e87bad3c948f4d605d)
Start importing Assets/New Asssets/Plant Animations/Plant 5/Plant5_00047.png using Guid(47269e732f48f0240ae9ffbb1ef09dd3) Importer(2089858483,b0f066a214c2f5e87bad3c948f4d605d) (ScriptedImporter) -> (artifact id: 'ed55b308592a71c9dba91e946e240f64') in 0.0177884 seconds
Number of updated asset objects reloaded before import = 0Number of asset objects unloaded after import = 3

========================================================================
Received Import Request.
  Time since last request: 0.000017 seconds.
  path: Assets/New Asssets/Plant Animations/Plant 1/Plant1_00027.png
  artifactKey: Guid(9b3fd328401cd5241a337e7f941295bb) Importer(2089858483,b0f066a214c2f5e87bad3c948f4d605d)
Start importing Assets/New Asssets/Plant Animations/Plant 1/Plant1_00027.png using Guid(9b3fd328401cd5241a337e7f941295bb) Importer(2089858483,b0f066a214c2f5e87bad3c948f4d605d) (ScriptedImporter) -> (artifact id: '3ae21a8589b3eb9f2192739f5ad8e498') in 0.0193379 seconds
Number of updated asset objects reloaded before import = 0Number of asset objects unloaded after import = 3

========================================================================
Received Import Request.
  Time since last request: 0.000027 seconds.
  path: Assets/New Asssets/Plant Animations/Plant 6/Plant6_00005.png
  artifactKey: Guid(45e6285621f98824688a09cdf7718f64) Importer(2089858483,b0f066a214c2f5e87bad3c948f4d605d)
Start importing Assets/New Asssets/Plant Animations/Plant 6/Plant6_00005.png using Guid(45e6285621f98824688a09cdf7718f64) Importer(2089858483,b0f066a214c2f5e87bad3c948f4d605d) (ScriptedImporter) -> (artifact id: '3607e277bb1f9e4464a0e2f6a6b29f93') in 0.0178066 seconds
Number of updated asset objects reloaded before import = 0Number of asset objects unloaded after import = 3

========================================================================
Received Import Request.
  Time since last request: 0.000044 seconds.
  path: Assets/New Asssets/Plant Animations/Plant 1/Plant1_00036.png
  artifactKey: Guid(bef02d41823280a45a21e774d486a1be) Importer(2089858483,b0f066a214c2f5e87bad3c948f4d605d)
Start importing Assets/New Asssets/Plant Animations/Plant 1/Plant1_00036.png using Guid(bef02d41823280a45a21e774d486a1be) Importer(2089858483,b0f066a214c2f5e87bad3c948f4d605d) (ScriptedImporter) -> (artifact id: '2467cac1d832ff24f818273be411a48e') in 0.0163416 seconds
Number of updated asset objects reloaded before import = 0Number of asset objects unloaded after import = 3

========================================================================
Received Import Request.
  Time since last request: 0.000023 seconds.
  path: Assets/New Asssets/Plant Animations/Plant 2/Plant2_00069.png
  artifactKey: Guid(90a03aac54d25d045baef2bced1fdf24) Importer(2089858483,b0f066a214c2f5e87bad3c948f4d605d)
Start importing Assets/New Asssets/Plant Animations/Plant 2/Plant2_00069.png using Guid(90a03aac54d25d045baef2bced1fdf24) Importer(2089858483,b0f066a214c2f5e87bad3c948f4d605d) (ScriptedImporter) -> (artifact id: 'f90db399edcf0602c6be185f23905dc3') in 0.021386 seconds
Number of updated asset objects reloaded before import = 0Number of asset objects unloaded after import = 5

========================================================================
Received Import Request.
  Time since last request: 0.000026 seconds.
  path: Assets/New Asssets/Plant Animations/Plant 2/Plant2_00085.png
  artifactKey: Guid(29b55303450d0c44482f3df4cb6ee5aa) Importer(2089858483,b0f066a214c2f5e87bad3c948f4d605d)
Start importing Assets/New Asssets/Plant Animations/Plant 2/Plant2_00085.png using Guid(29b55303450d0c44482f3df4cb6ee5aa) Importer(2089858483,b0f066a214c2f5e87bad3c948f4d605d) (ScriptedImporter) -> (artifact id: '4344be30adcf926a28fe11b49f4d9fd4') in 0.0266098 seconds
Number of updated asset objects reloaded before import = 0Number of asset objects unloaded after import = 5

========================================================================
Received Import Request.
  Time since last request: 0.000023 seconds.
  path: Assets/New Asssets/Plant Animations/Plant 2/Plant2_00068.png
  artifactKey: Guid(0066692a7ce29374eb964aeea4ba9aa6) Importer(2089858483,b0f066a214c2f5e87bad3c948f4d605d)
Start importing Assets/New Asssets/Plant Animations/Plant 2/Plant2_00068.png using Guid(0066692a7ce29374eb964aeea4ba9aa6) Importer(2089858483,b0f066a214c2f5e87bad3c948f4d605d) (ScriptedImporter) -> (artifact id: '2ead757e0a570ef162a7e9943463dd79') in 0.0252375 seconds
Number of updated asset objects reloaded before import = 0Number of asset objects unloaded after import = 5

========================================================================
Received Import Request.
  Time since last request: 0.000028 seconds.
  path: Assets/New Asssets/Plant Animations/Plant Wind 1/Plant Wind 1_00000.png
  artifactKey: Guid(d6f6d9dc3f3bc5c42a5832771efabf3a) Importer(2089858483,b0f066a214c2f5e87bad3c948f4d605d)
Start importing Assets/New Asssets/Plant Animations/Plant Wind 1/Plant Wind 1_00000.png using Guid(d6f6d9dc3f3bc5c42a5832771efabf3a) Importer(2089858483,b0f066a214c2f5e87bad3c948f4d605d) (ScriptedImporter) -> (artifact id: 'fc55d56b2e7a33a19c106f0af283b675') in 0.0179552 seconds
Number of updated asset objects reloaded before import = 0Number of asset objects unloaded after import = 3

========================================================================
Received Import Request.
  Time since last request: 0.000018 seconds.
  path: Assets/New Asssets/Plant Animations/Plant 6/Plant6_00056.png
  artifactKey: Guid(e77dfdc1fcd71d94b98363bf31f75367) Importer(2089858483,b0f066a214c2f5e87bad3c948f4d605d)
Start importing Assets/New Asssets/Plant Animations/Plant 6/Plant6_00056.png using Guid(e77dfdc1fcd71d94b98363bf31f75367) Importer(2089858483,b0f066a214c2f5e87bad3c948f4d605d) (ScriptedImporter) -> (artifact id: 'ce3e1e620eac58d1a011c8805074e5ea') in 0.0189768 seconds
Number of updated asset objects reloaded before import = 0Number of asset objects unloaded after import = 3

========================================================================
Received Import Request.
  Time since last request: 0.000016 seconds.
  path: Assets/New Asssets/Plant Animations/BlueFlower2/BluePlantClosed_00017.png
  artifactKey: Guid(7f963f0d2f23c164b9f7d2621695d458) Importer(2089858483,b0f066a214c2f5e87bad3c948f4d605d)
Start importing Assets/New Asssets/Plant Animations/BlueFlower2/BluePlantClosed_00017.png using Guid(7f963f0d2f23c164b9f7d2621695d458) Importer(2089858483,b0f066a214c2f5e87bad3c948f4d605d) (ScriptedImporter) -> (artifact id: 'a9d03a6a58beb06c950625878418fb3b') in 0.0265218 seconds
Number of updated asset objects reloaded before import = 0Number of asset objects unloaded after import = 8

========================================================================
Received Import Request.
  Time since last request: 0.000036 seconds.
  path: Assets/New Asssets/BlueWizard/2BlueWizardJump/DashEffect/BlueWizardDash_00012.png
  artifactKey: Guid(a0830fb7c083ef74bbd256b892d1534a) Importer(2089858483,b0f066a214c2f5e87bad3c948f4d605d)
Start importing Assets/New Asssets/BlueWizard/2BlueWizardJump/DashEffect/BlueWizardDash_00012.png using Guid(a0830fb7c083ef74bbd256b892d1534a) Importer(2089858483,b0f066a214c2f5e87bad3c948f4d605d) (ScriptedImporter) -> (artifact id: 'c7178b2b855c57543f38d664acc0cbf2') in 0.0191785 seconds
Number of updated asset objects reloaded before import = 0Number of asset objects unloaded after import = 3

========================================================================
Received Import Request.
  Time since last request: 0.000030 seconds.
  path: Assets/New Asssets/Plant Animations/Plant 1/Plant1_00062.png
  artifactKey: Guid(1027e450bea659d4c9aa5f6920974eb7) Importer(2089858483,b0f066a214c2f5e87bad3c948f4d605d)
Start importing Assets/New Asssets/Plant Animations/Plant 1/Plant1_00062.png using Guid(1027e450bea659d4c9aa5f6920974eb7) Importer(2089858483,b0f066a214c2f5e87bad3c948f4d605d) (ScriptedImporter) -> (artifact id: '1af5eabb77357fae145001d4f6cee6d6') in 0.017716 seconds
Number of updated asset objects reloaded before import = 0Number of asset objects unloaded after import = 3

========================================================================
Received Import Request.
  Time since last request: 0.000024 seconds.
  path: Assets/New Asssets/Plant Animations/BlueFlower2/BluePlantClosed_00021.png
  artifactKey: Guid(7e22a331885e5074a9092d88b53b6da8) Importer(2089858483,b0f066a214c2f5e87bad3c948f4d605d)
Start importing Assets/New Asssets/Plant Animations/BlueFlower2/BluePlantClosed_00021.png using Guid(7e22a331885e5074a9092d88b53b6da8) Importer(2089858483,b0f066a214c2f5e87bad3c948f4d605d) (ScriptedImporter) -> (artifact id: '6b5ebf4ca3ef5531681f4c07d25671d5') in 0.0249452 seconds
Number of updated asset objects reloaded before import = 0Number of asset objects unloaded after import = 7

========================================================================
Received Import Request.
  Time since last request: 0.000018 seconds.
  path: Assets/New Asssets/Plant Animations/Plant 7/Plant7_00040.png
  artifactKey: Guid(f90f371c6b5ba43489c42332e076b67e) Importer(2089858483,b0f066a214c2f5e87bad3c948f4d605d)
Start importing Assets/New Asssets/Plant Animations/Plant 7/Plant7_00040.png using Guid(f90f371c6b5ba43489c42332e076b67e) Importer(2089858483,b0f066a214c2f5e87bad3c948f4d605d) (ScriptedImporter) -> (artifact id: '313634e6a502c5fd9c773cd42a61c693') in 0.0173846 seconds
Number of updated asset objects reloaded before import = 0Number of asset objects unloaded after import = 3

========================================================================
Received Import Request.
  Time since last request: 0.000020 seconds.
  path: Assets/New Asssets/BlueWizard/2BlueWizardJump/Dash3/Dash3_00005.png
  artifactKey: Guid(6d1591d03dc6a0047b92125467c77fe5) Importer(2089858483,b0f066a214c2f5e87bad3c948f4d605d)
Start importing Assets/New Asssets/BlueWizard/2BlueWizardJump/Dash3/Dash3_00005.png using Guid(6d1591d03dc6a0047b92125467c77fe5) Importer(2089858483,b0f066a214c2f5e87bad3c948f4d605d) (ScriptedImporter) -> (artifact id: '5e19eb62138e37101a85e22c5f126229') in 0.0170149 seconds
Number of updated asset objects reloaded before import = 0Number of asset objects unloaded after import = 3

========================================================================
Received Import Request.
  Time since last request: 0.000036 seconds.
  path: Assets/New Asssets/BlueWizard/2BlueWizardWalk/Chara_BlueWalk00016.png
  artifactKey: Guid(003222601aeaae04ba6ae20e26bc8daf) Importer(2089858483,b0f066a214c2f5e87bad3c948f4d605d)
Start importing Assets/New Asssets/BlueWizard/2BlueWizardWalk/Chara_BlueWalk00016.png using Guid(003222601aeaae04ba6ae20e26bc8daf) Importer(2089858483,b0f066a214c2f5e87bad3c948f4d605d) (ScriptedImporter) -> (artifact id: 'aeb612e8679faac26fa21a55ceeeedd6') in 0.0173048 seconds
Number of updated asset objects reloaded before import = 0Number of asset objects unloaded after import = 3

========================================================================
Received Import Request.
  Time since last request: 0.000019 seconds.
  path: Assets/New Asssets/Plant Animations/Plant 1/Plant1_00001.png
  artifactKey: Guid(ef45896550fa03842a191e98ca55a5fd) Importer(2089858483,b0f066a214c2f5e87bad3c948f4d605d)
Start importing Assets/New Asssets/Plant Animations/Plant 1/Plant1_00001.png using Guid(ef45896550fa03842a191e98ca55a5fd) Importer(2089858483,b0f066a214c2f5e87bad3c948f4d605d) (ScriptedImporter) -> (artifact id: '3aff33c58a3ad8dae98e24d09fef083b') in 0.017284 seconds
Number of updated asset objects reloaded before import = 0Number of asset objects unloaded after import = 3

========================================================================
Received Import Request.
  Time since last request: 0.000015 seconds.
  path: Assets/New Asssets/Plant Animations/PlantJump2
  artifactKey: Guid(7bb1a815997186c48a7811767b5ad465) Importer(2089858483,b0f066a214c2f5e87bad3c948f4d605d)
Start importing Assets/New Asssets/Plant Animations/PlantJump2 using Guid(7bb1a815997186c48a7811767b5ad465) Importer(2089858483,b0f066a214c2f5e87bad3c948f4d605d) (ScriptedImporter) -> (artifact id: '33a255f776d6876c1d2925c63d18b704') in 0.0130094 seconds
Number of updated asset objects reloaded before import = 0Number of asset objects unloaded after import = 1

========================================================================
Received Import Request.
  Time since last request: 0.000027 seconds.
  path: Assets/New Asssets/Plant Animations/PlantJump/JumpPlant_00001.png
  artifactKey: Guid(5b1d864a96bb6064f8ff5f2d8654f519) Importer(2089858483,b0f066a214c2f5e87bad3c948f4d605d)
Start importing Assets/New Asssets/Plant Animations/PlantJump/JumpPlant_00001.png using Guid(5b1d864a96bb6064f8ff5f2d8654f519) Importer(2089858483,b0f066a214c2f5e87bad3c948f4d605d) (ScriptedImporter) -> (artifact id: 'dca20ed80ca981effdbf49f157725082') in 0.0155435 seconds
Number of updated asset objects reloaded before import = 0Number of asset objects unloaded after import = 3

========================================================================
Received Import Request.
  Time since last request: 0.000023 seconds.
  path: Assets/New Asssets/BlueWizard/2BlueWizardJump/Dash2/DashBlue_00006.png
  artifactKey: Guid(512b990ccab449f46bebea7abf2ffc38) Importer(2089858483,b0f066a214c2f5e87bad3c948f4d605d)
Start importing Assets/New Asssets/BlueWizard/2BlueWizardJump/Dash2/DashBlue_00006.png using Guid(512b990ccab449f46bebea7abf2ffc38) Importer(2089858483,b0f066a214c2f5e87bad3c948f4d605d) (ScriptedImporter) -> (artifact id: '199b764dc423542702dfbd8eacfcf2b2') in 0.0212838 seconds
Number of updated asset objects reloaded before import = 0Number of asset objects unloaded after import = 3

========================================================================
Received Import Request.
  Time since last request: 0.000030 seconds.
  path: Assets/New Asssets/Plant Animations/Plant 3/Plant3_00009.png
  artifactKey: Guid(6b4a90a3681a66344ac6e344e16ef9bc) Importer(2089858483,b0f066a214c2f5e87bad3c948f4d605d)
Start importing Assets/New Asssets/Plant Animations/Plant 3/Plant3_00009.png using Guid(6b4a90a3681a66344ac6e344e16ef9bc) Importer(2089858483,b0f066a214c2f5e87bad3c948f4d605d) (ScriptedImporter) -> (artifact id: 'd15dc0e29d17319ca8245a433b529b81') in 0.0177925 seconds
Number of updated asset objects reloaded before import = 0Number of asset objects unloaded after import = 4

========================================================================
Received Import Request.
  Time since last request: 0.000019 seconds.
  path: Assets/New Asssets/Plant Animations/Plant 6/Plant6_00000.png
  artifactKey: Guid(f57bd87dec3f25f44ba672d92e91a26e) Importer(2089858483,b0f066a214c2f5e87bad3c948f4d605d)
Start importing Assets/New Asssets/Plant Animations/Plant 6/Plant6_00000.png using Guid(f57bd87dec3f25f44ba672d92e91a26e) Importer(2089858483,b0f066a214c2f5e87bad3c948f4d605d) (ScriptedImporter) -> (artifact id: 'c6875efa9c45273c46a7a2e11f820b16') in 0.0183835 seconds
Number of updated asset objects reloaded before import = 0Number of asset objects unloaded after import = 3

========================================================================
Received Import Request.
  Time since last request: 0.000016 seconds.
  path: Assets/New Asssets/Plant Animations/Plant 3/Plant3_00079.png
  artifactKey: Guid(5f46494c87a47324d981c4511592b11f) Importer(2089858483,b0f066a214c2f5e87bad3c948f4d605d)
Start importing Assets/New Asssets/Plant Animations/Plant 3/Plant3_00079.png using Guid(5f46494c87a47324d981c4511592b11f) Importer(2089858483,b0f066a214c2f5e87bad3c948f4d605d) (ScriptedImporter) -> (artifact id: '81981764e1f8a5afd973297a80424a5a') in 0.0202759 seconds
Number of updated asset objects reloaded before import = 0Number of asset objects unloaded after import = 4

========================================================================
Received Import Request.
  Time since last request: 0.000017 seconds.
  path: Assets/New Asssets/Plant Animations/Plant 2/Plant2_00071.png
  artifactKey: Guid(bc4f505dfcc57404c8c79abdda701209) Importer(2089858483,b0f066a214c2f5e87bad3c948f4d605d)
Start importing Assets/New Asssets/Plant Animations/Plant 2/Plant2_00071.png using Guid(bc4f505dfcc57404c8c79abdda701209) Importer(2089858483,b0f066a214c2f5e87bad3c948f4d605d) (ScriptedImporter) -> (artifact id: '7b44e68bfcac0b0fa973c323e5e9ce4d') in 0.0208598 seconds
Number of updated asset objects reloaded before import = 0Number of asset objects unloaded after import = 5

========================================================================
Received Import Request.
  Time since last request: 0.000021 seconds.
  path: Assets/New Asssets/Plant Animations/BlueFlower1/BlueFlower_00021.png
  artifactKey: Guid(831da7452e2b9534b91b9b53dbc15644) Importer(2089858483,b0f066a214c2f5e87bad3c948f4d605d)
Start importing Assets/New Asssets/Plant Animations/BlueFlower1/BlueFlower_00021.png using Guid(831da7452e2b9534b91b9b53dbc15644) Importer(2089858483,b0f066a214c2f5e87bad3c948f4d605d) (ScriptedImporter) -> (artifact id: 'b6211817d70e29a4b0b98397c8f593a2') in 0.0195074 seconds
Number of updated asset objects reloaded before import = 0Number of asset objects unloaded after import = 3

========================================================================
Received Import Request.
  Time since last request: 0.000028 seconds.
  path: Assets/New Asssets/Plant Animations/BlueFlower1/BlueFlower_00008.png
  artifactKey: Guid(fe030d05ab26e30428d0120c172e5170) Importer(2089858483,b0f066a214c2f5e87bad3c948f4d605d)
Start importing Assets/New Asssets/Plant Animations/BlueFlower1/BlueFlower_00008.png using Guid(fe030d05ab26e30428d0120c172e5170) Importer(2089858483,b0f066a214c2f5e87bad3c948f4d605d) (ScriptedImporter) -> (artifact id: 'c2cac4b36496e5601fdee9d0f7a55276') in 0.0205549 seconds
Number of updated asset objects reloaded before import = 0Number of asset objects unloaded after import = 3

========================================================================
Received Import Request.
  Time since last request: 0.000026 seconds.
  path: Assets/New Asssets/Plant Animations/BlueFlower2/BluePlantClosed_00049.png
  artifactKey: Guid(7f42ea6605a4f414a88aa7dd60d91ade) Importer(2089858483,b0f066a214c2f5e87bad3c948f4d605d)
Start importing Assets/New Asssets/Plant Animations/BlueFlower2/BluePlantClosed_00049.png using Guid(7f42ea6605a4f414a88aa7dd60d91ade) Importer(2089858483,b0f066a214c2f5e87bad3c948f4d605d) (ScriptedImporter) -> (artifact id: 'b7bff6ed236e5c0d896231234765a1a0') in 0.0236852 seconds
Number of updated asset objects reloaded before import = 0Number of asset objects unloaded after import = 8

========================================================================
Received Import Request.
  Time since last request: 0.000034 seconds.
  path: Assets/New Asssets/Plant Animations/Plant 1/Plant1_00016.png
  artifactKey: Guid(593307fe5694e024ca5a6b2ff79c1048) Importer(2089858483,b0f066a214c2f5e87bad3c948f4d605d)
Start importing Assets/New Asssets/Plant Animations/Plant 1/Plant1_00016.png using Guid(593307fe5694e024ca5a6b2ff79c1048) Importer(2089858483,b0f066a214c2f5e87bad3c948f4d605d) (ScriptedImporter) -> (artifact id: 'e2915d2cf14989974b916d7a521dfb80') in 0.018188 seconds
Number of updated asset objects reloaded before import = 0Number of asset objects unloaded after import = 3

========================================================================
Received Import Request.
  Time since last request: 0.000017 seconds.
  path: Assets/New Asssets/Plant Animations/Plant 1/Plant1_00048.png
  artifactKey: Guid(94f601b085b85ee4d93a4c1bea061298) Importer(2089858483,b0f066a214c2f5e87bad3c948f4d605d)
Start importing Assets/New Asssets/Plant Animations/Plant 1/Plant1_00048.png using Guid(94f601b085b85ee4d93a4c1bea061298) Importer(2089858483,b0f066a214c2f5e87bad3c948f4d605d) (ScriptedImporter) -> (artifact id: 'cc75e9b476b026d1cc3c77ea3bfc3dbf') in 0.017864 seconds
Number of updated asset objects reloaded before import = 0Number of asset objects unloaded after import = 3

========================================================================
Received Import Request.
  Time since last request: 0.000022 seconds.
  path: Assets/New Asssets/BlueWizard/2BlueWizardJump/DashEffect
  artifactKey: Guid(9ebde4b3b024fe14fb6cea3d0d3c5059) Importer(2089858483,b0f066a214c2f5e87bad3c948f4d605d)
Start importing Assets/New Asssets/BlueWizard/2BlueWizardJump/DashEffect using Guid(9ebde4b3b024fe14fb6cea3d0d3c5059) Importer(2089858483,b0f066a214c2f5e87bad3c948f4d605d) (ScriptedImporter) -> (artifact id: 'cf387ebb81344246d84e89155fb4486b') in 0.0137981 seconds
Number of updated asset objects reloaded before import = 0Number of asset objects unloaded after import = 1

========================================================================
Received Import Request.
  Time since last request: 0.000041 seconds.
  path: Assets/New Asssets/Plant Animations/BlueFlower1/BlueFlower_00005.png
  artifactKey: Guid(1ec3c3dd325e10c40b0cefef2ca7f5c2) Importer(2089858483,b0f066a214c2f5e87bad3c948f4d605d)
Start importing Assets/New Asssets/Plant Animations/BlueFlower1/BlueFlower_00005.png using Guid(1ec3c3dd325e10c40b0cefef2ca7f5c2) Importer(2089858483,b0f066a214c2f5e87bad3c948f4d605d) (ScriptedImporter) -> (artifact id: '9f36912eb28c38b89ace02d1b688b48c') in 0.0203471 seconds
Number of updated asset objects reloaded before import = 0Number of asset objects unloaded after import = 3

========================================================================
Received Import Request.
  Time since last request: 0.000020 seconds.
  path: Assets/New Asssets/Plant Animations/PlantJump2/JumpPlant 2_00006.png
  artifactKey: Guid(777532db162eb2748bf2cb87d145dabd) Importer(2089858483,b0f066a214c2f5e87bad3c948f4d605d)
Start importing Assets/New Asssets/Plant Animations/PlantJump2/JumpPlant 2_00006.png using Guid(777532db162eb2748bf2cb87d145dabd) Importer(2089858483,b0f066a214c2f5e87bad3c948f4d605d) (ScriptedImporter) -> (artifact id: '48344f13b36fc3c7f836f286a005c255') in 0.0181679 seconds
Number of updated asset objects reloaded before import = 0Number of asset objects unloaded after import = 3

========================================================================
Received Import Request.
  Time since last request: 0.000023 seconds.
  path: Assets/New Asssets/Plant Animations/Plant 3/Plant3_00007.png
  artifactKey: Guid(f0a2dc89158c4704ebd98be22db7da59) Importer(2089858483,b0f066a214c2f5e87bad3c948f4d605d)
Start importing Assets/New Asssets/Plant Animations/Plant 3/Plant3_00007.png using Guid(f0a2dc89158c4704ebd98be22db7da59) Importer(2089858483,b0f066a214c2f5e87bad3c948f4d605d) (ScriptedImporter) -> (artifact id: 'da27fee3c0f03e3bf349edf883c8e95e') in 0.0182904 seconds
Number of updated asset objects reloaded before import = 0Number of asset objects unloaded after import = 4

========================================================================
Received Import Request.
  Time since last request: 0.000020 seconds.
  path: Assets/New Asssets/Plant Animations/Plant 7/Plant7_00010.png
  artifactKey: Guid(a6c69a5d50038444892b108b991ad64e) Importer(2089858483,b0f066a214c2f5e87bad3c948f4d605d)
Start importing Assets/New Asssets/Plant Animations/Plant 7/Plant7_00010.png using Guid(a6c69a5d50038444892b108b991ad64e) Importer(2089858483,b0f066a214c2f5e87bad3c948f4d605d) (ScriptedImporter) -> (artifact id: '8855dd58fa0fe98abddef22bc84a9133') in 0.0175322 seconds
Number of updated asset objects reloaded before import = 0Number of asset objects unloaded after import = 3

========================================================================
Received Import Request.
  Time since last request: 0.000021 seconds.
  path: Assets/New Asssets/Plant Animations/BlueFlower2/BluePlantClosed_00012.png
  artifactKey: Guid(39f785b1108f9894db3efd08009c1462) Importer(2089858483,b0f066a214c2f5e87bad3c948f4d605d)
Start importing Assets/New Asssets/Plant Animations/BlueFlower2/BluePlantClosed_00012.png using Guid(39f785b1108f9894db3efd08009c1462) Importer(2089858483,b0f066a214c2f5e87bad3c948f4d605d) (ScriptedImporter) -> (artifact id: '505170fdb00e5bde6a897c7fd0f5ef3b') in 0.0318455 seconds
Number of updated asset objects reloaded before import = 0Number of asset objects unloaded after import = 8

========================================================================
Received Import Request.
  Time since last request: 0.000035 seconds.
  path: Assets/New Asssets/Plant Animations/BlueFlower2/BluePlantClosed_00059.png
  artifactKey: Guid(8c1f059330d19054eaffe33089af985f) Importer(2089858483,b0f066a214c2f5e87bad3c948f4d605d)
Start importing Assets/New Asssets/Plant Animations/BlueFlower2/BluePlantClosed_00059.png using Guid(8c1f059330d19054eaffe33089af985f) Importer(2089858483,b0f066a214c2f5e87bad3c948f4d605d) (ScriptedImporter) -> (artifact id: 'c900ce255db4f4800015878df208dc22') in 0.0237281 seconds
Number of updated asset objects reloaded before import = 0Number of asset objects unloaded after import = 8

========================================================================
Received Import Request.
  Time since last request: 0.000025 seconds.
  path: Assets/New Asssets/BlueWizard/2BlueWizardJump/Dash2/DashBlue_00004.png
  artifactKey: Guid(9e7a633a90398174ea191bf7b2da77d7) Importer(2089858483,b0f066a214c2f5e87bad3c948f4d605d)
Start importing Assets/New Asssets/BlueWizard/2BlueWizardJump/Dash2/DashBlue_00004.png using Guid(9e7a633a90398174ea191bf7b2da77d7) Importer(2089858483,b0f066a214c2f5e87bad3c948f4d605d) (ScriptedImporter) -> (artifact id: 'e33b848f41f0ee9995c0eec6110b3670') in 0.0172947 seconds
Number of updated asset objects reloaded before import = 0Number of asset objects unloaded after import = 3

========================================================================
Received Import Request.
  Time since last request: 0.000025 seconds.
  path: Assets/New Asssets/Plant Animations/Plant 3/Plant3_00001.png
  artifactKey: Guid(e42e2854603d8b540a33db7ad7bbc452) Importer(2089858483,b0f066a214c2f5e87bad3c948f4d605d)
Start importing Assets/New Asssets/Plant Animations/Plant 3/Plant3_00001.png using Guid(e42e2854603d8b540a33db7ad7bbc452) Importer(2089858483,b0f066a214c2f5e87bad3c948f4d605d) (ScriptedImporter) -> (artifact id: '11312de9ffda129624ebf2e7abc6a414') in 0.0185109 seconds
Number of updated asset objects reloaded before import = 0Number of asset objects unloaded after import = 4

========================================================================
Received Import Request.
  Time since last request: 0.000018 seconds.
  path: Assets/New Asssets/Plant Animations/Plant 2/Plant2_00050.png
  artifactKey: Guid(f8b7383117c5d404c9e7fdf4c9f17b12) Importer(2089858483,b0f066a214c2f5e87bad3c948f4d605d)
Start importing Assets/New Asssets/Plant Animations/Plant 2/Plant2_00050.png using Guid(f8b7383117c5d404c9e7fdf4c9f17b12) Importer(2089858483,b0f066a214c2f5e87bad3c948f4d605d) (ScriptedImporter) -> (artifact id: '9ebde50c10298ca93e8739d69a52ea2c') in 0.0211829 seconds
Number of updated asset objects reloaded before import = 0Number of asset objects unloaded after import = 5

========================================================================
Received Import Request.
  Time since last request: 0.000047 seconds.
  path: Assets/New Asssets/Plant Animations/BlueFlower1/BlueFlower_00041.png
  artifactKey: Guid(bd598e3bb61fb36438a81e44f4cc37c2) Importer(2089858483,b0f066a214c2f5e87bad3c948f4d605d)
Start importing Assets/New Asssets/Plant Animations/BlueFlower1/BlueFlower_00041.png using Guid(bd598e3bb61fb36438a81e44f4cc37c2) Importer(2089858483,b0f066a214c2f5e87bad3c948f4d605d) (ScriptedImporter) -> (artifact id: '13fe47a711d2052e69efdb0e8eac7a1e') in 0.0170053 seconds
Number of updated asset objects reloaded before import = 0Number of asset objects unloaded after import = 3

========================================================================
Received Import Request.
  Time since last request: 0.000029 seconds.
  path: Assets/New Asssets/Plant Animations/Plant Wind 1/Plant Wind 1_00018.png
  artifactKey: Guid(687ffd800883d9045aeff43a15b96b9d) Importer(2089858483,b0f066a214c2f5e87bad3c948f4d605d)
Start importing Assets/New Asssets/Plant Animations/Plant Wind 1/Plant Wind 1_00018.png using Guid(687ffd800883d9045aeff43a15b96b9d) Importer(2089858483,b0f066a214c2f5e87bad3c948f4d605d) (ScriptedImporter) -> (artifact id: '291a4807ff84ef4b11b6d73ef2e82602') in 0.0189382 seconds
Number of updated asset objects reloaded before import = 0Number of asset objects unloaded after import = 3

========================================================================
Received Import Request.
  Time since last request: 0.000020 seconds.
  path: Assets/New Asssets/Plant Animations/BlueFlower2/BluePlantClosed_00036.png
  artifactKey: Guid(4cfbaa8abaa783b43923ab179d91c8c3) Importer(2089858483,b0f066a214c2f5e87bad3c948f4d605d)
Start importing Assets/New Asssets/Plant Animations/BlueFlower2/BluePlantClosed_00036.png using Guid(4cfbaa8abaa783b43923ab179d91c8c3) Importer(2089858483,b0f066a214c2f5e87bad3c948f4d605d) (ScriptedImporter) -> (artifact id: '54fcc60eb71f22dac6cf0fedd9ddaedf') in 0.027643 seconds
Number of updated asset objects reloaded before import = 0Number of asset objects unloaded after import = 8

========================================================================
Received Import Request.
  Time since last request: 0.000021 seconds.
  path: Assets/New Asssets/Plant Animations/Plant 6/Plant6_00035.png
  artifactKey: Guid(6f538112e517ef24cb0fd2273a06df6c) Importer(2089858483,b0f066a214c2f5e87bad3c948f4d605d)
Start importing Assets/New Asssets/Plant Animations/Plant 6/Plant6_00035.png using Guid(6f538112e517ef24cb0fd2273a06df6c) Importer(2089858483,b0f066a214c2f5e87bad3c948f4d605d) (ScriptedImporter) -> (artifact id: '0c076970675c137ab5061e8ff5a81891') in 0.0176612 seconds
Number of updated asset objects reloaded before import = 0Number of asset objects unloaded after import = 3

========================================================================
Received Import Request.
  Time since last request: 0.000029 seconds.
  path: Assets/New Asssets/Plant Animations/Plant 8 Poison/PlantPosion_00020.png
  artifactKey: Guid(f16689869cdcc77419c6097dd8bb894a) Importer(2089858483,b0f066a214c2f5e87bad3c948f4d605d)
Start importing Assets/New Asssets/Plant Animations/Plant 8 Poison/PlantPosion_00020.png using Guid(f16689869cdcc77419c6097dd8bb894a) Importer(2089858483,b0f066a214c2f5e87bad3c948f4d605d) (ScriptedImporter) -> (artifact id: '4e685739d45478468fea48d294f0fa5f') in 0.018659 seconds
Number of updated asset objects reloaded before import = 0Number of asset objects unloaded after import = 3

========================================================================
Received Import Request.
  Time since last request: 0.000018 seconds.
  path: Assets/New Asssets/Plant Animations/BlueFlower2/BluePlantClosed_00001.png
  artifactKey: Guid(f988e82d6f8d2b94fba40c299bd997e3) Importer(2089858483,b0f066a214c2f5e87bad3c948f4d605d)
Start importing Assets/New Asssets/Plant Animations/BlueFlower2/BluePlantClosed_00001.png using Guid(f988e82d6f8d2b94fba40c299bd997e3) Importer(2089858483,b0f066a214c2f5e87bad3c948f4d605d) (ScriptedImporter) -> (artifact id: 'db9902e05a0d2654fb5f2c6e7fc4d4f3') in 0.0247409 seconds
Number of updated asset objects reloaded before import = 0Number of asset objects unloaded after import = 8

========================================================================
Received Import Request.
  Time since last request: 0.000021 seconds.
  path: Assets/New Asssets/Plant Animations/Plant 5/Plant5_00009.png
  artifactKey: Guid(151e6e01b68d9ef4d987d0f00a2c0584) Importer(2089858483,b0f066a214c2f5e87bad3c948f4d605d)
Start importing Assets/New Asssets/Plant Animations/Plant 5/Plant5_00009.png using Guid(151e6e01b68d9ef4d987d0f00a2c0584) Importer(2089858483,b0f066a214c2f5e87bad3c948f4d605d) (ScriptedImporter) -> (artifact id: 'e2aae2a727bbaa238ea9fe0606323c98') in 0.0190928 seconds
Number of updated asset objects reloaded before import = 0Number of asset objects unloaded after import = 3

========================================================================
Received Import Request.
  Time since last request: 0.000018 seconds.
  path: Assets/New Asssets/Plant Animations/Plant 1/Plant1_00083.png
  artifactKey: Guid(ce2e3ff12c5f9e64fa33b05eb697da56) Importer(2089858483,b0f066a214c2f5e87bad3c948f4d605d)
Start importing Assets/New Asssets/Plant Animations/Plant 1/Plant1_00083.png using Guid(ce2e3ff12c5f9e64fa33b05eb697da56) Importer(2089858483,b0f066a214c2f5e87bad3c948f4d605d) (ScriptedImporter) -> (artifact id: '1f70160f028c67686654b47dd18d9238') in 0.0170283 seconds
Number of updated asset objects reloaded before import = 0Number of asset objects unloaded after import = 3

========================================================================
Received Import Request.
  Time since last request: 0.000034 seconds.
  path: Assets/New Asssets/Plant Animations/Plant 2/Plant2_00024.png
  artifactKey: Guid(3f5b7f0d123e455408a613de13a801a3) Importer(2089858483,b0f066a214c2f5e87bad3c948f4d605d)
Start importing Assets/New Asssets/Plant Animations/Plant 2/Plant2_00024.png using Guid(3f5b7f0d123e455408a613de13a801a3) Importer(2089858483,b0f066a214c2f5e87bad3c948f4d605d) (ScriptedImporter) -> (artifact id: 'ad06ade3e3556da7948e5b43d56973c2') in 0.0224603 seconds
Number of updated asset objects reloaded before import = 0Number of asset objects unloaded after import = 5

========================================================================
Received Import Request.
  Time since last request: 0.000023 seconds.
  path: Assets/New Asssets/Plant Animations/Plant 2/Plant2_00049.png
  artifactKey: Guid(c15e54f3939498c47afb2893d9246a17) Importer(2089858483,b0f066a214c2f5e87bad3c948f4d605d)
Start importing Assets/New Asssets/Plant Animations/Plant 2/Plant2_00049.png using Guid(c15e54f3939498c47afb2893d9246a17) Importer(2089858483,b0f066a214c2f5e87bad3c948f4d605d) (ScriptedImporter) -> (artifact id: '3b0c856688c976ffb8239eef93d108c3') in 0.0188287 seconds
Number of updated asset objects reloaded before import = 0Number of asset objects unloaded after import = 5

========================================================================
Received Import Request.
  Time since last request: 0.000016 seconds.
  path: Assets/New Asssets/Plant Animations/Plant 2/Plant2_00004.png
  artifactKey: Guid(da74c7e70cbac4f4382f279b3114f7e8) Importer(2089858483,b0f066a214c2f5e87bad3c948f4d605d)
Start importing Assets/New Asssets/Plant Animations/Plant 2/Plant2_00004.png using Guid(da74c7e70cbac4f4382f279b3114f7e8) Importer(2089858483,b0f066a214c2f5e87bad3c948f4d605d) (ScriptedImporter) -> (artifact id: 'b6869f42cec3654076d8f35f688d6e86') in 0.0199656 seconds
Number of updated asset objects reloaded before import = 0Number of asset objects unloaded after import = 5

========================================================================
Received Import Request.
  Time since last request: 0.000017 seconds.
  path: Assets/New Asssets/Plant Animations/Plant 5/Plant5_00034.png
  artifactKey: Guid(9ae4f1c5c65095c44a9fa2bdc97f4527) Importer(2089858483,b0f066a214c2f5e87bad3c948f4d605d)
Start importing Assets/New Asssets/Plant Animations/Plant 5/Plant5_00034.png using Guid(9ae4f1c5c65095c44a9fa2bdc97f4527) Importer(2089858483,b0f066a214c2f5e87bad3c948f4d605d) (ScriptedImporter) -> (artifact id: 'a00d9feee966570f63cb49f7fd24cea9') in 0.0188943 seconds
Number of updated asset objects reloaded before import = 0Number of asset objects unloaded after import = 3

========================================================================
Received Import Request.
  Time since last request: 0.000027 seconds.
  path: Assets/New Asssets/Plant Animations/Plant 2/Plant2_00067.png
  artifactKey: Guid(db1cceb8bbffd2248a679f07f179b6a0) Importer(2089858483,b0f066a214c2f5e87bad3c948f4d605d)
Start importing Assets/New Asssets/Plant Animations/Plant 2/Plant2_00067.png using Guid(db1cceb8bbffd2248a679f07f179b6a0) Importer(2089858483,b0f066a214c2f5e87bad3c948f4d605d) (ScriptedImporter) -> (artifact id: 'befb2b6a53b1314279d1b342f8f414e5') in 0.0207194 seconds
Number of updated asset objects reloaded before import = 0Number of asset objects unloaded after import = 5

========================================================================
Received Import Request.
  Time since last request: 0.000023 seconds.
  path: Assets/New Asssets/Plant Animations/Plant 1/Plant1_00025.png
  artifactKey: Guid(259e2a6c79970374898433a057e22a46) Importer(2089858483,b0f066a214c2f5e87bad3c948f4d605d)
Start importing Assets/New Asssets/Plant Animations/Plant 1/Plant1_00025.png using Guid(259e2a6c79970374898433a057e22a46) Importer(2089858483,b0f066a214c2f5e87bad3c948f4d605d) (ScriptedImporter) -> (artifact id: 'ab2f17a425162dcf6a71abe94ed94495') in 0.0194482 seconds
Number of updated asset objects reloaded before import = 0Number of asset objects unloaded after import = 3

========================================================================
Received Import Request.
  Time since last request: 0.000020 seconds.
  path: Assets/New Asssets/Plant Animations/Plant 2/Plant2_00086.png
  artifactKey: Guid(5a1dae0f8315f77499a0c5a62005f728) Importer(2089858483,b0f066a214c2f5e87bad3c948f4d605d)
Start importing Assets/New Asssets/Plant Animations/Plant 2/Plant2_00086.png using Guid(5a1dae0f8315f77499a0c5a62005f728) Importer(2089858483,b0f066a214c2f5e87bad3c948f4d605d) (ScriptedImporter) -> (artifact id: '18fe88298e838fb2a0939f05ad2d82cf') in 0.0230616 seconds
Number of updated asset objects reloaded before import = 0Number of asset objects unloaded after import = 5

========================================================================
Received Import Request.
  Time since last request: 0.000025 seconds.
  path: Assets/New Asssets/Plant Animations/Plant 1/Plant1_00054.png
  artifactKey: Guid(3a97780aca1a69f45945a309dbcc63cc) Importer(2089858483,b0f066a214c2f5e87bad3c948f4d605d)
Start importing Assets/New Asssets/Plant Animations/Plant 1/Plant1_00054.png using Guid(3a97780aca1a69f45945a309dbcc63cc) Importer(2089858483,b0f066a214c2f5e87bad3c948f4d605d) (ScriptedImporter) -> (artifact id: '472bf8a750f5e39c93b3fbec0a0cabc3') in 0.0179574 seconds
Number of updated asset objects reloaded before import = 0Number of asset objects unloaded after import = 3

========================================================================
Received Import Request.
  Time since last request: 0.000023 seconds.
  path: Assets/New Asssets/BlueWizard/2BlueWizardJump/Dash2/DashBlue_00011.png
  artifactKey: Guid(02da107bdcd2f1844ae546f92155b09e) Importer(2089858483,b0f066a214c2f5e87bad3c948f4d605d)
Start importing Assets/New Asssets/BlueWizard/2BlueWizardJump/Dash2/DashBlue_00011.png using Guid(02da107bdcd2f1844ae546f92155b09e) Importer(2089858483,b0f066a214c2f5e87bad3c948f4d605d) (ScriptedImporter) -> (artifact id: '5e4c63e5cbeea5c82d46dcd5ba105709') in 0.0173145 seconds
Number of updated asset objects reloaded before import = 0Number of asset objects unloaded after import = 3

========================================================================
Received Import Request.
  Time since last request: 0.000033 seconds.
  path: Assets/New Asssets/Plant Animations/Plant 8 Poison/PlantPosion_00021.png
  artifactKey: Guid(88d419208c9722f41876f787529cfec6) Importer(2089858483,b0f066a214c2f5e87bad3c948f4d605d)
Start importing Assets/New Asssets/Plant Animations/Plant 8 Poison/PlantPosion_00021.png using Guid(88d419208c9722f41876f787529cfec6) Importer(2089858483,b0f066a214c2f5e87bad3c948f4d605d) (ScriptedImporter) -> (artifact id: '1e7761f75d1a5a0cfb3831a47805abab') in 0.0199282 seconds
Number of updated asset objects reloaded before import = 0Number of asset objects unloaded after import = 3

========================================================================
Received Import Request.
  Time since last request: 0.000017 seconds.
  path: Assets/New Asssets/Plant Animations/Plant 3/Plant3_00048.png
  artifactKey: Guid(1739c3992f3bbfa40947a6f9e0b2002b) Importer(2089858483,b0f066a214c2f5e87bad3c948f4d605d)
Start importing Assets/New Asssets/Plant Animations/Plant 3/Plant3_00048.png using Guid(1739c3992f3bbfa40947a6f9e0b2002b) Importer(2089858483,b0f066a214c2f5e87bad3c948f4d605d) (ScriptedImporter) -> (artifact id: '43b5c6a529904fd0f90c33eb34ae58be') in 0.0217785 seconds
Number of updated asset objects reloaded before import = 0Number of asset objects unloaded after import = 4

========================================================================
Received Import Request.
  Time since last request: 0.000016 seconds.
  path: Assets/New Asssets/Plant Animations/Plant 1/Plant1_00021.png
  artifactKey: Guid(57738e5a0aa479c42a13080189035cc1) Importer(2089858483,b0f066a214c2f5e87bad3c948f4d605d)
Start importing Assets/New Asssets/Plant Animations/Plant 1/Plant1_00021.png using Guid(57738e5a0aa479c42a13080189035cc1) Importer(2089858483,b0f066a214c2f5e87bad3c948f4d605d) (ScriptedImporter) -> (artifact id: 'e0e2c7d79d40c6a8e38892121f24e5c2') in 0.0201083 seconds
Number of updated asset objects reloaded before import = 0Number of asset objects unloaded after import = 3

========================================================================
Received Import Request.
  Time since last request: 0.000028 seconds.
  path: Assets/New Asssets/Plant Animations/Plant 6/Plant6_00023.png
  artifactKey: Guid(7e1f940886b609f45b10287f395408c9) Importer(2089858483,b0f066a214c2f5e87bad3c948f4d605d)
Start importing Assets/New Asssets/Plant Animations/Plant 6/Plant6_00023.png using Guid(7e1f940886b609f45b10287f395408c9) Importer(2089858483,b0f066a214c2f5e87bad3c948f4d605d) (ScriptedImporter) -> (artifact id: 'd668e2ba342b40ebffe0dd0455afcc9e') in 0.0206615 seconds
Number of updated asset objects reloaded before import = 0Number of asset objects unloaded after import = 3

========================================================================
Received Import Request.
  Time since last request: 0.000022 seconds.
  path: Assets/New Asssets/Plant Animations/Plant 8 Poison/PlantPosion_00008.png
  artifactKey: Guid(bb571a7d755d7094ba592322e75a6adc) Importer(2089858483,b0f066a214c2f5e87bad3c948f4d605d)
Start importing Assets/New Asssets/Plant Animations/Plant 8 Poison/PlantPosion_00008.png using Guid(bb571a7d755d7094ba592322e75a6adc) Importer(2089858483,b0f066a214c2f5e87bad3c948f4d605d) (ScriptedImporter) -> (artifact id: 'bef7022458f8c30ae20727137fed1695') in 0.0187224 seconds
Number of updated asset objects reloaded before import = 0Number of asset objects unloaded after import = 3

========================================================================
Received Import Request.
  Time since last request: 0.000032 seconds.
  path: Assets/New Asssets/Plant Animations/Plant 7/Plant7_00007.png
  artifactKey: Guid(4a64c5b5f3c33484ab175c23fbe37a33) Importer(2089858483,b0f066a214c2f5e87bad3c948f4d605d)
Start importing Assets/New Asssets/Plant Animations/Plant 7/Plant7_00007.png using Guid(4a64c5b5f3c33484ab175c23fbe37a33) Importer(2089858483,b0f066a214c2f5e87bad3c948f4d605d) (ScriptedImporter) -> (artifact id: '4b018911bf3b94dddae0b84cff5999e5') in 0.0249138 seconds
Number of updated asset objects reloaded before import = 0Number of asset objects unloaded after import = 3

========================================================================
Received Import Request.
  Time since last request: 0.000017 seconds.
  path: Assets/New Asssets/BlueWizard/2BlueWizardIdle/Chara - BlueIdle00013.png
  artifactKey: Guid(6d19729b662733249ae94b6e77c9cab0) Importer(815301076,1909f56bfc062723c751e8b465ee728b)
Start importing Assets/New Asssets/BlueWizard/2BlueWizardIdle/Chara - BlueIdle00013.png using Guid(6d19729b662733249ae94b6e77c9cab0) Importer(815301076,1909f56bfc062723c751e8b465ee728b) (PreviewImporter) -> (artifact id: '2560b48853fde52097a2c15cc7f67c60') in 0.0192771 seconds
Number of updated asset objects reloaded before import = 0Number of asset objects unloaded after import = 3

========================================================================
Received Import Request.
  Time since last request: 0.000021 seconds.
  path: Assets/New Asssets/Plant Animations/Plant 5/Plant5_00052.png
  artifactKey: Guid(bab283db83b23e442a4d5cc2dd1cf48f) Importer(2089858483,b0f066a214c2f5e87bad3c948f4d605d)
Start importing Assets/New Asssets/Plant Animations/Plant 5/Plant5_00052.png using Guid(bab283db83b23e442a4d5cc2dd1cf48f) Importer(2089858483,b0f066a214c2f5e87bad3c948f4d605d) (ScriptedImporter) -> (artifact id: '5e1721844e46d78f2f3fab8cc58170ea') in 0.0182694 seconds
Number of updated asset objects reloaded before import = 0Number of asset objects unloaded after import = 3

========================================================================
Received Import Request.
  Time since last request: 0.000020 seconds.
  path: Assets/New Asssets/Plant Animations/Plant 5/Plant5_00023.png
  artifactKey: Guid(460a9e1433c5d4f42b645d42a2573fdd) Importer(2089858483,b0f066a214c2f5e87bad3c948f4d605d)
Start importing Assets/New Asssets/Plant Animations/Plant 5/Plant5_00023.png using Guid(460a9e1433c5d4f42b645d42a2573fdd) Importer(2089858483,b0f066a214c2f5e87bad3c948f4d605d) (ScriptedImporter) -> (artifact id: '5421869b83dff15f29e11a8e6de91380') in 0.0183258 seconds
Number of updated asset objects reloaded before import = 0Number of asset objects unloaded after import = 3

========================================================================
Received Import Request.
  Time since last request: 0.000021 seconds.
  path: Assets/New Asssets/Plant Animations/Plant 6/Plant6_00024.png
  artifactKey: Guid(08c2cf2ed3dba4b4d94c53693fbca347) Importer(2089858483,b0f066a214c2f5e87bad3c948f4d605d)
Start importing Assets/New Asssets/Plant Animations/Plant 6/Plant6_00024.png using Guid(08c2cf2ed3dba4b4d94c53693fbca347) Importer(2089858483,b0f066a214c2f5e87bad3c948f4d605d) (ScriptedImporter) -> (artifact id: '47e17be4298420c04426462dee0aca1e') in 0.0185927 seconds
Number of updated asset objects reloaded before import = 0Number of asset objects unloaded after import = 3

========================================================================
Received Import Request.
  Time since last request: 0.000029 seconds.
  path: Assets/New Asssets/Plant Animations/BlueFlower2/BluePlantClosed_00019.png
  artifactKey: Guid(61be233e615fded44a6d697a57b18d22) Importer(2089858483,b0f066a214c2f5e87bad3c948f4d605d)
Start importing Assets/New Asssets/Plant Animations/BlueFlower2/BluePlantClosed_00019.png using Guid(61be233e615fded44a6d697a57b18d22) Importer(2089858483,b0f066a214c2f5e87bad3c948f4d605d) (ScriptedImporter) -> (artifact id: 'cb334c9730369a2eda08cea710524f9b') in 0.0257158 seconds
Number of updated asset objects reloaded before import = 0Number of asset objects unloaded after import = 8

========================================================================
Received Import Request.
  Time since last request: 0.000017 seconds.
  path: Assets/New Asssets/Plant Animations/Plant 4/Plant4_00031.png
  artifactKey: Guid(6168f41e37009564ab9196ba42c55c15) Importer(2089858483,b0f066a214c2f5e87bad3c948f4d605d)
Start importing Assets/New Asssets/Plant Animations/Plant 4/Plant4_00031.png using Guid(6168f41e37009564ab9196ba42c55c15) Importer(2089858483,b0f066a214c2f5e87bad3c948f4d605d) (ScriptedImporter) -> (artifact id: 'c940d4a8d499a5b1376cc7d96136e69b') in 0.018043 seconds
Number of updated asset objects reloaded before import = 0Number of asset objects unloaded after import = 3

========================================================================
Received Import Request.
  Time since last request: 1.168697 seconds.
  path: Assets/New Asssets/SlimeOrange/SlimeOrange_00029.png
  artifactKey: Guid(86ea5d472d0a4694e8e2e1574b2636d6) Importer(2089858483,b0f066a214c2f5e87bad3c948f4d605d)
Start importing Assets/New Asssets/SlimeOrange/SlimeOrange_00029.png using Guid(86ea5d472d0a4694e8e2e1574b2636d6) Importer(2089858483,b0f066a214c2f5e87bad3c948f4d605d) (ScriptedImporter) -> (artifact id: '9d43c761607b95f41657670eaa16f716') in 0.0171744 seconds
Number of updated asset objects reloaded before import = 0Number of asset objects unloaded after import = 3

========================================================================
Received Import Request.
  Time since last request: 0.000023 seconds.
  path: Assets/New Asssets/SlimeGreen/SlimeBasic_00014.png
  artifactKey: Guid(5403924e450d16046a11ba6ca000f1eb) Importer(2089858483,b0f066a214c2f5e87bad3c948f4d605d)
Start importing Assets/New Asssets/SlimeGreen/SlimeBasic_00014.png using Guid(5403924e450d16046a11ba6ca000f1eb) Importer(2089858483,b0f066a214c2f5e87bad3c948f4d605d) (ScriptedImporter) -> (artifact id: '50b469bbc693e754962b35667c42fadf') in 0.0165514 seconds
Number of updated asset objects reloaded before import = 0Number of asset objects unloaded after import = 3

========================================================================
Received Import Request.
  Time since last request: 0.000021 seconds.
  path: Assets/New Asssets/SlimeGreen/SlimeBasic_00026.png
  artifactKey: Guid(389edf2b5cb15644fb72bd59f0d9a269) Importer(2089858483,b0f066a214c2f5e87bad3c948f4d605d)
Start importing Assets/New Asssets/SlimeGreen/SlimeBasic_00026.png using Guid(389edf2b5cb15644fb72bd59f0d9a269) Importer(2089858483,b0f066a214c2f5e87bad3c948f4d605d) (ScriptedImporter) -> (artifact id: 'a8f53207242e3fb14a1d02d232f384cd') in 0.0178055 seconds
Number of updated asset objects reloaded before import = 0Number of asset objects unloaded after import = 3

========================================================================
Received Import Request.
  Time since last request: 0.000022 seconds.
  path: Assets/New Asssets/SlimeOrange/SlimeOrange_00019.png
  artifactKey: Guid(b155bfba8e1aa9243867cbefb72ad0c5) Importer(2089858483,b0f066a214c2f5e87bad3c948f4d605d)
Start importing Assets/New Asssets/SlimeOrange/SlimeOrange_00019.png using Guid(b155bfba8e1aa9243867cbefb72ad0c5) Importer(2089858483,b0f066a214c2f5e87bad3c948f4d605d) (ScriptedImporter) -> (artifact id: '760cdbdac78df45510f5a94c85694e32') in 0.0198904 seconds
Number of updated asset objects reloaded before import = 0Number of asset objects unloaded after import = 3

========================================================================
Received Import Request.
  Time since last request: 0.000035 seconds.
  path: Assets/New Asssets/SlimeGreen/SlimeBasic_00017.png
  artifactKey: Guid(ba1eb3d5cba2c3745b7a29d25a740ba5) Importer(2089858483,b0f066a214c2f5e87bad3c948f4d605d)
Start importing Assets/New Asssets/SlimeGreen/SlimeBasic_00017.png using Guid(ba1eb3d5cba2c3745b7a29d25a740ba5) Importer(2089858483,b0f066a214c2f5e87bad3c948f4d605d) (ScriptedImporter) -> (artifact id: '2326c0e29b8b72570c89c525395ba0b5') in 0.0208874 seconds
Number of updated asset objects reloaded before import = 0Number of asset objects unloaded after import = 3

========================================================================
Received Import Request.
  Time since last request: 0.000018 seconds.
  path: Assets/New Asssets/SlimeOrange/SlimeOrange_00024.png
  artifactKey: Guid(91adf26b91d167348870d996d8479b40) Importer(2089858483,b0f066a214c2f5e87bad3c948f4d605d)
Start importing Assets/New Asssets/SlimeOrange/SlimeOrange_00024.png using Guid(91adf26b91d167348870d996d8479b40) Importer(2089858483,b0f066a214c2f5e87bad3c948f4d605d) (ScriptedImporter) -> (artifact id: '6b992015224856978d3549de1ce71f58') in 0.0178229 seconds
Number of updated asset objects reloaded before import = 0Number of asset objects unloaded after import = 3

========================================================================
Received Import Request.
  Time since last request: 0.000019 seconds.
  path: Assets/New Asssets/SlimeOrange/SlimeOrange_00016.png
  artifactKey: Guid(d84f687bb60913d49809b0407ba0f7ee) Importer(2089858483,b0f066a214c2f5e87bad3c948f4d605d)
Start importing Assets/New Asssets/SlimeOrange/SlimeOrange_00016.png using Guid(d84f687bb60913d49809b0407ba0f7ee) Importer(2089858483,b0f066a214c2f5e87bad3c948f4d605d) (ScriptedImporter) -> (artifact id: '21d1b74560742265cb575d082ae2a0e1') in 0.0172253 seconds
Number of updated asset objects reloaded before import = 0Number of asset objects unloaded after import = 3

========================================================================
Received Import Request.
  Time since last request: 0.000015 seconds.
  path: Assets/New Asssets/SlimeOrange/SlimeOrange_00013.png
  artifactKey: Guid(ffc5136fd50e20a4d82b964957f8a450) Importer(2089858483,b0f066a214c2f5e87bad3c948f4d605d)
Start importing Assets/New Asssets/SlimeOrange/SlimeOrange_00013.png using Guid(ffc5136fd50e20a4d82b964957f8a450) Importer(2089858483,b0f066a214c2f5e87bad3c948f4d605d) (ScriptedImporter) -> (artifact id: 'f799118221f36a4196197d0763b875aa') in 0.0165195 seconds
Number of updated asset objects reloaded before import = 0Number of asset objects unloaded after import = 3

========================================================================
Received Import Request.
  Time since last request: 0.000025 seconds.
  path: Assets/New Asssets/SlimeGreen/SlimeBasic_00021.png
  artifactKey: Guid(bc50d678add78a044afd90fa3105f13f) Importer(2089858483,b0f066a214c2f5e87bad3c948f4d605d)
Start importing Assets/New Asssets/SlimeGreen/SlimeBasic_00021.png using Guid(bc50d678add78a044afd90fa3105f13f) Importer(2089858483,b0f066a214c2f5e87bad3c948f4d605d) (ScriptedImporter) -> (artifact id: 'abe7dc4e08ed7ba4b066dbcb43f12c61') in 0.0182223 seconds
Number of updated asset objects reloaded before import = 0Number of asset objects unloaded after import = 3

========================================================================
Received Import Request.
  Time since last request: 0.000029 seconds.
  path: Assets/New Asssets/SlimeGreen/SlimeBasic_00013.png
  artifactKey: Guid(af5799bfe22052f44b42a95935527db9) Importer(2089858483,b0f066a214c2f5e87bad3c948f4d605d)
Start importing Assets/New Asssets/SlimeGreen/SlimeBasic_00013.png using Guid(af5799bfe22052f44b42a95935527db9) Importer(2089858483,b0f066a214c2f5e87bad3c948f4d605d) (ScriptedImporter) -> (artifact id: 'e70b5a4c6c92a1561d79156f023e2a77') in 0.0227437 seconds
Number of updated asset objects reloaded before import = 0Number of asset objects unloaded after import = 3

========================================================================
Received Import Request.
  Time since last request: 0.000016 seconds.
  path: Assets/New Asssets/SlimeGreen/SlimeBasic_00020.png
  artifactKey: Guid(7d18915d727aca24495c70d81ae43ff3) Importer(2089858483,b0f066a214c2f5e87bad3c948f4d605d)
Start importing Assets/New Asssets/SlimeGreen/SlimeBasic_00020.png using Guid(7d18915d727aca24495c70d81ae43ff3) Importer(2089858483,b0f066a214c2f5e87bad3c948f4d605d) (ScriptedImporter) -> (artifact id: 'da92e7af0704dd674110feef79d3eb92') in 0.014627 seconds
Number of updated asset objects reloaded before import = 0Number of asset objects unloaded after import = 3

========================================================================
Received Import Request.
  Time since last request: 0.000021 seconds.
  path: Assets/New Asssets/SlimeOrange/SlimeOrange_00026.png
  artifactKey: Guid(a8d367f412ca87c4383ebe914d02d528) Importer(2089858483,b0f066a214c2f5e87bad3c948f4d605d)
Start importing Assets/New Asssets/SlimeOrange/SlimeOrange_00026.png using Guid(a8d367f412ca87c4383ebe914d02d528) Importer(2089858483,b0f066a214c2f5e87bad3c948f4d605d) (ScriptedImporter) -> (artifact id: '2c5913163ee2bf0be8ee8a4165c7c9a3') in 0.0195854 seconds
Number of updated asset objects reloaded before import = 0Number of asset objects unloaded after import = 3

========================================================================
Received Import Request.
  Time since last request: 0.000024 seconds.
  path: Assets/New Asssets/SlimeGreen/SlimeBasic_00028.png
  artifactKey: Guid(5dd976fbc2572e8499a643cf9a409a51) Importer(2089858483,b0f066a214c2f5e87bad3c948f4d605d)
Start importing Assets/New Asssets/SlimeGreen/SlimeBasic_00028.png using Guid(5dd976fbc2572e8499a643cf9a409a51) Importer(2089858483,b0f066a214c2f5e87bad3c948f4d605d) (ScriptedImporter) -> (artifact id: '3ad9a446779ab2a4d896d4dcfc87728d') in 0.0164071 seconds
Number of updated asset objects reloaded before import = 0Number of asset objects unloaded after import = 3

========================================================================
Received Import Request.
  Time since last request: 0.000022 seconds.
  path: Assets/New Asssets/SlimeGreen/SlimeBasic_00008.png
  artifactKey: Guid(fe0dc3dce04b63f4b9642002effc2eec) Importer(2089858483,b0f066a214c2f5e87bad3c948f4d605d)
Start importing Assets/New Asssets/SlimeGreen/SlimeBasic_00008.png using Guid(fe0dc3dce04b63f4b9642002effc2eec) Importer(2089858483,b0f066a214c2f5e87bad3c948f4d605d) (ScriptedImporter) -> (artifact id: '6d642a231fa21c359d049b5cb6326457') in 0.0159366 seconds
Number of updated asset objects reloaded before import = 0Number of asset objects unloaded after import = 3

========================================================================
Received Import Request.
  Time since last request: 0.000029 seconds.
  path: Assets/New Asssets/SlimeGreen/SlimeBasic_00018.png
  artifactKey: Guid(5026638cdd189874d8acfecfdd5f2de7) Importer(2089858483,b0f066a214c2f5e87bad3c948f4d605d)
Start importing Assets/New Asssets/SlimeGreen/SlimeBasic_00018.png using Guid(5026638cdd189874d8acfecfdd5f2de7) Importer(2089858483,b0f066a214c2f5e87bad3c948f4d605d) (ScriptedImporter) -> (artifact id: 'cd3d87d9390a331d72b5e8e94c0a8332') in 0.0176468 seconds
Number of updated asset objects reloaded before import = 0Number of asset objects unloaded after import = 3

Editor requested this worker to shutdown with reason: Scaling down because of idle timeout
AssetImportWorker is now disconnected from the server
Process exiting
Exiting without the bug reporter. Application will terminate with return code 0