[Licensing::Module] Trying to connect to existing licensing client channel...
Built from '6000.3/respin/6000.3.1f1-f56f53296c2c' branch; Version is '6000.3.1f1 (37142da19a94) revision 3609645'; Using compiler version '194234433'; Build Type 'Release'
[Licensing::IpcConnector] Successfully connected to: "LicenseClient-Huseyn" at "2026-04-17T19:31:36.7744382Z"
OS: 'Windows 11  (10.0.26200) 64bit Professional' Language: 'en' Physical Memory: 16200 MB
BatchMode: 1, IsHumanControllingUs: 0, StartBugReporterOnCrash: 0, Is64bit: 1
Date: 2026-04-17T19:31:36Z

COMMAND LINE ARGUMENTS:
C:\Program Files\Unity\Hub\Editor\6000.3.1f1\Editor\Unity.exe
-adb2
-batchMode
-noUpm
-name
AssetImportWorker26
-projectPath
C:/Users/Huseyn/Desktop/New folder (2)/PlatformGameForLesson
-logFile
Logs/AssetImportWorker26.log
-srvPort
52413
-licensingIpc
LicenseClient-Huseyn
-job-worker-count
7
-background-job-worker-count
8
-gc-helper-count
1
-name
AssetImport
Successfully changed project path to: C:/Users/Huseyn/Desktop/New folder (2)/PlatformGameForLesson
C:/Users/Huseyn/Desktop/New folder (2)/PlatformGameForLesson
[UnityMemory] Configuration Parameters - Can be set up in boot.config
    "memorysetup-temp-allocator-size-nav-mesh-worker=65536"
    "memorysetup-temp-allocator-size-audio-worker=65536"
    "memorysetup-temp-allocator-size-gfx=262144"
    "memorysetup-allocator-temp-initial-block-size-main=262144"
    "memorysetup-allocator-temp-initial-block-size-worker=262144"
    "memorysetup-temp-allocator-size-background-worker=32768"
    "memorysetup-temp-allocator-size-job-worker=262144"
    "memorysetup-temp-allocator-size-preload-manager=33554432"
    "memorysetup-temp-allocator-size-gi-baking-worker=262144"
    "memorysetup-temp-allocator-size-gi-baking-worker=262144"
    "memorysetup-temp-allocator-size-gi-baking-worker=262144"
    "memorysetup-temp-allocator-size-gi-baking-worker=262144"
    "memorysetup-temp-allocator-size-gi-baking-worker=262144"
    "memorysetup-bucket-allocator-granularity=16"
    "memorysetup-bucket-allocator-bucket-count=8"
    "memorysetup-bucket-allocator-block-size=33554432"
    "memorysetup-bucket-allocator-block-count=8"
    "memorysetup-main-allocator-block-size=16777216"
    "memorysetup-thread-allocator-block-size=16777216"
    "memorysetup-gfx-main-allocator-block-size=16777216"
    "memorysetup-gfx-thread-allocator-block-size=16777216"
    "memorysetup-cache-allocator-block-size=4194304"
    "memorysetup-typetree-allocator-block-size=2097152"
    "memorysetup-profiler-bucket-allocator-granularity=16"
    "memorysetup-profiler-bucket-allocator-bucket-count=8"
    "memorysetup-profiler-bucket-allocator-block-size=33554432"
    "memorysetup-profiler-bucket-allocator-block-count=8"
    "memorysetup-profiler-allocator-block-size=16777216"
    "memorysetup-profiler-editor-allocator-block-size=1048576"
    "memorysetup-temp-allocator-size-main=16777216"
    "memorysetup-job-temp-allocator-block-size=2097152"
    "memorysetup-job-temp-allocator-block-size-background=1048576"
    "memorysetup-job-temp-allocator-reduction-small-platforms=262144"
    "memorysetup-temp-allocator-size-cloud-worker=32768"
Player connection [36320]  Target information:

Player connection [36320]  * "[IP] 192.168.56.1 [Port] 0 [Flags] 2 [Guid] 3283095182 [EditorId] 3283095182 [Version] 1048832 [Id] WindowsEditor(7,DESKTOP-P8DN92Q) [Debug] 1 [PackageName] WindowsEditor [ProjectName] Editor" 

Player connection [36320]  * "[IP] 192.168.0.200 [Port] 0 [Flags] 2 [Guid] 3283095182 [EditorId] 3283095182 [Version] 1048832 [Id] WindowsEditor(7,DESKTOP-P8DN92Q) [Debug] 1 [PackageName] WindowsEditor [ProjectName] Editor" 

Player connection [36320] Host joined multi-casting on [225.0.0.222:54997]...
Player connection [36320] Host joined alternative multi-casting on [225.0.0.222:34997]...
JobSystem: Creating JobQueue using job-worker-count value 7
Input System module state changed to: Initialized.
[Physics::Module] Initialized fallback backend.
[Physics::Module] Id: 0xdecafbad
Library Redirect Path: Library/
[Physics::Module] Selected backend.
[Physics::Module] Name: PhysX
[Physics::Module] Id: 0xf2b8ea05
[Physics::Module] SDK Version: 4.1.2
[Physics::Module] Integration Version: 1.0.0
[Physics::Module] Threading Mode: Multi-Threaded
Refreshing native plugins compatible for Editor in 4.58 ms, found 4 plugins.
Preloading 0 native plugins for Editor in 0.00 ms.
Initialize engine version: 6000.3.1f1 (37142da19a94)
[Subsystems] Discovering subsystems at path C:/Program Files/Unity/Hub/Editor/6000.3.1f1/Editor/Data/Resources/UnitySubsystems
[Subsystems] Discovering subsystems at path C:/Users/Huseyn/Desktop/New folder (2)/PlatformGameForLesson/Assets
GfxDevice: creating device client; kGfxThreadingModeNonThreaded
Direct3D:
    Version:  Direct3D 11.0 [level 11.1]
    Renderer: NVIDIA GeForce RTX 3050 Laptop GPU (ID=0x25a2)
    Vendor:   NVIDIA
    VRAM:     3962 MB
    Driver:   32.0.15.9186
Initialize mono
Mono path[0] = 'C:/Program Files/Unity/Hub/Editor/6000.3.1f1/Editor/Data/Managed'
Mono path[1] = 'C:/Program Files/Unity/Hub/Editor/6000.3.1f1/Editor/Data/MonoBleedingEdge/lib/mono/unityjit-win32'
Mono config path = 'C:/Program Files/Unity/Hub/Editor/6000.3.1f1/Editor/Data/MonoBleedingEdge/etc'
Using monoOptions --debugger-agent=transport=dt_socket,embedding=1,server=y,suspend=n,address=127.0.0.1:56176
Begin MonoManager ReloadAssembly
Registering precompiled unity dll's ...
Register platform support module: C:/Program Files/Unity/Hub/Editor/6000.3.1f1/Editor/Data/PlaybackEngines/WebGLSupport/UnityEditor.WebGL.Extensions.dll
Register platform support module: C:/Program Files/Unity/Hub/Editor/6000.3.1f1/Editor/Data/PlaybackEngines/WindowsStandaloneSupport/UnityEditor.WindowsStandalone.Extensions.dll
[Licensing::Module] Licensing is not yet initialized.
[Licensing::Client] Handshaking with LicensingClient:
  Version:                 1.17.4+4293ba1
  Session Id:              596ad47cbd4443089232b2d66f49063b
  Correlation Id:          b6c0715d3a820be36b2f7da351ade35c
  External correlation Id: 5591574936505479289
  Machine Id:              tv/gQBm3jDMfnTwrqsG2ELGBXbM=
[Licensing::Module] Successfully connected to LicensingClient on channel: "LicenseClient-Huseyn" (connect: 0.00s, validation: 0.00s, handshake: 1.12s)
[Licensing::IpcConnector] Successfully connected to: "LicenseClient-Huseyn-notifications" at "2026-04-17T19:31:37.8980907Z"
[Licensing::Module] Licensing Background thread has ended after 1.12s
[Licensing::Module] Licensing is initialized (took 0.13s).
[Licensing::Client] Successfully resolved entitlement details
[Licensing::Module] License group:
  Id: 18966791570336-UnityPersXXXX
  Product: Unity Personal
  Type: Assigned
  Expiration: Unlimited
Register platform support module: C:/Program Files/Unity/Hub/Editor/6000.3.1f1/Editor/Data/PlaybackEngines/AndroidPlayer/UnityEditor.Android.Extensions.dll
Registered in 0.136045 seconds.
- Loaded All Assemblies, in  0.630 seconds
Native extension for Android target not found
Android Extension - Scanning For ADB Devices 279 ms
Native extension for WindowsStandalone target not found
Native extension for WebGL target not found
Mono: successfully reloaded assembly
- Finished resetting the current domain, in  0.782 seconds
Domain Reload Profiling: 1408ms
	BeginReloadAssembly (161ms)
		ExecutionOrderSort (0ms)
		DisableScriptedObjects (0ms)
		BackupInstance (0ms)
		ReleaseScriptingObjects (0ms)
		CreateAndSetChildDomain (1ms)
	RebuildCommonClasses (47ms)
	RebuildNativeTypeToScriptingClass (15ms)
	initialDomainReloadingComplete (190ms)
	LoadAllAssembliesAndSetupDomain (211ms)
		LoadAssemblies (156ms)
		RebuildTransferFunctionScriptingTraits (0ms)
		AnalyzeDomain (207ms)
			TypeCache.Refresh (205ms)
				TypeCache.ScanAssembly (191ms)
			BuildScriptInfoCaches (0ms)
			ResolveRequiredComponents (1ms)
	FinalizeReload (783ms)
		ReleaseScriptCaches (0ms)
		RebuildScriptCaches (0ms)
		SetupLoadedEditorAssemblies (724ms)
			LogAssemblyErrors (0ms)
			InitializePlatformSupportModulesInManaged (380ms)
			SetLoadedEditorAssemblies (5ms)
			BeforeProcessingInitializeOnLoad (96ms)
			ProcessInitializeOnLoadAttributes (160ms)
			ProcessInitializeOnLoadMethodAttributes (82ms)
			AfterProcessingInitializeOnLoad (0ms)
			EditorAssembliesLoaded (0ms)
		ExecutionOrderSort2 (0ms)
		AwakeInstancesAfterBackupRestoration (0ms)
========================================================================
Worker process is ready to serve import requests
Import Worker Mode flag is 0x00
Begin MonoManager ReloadAssembly
[Licensing::Client] Successfully resolved entitlement details
- Loaded All Assemblies, in  0.983 seconds
Refreshing native plugins compatible for Editor in 2.59 ms, found 4 plugins.
Native extension for Android target not found
Native extension for WindowsStandalone target not found
Native extension for WebGL target not found
Package Manager log level set to [2]
[Package Manager] Failed to launch server process. Reason: Unity was launched with the -noUpm command-line argument
[Package Manager] Unable to send message (not connected to server process).
[Package Manager] Cannot connect to Unity Package Manager local server
Mono: successfully reloaded assembly
- Finished resetting the current domain, in  0.924 seconds
Domain Reload Profiling: 1898ms
	BeginReloadAssembly (211ms)
		ExecutionOrderSort (0ms)
		DisableScriptedObjects (9ms)
		BackupInstance (0ms)
		ReleaseScriptingObjects (0ms)
		CreateAndSetChildDomain (46ms)
	RebuildCommonClasses (44ms)
	RebuildNativeTypeToScriptingClass (14ms)
	initialDomainReloadingComplete (48ms)
	LoadAllAssembliesAndSetupDomain (657ms)
		LoadAssemblies (463ms)
		RebuildTransferFunctionScriptingTraits (0ms)
		AnalyzeDomain (300ms)
			TypeCache.Refresh (222ms)
				TypeCache.ScanAssembly (203ms)
			BuildScriptInfoCaches (63ms)
			ResolveRequiredComponents (11ms)
	FinalizeReload (924ms)
		ReleaseScriptCaches (0ms)
		RebuildScriptCaches (0ms)
		SetupLoadedEditorAssemblies (759ms)
			LogAssemblyErrors (0ms)
			InitializePlatformSupportModulesInManaged (11ms)
			SetLoadedEditorAssemblies (5ms)
			BeforeProcessingInitializeOnLoad (185ms)
			ProcessInitializeOnLoadAttributes (403ms)
			ProcessInitializeOnLoadMethodAttributes (145ms)
			AfterProcessingInitializeOnLoad (10ms)
			EditorAssembliesLoaded (0ms)
		ExecutionOrderSort2 (0ms)
		AwakeInstancesAfterBackupRestoration (7ms)
Launched and connected shader compiler UnityShaderCompiler.exe after 0.01 seconds
Refreshing native plugins compatible for Editor in 2.44 ms, found 4 plugins.
Preloading 0 native plugins for Editor in 0.00 ms.
Unloading 16 Unused Serialized files (Serialized files now loaded: 0)
Unloading 6876 unused Assets / (5.1 MB). Loaded Objects now: 7711.
Memory consumption went from 157.4 MB to 152.3 MB.
Total: 12.688600 ms (FindLiveObjects: 0.919100 ms CreateObjectMapping: 1.124300 ms MarkObjects: 7.361800 ms  DeleteObjects: 3.281600 ms)

========================================================================
Received Import Request.
  Time since last request: 27113.001840 seconds.
  path: Assets/sprites/Plant Animations/Plant 1/Plant1_00077.png
  artifactKey: Guid(f0211240c4272fe44b6fa142da15851b) Importer(2089858483,b0f066a214c2f5e87bad3c948f4d605d)
Start importing Assets/sprites/Plant Animations/Plant 1/Plant1_00077.png using Guid(f0211240c4272fe44b6fa142da15851b) Importer(2089858483,b0f066a214c2f5e87bad3c948f4d605d) (ScriptedImporter) -> (artifact id: 'f41375325b47b4b6b8128ef74352e2ee') in 0.1489903 seconds
Number of updated asset objects reloaded before import = 0Number of asset objects unloaded after import = 3

========================================================================
Received Import Request.
  Time since last request: 0.000021 seconds.
  path: Assets/sprites/Plant Animations/Plant 2/Plant2_00052.png
  artifactKey: Guid(c8b4683c29aa1a6429d1b9e64c0cf1ff) Importer(2089858483,b0f066a214c2f5e87bad3c948f4d605d)
Start importing Assets/sprites/Plant Animations/Plant 2/Plant2_00052.png using Guid(c8b4683c29aa1a6429d1b9e64c0cf1ff) Importer(2089858483,b0f066a214c2f5e87bad3c948f4d605d) (ScriptedImporter) -> (artifact id: 'c52201fb2d7432fbc1c8191b45981d96') in 0.0218885 seconds
Number of updated asset objects reloaded before import = 0Number of asset objects unloaded after import = 5

========================================================================
Received Import Request.
  Time since last request: 0.000024 seconds.
  path: Assets/sprites/Plant Animations/Plant 4/Plant4_00046.png
  artifactKey: Guid(82ead51d04f16c4478e798b7103285d6) Importer(2089858483,b0f066a214c2f5e87bad3c948f4d605d)
Start importing Assets/sprites/Plant Animations/Plant 4/Plant4_00046.png using Guid(82ead51d04f16c4478e798b7103285d6) Importer(2089858483,b0f066a214c2f5e87bad3c948f4d605d) (ScriptedImporter) -> (artifact id: '54d30c535594e270608d9ceca7317872') in 0.0184975 seconds
Number of updated asset objects reloaded before import = 0Number of asset objects unloaded after import = 3

========================================================================
Received Import Request.
  Time since last request: 0.000036 seconds.
  path: Assets/sprites/Plant Animations/PlantJump/JumpPlant_00015.png
  artifactKey: Guid(678555c120fdcb345919468120363268) Importer(2089858483,b0f066a214c2f5e87bad3c948f4d605d)
Start importing Assets/sprites/Plant Animations/PlantJump/JumpPlant_00015.png using Guid(678555c120fdcb345919468120363268) Importer(2089858483,b0f066a214c2f5e87bad3c948f4d605d) (ScriptedImporter) -> (artifact id: 'f403ad2596963acce81afd7eb4817720') in 0.0165948 seconds
Number of updated asset objects reloaded before import = 0Number of asset objects unloaded after import = 3

========================================================================
Received Import Request.
  Time since last request: 0.000016 seconds.
  path: Assets/sprites/Plant Animations/Plant 7/Plant7_00051.png
  artifactKey: Guid(19155a8c06b9aac41b6be267b8b71486) Importer(2089858483,b0f066a214c2f5e87bad3c948f4d605d)
Start importing Assets/sprites/Plant Animations/Plant 7/Plant7_00051.png using Guid(19155a8c06b9aac41b6be267b8b71486) Importer(2089858483,b0f066a214c2f5e87bad3c948f4d605d) (ScriptedImporter) -> (artifact id: '09502bb4d6e419784a855395f26deb08') in 0.0185466 seconds
Number of updated asset objects reloaded before import = 0Number of asset objects unloaded after import = 3

========================================================================
Received Import Request.
  Time since last request: 0.000017 seconds.
  path: Assets/sprites/Plant Animations/Plant 3/Plant3_00079.png
  artifactKey: Guid(5bd04717a77cf4d4ab619191193619c7) Importer(2089858483,b0f066a214c2f5e87bad3c948f4d605d)
Start importing Assets/sprites/Plant Animations/Plant 3/Plant3_00079.png using Guid(5bd04717a77cf4d4ab619191193619c7) Importer(2089858483,b0f066a214c2f5e87bad3c948f4d605d) (ScriptedImporter) -> (artifact id: '6e1f9f5cef3e5e052a15427f47577bd2') in 0.0196584 seconds
Number of updated asset objects reloaded before import = 0Number of asset objects unloaded after import = 4

========================================================================
Received Import Request.
  Time since last request: 0.000017 seconds.
  path: Assets/sprites/Plant Animations/Plant 3/Plant3_00024.png
  artifactKey: Guid(e015eb46d57c6864a9db6cb908524b98) Importer(2089858483,b0f066a214c2f5e87bad3c948f4d605d)
Start importing Assets/sprites/Plant Animations/Plant 3/Plant3_00024.png using Guid(e015eb46d57c6864a9db6cb908524b98) Importer(2089858483,b0f066a214c2f5e87bad3c948f4d605d) (ScriptedImporter) -> (artifact id: '56ecb8e933db866cb9be43acb5e32520') in 0.0179836 seconds
Number of updated asset objects reloaded before import = 0Number of asset objects unloaded after import = 4

========================================================================
Received Import Request.
  Time since last request: 0.000018 seconds.
  path: Assets/sprites/Plant Animations/Plant 1/Plant1_00029.png
  artifactKey: Guid(c17bec53c38224e4dac7066953338b4d) Importer(2089858483,b0f066a214c2f5e87bad3c948f4d605d)
Start importing Assets/sprites/Plant Animations/Plant 1/Plant1_00029.png using Guid(c17bec53c38224e4dac7066953338b4d) Importer(2089858483,b0f066a214c2f5e87bad3c948f4d605d) (ScriptedImporter) -> (artifact id: '0d540add37ca7426ea9db6b7688819aa') in 0.0185628 seconds
Number of updated asset objects reloaded before import = 0Number of asset objects unloaded after import = 3

========================================================================
Received Import Request.
  Time since last request: 0.000032 seconds.
  path: Assets/sprites/Plant Animations/Plant 2/Plant2_00089.png
  artifactKey: Guid(3cfc29d7d2448ce4ca01e61ec39ea183) Importer(2089858483,b0f066a214c2f5e87bad3c948f4d605d)
Start importing Assets/sprites/Plant Animations/Plant 2/Plant2_00089.png using Guid(3cfc29d7d2448ce4ca01e61ec39ea183) Importer(2089858483,b0f066a214c2f5e87bad3c948f4d605d) (ScriptedImporter) -> (artifact id: '7aba9c5723e71e5122a294d4909a5876') in 0.0191861 seconds
Number of updated asset objects reloaded before import = 0Number of asset objects unloaded after import = 5

========================================================================
Received Import Request.
  Time since last request: 0.000022 seconds.
  path: Assets/sprites/Plant Animations/Plant 4/Plant4_00023.png
  artifactKey: Guid(10141fd2870b1e740a1c7e8a4c68ec2d) Importer(2089858483,b0f066a214c2f5e87bad3c948f4d605d)
Start importing Assets/sprites/Plant Animations/Plant 4/Plant4_00023.png using Guid(10141fd2870b1e740a1c7e8a4c68ec2d) Importer(2089858483,b0f066a214c2f5e87bad3c948f4d605d) (ScriptedImporter) -> (artifact id: '22dd8b081d04ac56af3bbe477aee3621') in 0.0191687 seconds
Number of updated asset objects reloaded before import = 0Number of asset objects unloaded after import = 3

========================================================================
Received Import Request.
  Time since last request: 0.000018 seconds.
  path: Assets/sprites/Plant Animations/BlueFlower1/BlueFlower_00017.png
  artifactKey: Guid(19027a51d0aafdc48ba3759622aa3aaa) Importer(2089858483,b0f066a214c2f5e87bad3c948f4d605d)
Start importing Assets/sprites/Plant Animations/BlueFlower1/BlueFlower_00017.png using Guid(19027a51d0aafdc48ba3759622aa3aaa) Importer(2089858483,b0f066a214c2f5e87bad3c948f4d605d) (ScriptedImporter) -> (artifact id: 'da0f1abc7328b63d6ffab368a42c8f7f') in 0.0176372 seconds
Number of updated asset objects reloaded before import = 0Number of asset objects unloaded after import = 3

========================================================================
Received Import Request.
  Time since last request: 0.000032 seconds.
  path: Assets/sprites/Plant Animations/Plant 6/Plant6_00005.png
  artifactKey: Guid(2efa6470e0038014b874e2edfe5721ac) Importer(2089858483,b0f066a214c2f5e87bad3c948f4d605d)
Start importing Assets/sprites/Plant Animations/Plant 6/Plant6_00005.png using Guid(2efa6470e0038014b874e2edfe5721ac) Importer(2089858483,b0f066a214c2f5e87bad3c948f4d605d) (ScriptedImporter) -> (artifact id: '915568f57d48176333637885e195f509') in 0.0167103 seconds
Number of updated asset objects reloaded before import = 0Number of asset objects unloaded after import = 3

========================================================================
Received Import Request.
  Time since last request: 0.000019 seconds.
  path: Assets/sprites/Plant Animations/Plant 3/Plant3_00080.png
  artifactKey: Guid(61bc6bb4ed024564b9313b6a97d5f3e1) Importer(2089858483,b0f066a214c2f5e87bad3c948f4d605d)
Start importing Assets/sprites/Plant Animations/Plant 3/Plant3_00080.png using Guid(61bc6bb4ed024564b9313b6a97d5f3e1) Importer(2089858483,b0f066a214c2f5e87bad3c948f4d605d) (ScriptedImporter) -> (artifact id: '5e6d1ab7f2dcbe6303fdc8ff4660d97a') in 0.018303 seconds
Number of updated asset objects reloaded before import = 0Number of asset objects unloaded after import = 4

========================================================================
Received Import Request.
  Time since last request: 0.000027 seconds.
  path: Assets/sprites/Plant Animations/Plant 5/Plant5_00019.png
  artifactKey: Guid(38f58bb89ad842e4bb303f42b546ab9e) Importer(2089858483,b0f066a214c2f5e87bad3c948f4d605d)
Start importing Assets/sprites/Plant Animations/Plant 5/Plant5_00019.png using Guid(38f58bb89ad842e4bb303f42b546ab9e) Importer(2089858483,b0f066a214c2f5e87bad3c948f4d605d) (ScriptedImporter) -> (artifact id: 'b6b6c8671c0409da59200c0c71b29ad5') in 0.0178672 seconds
Number of updated asset objects reloaded before import = 0Number of asset objects unloaded after import = 3

========================================================================
Received Import Request.
  Time since last request: 0.000017 seconds.
  path: Assets/sprites/Plant Animations/BlueFlower2/BluePlantClosed_00055.png
  artifactKey: Guid(ff0b13043f43be845b3e18ba77bad631) Importer(2089858483,b0f066a214c2f5e87bad3c948f4d605d)
Start importing Assets/sprites/Plant Animations/BlueFlower2/BluePlantClosed_00055.png using Guid(ff0b13043f43be845b3e18ba77bad631) Importer(2089858483,b0f066a214c2f5e87bad3c948f4d605d) (ScriptedImporter) -> (artifact id: '13df5eb316f6a9b962d54359018aa674') in 0.0223417 seconds
Number of updated asset objects reloaded before import = 0Number of asset objects unloaded after import = 7

========================================================================
Received Import Request.
  Time since last request: 0.000021 seconds.
  path: Assets/sprites/Plant Animations/Plant 1/Plant1_00030.png
  artifactKey: Guid(66c99e0638b7b08429977b1dfcb9f212) Importer(2089858483,b0f066a214c2f5e87bad3c948f4d605d)
Start importing Assets/sprites/Plant Animations/Plant 1/Plant1_00030.png using Guid(66c99e0638b7b08429977b1dfcb9f212) Importer(2089858483,b0f066a214c2f5e87bad3c948f4d605d) (ScriptedImporter) -> (artifact id: '0a18454d6d80378eb7b1c9563536aee8') in 0.0190027 seconds
Number of updated asset objects reloaded before import = 0Number of asset objects unloaded after import = 3

========================================================================
Received Import Request.
  Time since last request: 0.000021 seconds.
  path: Assets/sprites/Plant Animations/Plant 2/Plant2_00072.png
  artifactKey: Guid(dd6be781879049e43a14f34838613ad2) Importer(2089858483,b0f066a214c2f5e87bad3c948f4d605d)
Start importing Assets/sprites/Plant Animations/Plant 2/Plant2_00072.png using Guid(dd6be781879049e43a14f34838613ad2) Importer(2089858483,b0f066a214c2f5e87bad3c948f4d605d) (ScriptedImporter) -> (artifact id: '154f92fb9bfd15ceeace95fa168a0750') in 0.0195545 seconds
Number of updated asset objects reloaded before import = 0Number of asset objects unloaded after import = 5

========================================================================
Received Import Request.
  Time since last request: 0.000028 seconds.
  path: Assets/sprites/Plant Animations/Plant 6/Plant6_00055.png
  artifactKey: Guid(10311fdac9d8ea54dbd03a57874311c2) Importer(2089858483,b0f066a214c2f5e87bad3c948f4d605d)
Start importing Assets/sprites/Plant Animations/Plant 6/Plant6_00055.png using Guid(10311fdac9d8ea54dbd03a57874311c2) Importer(2089858483,b0f066a214c2f5e87bad3c948f4d605d) (ScriptedImporter) -> (artifact id: '8800f18e9b02d956d5791c44f26e23fe') in 0.0169968 seconds
Number of updated asset objects reloaded before import = 0Number of asset objects unloaded after import = 3

========================================================================
Received Import Request.
  Time since last request: 0.000032 seconds.
  path: Assets/sprites/Plant Animations/Plant Wind 1/Plant Wind 1_00009.png
  artifactKey: Guid(53a4b878ae527604b907c07570bc6660) Importer(2089858483,b0f066a214c2f5e87bad3c948f4d605d)
Start importing Assets/sprites/Plant Animations/Plant Wind 1/Plant Wind 1_00009.png using Guid(53a4b878ae527604b907c07570bc6660) Importer(2089858483,b0f066a214c2f5e87bad3c948f4d605d) (ScriptedImporter) -> (artifact id: 'fc03e2cf27e7940174849585a7fe1f61') in 0.0158537 seconds
Number of updated asset objects reloaded before import = 0Number of asset objects unloaded after import = 3

========================================================================
Received Import Request.
  Time since last request: 0.000018 seconds.
  path: Assets/sprites/Plant Animations/Plant 7/Plant7_00038.png
  artifactKey: Guid(30d4b0261f1e27e468d7e9139c03b32b) Importer(2089858483,b0f066a214c2f5e87bad3c948f4d605d)
Start importing Assets/sprites/Plant Animations/Plant 7/Plant7_00038.png using Guid(30d4b0261f1e27e468d7e9139c03b32b) Importer(2089858483,b0f066a214c2f5e87bad3c948f4d605d) (ScriptedImporter) -> (artifact id: 'd5d24d2ddcb42edb839203bf88304aec') in 0.0168177 seconds
Number of updated asset objects reloaded before import = 0Number of asset objects unloaded after import = 3

========================================================================
Received Import Request.
  Time since last request: 0.000028 seconds.
  path: Assets/sprites/Plant Animations/Plant 6/Plant6_00038.png
  artifactKey: Guid(d0eae29184343e3488944d7e9441a731) Importer(2089858483,b0f066a214c2f5e87bad3c948f4d605d)
Start importing Assets/sprites/Plant Animations/Plant 6/Plant6_00038.png using Guid(d0eae29184343e3488944d7e9441a731) Importer(2089858483,b0f066a214c2f5e87bad3c948f4d605d) (ScriptedImporter) -> (artifact id: 'b010d12f91ce29e89150d6fd0896125c') in 0.0185467 seconds
Number of updated asset objects reloaded before import = 0Number of asset objects unloaded after import = 3

========================================================================
Received Import Request.
  Time since last request: 0.000019 seconds.
  path: Assets/sprites/Plant Animations/Plant 5/Plant5_00006.png
  artifactKey: Guid(fad11ded5973d6940a90c22be659deb3) Importer(2089858483,b0f066a214c2f5e87bad3c948f4d605d)
Start importing Assets/sprites/Plant Animations/Plant 5/Plant5_00006.png using Guid(fad11ded5973d6940a90c22be659deb3) Importer(2089858483,b0f066a214c2f5e87bad3c948f4d605d) (ScriptedImporter) -> (artifact id: 'cbe0eb2f00a98edaebc42322ade15922') in 0.0169028 seconds
Number of updated asset objects reloaded before import = 0Number of asset objects unloaded after import = 3

========================================================================
Received Import Request.
  Time since last request: 0.000021 seconds.
  path: Assets/sprites/Plant Animations/BlueFlower1/BlueFlower_00050.png
  artifactKey: Guid(6bbf7f4a353ffd84daa6ff1bcf9b5840) Importer(2089858483,b0f066a214c2f5e87bad3c948f4d605d)
Start importing Assets/sprites/Plant Animations/BlueFlower1/BlueFlower_00050.png using Guid(6bbf7f4a353ffd84daa6ff1bcf9b5840) Importer(2089858483,b0f066a214c2f5e87bad3c948f4d605d) (ScriptedImporter) -> (artifact id: '440112a8c8627876071191450a41996d') in 0.0166402 seconds
Number of updated asset objects reloaded before import = 0Number of asset objects unloaded after import = 3

========================================================================
Received Import Request.
  Time since last request: 0.000033 seconds.
  path: Assets/sprites/Plant Animations/Plant 6/Plant6_00047.png
  artifactKey: Guid(defa7304455cbdb4ca9eabae1935b298) Importer(2089858483,b0f066a214c2f5e87bad3c948f4d605d)
Start importing Assets/sprites/Plant Animations/Plant 6/Plant6_00047.png using Guid(defa7304455cbdb4ca9eabae1935b298) Importer(2089858483,b0f066a214c2f5e87bad3c948f4d605d) (ScriptedImporter) -> (artifact id: 'a30b7ad4910492562ba1e25b305451a4') in 0.0174644 seconds
Number of updated asset objects reloaded before import = 0Number of asset objects unloaded after import = 3

========================================================================
Received Import Request.
  Time since last request: 0.000023 seconds.
  path: Assets/sprites/Plant Animations/Plant 1/Plant1_00050.png
  artifactKey: Guid(369e4539f8c27b94984ef519aa807408) Importer(2089858483,b0f066a214c2f5e87bad3c948f4d605d)
Start importing Assets/sprites/Plant Animations/Plant 1/Plant1_00050.png using Guid(369e4539f8c27b94984ef519aa807408) Importer(2089858483,b0f066a214c2f5e87bad3c948f4d605d) (ScriptedImporter) -> (artifact id: '38172cc75700e2f8448dbfeade1a5ff2') in 0.0179922 seconds
Number of updated asset objects reloaded before import = 0Number of asset objects unloaded after import = 3

========================================================================
Received Import Request.
  Time since last request: 0.000020 seconds.
  path: Assets/sprites/Plant Animations/Plant 4/Plant4_00014.png
  artifactKey: Guid(ce48f66da47e7bc438a06525520f1069) Importer(2089858483,b0f066a214c2f5e87bad3c948f4d605d)
Start importing Assets/sprites/Plant Animations/Plant 4/Plant4_00014.png using Guid(ce48f66da47e7bc438a06525520f1069) Importer(2089858483,b0f066a214c2f5e87bad3c948f4d605d) (ScriptedImporter) -> (artifact id: '248d729341a7c5e973cd8ff02398fcbe') in 0.0191307 seconds
Number of updated asset objects reloaded before import = 0Number of asset objects unloaded after import = 3

========================================================================
Received Import Request.
  Time since last request: 0.000023 seconds.
  path: Assets/sprites/Plant Animations/Plant 2/Plant2_00040.png
  artifactKey: Guid(8360c056560dd0c4aae575f59b8110cc) Importer(2089858483,b0f066a214c2f5e87bad3c948f4d605d)
Start importing Assets/sprites/Plant Animations/Plant 2/Plant2_00040.png using Guid(8360c056560dd0c4aae575f59b8110cc) Importer(2089858483,b0f066a214c2f5e87bad3c948f4d605d) (ScriptedImporter) -> (artifact id: 'f12b9bf3ed9b0601edeb1abf3e04fa6b') in 0.0194124 seconds
Number of updated asset objects reloaded before import = 0Number of asset objects unloaded after import = 5

========================================================================
Received Import Request.
  Time since last request: 0.000024 seconds.
  path: Assets/sprites/Plant Animations/Plant 6/Plant6_00000.png
  artifactKey: Guid(e5a65bed338249d42b92da23a6e1232f) Importer(2089858483,b0f066a214c2f5e87bad3c948f4d605d)
Start importing Assets/sprites/Plant Animations/Plant 6/Plant6_00000.png using Guid(e5a65bed338249d42b92da23a6e1232f) Importer(2089858483,b0f066a214c2f5e87bad3c948f4d605d) (ScriptedImporter) -> (artifact id: '03655e09bebb5b0967c54b44a4675013') in 0.0164469 seconds
Number of updated asset objects reloaded before import = 0Number of asset objects unloaded after import = 3

========================================================================
Received Import Request.
  Time since last request: 0.000029 seconds.
  path: Assets/sprites/Plant Animations/BlueFlower2/BluePlantClosed_00030.png
  artifactKey: Guid(37ee72d91d3fab14f9ac58f820a10fa4) Importer(2089858483,b0f066a214c2f5e87bad3c948f4d605d)
Start importing Assets/sprites/Plant Animations/BlueFlower2/BluePlantClosed_00030.png using Guid(37ee72d91d3fab14f9ac58f820a10fa4) Importer(2089858483,b0f066a214c2f5e87bad3c948f4d605d) (ScriptedImporter) -> (artifact id: '4102fdf691cb4a9f939b338b51766d2b') in 0.0219613 seconds
Number of updated asset objects reloaded before import = 0Number of asset objects unloaded after import = 7

========================================================================
Received Import Request.
  Time since last request: 0.000020 seconds.
  path: Assets/sprites/Plant Animations/Plant 2/Plant2_00043.png
  artifactKey: Guid(e8d7f5228f644b0459c46e041db3e5eb) Importer(2089858483,b0f066a214c2f5e87bad3c948f4d605d)
Start importing Assets/sprites/Plant Animations/Plant 2/Plant2_00043.png using Guid(e8d7f5228f644b0459c46e041db3e5eb) Importer(2089858483,b0f066a214c2f5e87bad3c948f4d605d) (ScriptedImporter) -> (artifact id: '99f982659bb2c0dbe1e17e0a62a1a694') in 0.0175179 seconds
Number of updated asset objects reloaded before import = 0Number of asset objects unloaded after import = 5

========================================================================
Received Import Request.
  Time since last request: 0.000018 seconds.
  path: Assets/sprites/Plant Animations/Plant 1/Plant1_00049.png
  artifactKey: Guid(25c1a714bbbde5f4d873833298d5955a) Importer(2089858483,b0f066a214c2f5e87bad3c948f4d605d)
Start importing Assets/sprites/Plant Animations/Plant 1/Plant1_00049.png using Guid(25c1a714bbbde5f4d873833298d5955a) Importer(2089858483,b0f066a214c2f5e87bad3c948f4d605d) (ScriptedImporter) -> (artifact id: 'fbc43ae43cfe9214db7754d8fe662b03') in 0.0166445 seconds
Number of updated asset objects reloaded before import = 0Number of asset objects unloaded after import = 3

========================================================================
Received Import Request.
  Time since last request: 0.000022 seconds.
  path: Assets/sprites/Plant Animations/BlueFlower2/BluePlantClosed_00052.png
  artifactKey: Guid(7c951078b2fe01b4d83e2bdfe4aebf33) Importer(2089858483,b0f066a214c2f5e87bad3c948f4d605d)
Start importing Assets/sprites/Plant Animations/BlueFlower2/BluePlantClosed_00052.png using Guid(7c951078b2fe01b4d83e2bdfe4aebf33) Importer(2089858483,b0f066a214c2f5e87bad3c948f4d605d) (ScriptedImporter) -> (artifact id: '47731c0e2a4520be1fd4c4d7672dbfd1') in 0.0240421 seconds
Number of updated asset objects reloaded before import = 0Number of asset objects unloaded after import = 8

========================================================================
Received Import Request.
  Time since last request: 0.000027 seconds.
  path: Assets/sprites/Plant Animations/Plant 7/Plant7_00015.png
  artifactKey: Guid(737e55427b506c64b8020f5e92338db8) Importer(2089858483,b0f066a214c2f5e87bad3c948f4d605d)
Start importing Assets/sprites/Plant Animations/Plant 7/Plant7_00015.png using Guid(737e55427b506c64b8020f5e92338db8) Importer(2089858483,b0f066a214c2f5e87bad3c948f4d605d) (ScriptedImporter) -> (artifact id: '4715c185159cd27bf832d0c2dd3ed25d') in 0.0152969 seconds
Number of updated asset objects reloaded before import = 0Number of asset objects unloaded after import = 3

========================================================================
Received Import Request.
  Time since last request: 0.000029 seconds.
  path: Assets/sprites/Plant Animations/Plant 5/Plant5_00051.png
  artifactKey: Guid(4759a10c152ac1d458111eb3b9cc3b4e) Importer(2089858483,b0f066a214c2f5e87bad3c948f4d605d)
Start importing Assets/sprites/Plant Animations/Plant 5/Plant5_00051.png using Guid(4759a10c152ac1d458111eb3b9cc3b4e) Importer(2089858483,b0f066a214c2f5e87bad3c948f4d605d) (ScriptedImporter) -> (artifact id: 'a1f9230d8bd74744cf2801d0c32eab0a') in 0.0154423 seconds
Number of updated asset objects reloaded before import = 0Number of asset objects unloaded after import = 3

========================================================================
Received Import Request.
  Time since last request: 0.000019 seconds.
  path: Assets/sprites/Plant Animations/BlueFlower1/BlueFlower_00005.png
  artifactKey: Guid(9cacfb6c4a338024e82770ee62eceac6) Importer(2089858483,b0f066a214c2f5e87bad3c948f4d605d)
Start importing Assets/sprites/Plant Animations/BlueFlower1/BlueFlower_00005.png using Guid(9cacfb6c4a338024e82770ee62eceac6) Importer(2089858483,b0f066a214c2f5e87bad3c948f4d605d) (ScriptedImporter) -> (artifact id: '3bb1cdb8678311be0193116d078edcc7') in 0.0173003 seconds
Number of updated asset objects reloaded before import = 0Number of asset objects unloaded after import = 3

========================================================================
Received Import Request.
  Time since last request: 0.000017 seconds.
  path: Assets/sprites/Plant Animations/Plant 2/Plant2_00065.png
  artifactKey: Guid(65a89ae2454c8554a8385e8696ef4413) Importer(2089858483,b0f066a214c2f5e87bad3c948f4d605d)
Start importing Assets/sprites/Plant Animations/Plant 2/Plant2_00065.png using Guid(65a89ae2454c8554a8385e8696ef4413) Importer(2089858483,b0f066a214c2f5e87bad3c948f4d605d) (ScriptedImporter) -> (artifact id: '9ef853daaf8d392618a27e4c9bbf8fd9') in 0.0205503 seconds
Number of updated asset objects reloaded before import = 0Number of asset objects unloaded after import = 5

========================================================================
Received Import Request.
  Time since last request: 0.000024 seconds.
  path: Assets/sprites/Plant Animations/Plant 7/Plant7_00006.png
  artifactKey: Guid(732d132fed74e7447ae1b1dbc81ae37b) Importer(2089858483,b0f066a214c2f5e87bad3c948f4d605d)
Start importing Assets/sprites/Plant Animations/Plant 7/Plant7_00006.png using Guid(732d132fed74e7447ae1b1dbc81ae37b) Importer(2089858483,b0f066a214c2f5e87bad3c948f4d605d) (ScriptedImporter) -> (artifact id: '8de8ae9881269b74beb25a7bc0d10f81') in 0.015536 seconds
Number of updated asset objects reloaded before import = 0Number of asset objects unloaded after import = 3

========================================================================
Received Import Request.
  Time since last request: 0.000016 seconds.
  path: Assets/sprites/Plant Animations/Plant 2/Plant2_00066.png
  artifactKey: Guid(8309a1c568c0c124f8ccbccdeb48045f) Importer(2089858483,b0f066a214c2f5e87bad3c948f4d605d)
Start importing Assets/sprites/Plant Animations/Plant 2/Plant2_00066.png using Guid(8309a1c568c0c124f8ccbccdeb48045f) Importer(2089858483,b0f066a214c2f5e87bad3c948f4d605d) (ScriptedImporter) -> (artifact id: '470d53c9c2b7850040b5224cd97fb82f') in 0.0189314 seconds
Number of updated asset objects reloaded before import = 0Number of asset objects unloaded after import = 5

========================================================================
Received Import Request.
  Time since last request: 0.000021 seconds.
  path: Assets/sprites/Plant Animations/Plant 5/Plant5_00016.png
  artifactKey: Guid(319f3001d4ac9424391cd60e570359fd) Importer(2089858483,b0f066a214c2f5e87bad3c948f4d605d)
Start importing Assets/sprites/Plant Animations/Plant 5/Plant5_00016.png using Guid(319f3001d4ac9424391cd60e570359fd) Importer(2089858483,b0f066a214c2f5e87bad3c948f4d605d) (ScriptedImporter) -> (artifact id: '41e9d2e05d77b4a49f397ed8b7663fa5') in 0.0207331 seconds
Number of updated asset objects reloaded before import = 0Number of asset objects unloaded after import = 3

========================================================================
Received Import Request.
  Time since last request: 0.000017 seconds.
  path: Assets/sprites/Plant Animations/BlueFlower1/BlueFlower_00055.png
  artifactKey: Guid(1f34bd7386ee08343814fbc8b25dfa61) Importer(2089858483,b0f066a214c2f5e87bad3c948f4d605d)
Start importing Assets/sprites/Plant Animations/BlueFlower1/BlueFlower_00055.png using Guid(1f34bd7386ee08343814fbc8b25dfa61) Importer(2089858483,b0f066a214c2f5e87bad3c948f4d605d) (ScriptedImporter) -> (artifact id: 'c75f5fd8fafe024d2b323186528842fe') in 0.0179447 seconds
Number of updated asset objects reloaded before import = 0Number of asset objects unloaded after import = 3

========================================================================
Received Import Request.
  Time since last request: 0.000018 seconds.
  path: Assets/sprites/Plant Animations/Plant 2/Plant2_00022.png
  artifactKey: Guid(aeb5e7e2293554b43bf0111fe40c4ecd) Importer(2089858483,b0f066a214c2f5e87bad3c948f4d605d)
Start importing Assets/sprites/Plant Animations/Plant 2/Plant2_00022.png using Guid(aeb5e7e2293554b43bf0111fe40c4ecd) Importer(2089858483,b0f066a214c2f5e87bad3c948f4d605d) (ScriptedImporter) -> (artifact id: 'f86f954e4129524aefcb859c07adfb77') in 0.0184143 seconds
Number of updated asset objects reloaded before import = 0Number of asset objects unloaded after import = 5

========================================================================
Received Import Request.
  Time since last request: 0.000021 seconds.
  path: Assets/sprites/Plant Animations/Plant 1/Plant1_00076.png
  artifactKey: Guid(14de59776c74d4c40bfdf792abecb5f9) Importer(2089858483,b0f066a214c2f5e87bad3c948f4d605d)
Start importing Assets/sprites/Plant Animations/Plant 1/Plant1_00076.png using Guid(14de59776c74d4c40bfdf792abecb5f9) Importer(2089858483,b0f066a214c2f5e87bad3c948f4d605d) (ScriptedImporter) -> (artifact id: '850a729fd376cc77486727a67119243d') in 0.0178952 seconds
Number of updated asset objects reloaded before import = 0Number of asset objects unloaded after import = 3

========================================================================
Received Import Request.
  Time since last request: 0.000024 seconds.
  path: Assets/sprites/Plant Animations/Plant 3/Plant3_00049.png
  artifactKey: Guid(b40aa2322096c864a915f3e2c12daedd) Importer(2089858483,b0f066a214c2f5e87bad3c948f4d605d)
Start importing Assets/sprites/Plant Animations/Plant 3/Plant3_00049.png using Guid(b40aa2322096c864a915f3e2c12daedd) Importer(2089858483,b0f066a214c2f5e87bad3c948f4d605d) (ScriptedImporter) -> (artifact id: 'b5913df6c9958c1df05eb9ae73372289') in 0.021981 seconds
Number of updated asset objects reloaded before import = 0Number of asset objects unloaded after import = 4

========================================================================
Received Import Request.
  Time since last request: 0.000029 seconds.
  path: Assets/sprites/Plant Animations/Plant 6/Plant6_00028.png
  artifactKey: Guid(b9b381067d8cceb47bf68f34b5c8daae) Importer(2089858483,b0f066a214c2f5e87bad3c948f4d605d)
Start importing Assets/sprites/Plant Animations/Plant 6/Plant6_00028.png using Guid(b9b381067d8cceb47bf68f34b5c8daae) Importer(2089858483,b0f066a214c2f5e87bad3c948f4d605d) (ScriptedImporter) -> (artifact id: '8553f6df073b1e5fe59a2db415a4745b') in 0.0184691 seconds
Number of updated asset objects reloaded before import = 0Number of asset objects unloaded after import = 3

========================================================================
Received Import Request.
  Time since last request: 0.000018 seconds.
  path: Assets/sprites/Plant Animations/BlueFlower1/BlueFlower_00024.png
  artifactKey: Guid(400f6f010e1ce3f4a9cdefabfa147949) Importer(2089858483,b0f066a214c2f5e87bad3c948f4d605d)
Start importing Assets/sprites/Plant Animations/BlueFlower1/BlueFlower_00024.png using Guid(400f6f010e1ce3f4a9cdefabfa147949) Importer(2089858483,b0f066a214c2f5e87bad3c948f4d605d) (ScriptedImporter) -> (artifact id: 'e351ce0f224044ac94f93fb93a56ef47') in 0.0173338 seconds
Number of updated asset objects reloaded before import = 0Number of asset objects unloaded after import = 3

========================================================================
Received Import Request.
  Time since last request: 0.000021 seconds.
  path: Assets/sprites/Plant Animations/Plant 2/Plant2_00002.png
  artifactKey: Guid(36bea3007bc096a489110c3252002ffc) Importer(2089858483,b0f066a214c2f5e87bad3c948f4d605d)
Start importing Assets/sprites/Plant Animations/Plant 2/Plant2_00002.png using Guid(36bea3007bc096a489110c3252002ffc) Importer(2089858483,b0f066a214c2f5e87bad3c948f4d605d) (ScriptedImporter) -> (artifact id: 'c5c666285eddee4b52bae16a3d16c92e') in 0.0208528 seconds
Number of updated asset objects reloaded before import = 0Number of asset objects unloaded after import = 5

========================================================================
Received Import Request.
  Time since last request: 0.000019 seconds.
  path: Assets/sprites/Plant Animations/BlueFlower1/BlueFlower_00012.png
  artifactKey: Guid(3fb7147d76a6f0047bd36186b1ef53a1) Importer(815301076,1909f56bfc062723c751e8b465ee728b)
Start importing Assets/sprites/Plant Animations/BlueFlower1/BlueFlower_00012.png using Guid(3fb7147d76a6f0047bd36186b1ef53a1) Importer(815301076,1909f56bfc062723c751e8b465ee728b) (PreviewImporter) -> (artifact id: '76139a30d8347f7606adb0c3e6002d59') in 0.0824619 seconds
Number of updated asset objects reloaded before import = 0Number of asset objects unloaded after import = 3

========================================================================
Received Import Request.
  Time since last request: 0.000025 seconds.
  path: Assets/sprites/Plant Animations/BlueFlower1/BlueFlower_00008.png
  artifactKey: Guid(24161d8962efc764cb6a1b86309f50d6) Importer(815301076,1909f56bfc062723c751e8b465ee728b)
Start importing Assets/sprites/Plant Animations/BlueFlower1/BlueFlower_00008.png using Guid(24161d8962efc764cb6a1b86309f50d6) Importer(815301076,1909f56bfc062723c751e8b465ee728b) (PreviewImporter) -> (artifact id: 'ffc7b3f8569d51fab4dbcadae6c6a25f') in 0.0188897 seconds
Number of updated asset objects reloaded before import = 0Number of asset objects unloaded after import = 3

========================================================================
Received Import Request.
  Time since last request: 0.000032 seconds.
  path: Assets/sprites/Plant Animations/BlueFlower1/BlueFlower_00020.png
  artifactKey: Guid(cc2e2be2a16ec35418ceec962143e0a9) Importer(815301076,1909f56bfc062723c751e8b465ee728b)
Start importing Assets/sprites/Plant Animations/BlueFlower1/BlueFlower_00020.png using Guid(cc2e2be2a16ec35418ceec962143e0a9) Importer(815301076,1909f56bfc062723c751e8b465ee728b) (PreviewImporter) -> (artifact id: '1d25f6d722869cb8d0b0d063f64aac9d') in 0.0187379 seconds
Number of updated asset objects reloaded before import = 0Number of asset objects unloaded after import = 3

========================================================================
Received Import Request.
  Time since last request: 0.000027 seconds.
  path: Assets/sprites/Plant Animations/BlueFlower1/BlueFlower_00039.png
  artifactKey: Guid(10a1ac7bdb30f2f4691e56eadb771295) Importer(815301076,1909f56bfc062723c751e8b465ee728b)
Start importing Assets/sprites/Plant Animations/BlueFlower1/BlueFlower_00039.png using Guid(10a1ac7bdb30f2f4691e56eadb771295) Importer(815301076,1909f56bfc062723c751e8b465ee728b) (PreviewImporter) -> (artifact id: 'ca88a5650e209e8322c34f6c1a831e31') in 0.0205076 seconds
Number of updated asset objects reloaded before import = 0Number of asset objects unloaded after import = 3

========================================================================
Received Import Request.
  Time since last request: 0.000018 seconds.
  path: Assets/sprites/Plant Animations/Plant 4/Plant4_00057.png
  artifactKey: Guid(fdc9f9fc33b26624c8b90d50c032bdd0) Importer(2089858483,b0f066a214c2f5e87bad3c948f4d605d)
Start importing Assets/sprites/Plant Animations/Plant 4/Plant4_00057.png using Guid(fdc9f9fc33b26624c8b90d50c032bdd0) Importer(2089858483,b0f066a214c2f5e87bad3c948f4d605d) (ScriptedImporter) -> (artifact id: 'e38b94e4c17e16c93cb4e133bccf6c5d') in 0.0199225 seconds
Number of updated asset objects reloaded before import = 0Number of asset objects unloaded after import = 3

========================================================================
Received Import Request.
  Time since last request: 0.000019 seconds.
  path: Assets/sprites/Plant Animations/Plant 4/Plant4_00054.png
  artifactKey: Guid(8631a3c7db0fdcd429c1dfd5b059070d) Importer(2089858483,b0f066a214c2f5e87bad3c948f4d605d)
Start importing Assets/sprites/Plant Animations/Plant 4/Plant4_00054.png using Guid(8631a3c7db0fdcd429c1dfd5b059070d) Importer(2089858483,b0f066a214c2f5e87bad3c948f4d605d) (ScriptedImporter) -> (artifact id: 'e0233eddf0a849b1fe340926086e3e09') in 0.0175426 seconds
Number of updated asset objects reloaded before import = 0Number of asset objects unloaded after import = 3

========================================================================
Received Import Request.
  Time since last request: 0.000020 seconds.
  path: Assets/sprites/Plant Animations/BlueFlower1/BlueFlower_00045.png
  artifactKey: Guid(47212e68438537943801d9da21af5538) Importer(815301076,1909f56bfc062723c751e8b465ee728b)
Start importing Assets/sprites/Plant Animations/BlueFlower1/BlueFlower_00045.png using Guid(47212e68438537943801d9da21af5538) Importer(815301076,1909f56bfc062723c751e8b465ee728b) (PreviewImporter) -> (artifact id: '54d4ceeaea73a8799ba377fa10ee33f3') in 0.018821 seconds
Number of updated asset objects reloaded before import = 0Number of asset objects unloaded after import = 3

========================================================================
Received Import Request.
  Time since last request: 0.000034 seconds.
  path: Assets/sprites/Plant Animations/Plant 6/Plant6_00024.png
  artifactKey: Guid(0a8283089da6d684783571a44ffcf0de) Importer(2089858483,b0f066a214c2f5e87bad3c948f4d605d)
Start importing Assets/sprites/Plant Animations/Plant 6/Plant6_00024.png using Guid(0a8283089da6d684783571a44ffcf0de) Importer(2089858483,b0f066a214c2f5e87bad3c948f4d605d) (ScriptedImporter) -> (artifact id: '0916274446de1b4f467240c60dc1c43e') in 0.0167717 seconds
Number of updated asset objects reloaded before import = 0Number of asset objects unloaded after import = 3

========================================================================
Received Import Request.
  Time since last request: 0.000019 seconds.
  path: Assets/sprites/Plant Animations/BlueFlower1/BlueFlower_00054.png
  artifactKey: Guid(ab216e590e28dfe419d84a82e242a798) Importer(2089858483,b0f066a214c2f5e87bad3c948f4d605d)
Start importing Assets/sprites/Plant Animations/BlueFlower1/BlueFlower_00054.png using Guid(ab216e590e28dfe419d84a82e242a798) Importer(2089858483,b0f066a214c2f5e87bad3c948f4d605d) (ScriptedImporter) -> (artifact id: '021576a7d42021c1c1b9cf0190fca792') in 0.0186657 seconds
Number of updated asset objects reloaded before import = 0Number of asset objects unloaded after import = 3

========================================================================
Received Import Request.
  Time since last request: 0.000021 seconds.
  path: Assets/sprites/Plant Animations/BlueFlower2/BluePlantClosed_00020.png
  artifactKey: Guid(0fb479fe1f277ea419338578b1eab5d7) Importer(2089858483,b0f066a214c2f5e87bad3c948f4d605d)
Start importing Assets/sprites/Plant Animations/BlueFlower2/BluePlantClosed_00020.png using Guid(0fb479fe1f277ea419338578b1eab5d7) Importer(2089858483,b0f066a214c2f5e87bad3c948f4d605d) (ScriptedImporter) -> (artifact id: 'c6aa1a3de993722a491956d37ba92ce7') in 0.0247882 seconds
Number of updated asset objects reloaded before import = 0Number of asset objects unloaded after import = 7

========================================================================
Received Import Request.
  Time since last request: 0.000017 seconds.
  path: Assets/sprites/Plant Animations/BlueFlower1/BlueFlower_00014.png
  artifactKey: Guid(1cee02fadecfe7c4a8dea6d32764e358) Importer(815301076,1909f56bfc062723c751e8b465ee728b)
Start importing Assets/sprites/Plant Animations/BlueFlower1/BlueFlower_00014.png using Guid(1cee02fadecfe7c4a8dea6d32764e358) Importer(815301076,1909f56bfc062723c751e8b465ee728b) (PreviewImporter) -> (artifact id: '1fa151395d68f6dea16b68eb75cccbc7') in 0.018559 seconds
Number of updated asset objects reloaded before import = 0Number of asset objects unloaded after import = 3

========================================================================
Received Import Request.
  Time since last request: 0.000022 seconds.
  path: Assets/sprites/Plant Animations/BlueFlower1/BlueFlower_00016.png
  artifactKey: Guid(0c1078fabb9030440bd550790e873131) Importer(815301076,1909f56bfc062723c751e8b465ee728b)
Start importing Assets/sprites/Plant Animations/BlueFlower1/BlueFlower_00016.png using Guid(0c1078fabb9030440bd550790e873131) Importer(815301076,1909f56bfc062723c751e8b465ee728b) (PreviewImporter) -> (artifact id: 'd29872b8adeda7f94a1ead3254cd3ad8') in 0.020369 seconds
Number of updated asset objects reloaded before import = 0Number of asset objects unloaded after import = 3

========================================================================
Received Import Request.
  Time since last request: 0.000027 seconds.
  path: Assets/sprites/Plant Animations/PlantJump2/JumpPlant 2_00011.png
  artifactKey: Guid(283963e817325f443a0f6416a589ffd5) Importer(2089858483,b0f066a214c2f5e87bad3c948f4d605d)
Start importing Assets/sprites/Plant Animations/PlantJump2/JumpPlant 2_00011.png using Guid(283963e817325f443a0f6416a589ffd5) Importer(2089858483,b0f066a214c2f5e87bad3c948f4d605d) (ScriptedImporter) -> (artifact id: '74ffe062fd18a03faf8baef5f05b6d09') in 0.0179644 seconds
Number of updated asset objects reloaded before import = 0Number of asset objects unloaded after import = 3

========================================================================
Received Import Request.
  Time since last request: 0.000017 seconds.
  path: Assets/sprites/Plant Animations/Plant 2/Plant2_00001.png
  artifactKey: Guid(f68a275e683eff6419b8f5e8e6506421) Importer(2089858483,b0f066a214c2f5e87bad3c948f4d605d)
Start importing Assets/sprites/Plant Animations/Plant 2/Plant2_00001.png using Guid(f68a275e683eff6419b8f5e8e6506421) Importer(2089858483,b0f066a214c2f5e87bad3c948f4d605d) (ScriptedImporter) -> (artifact id: '82addda5bf5bd1394aa720960a17d30a') in 0.020645 seconds
Number of updated asset objects reloaded before import = 0Number of asset objects unloaded after import = 5

========================================================================
Received Import Request.
  Time since last request: 0.000022 seconds.
  path: Assets/sprites/Plant Animations/Plant 7/Plant7_00026.png
  artifactKey: Guid(903a5d03e611e624592a6ed8c1b3f6d3) Importer(2089858483,b0f066a214c2f5e87bad3c948f4d605d)
Start importing Assets/sprites/Plant Animations/Plant 7/Plant7_00026.png using Guid(903a5d03e611e624592a6ed8c1b3f6d3) Importer(2089858483,b0f066a214c2f5e87bad3c948f4d605d) (ScriptedImporter) -> (artifact id: '200a079fb967628ddde24132693f72d1') in 0.0188498 seconds
Number of updated asset objects reloaded before import = 0Number of asset objects unloaded after import = 3

========================================================================
Received Import Request.
  Time since last request: 0.000019 seconds.
  path: Assets/sprites/Plant Animations/BlueFlower1/BlueFlower_00015.png
  artifactKey: Guid(b2d407b481f193d49999256b1e22efb3) Importer(815301076,1909f56bfc062723c751e8b465ee728b)
Start importing Assets/sprites/Plant Animations/BlueFlower1/BlueFlower_00015.png using Guid(b2d407b481f193d49999256b1e22efb3) Importer(815301076,1909f56bfc062723c751e8b465ee728b) (PreviewImporter) -> (artifact id: '684f38298db53fcd2f73b511132582b1') in 0.01882 seconds
Number of updated asset objects reloaded before import = 0Number of asset objects unloaded after import = 3

========================================================================
Received Import Request.
  Time since last request: 0.000025 seconds.
  path: Assets/sprites/Plant Animations/Plant 2/Plant2_00079.png
  artifactKey: Guid(9cd7bf1d0adf1e64e8514273cb5d6b53) Importer(2089858483,b0f066a214c2f5e87bad3c948f4d605d)
Start importing Assets/sprites/Plant Animations/Plant 2/Plant2_00079.png using Guid(9cd7bf1d0adf1e64e8514273cb5d6b53) Importer(2089858483,b0f066a214c2f5e87bad3c948f4d605d) (ScriptedImporter) -> (artifact id: '6015c896ec802876d0bd50d64bcf0c14') in 0.0260154 seconds
Number of updated asset objects reloaded before import = 0Number of asset objects unloaded after import = 5

========================================================================
Received Import Request.
  Time since last request: 0.000027 seconds.
  path: Assets/sprites/Plant Animations/BlueFlower1/BlueFlower_00027.png
  artifactKey: Guid(219a23b07a1b80a418fc9df909fbb8b6) Importer(815301076,1909f56bfc062723c751e8b465ee728b)
Start importing Assets/sprites/Plant Animations/BlueFlower1/BlueFlower_00027.png using Guid(219a23b07a1b80a418fc9df909fbb8b6) Importer(815301076,1909f56bfc062723c751e8b465ee728b) (PreviewImporter) -> (artifact id: 'cf5749e255be646329160f67fd2c0c15') in 0.0200565 seconds
Number of updated asset objects reloaded before import = 0Number of asset objects unloaded after import = 3

========================================================================
Received Import Request.
  Time since last request: 0.000017 seconds.
  path: Assets/sprites/Plant Animations/BlueFlower1/BlueFlower_00004.png
  artifactKey: Guid(fd521568980946a48b5271ab364034e9) Importer(815301076,1909f56bfc062723c751e8b465ee728b)
Start importing Assets/sprites/Plant Animations/BlueFlower1/BlueFlower_00004.png using Guid(fd521568980946a48b5271ab364034e9) Importer(815301076,1909f56bfc062723c751e8b465ee728b) (PreviewImporter) -> (artifact id: '3545ad0e508aa9ee2fafe5f9050828d2') in 0.0219129 seconds
Number of updated asset objects reloaded before import = 0Number of asset objects unloaded after import = 3

========================================================================
Received Import Request.
  Time since last request: 0.000017 seconds.
  path: Assets/sprites/Plant Animations/Plant 1/Plant1_00044.png
  artifactKey: Guid(608070b80ca9f9a48a1b45cf0299127c) Importer(2089858483,b0f066a214c2f5e87bad3c948f4d605d)
Start importing Assets/sprites/Plant Animations/Plant 1/Plant1_00044.png using Guid(608070b80ca9f9a48a1b45cf0299127c) Importer(2089858483,b0f066a214c2f5e87bad3c948f4d605d) (ScriptedImporter) -> (artifact id: '2c7f448dbcb99d81b1409a917fc1cb24') in 0.0163072 seconds
Number of updated asset objects reloaded before import = 0Number of asset objects unloaded after import = 3

========================================================================
Received Import Request.
  Time since last request: 0.000019 seconds.
  path: Assets/sprites/Plant Animations/Plant 5/Plant5_00056.png
  artifactKey: Guid(e4f6a3840a92fb64383256823f1332c5) Importer(2089858483,b0f066a214c2f5e87bad3c948f4d605d)
Start importing Assets/sprites/Plant Animations/Plant 5/Plant5_00056.png using Guid(e4f6a3840a92fb64383256823f1332c5) Importer(2089858483,b0f066a214c2f5e87bad3c948f4d605d) (ScriptedImporter) -> (artifact id: '46e7170bb0ea0127949a842872e74d2f') in 0.0167943 seconds
Number of updated asset objects reloaded before import = 0Number of asset objects unloaded after import = 3

========================================================================
Received Import Request.
  Time since last request: 0.000025 seconds.
  path: Assets/sprites/Plant Animations/Plant 3/Plant3_00006.png
  artifactKey: Guid(d0b40901da3b58848b0bc515bb92a8a6) Importer(2089858483,b0f066a214c2f5e87bad3c948f4d605d)
Start importing Assets/sprites/Plant Animations/Plant 3/Plant3_00006.png using Guid(d0b40901da3b58848b0bc515bb92a8a6) Importer(2089858483,b0f066a214c2f5e87bad3c948f4d605d) (ScriptedImporter) -> (artifact id: '7ed93d72ab5afdc29b32ccec8344df60') in 0.0208397 seconds
Number of updated asset objects reloaded before import = 0Number of asset objects unloaded after import = 4

========================================================================
Received Import Request.
  Time since last request: 0.000028 seconds.
  path: Assets/sprites/Plant Animations/Plant 4/Plant4_00008.png
  artifactKey: Guid(ddf35e143799af54c874b45363562d4c) Importer(2089858483,b0f066a214c2f5e87bad3c948f4d605d)
Start importing Assets/sprites/Plant Animations/Plant 4/Plant4_00008.png using Guid(ddf35e143799af54c874b45363562d4c) Importer(2089858483,b0f066a214c2f5e87bad3c948f4d605d) (ScriptedImporter) -> (artifact id: '4bf4737d8588294d4e2c1bbb56b438f7') in 0.0180742 seconds
Number of updated asset objects reloaded before import = 0Number of asset objects unloaded after import = 3

========================================================================
Received Import Request.
  Time since last request: 0.000021 seconds.
  path: Assets/sprites/Plant Animations/Plant 5/Plant5_00042.png
  artifactKey: Guid(e20ecdd483dfa754e835640cc864f51c) Importer(2089858483,b0f066a214c2f5e87bad3c948f4d605d)
Start importing Assets/sprites/Plant Animations/Plant 5/Plant5_00042.png using Guid(e20ecdd483dfa754e835640cc864f51c) Importer(2089858483,b0f066a214c2f5e87bad3c948f4d605d) (ScriptedImporter) -> (artifact id: '8360b7b73b4f83a6f4ffeb400391c580') in 0.0177123 seconds
Number of updated asset objects reloaded before import = 0Number of asset objects unloaded after import = 3

========================================================================
Received Import Request.
  Time since last request: 0.000021 seconds.
  path: Assets/sprites/Plant Animations/Plant 5/Plant5_00030.png
  artifactKey: Guid(ca7ae3bf12615154396644bb1351b508) Importer(2089858483,b0f066a214c2f5e87bad3c948f4d605d)
Start importing Assets/sprites/Plant Animations/Plant 5/Plant5_00030.png using Guid(ca7ae3bf12615154396644bb1351b508) Importer(2089858483,b0f066a214c2f5e87bad3c948f4d605d) (ScriptedImporter) -> (artifact id: 'dcf3cf0ebe9f12ae56142a27b85a25bd') in 0.0176359 seconds
Number of updated asset objects reloaded before import = 0Number of asset objects unloaded after import = 3

========================================================================
Received Import Request.
  Time since last request: 0.000025 seconds.
  path: Assets/sprites/Plant Animations/BlueFlower1/BlueFlower_00010.png
  artifactKey: Guid(c89d111027b839342b30de9c51eba028) Importer(2089858483,b0f066a214c2f5e87bad3c948f4d605d)
Start importing Assets/sprites/Plant Animations/BlueFlower1/BlueFlower_00010.png using Guid(c89d111027b839342b30de9c51eba028) Importer(2089858483,b0f066a214c2f5e87bad3c948f4d605d) (ScriptedImporter) -> (artifact id: '90c1dbf2ce6eff74ecf002c4aeb40a78') in 0.0188806 seconds
Number of updated asset objects reloaded before import = 0Number of asset objects unloaded after import = 3

========================================================================
Received Import Request.
  Time since last request: 0.000028 seconds.
  path: Assets/sprites/Plant Animations/Plant 4/Plant4_00032.png
  artifactKey: Guid(560a025ef9693704793f29a0f5e9a32c) Importer(2089858483,b0f066a214c2f5e87bad3c948f4d605d)
Start importing Assets/sprites/Plant Animations/Plant 4/Plant4_00032.png using Guid(560a025ef9693704793f29a0f5e9a32c) Importer(2089858483,b0f066a214c2f5e87bad3c948f4d605d) (ScriptedImporter) -> (artifact id: 'abe25556c81eeb91fbc8c3263591343d') in 0.0177508 seconds
Number of updated asset objects reloaded before import = 0Number of asset objects unloaded after import = 3

========================================================================
Received Import Request.
  Time since last request: 0.000033 seconds.
  path: Assets/sprites/Plant Animations/Plant 8 Poison/PlantPosion_00013.png
  artifactKey: Guid(b0e4be5521a1b9e43a8f945df3a93bc9) Importer(2089858483,b0f066a214c2f5e87bad3c948f4d605d)
Start importing Assets/sprites/Plant Animations/Plant 8 Poison/PlantPosion_00013.png using Guid(b0e4be5521a1b9e43a8f945df3a93bc9) Importer(2089858483,b0f066a214c2f5e87bad3c948f4d605d) (ScriptedImporter) -> (artifact id: '11fea4d4dd8dac2e825b00759e623f60') in 0.0184636 seconds
Number of updated asset objects reloaded before import = 0Number of asset objects unloaded after import = 3

========================================================================
Received Import Request.
  Time since last request: 0.000021 seconds.
  path: Assets/sprites/Plant Animations/Plant 4/Plant4_00022.png
  artifactKey: Guid(d6b2223c389b3774bbf542ee1b5af716) Importer(2089858483,b0f066a214c2f5e87bad3c948f4d605d)
Start importing Assets/sprites/Plant Animations/Plant 4/Plant4_00022.png using Guid(d6b2223c389b3774bbf542ee1b5af716) Importer(2089858483,b0f066a214c2f5e87bad3c948f4d605d) (ScriptedImporter) -> (artifact id: 'b323571ccc842eddc5a18e393249e4a5') in 0.0180674 seconds
Number of updated asset objects reloaded before import = 0Number of asset objects unloaded after import = 3

========================================================================
Received Import Request.
  Time since last request: 0.000018 seconds.
  path: Assets/sprites/Plant Animations/Plant 6/Plant6_00016.png
  artifactKey: Guid(c9eb00d045370364e96e0a9bacfd5a90) Importer(2089858483,b0f066a214c2f5e87bad3c948f4d605d)
Start importing Assets/sprites/Plant Animations/Plant 6/Plant6_00016.png using Guid(c9eb00d045370364e96e0a9bacfd5a90) Importer(2089858483,b0f066a214c2f5e87bad3c948f4d605d) (ScriptedImporter) -> (artifact id: 'bad6760d27e30d93c2e7f4b887b3f6bd') in 0.0177296 seconds
Number of updated asset objects reloaded before import = 0Number of asset objects unloaded after import = 3

========================================================================
Received Import Request.
  Time since last request: 0.000016 seconds.
  path: Assets/sprites/Plant Animations/Plant 1/Plant1_00074.png
  artifactKey: Guid(973b0e96eb46b254a8a40498db6ab86f) Importer(2089858483,b0f066a214c2f5e87bad3c948f4d605d)
Start importing Assets/sprites/Plant Animations/Plant 1/Plant1_00074.png using Guid(973b0e96eb46b254a8a40498db6ab86f) Importer(2089858483,b0f066a214c2f5e87bad3c948f4d605d) (ScriptedImporter) -> (artifact id: '5d01c047f487055becb0534c2b7a1e3e') in 0.0208582 seconds
Number of updated asset objects reloaded before import = 0Number of asset objects unloaded after import = 3

========================================================================
Received Import Request.
  Time since last request: 0.000020 seconds.
  path: Assets/sprites/Plant Animations/Plant 1/Plant1_00024.png
  artifactKey: Guid(87e1023e07052744d871e4636aa60989) Importer(2089858483,b0f066a214c2f5e87bad3c948f4d605d)
Start importing Assets/sprites/Plant Animations/Plant 1/Plant1_00024.png using Guid(87e1023e07052744d871e4636aa60989) Importer(2089858483,b0f066a214c2f5e87bad3c948f4d605d) (ScriptedImporter) -> (artifact id: 'ca8487215db56957e3263ee93658dccf') in 0.019025 seconds
Number of updated asset objects reloaded before import = 0Number of asset objects unloaded after import = 3

========================================================================
Received Import Request.
  Time since last request: 0.000033 seconds.
  path: Assets/sprites/Plant Animations/Plant 1/Plant1_00009.png
  artifactKey: Guid(c89b79a08f5160640b364226ed3ec272) Importer(2089858483,b0f066a214c2f5e87bad3c948f4d605d)
Start importing Assets/sprites/Plant Animations/Plant 1/Plant1_00009.png using Guid(c89b79a08f5160640b364226ed3ec272) Importer(2089858483,b0f066a214c2f5e87bad3c948f4d605d) (ScriptedImporter) -> (artifact id: '34d293733d885abad810641d272a7e58') in 0.0197884 seconds
Number of updated asset objects reloaded before import = 0Number of asset objects unloaded after import = 3

========================================================================
Received Import Request.
  Time since last request: 0.000015 seconds.
  path: Assets/sprites/Plant Animations/Plant 8 Poison/PlantPosion_00010.png
  artifactKey: Guid(21d233637dee40f44844492178ec4ae2) Importer(2089858483,b0f066a214c2f5e87bad3c948f4d605d)
Start importing Assets/sprites/Plant Animations/Plant 8 Poison/PlantPosion_00010.png using Guid(21d233637dee40f44844492178ec4ae2) Importer(2089858483,b0f066a214c2f5e87bad3c948f4d605d) (ScriptedImporter) -> (artifact id: 'fbd0b2173d58c0c27edccbd9bf8cacaa') in 0.0197803 seconds
Number of updated asset objects reloaded before import = 0Number of asset objects unloaded after import = 3

========================================================================
Received Import Request.
  Time since last request: 0.000018 seconds.
  path: Assets/sprites/Plant Animations/BlueFlower1/BlueFlower_00047.png
  artifactKey: Guid(d141f0a3c9a7b874ea04c7acfb2ad8e0) Importer(2089858483,b0f066a214c2f5e87bad3c948f4d605d)
Start importing Assets/sprites/Plant Animations/BlueFlower1/BlueFlower_00047.png using Guid(d141f0a3c9a7b874ea04c7acfb2ad8e0) Importer(2089858483,b0f066a214c2f5e87bad3c948f4d605d) (ScriptedImporter) -> (artifact id: '006f2f7a3169f888490fbeb8063f1cf0') in 0.0201996 seconds
Number of updated asset objects reloaded before import = 0Number of asset objects unloaded after import = 3

========================================================================
Received Import Request.
  Time since last request: 0.000020 seconds.
  path: Assets/sprites/Plant Animations/Plant 1/Plant1_00083.png
  artifactKey: Guid(f135b4e409c5a2946b1b6fe49b014126) Importer(2089858483,b0f066a214c2f5e87bad3c948f4d605d)
Start importing Assets/sprites/Plant Animations/Plant 1/Plant1_00083.png using Guid(f135b4e409c5a2946b1b6fe49b014126) Importer(2089858483,b0f066a214c2f5e87bad3c948f4d605d) (ScriptedImporter) -> (artifact id: 'e5e04c14f6f8ee0802a75017e0c2e483') in 0.0208718 seconds
Number of updated asset objects reloaded before import = 0Number of asset objects unloaded after import = 3

========================================================================
Received Import Request.
  Time since last request: 0.000023 seconds.
  path: Assets/sprites/Plant Animations/Plant 2/Plant2_00024.png
  artifactKey: Guid(42764b8000f35c1499f20778f9cadd71) Importer(2089858483,b0f066a214c2f5e87bad3c948f4d605d)
Start importing Assets/sprites/Plant Animations/Plant 2/Plant2_00024.png using Guid(42764b8000f35c1499f20778f9cadd71) Importer(2089858483,b0f066a214c2f5e87bad3c948f4d605d) (ScriptedImporter) -> (artifact id: 'af3da2af61fe12c70b53874d5c185608') in 0.021682 seconds
Number of updated asset objects reloaded before import = 0Number of asset objects unloaded after import = 5

========================================================================
Received Import Request.
  Time since last request: 0.000027 seconds.
  path: Assets/sprites/Plant Animations/Plant 6/Plant6_00008.png
  artifactKey: Guid(63085a2f40298054c96741a873b43fb6) Importer(2089858483,b0f066a214c2f5e87bad3c948f4d605d)
Start importing Assets/sprites/Plant Animations/Plant 6/Plant6_00008.png using Guid(63085a2f40298054c96741a873b43fb6) Importer(2089858483,b0f066a214c2f5e87bad3c948f4d605d) (ScriptedImporter) -> (artifact id: '9b505d2f98744c63babd3ea7ead0e857') in 0.0175543 seconds
Number of updated asset objects reloaded before import = 0Number of asset objects unloaded after import = 3

========================================================================
Received Import Request.
  Time since last request: 0.000016 seconds.
  path: Assets/sprites/Plant Animations/Plant 6/Plant6_00045.png
  artifactKey: Guid(edc85d367e5d1024c924794fa5188f35) Importer(2089858483,b0f066a214c2f5e87bad3c948f4d605d)
Start importing Assets/sprites/Plant Animations/Plant 6/Plant6_00045.png using Guid(edc85d367e5d1024c924794fa5188f35) Importer(2089858483,b0f066a214c2f5e87bad3c948f4d605d) (ScriptedImporter) -> (artifact id: '1f723a3869a75d622267f230861de317') in 0.0186192 seconds
Number of updated asset objects reloaded before import = 0Number of asset objects unloaded after import = 3

========================================================================
Received Import Request.
  Time since last request: 0.000015 seconds.
  path: Assets/sprites/Plant Animations/Plant 8 Poison/PlantPosion_00018.png
  artifactKey: Guid(819e0ec39ab1da544a518532f0a02918) Importer(2089858483,b0f066a214c2f5e87bad3c948f4d605d)
Start importing Assets/sprites/Plant Animations/Plant 8 Poison/PlantPosion_00018.png using Guid(819e0ec39ab1da544a518532f0a02918) Importer(2089858483,b0f066a214c2f5e87bad3c948f4d605d) (ScriptedImporter) -> (artifact id: '9b48ca79f684e41193787f677eba9f87') in 0.020566 seconds
Number of updated asset objects reloaded before import = 0Number of asset objects unloaded after import = 3

========================================================================
Received Import Request.
  Time since last request: 0.000016 seconds.
  path: Assets/sprites/Plant Animations/BlueFlower1/BlueFlower_00006.png
  artifactKey: Guid(acfeb2cfa1fa8ae44b680bb3c60a6ad0) Importer(2089858483,b0f066a214c2f5e87bad3c948f4d605d)
Start importing Assets/sprites/Plant Animations/BlueFlower1/BlueFlower_00006.png using Guid(acfeb2cfa1fa8ae44b680bb3c60a6ad0) Importer(2089858483,b0f066a214c2f5e87bad3c948f4d605d) (ScriptedImporter) -> (artifact id: '935a09c8f03d110bd3bce6457d435d87') in 0.0188641 seconds
Number of updated asset objects reloaded before import = 0Number of asset objects unloaded after import = 3

========================================================================
Received Import Request.
  Time since last request: 0.000022 seconds.
  path: Assets/sprites/Plant Animations/Plant 5/Plant5_00017.png
  artifactKey: Guid(5306da13f16e8134495ce25beafb7139) Importer(2089858483,b0f066a214c2f5e87bad3c948f4d605d)
Start importing Assets/sprites/Plant Animations/Plant 5/Plant5_00017.png using Guid(5306da13f16e8134495ce25beafb7139) Importer(2089858483,b0f066a214c2f5e87bad3c948f4d605d) (ScriptedImporter) -> (artifact id: '83f04490019edb3df678732bc23df3a8') in 0.0171829 seconds
Number of updated asset objects reloaded before import = 0Number of asset objects unloaded after import = 3

========================================================================
Received Import Request.
  Time since last request: 0.000028 seconds.
  path: Assets/sprites/Plant Animations/Plant 1/Plant1_00017.png
  artifactKey: Guid(f9b0aa36bf1276d4494034e473c33317) Importer(2089858483,b0f066a214c2f5e87bad3c948f4d605d)
Start importing Assets/sprites/Plant Animations/Plant 1/Plant1_00017.png using Guid(f9b0aa36bf1276d4494034e473c33317) Importer(2089858483,b0f066a214c2f5e87bad3c948f4d605d) (ScriptedImporter) -> (artifact id: 'a7c783cac62f0a540c9a7456a8bdc8de') in 0.0188806 seconds
Number of updated asset objects reloaded before import = 0Number of asset objects unloaded after import = 3

========================================================================
Received Import Request.
  Time since last request: 0.000017 seconds.
  path: Assets/sprites/Plant Animations/BlueFlower1/BlueFlower_00003.png
  artifactKey: Guid(e4f020bb7d9df9844bd38a5445fc0feb) Importer(2089858483,b0f066a214c2f5e87bad3c948f4d605d)
Start importing Assets/sprites/Plant Animations/BlueFlower1/BlueFlower_00003.png using Guid(e4f020bb7d9df9844bd38a5445fc0feb) Importer(2089858483,b0f066a214c2f5e87bad3c948f4d605d) (ScriptedImporter) -> (artifact id: 'f731b4b3e66f5b0a568c8e7237cb67c6') in 0.0167434 seconds
Number of updated asset objects reloaded before import = 0Number of asset objects unloaded after import = 3

========================================================================
Received Import Request.
  Time since last request: 0.000022 seconds.
  path: Assets/sprites/Plant Animations/Plant 8 Poison/PlantPosion_00028.png
  artifactKey: Guid(67a3d38024361c748936f9ede0e43fc4) Importer(2089858483,b0f066a214c2f5e87bad3c948f4d605d)
Start importing Assets/sprites/Plant Animations/Plant 8 Poison/PlantPosion_00028.png using Guid(67a3d38024361c748936f9ede0e43fc4) Importer(2089858483,b0f066a214c2f5e87bad3c948f4d605d) (ScriptedImporter) -> (artifact id: '908b37d49aaf8a39cd821c6799b56903') in 0.0189567 seconds
Number of updated asset objects reloaded before import = 0Number of asset objects unloaded after import = 3

========================================================================
Received Import Request.
  Time since last request: 0.000016 seconds.
  path: Assets/sprites/Plant Animations/Plant 4/Plant4_00053.png
  artifactKey: Guid(9c2c345836e6dc745a5d24f9f656e938) Importer(2089858483,b0f066a214c2f5e87bad3c948f4d605d)
Start importing Assets/sprites/Plant Animations/Plant 4/Plant4_00053.png using Guid(9c2c345836e6dc745a5d24f9f656e938) Importer(2089858483,b0f066a214c2f5e87bad3c948f4d605d) (ScriptedImporter) -> (artifact id: '9b50ff7a53f56013b6167bffb8e6c3ae') in 0.0161578 seconds
Number of updated asset objects reloaded before import = 0Number of asset objects unloaded after import = 3

========================================================================
Received Import Request.
  Time since last request: 0.000021 seconds.
  path: Assets/sprites/Plant Animations/Plant 5/Plant5_00022.png
  artifactKey: Guid(3f267c06c1cd80947b8497d9031320af) Importer(2089858483,b0f066a214c2f5e87bad3c948f4d605d)
Start importing Assets/sprites/Plant Animations/Plant 5/Plant5_00022.png using Guid(3f267c06c1cd80947b8497d9031320af) Importer(2089858483,b0f066a214c2f5e87bad3c948f4d605d) (ScriptedImporter) -> (artifact id: '679f633551299f8d992336fdc31e2bdf') in 0.0194986 seconds
Number of updated asset objects reloaded before import = 0Number of asset objects unloaded after import = 3

========================================================================
Received Import Request.
  Time since last request: 0.000024 seconds.
  path: Assets/sprites/Plant Animations/PlantJump2/JumpPlant 2_00007.png
  artifactKey: Guid(4f9068213b2adea419fe199ff2ab23dc) Importer(2089858483,b0f066a214c2f5e87bad3c948f4d605d)
Start importing Assets/sprites/Plant Animations/PlantJump2/JumpPlant 2_00007.png using Guid(4f9068213b2adea419fe199ff2ab23dc) Importer(2089858483,b0f066a214c2f5e87bad3c948f4d605d) (ScriptedImporter) -> (artifact id: 'a08b605f4ac91e0664ff27e14714ab1e') in 0.018918 seconds
Number of updated asset objects reloaded before import = 0Number of asset objects unloaded after import = 3

========================================================================
Received Import Request.
  Time since last request: 0.000018 seconds.
  path: Assets/sprites/Plant Animations/BlueFlower1/BlueFlower_00037.png
  artifactKey: Guid(433892f742e27554ea6c245b876c2569) Importer(2089858483,b0f066a214c2f5e87bad3c948f4d605d)
Start importing Assets/sprites/Plant Animations/BlueFlower1/BlueFlower_00037.png using Guid(433892f742e27554ea6c245b876c2569) Importer(2089858483,b0f066a214c2f5e87bad3c948f4d605d) (ScriptedImporter) -> (artifact id: 'e3d00dbd3357e1e74e8e1102dc725ca9') in 0.0167641 seconds
Number of updated asset objects reloaded before import = 0Number of asset objects unloaded after import = 3

========================================================================
Received Import Request.
  Time since last request: 0.000019 seconds.
  path: Assets/sprites/Plant Animations/Plant 1/Plant1_00087.png
  artifactKey: Guid(578e83af0ed8657449d046c7db9d6a70) Importer(2089858483,b0f066a214c2f5e87bad3c948f4d605d)
Start importing Assets/sprites/Plant Animations/Plant 1/Plant1_00087.png using Guid(578e83af0ed8657449d046c7db9d6a70) Importer(2089858483,b0f066a214c2f5e87bad3c948f4d605d) (ScriptedImporter) -> (artifact id: 'bf7a171746d30bf7a53d6c3070ec1dc8') in 0.017958 seconds
Number of updated asset objects reloaded before import = 0Number of asset objects unloaded after import = 3

========================================================================
Received Import Request.
  Time since last request: 0.000017 seconds.
  path: Assets/sprites/Plant Animations/Plant 1/Plant1_00085.png
  artifactKey: Guid(3e34ced4167f0fa4aaa0308368edc79c) Importer(2089858483,b0f066a214c2f5e87bad3c948f4d605d)
Start importing Assets/sprites/Plant Animations/Plant 1/Plant1_00085.png using Guid(3e34ced4167f0fa4aaa0308368edc79c) Importer(2089858483,b0f066a214c2f5e87bad3c948f4d605d) (ScriptedImporter) -> (artifact id: '20078bc47784929bf26fd3df71b0e09a') in 0.0170989 seconds
Number of updated asset objects reloaded before import = 0Number of asset objects unloaded after import = 3

========================================================================
Received Import Request.
  Time since last request: 0.000024 seconds.
  path: Assets/sprites/Plant Animations/PlantJump/JumpPlant_00004.png
  artifactKey: Guid(612259e29b10d4c428053d44f7c4b08c) Importer(2089858483,b0f066a214c2f5e87bad3c948f4d605d)
Start importing Assets/sprites/Plant Animations/PlantJump/JumpPlant_00004.png using Guid(612259e29b10d4c428053d44f7c4b08c) Importer(2089858483,b0f066a214c2f5e87bad3c948f4d605d) (ScriptedImporter) -> (artifact id: '73020ba1a75ee6e6003e9cf61145c577') in 0.0197097 seconds
Number of updated asset objects reloaded before import = 0Number of asset objects unloaded after import = 3

========================================================================
Received Import Request.
  Time since last request: 0.000030 seconds.
  path: Assets/sprites/Plant Animations/Plant 7
  artifactKey: Guid(491b42adc92ae0a4fb86e5f180d9a57d) Importer(2089858483,b0f066a214c2f5e87bad3c948f4d605d)
Start importing Assets/sprites/Plant Animations/Plant 7 using Guid(491b42adc92ae0a4fb86e5f180d9a57d) Importer(2089858483,b0f066a214c2f5e87bad3c948f4d605d) (ScriptedImporter) -> (artifact id: 'f333c9bdd901ca16d24841f2a0c851c5') in 0.0137001 seconds
Number of updated asset objects reloaded before import = 0Number of asset objects unloaded after import = 1

========================================================================
Received Import Request.
  Time since last request: 0.000017 seconds.
  path: Assets/sprites/Plant Animations/Plant Wind 1/Plant Wind 1_00028.png
  artifactKey: Guid(f845e3591ffcc9549a7620b06d80fe9b) Importer(2089858483,b0f066a214c2f5e87bad3c948f4d605d)
Start importing Assets/sprites/Plant Animations/Plant Wind 1/Plant Wind 1_00028.png using Guid(f845e3591ffcc9549a7620b06d80fe9b) Importer(2089858483,b0f066a214c2f5e87bad3c948f4d605d) (ScriptedImporter) -> (artifact id: '50089091ae3e706de2ddcd28808dd726') in 0.0199581 seconds
Number of updated asset objects reloaded before import = 0Number of asset objects unloaded after import = 3

========================================================================
Received Import Request.
  Time since last request: 0.000020 seconds.
  path: Assets/sprites/Plant Animations/Plant 2/Plant2_00012.png
  artifactKey: Guid(7dbe7bb197e869447b2894e980ee01e0) Importer(2089858483,b0f066a214c2f5e87bad3c948f4d605d)
Start importing Assets/sprites/Plant Animations/Plant 2/Plant2_00012.png using Guid(7dbe7bb197e869447b2894e980ee01e0) Importer(2089858483,b0f066a214c2f5e87bad3c948f4d605d) (ScriptedImporter) -> (artifact id: 'c5072389faec9192ceed169301fa791c') in 0.0213163 seconds
Number of updated asset objects reloaded before import = 0Number of asset objects unloaded after import = 5

========================================================================
Received Import Request.
  Time since last request: 0.000018 seconds.
  path: Assets/sprites/Plant Animations/Plant 2/Plant2_00067.png
  artifactKey: Guid(e2165fd6a8eaf604ebca33d427bf414f) Importer(2089858483,b0f066a214c2f5e87bad3c948f4d605d)
Start importing Assets/sprites/Plant Animations/Plant 2/Plant2_00067.png using Guid(e2165fd6a8eaf604ebca33d427bf414f) Importer(2089858483,b0f066a214c2f5e87bad3c948f4d605d) (ScriptedImporter) -> (artifact id: '2bbec9723f06df87a71e1fc9de341d5c') in 0.0200359 seconds
Number of updated asset objects reloaded before import = 0Number of asset objects unloaded after import = 5

========================================================================
Received Import Request.
  Time since last request: 0.000028 seconds.
  path: Assets/sprites/Plant Animations/Plant 3/Plant3_00014.png
  artifactKey: Guid(ac7dc3638c8bdd94781ec1d990800585) Importer(2089858483,b0f066a214c2f5e87bad3c948f4d605d)
Start importing Assets/sprites/Plant Animations/Plant 3/Plant3_00014.png using Guid(ac7dc3638c8bdd94781ec1d990800585) Importer(2089858483,b0f066a214c2f5e87bad3c948f4d605d) (ScriptedImporter) -> (artifact id: 'b2d3257851222255054d2a1e3b970e15') in 0.0212505 seconds
Number of updated asset objects reloaded before import = 0Number of asset objects unloaded after import = 4

========================================================================
Received Import Request.
  Time since last request: 0.000030 seconds.
  path: Assets/sprites/Plant Animations/Plant 3/Plant3_00000.png
  artifactKey: Guid(cffa8d788f2cc894b8d836603b3e79e9) Importer(2089858483,b0f066a214c2f5e87bad3c948f4d605d)
Start importing Assets/sprites/Plant Animations/Plant 3/Plant3_00000.png using Guid(cffa8d788f2cc894b8d836603b3e79e9) Importer(2089858483,b0f066a214c2f5e87bad3c948f4d605d) (ScriptedImporter) -> (artifact id: '310b6efd0082adc54c1ae280a4b1dd84') in 0.018699 seconds
Number of updated asset objects reloaded before import = 0Number of asset objects unloaded after import = 4

========================================================================
Received Import Request.
  Time since last request: 0.000017 seconds.
  path: Assets/sprites/Plant Animations/Plant 2/Plant2_00009.png
  artifactKey: Guid(4591798d42fac834689835b371c5e4bb) Importer(2089858483,b0f066a214c2f5e87bad3c948f4d605d)
Start importing Assets/sprites/Plant Animations/Plant 2/Plant2_00009.png using Guid(4591798d42fac834689835b371c5e4bb) Importer(2089858483,b0f066a214c2f5e87bad3c948f4d605d) (ScriptedImporter) -> (artifact id: 'dfcbe5e7bd54f25bc1332fbf88ee0b08') in 0.0198819 seconds
Number of updated asset objects reloaded before import = 0Number of asset objects unloaded after import = 5

========================================================================
Received Import Request.
  Time since last request: 0.000022 seconds.
  path: Assets/sprites/Plant Animations/BlueFlower2/BluePlantClosed_00031.png
  artifactKey: Guid(2c7ab8d427bdd99418f95075d00b0820) Importer(2089858483,b0f066a214c2f5e87bad3c948f4d605d)
Start importing Assets/sprites/Plant Animations/BlueFlower2/BluePlantClosed_00031.png using Guid(2c7ab8d427bdd99418f95075d00b0820) Importer(2089858483,b0f066a214c2f5e87bad3c948f4d605d) (ScriptedImporter) -> (artifact id: '76af641e2f7ecd05b2e6f342a8bd7746') in 0.0242978 seconds
Number of updated asset objects reloaded before import = 0Number of asset objects unloaded after import = 7

========================================================================
Received Import Request.
  Time since last request: 0.000021 seconds.
  path: Assets/sprites/Plant Animations/Plant 5/Plant5_00023.png
  artifactKey: Guid(70d8ded8bd162cb4eb9fa0af6922e8c1) Importer(2089858483,b0f066a214c2f5e87bad3c948f4d605d)
Start importing Assets/sprites/Plant Animations/Plant 5/Plant5_00023.png using Guid(70d8ded8bd162cb4eb9fa0af6922e8c1) Importer(2089858483,b0f066a214c2f5e87bad3c948f4d605d) (ScriptedImporter) -> (artifact id: '9e0ea320dac9aedca0528ff5c0e937a8') in 0.0196323 seconds
Number of updated asset objects reloaded before import = 0Number of asset objects unloaded after import = 3

========================================================================
Received Import Request.
  Time since last request: 0.000023 seconds.
  path: Assets/sprites/Plant Animations/Plant 4/Plant4_00019.png
  artifactKey: Guid(6ae73a784bf2eb1468c91e88fe73e846) Importer(2089858483,b0f066a214c2f5e87bad3c948f4d605d)
Start importing Assets/sprites/Plant Animations/Plant 4/Plant4_00019.png using Guid(6ae73a784bf2eb1468c91e88fe73e846) Importer(2089858483,b0f066a214c2f5e87bad3c948f4d605d) (ScriptedImporter) -> (artifact id: '08bbaa85173371617ea3e561683068d0') in 0.01863 seconds
Number of updated asset objects reloaded before import = 0Number of asset objects unloaded after import = 3

========================================================================
Received Import Request.
  Time since last request: 0.000039 seconds.
  path: Assets/sprites/Plant Animations/Plant 8 Poison/PlantPosion_00008.png
  artifactKey: Guid(a379d37683ab92d469639399f0fa065e) Importer(2089858483,b0f066a214c2f5e87bad3c948f4d605d)
Start importing Assets/sprites/Plant Animations/Plant 8 Poison/PlantPosion_00008.png using Guid(a379d37683ab92d469639399f0fa065e) Importer(2089858483,b0f066a214c2f5e87bad3c948f4d605d) (ScriptedImporter) -> (artifact id: '5a2ce393176336dea3e707d1ea92c2a5') in 0.0171894 seconds
Number of updated asset objects reloaded before import = 0Number of asset objects unloaded after import = 3

========================================================================
Received Import Request.
  Time since last request: 0.000019 seconds.
  path: Assets/sprites/Plant Animations/Plant Wind 1/Plant Wind 1_00001.png
  artifactKey: Guid(583c3db40780c6f48817b7aaed32277d) Importer(2089858483,b0f066a214c2f5e87bad3c948f4d605d)
Start importing Assets/sprites/Plant Animations/Plant Wind 1/Plant Wind 1_00001.png using Guid(583c3db40780c6f48817b7aaed32277d) Importer(2089858483,b0f066a214c2f5e87bad3c948f4d605d) (ScriptedImporter) -> (artifact id: 'c06c9dcde01aedfbb1bd80eee4c48b30') in 0.017928 seconds
Number of updated asset objects reloaded before import = 0Number of asset objects unloaded after import = 3

========================================================================
Received Import Request.
  Time since last request: 0.000027 seconds.
  path: Assets/sprites/Plant Animations/BlueFlower2/BluePlantClosed_00006.png
  artifactKey: Guid(544c5bd53faa3b74180df01af16ee7e6) Importer(2089858483,b0f066a214c2f5e87bad3c948f4d605d)
Start importing Assets/sprites/Plant Animations/BlueFlower2/BluePlantClosed_00006.png using Guid(544c5bd53faa3b74180df01af16ee7e6) Importer(2089858483,b0f066a214c2f5e87bad3c948f4d605d) (ScriptedImporter) -> (artifact id: '94fa1b79f6f471e92c6487242150955d') in 0.033109 seconds
Number of updated asset objects reloaded before import = 0Number of asset objects unloaded after import = 8

========================================================================
Received Import Request.
  Time since last request: 0.000020 seconds.
  path: Assets/sprites/Plant Animations/BlueFlower2/BluePlantClosed_00041.png
  artifactKey: Guid(a4d57b78c2f7efc459d6d561ca604248) Importer(2089858483,b0f066a214c2f5e87bad3c948f4d605d)
Start importing Assets/sprites/Plant Animations/BlueFlower2/BluePlantClosed_00041.png using Guid(a4d57b78c2f7efc459d6d561ca604248) Importer(2089858483,b0f066a214c2f5e87bad3c948f4d605d) (ScriptedImporter) -> (artifact id: '1084e526f946788e98233d11318fc961') in 0.0253649 seconds
Number of updated asset objects reloaded before import = 0Number of asset objects unloaded after import = 8

========================================================================
Received Import Request.
  Time since last request: 0.000020 seconds.
  path: Assets/sprites/Plant Animations/Plant 1/Plant1_00073.png
  artifactKey: Guid(0680cbde370af9b4592c629ec7c0e87a) Importer(2089858483,b0f066a214c2f5e87bad3c948f4d605d)
Start importing Assets/sprites/Plant Animations/Plant 1/Plant1_00073.png using Guid(0680cbde370af9b4592c629ec7c0e87a) Importer(2089858483,b0f066a214c2f5e87bad3c948f4d605d) (ScriptedImporter) -> (artifact id: 'f5c09687ce08d83ef96484cc26cbc698') in 0.0175094 seconds
Number of updated asset objects reloaded before import = 0Number of asset objects unloaded after import = 3

========================================================================
Received Import Request.
  Time since last request: 0.000026 seconds.
  path: Assets/sprites/Plant Animations/Plant 1/Plant1_00025.png
  artifactKey: Guid(9271fbd8551202841b766f671aa19378) Importer(2089858483,b0f066a214c2f5e87bad3c948f4d605d)
Start importing Assets/sprites/Plant Animations/Plant 1/Plant1_00025.png using Guid(9271fbd8551202841b766f671aa19378) Importer(2089858483,b0f066a214c2f5e87bad3c948f4d605d) (ScriptedImporter) -> (artifact id: '6c17ed034f67efe27c190a193765133f') in 0.0201043 seconds
Number of updated asset objects reloaded before import = 0Number of asset objects unloaded after import = 3

========================================================================
Received Import Request.
  Time since last request: 0.000015 seconds.
  path: Assets/sprites/Plant Animations/Plant Wind 1/Plant Wind 1_00002.png
  artifactKey: Guid(89a31ce39eef21b4498c337224a781bd) Importer(2089858483,b0f066a214c2f5e87bad3c948f4d605d)
Start importing Assets/sprites/Plant Animations/Plant Wind 1/Plant Wind 1_00002.png using Guid(89a31ce39eef21b4498c337224a781bd) Importer(2089858483,b0f066a214c2f5e87bad3c948f4d605d) (ScriptedImporter) -> (artifact id: '570e17c7b45aaaf0a293e0a89bb4ae5f') in 0.0175349 seconds
Number of updated asset objects reloaded before import = 0Number of asset objects unloaded after import = 3

========================================================================
Received Import Request.
  Time since last request: 0.000014 seconds.
  path: Assets/sprites/Plant Animations/Plant 2/Plant2_00057.png
  artifactKey: Guid(9012431e05e5d3c43b3c244ba883b590) Importer(2089858483,b0f066a214c2f5e87bad3c948f4d605d)
Start importing Assets/sprites/Plant Animations/Plant 2/Plant2_00057.png using Guid(9012431e05e5d3c43b3c244ba883b590) Importer(2089858483,b0f066a214c2f5e87bad3c948f4d605d) (ScriptedImporter) -> (artifact id: '29aa2b2932f428dbc9c32b169930949e') in 0.0192468 seconds
Number of updated asset objects reloaded before import = 0Number of asset objects unloaded after import = 5

========================================================================
Received Import Request.
  Time since last request: 0.000019 seconds.
  path: Assets/sprites/Plant Animations/Plant 3/Plant3_00020.png
  artifactKey: Guid(3d34462fa778612428b3929891cc9552) Importer(2089858483,b0f066a214c2f5e87bad3c948f4d605d)
Start importing Assets/sprites/Plant Animations/Plant 3/Plant3_00020.png using Guid(3d34462fa778612428b3929891cc9552) Importer(2089858483,b0f066a214c2f5e87bad3c948f4d605d) (ScriptedImporter) -> (artifact id: '8defc7e77d5b2976902490f983bac69e') in 0.0182179 seconds
Number of updated asset objects reloaded before import = 0Number of asset objects unloaded after import = 4

========================================================================
Received Import Request.
  Time since last request: 0.000026 seconds.
  path: Assets/sprites/Plant Animations/Plant 3/Plant3_00021.png
  artifactKey: Guid(c06d3e6857e1872488caa31cf4ab7812) Importer(2089858483,b0f066a214c2f5e87bad3c948f4d605d)
Start importing Assets/sprites/Plant Animations/Plant 3/Plant3_00021.png using Guid(c06d3e6857e1872488caa31cf4ab7812) Importer(2089858483,b0f066a214c2f5e87bad3c948f4d605d) (ScriptedImporter) -> (artifact id: '927e6b411d9753b7e14b35e488093c0c') in 0.0191997 seconds
Number of updated asset objects reloaded before import = 0Number of asset objects unloaded after import = 4

========================================================================
Received Import Request.
  Time since last request: 0.000032 seconds.
  path: Assets/sprites/Plant Animations/Plant 7/Plant7_00001.png
  artifactKey: Guid(124e07325c0a5e646bdc433d93a3a889) Importer(2089858483,b0f066a214c2f5e87bad3c948f4d605d)
Start importing Assets/sprites/Plant Animations/Plant 7/Plant7_00001.png using Guid(124e07325c0a5e646bdc433d93a3a889) Importer(2089858483,b0f066a214c2f5e87bad3c948f4d605d) (ScriptedImporter) -> (artifact id: 'd1c915ab9089170761eafe039c695626') in 0.0192576 seconds
Number of updated asset objects reloaded before import = 0Number of asset objects unloaded after import = 3

========================================================================
Received Import Request.
  Time since last request: 0.000017 seconds.
  path: Assets/sprites/Plant Animations/Plant 4/Plant4_00002.png
  artifactKey: Guid(407a96fc748bfba4d86ef14a8d581687) Importer(2089858483,b0f066a214c2f5e87bad3c948f4d605d)
Start importing Assets/sprites/Plant Animations/Plant 4/Plant4_00002.png using Guid(407a96fc748bfba4d86ef14a8d581687) Importer(2089858483,b0f066a214c2f5e87bad3c948f4d605d) (ScriptedImporter) -> (artifact id: '13179b9b23cac89db7bd10cd21c76ab7') in 0.0174571 seconds
Number of updated asset objects reloaded before import = 0Number of asset objects unloaded after import = 3

========================================================================
Received Import Request.
  Time since last request: 0.000035 seconds.
  path: Assets/sprites/Plant Animations/BlueFlower1/BlueFlower_00039.png
  artifactKey: Guid(10a1ac7bdb30f2f4691e56eadb771295) Importer(2089858483,b0f066a214c2f5e87bad3c948f4d605d)
Start importing Assets/sprites/Plant Animations/BlueFlower1/BlueFlower_00039.png using Guid(10a1ac7bdb30f2f4691e56eadb771295) Importer(2089858483,b0f066a214c2f5e87bad3c948f4d605d) (ScriptedImporter) -> (artifact id: '5cb80205d99221d02013bbb4b5b1a796') in 0.0161434 seconds
Number of updated asset objects reloaded before import = 0Number of asset objects unloaded after import = 3

========================================================================
Received Import Request.
  Time since last request: 0.000021 seconds.
  path: Assets/sprites/Plant Animations/BlueFlower1/BlueFlower_00004.png
  artifactKey: Guid(fd521568980946a48b5271ab364034e9) Importer(2089858483,b0f066a214c2f5e87bad3c948f4d605d)
Start importing Assets/sprites/Plant Animations/BlueFlower1/BlueFlower_00004.png using Guid(fd521568980946a48b5271ab364034e9) Importer(2089858483,b0f066a214c2f5e87bad3c948f4d605d) (ScriptedImporter) -> (artifact id: '763b2c2db81b2cec3847652baa271b7a') in 0.0171527 seconds
Number of updated asset objects reloaded before import = 0Number of asset objects unloaded after import = 3

========================================================================
Received Import Request.
  Time since last request: 0.000022 seconds.
  path: Assets/sprites/Plant Animations/BlueFlower1/BlueFlower_00056.png
  artifactKey: Guid(6f35790bad110564ba2021f4a7f80670) Importer(2089858483,b0f066a214c2f5e87bad3c948f4d605d)
Start importing Assets/sprites/Plant Animations/BlueFlower1/BlueFlower_00056.png using Guid(6f35790bad110564ba2021f4a7f80670) Importer(2089858483,b0f066a214c2f5e87bad3c948f4d605d) (ScriptedImporter) -> (artifact id: 'df3f98d074aa86a1b8056b4a80bef525') in 0.0180519 seconds
Number of updated asset objects reloaded before import = 0Number of asset objects unloaded after import = 3

========================================================================
Received Import Request.
  Time since last request: 0.000027 seconds.
  path: Assets/sprites/Plant Animations/Plant 5/Plant5_00052.png
  artifactKey: Guid(d62b7b057e3911f458aba3859f2a94c4) Importer(2089858483,b0f066a214c2f5e87bad3c948f4d605d)
Start importing Assets/sprites/Plant Animations/Plant 5/Plant5_00052.png using Guid(d62b7b057e3911f458aba3859f2a94c4) Importer(2089858483,b0f066a214c2f5e87bad3c948f4d605d) (ScriptedImporter) -> (artifact id: '5e8b9c2505482268cd9abca785a6b927') in 0.0176681 seconds
Number of updated asset objects reloaded before import = 0Number of asset objects unloaded after import = 3

========================================================================
Received Import Request.
  Time since last request: 0.000020 seconds.
  path: Assets/sprites/Plant Animations/Plant Wind 1/Plant Wind 1_00029.png
  artifactKey: Guid(2a07678d258b8714ebc6771b733d7e82) Importer(2089858483,b0f066a214c2f5e87bad3c948f4d605d)
Start importing Assets/sprites/Plant Animations/Plant Wind 1/Plant Wind 1_00029.png using Guid(2a07678d258b8714ebc6771b733d7e82) Importer(2089858483,b0f066a214c2f5e87bad3c948f4d605d) (ScriptedImporter) -> (artifact id: 'd74497abac535f91d0634d0d412b0c76') in 0.0175963 seconds
Number of updated asset objects reloaded before import = 0Number of asset objects unloaded after import = 3

========================================================================
Received Import Request.
  Time since last request: 0.000020 seconds.
  path: Assets/sprites/Plant Animations/Plant 7/Plant7_00044.png
  artifactKey: Guid(649af7c6bf13fd74b93eb6def0c630c0) Importer(2089858483,b0f066a214c2f5e87bad3c948f4d605d)
Start importing Assets/sprites/Plant Animations/Plant 7/Plant7_00044.png using Guid(649af7c6bf13fd74b93eb6def0c630c0) Importer(2089858483,b0f066a214c2f5e87bad3c948f4d605d) (ScriptedImporter) -> (artifact id: '5dae0f26218e9181b60e54886c2eb5a4') in 0.0173709 seconds
Number of updated asset objects reloaded before import = 0Number of asset objects unloaded after import = 3

========================================================================
Received Import Request.
  Time since last request: 0.000027 seconds.
  path: Assets/sprites/Plant Animations/PlantJump/JumpPlant_00001.png
  artifactKey: Guid(5d43c980e616ddc4692e5a8567e7396b) Importer(2089858483,b0f066a214c2f5e87bad3c948f4d605d)
Start importing Assets/sprites/Plant Animations/PlantJump/JumpPlant_00001.png using Guid(5d43c980e616ddc4692e5a8567e7396b) Importer(2089858483,b0f066a214c2f5e87bad3c948f4d605d) (ScriptedImporter) -> (artifact id: '67aa0c6ad2d335c376b49f4bda5c13ac') in 0.0184235 seconds
Number of updated asset objects reloaded before import = 0Number of asset objects unloaded after import = 3

========================================================================
Received Import Request.
  Time since last request: 0.000023 seconds.
  path: Assets/sprites/Plant Animations/Plant 2/Plant2_00059.png
  artifactKey: Guid(df826a197d2dc0b41b91f2426606dabf) Importer(2089858483,b0f066a214c2f5e87bad3c948f4d605d)
Start importing Assets/sprites/Plant Animations/Plant 2/Plant2_00059.png using Guid(df826a197d2dc0b41b91f2426606dabf) Importer(2089858483,b0f066a214c2f5e87bad3c948f4d605d) (ScriptedImporter) -> (artifact id: 'd6d316cc5944e114920520e9b3e70ae6') in 0.0193554 seconds
Number of updated asset objects reloaded before import = 0Number of asset objects unloaded after import = 5

========================================================================
Received Import Request.
  Time since last request: 0.000029 seconds.
  path: Assets/sprites/Plant Animations/Plant Wind 1/Plant Wind 1_00003.png
  artifactKey: Guid(da36d28fe293f9c40b4f91a1788d7949) Importer(2089858483,b0f066a214c2f5e87bad3c948f4d605d)
Start importing Assets/sprites/Plant Animations/Plant Wind 1/Plant Wind 1_00003.png using Guid(da36d28fe293f9c40b4f91a1788d7949) Importer(2089858483,b0f066a214c2f5e87bad3c948f4d605d) (ScriptedImporter) -> (artifact id: 'd5e6323685313f4abcb83938521c97d2') in 0.0189067 seconds
Number of updated asset objects reloaded before import = 0Number of asset objects unloaded after import = 3

========================================================================
Received Import Request.
  Time since last request: 0.000017 seconds.
  path: Assets/sprites/Plant Animations/BlueFlower2/BluePlantClosed_00042.png
  artifactKey: Guid(5a0309c70e9904149abd107db936f859) Importer(2089858483,b0f066a214c2f5e87bad3c948f4d605d)
Start importing Assets/sprites/Plant Animations/BlueFlower2/BluePlantClosed_00042.png using Guid(5a0309c70e9904149abd107db936f859) Importer(2089858483,b0f066a214c2f5e87bad3c948f4d605d) (ScriptedImporter) -> (artifact id: '58f633125f17751b7966da6076337f32') in 0.022749 seconds
Number of updated asset objects reloaded before import = 0Number of asset objects unloaded after import = 8

========================================================================
Received Import Request.
  Time since last request: 0.000022 seconds.
  path: Assets/sprites/Plant Animations/Plant 3/Plant3_00082.png
  artifactKey: Guid(45fa68d44080bda428e1e63077be5869) Importer(2089858483,b0f066a214c2f5e87bad3c948f4d605d)
Start importing Assets/sprites/Plant Animations/Plant 3/Plant3_00082.png using Guid(45fa68d44080bda428e1e63077be5869) Importer(2089858483,b0f066a214c2f5e87bad3c948f4d605d) (ScriptedImporter) -> (artifact id: 'e73d0bc8b90810da32f68d075f5e5839') in 0.019166 seconds
Number of updated asset objects reloaded before import = 0Number of asset objects unloaded after import = 4

========================================================================
Received Import Request.
  Time since last request: 0.000020 seconds.
  path: Assets/sprites/Plant Animations/BlueFlower1/BlueFlower_00022.png
  artifactKey: Guid(4940b5197cab0b3409bee33c3b44d5b2) Importer(2089858483,b0f066a214c2f5e87bad3c948f4d605d)
Start importing Assets/sprites/Plant Animations/BlueFlower1/BlueFlower_00022.png using Guid(4940b5197cab0b3409bee33c3b44d5b2) Importer(2089858483,b0f066a214c2f5e87bad3c948f4d605d) (ScriptedImporter) -> (artifact id: '777d71f9242cd30950aae245aa09ec10') in 0.017696 seconds
Number of updated asset objects reloaded before import = 0Number of asset objects unloaded after import = 3

========================================================================
Received Import Request.
  Time since last request: 0.000027 seconds.
  path: Assets/sprites/Plant Animations/Plant 1/Plant1_00027.png
  artifactKey: Guid(0498c896ec89dd44c9aa02895572ee8f) Importer(2089858483,b0f066a214c2f5e87bad3c948f4d605d)
Start importing Assets/sprites/Plant Animations/Plant 1/Plant1_00027.png using Guid(0498c896ec89dd44c9aa02895572ee8f) Importer(2089858483,b0f066a214c2f5e87bad3c948f4d605d) (ScriptedImporter) -> (artifact id: '8f399dc6425d8347d12cc25d51dc9d0c') in 0.022445 seconds
Number of updated asset objects reloaded before import = 0Number of asset objects unloaded after import = 3

========================================================================
Received Import Request.
  Time since last request: 0.000031 seconds.
  path: Assets/sprites/Plant Animations/Plant Wind 1/Plant Wind 1_00020.png
  artifactKey: Guid(8ef1cbaa50c43684781bb2b15d13f1c0) Importer(2089858483,b0f066a214c2f5e87bad3c948f4d605d)
Start importing Assets/sprites/Plant Animations/Plant Wind 1/Plant Wind 1_00020.png using Guid(8ef1cbaa50c43684781bb2b15d13f1c0) Importer(2089858483,b0f066a214c2f5e87bad3c948f4d605d) (ScriptedImporter) -> (artifact id: '20cd30399b853039bdd8ff2e700bba06') in 0.0175613 seconds
Number of updated asset objects reloaded before import = 0Number of asset objects unloaded after import = 3

========================================================================
Received Import Request.
  Time since last request: 0.000018 seconds.
  path: Assets/sprites/Plant Animations/Plant 4/Plant4_00011.png
  artifactKey: Guid(91228ac3500e0fc47a8e660641fd8d63) Importer(2089858483,b0f066a214c2f5e87bad3c948f4d605d)
Start importing Assets/sprites/Plant Animations/Plant 4/Plant4_00011.png using Guid(91228ac3500e0fc47a8e660641fd8d63) Importer(2089858483,b0f066a214c2f5e87bad3c948f4d605d) (ScriptedImporter) -> (artifact id: 'f4d106f8ac3d21e2ff5d62eab5a3298c') in 0.0167125 seconds
Number of updated asset objects reloaded before import = 0Number of asset objects unloaded after import = 3

========================================================================
Received Import Request.
  Time since last request: 0.000016 seconds.
  path: Assets/sprites/Plant Animations/Plant 1/Plant1_00081.png
  artifactKey: Guid(a4777b14a13f94f47a4db184f1ee337e) Importer(2089858483,b0f066a214c2f5e87bad3c948f4d605d)
Start importing Assets/sprites/Plant Animations/Plant 1/Plant1_00081.png using Guid(a4777b14a13f94f47a4db184f1ee337e) Importer(2089858483,b0f066a214c2f5e87bad3c948f4d605d) (ScriptedImporter) -> (artifact id: '735a2e0885db3aa79f08a5aad32a49ca') in 0.0177647 seconds
Number of updated asset objects reloaded before import = 0Number of asset objects unloaded after import = 3

========================================================================
Received Import Request.
  Time since last request: 0.000018 seconds.
  path: Assets/sprites/Plant Animations/Plant 2/Plant2_00068.png
  artifactKey: Guid(b02f648e4676ff247b7282fab5d9ebe2) Importer(2089858483,b0f066a214c2f5e87bad3c948f4d605d)
Start importing Assets/sprites/Plant Animations/Plant 2/Plant2_00068.png using Guid(b02f648e4676ff247b7282fab5d9ebe2) Importer(2089858483,b0f066a214c2f5e87bad3c948f4d605d) (ScriptedImporter) -> (artifact id: '6f188832f556bafee76c193fa76d3115') in 0.0227568 seconds
Number of updated asset objects reloaded before import = 0Number of asset objects unloaded after import = 5

========================================================================
Received Import Request.
  Time since last request: 0.000021 seconds.
  path: Assets/sprites/Plant Animations/Plant 4/Plant4_00040.png
  artifactKey: Guid(d12aef3dfe06b324a9deb55ef72a80b4) Importer(2089858483,b0f066a214c2f5e87bad3c948f4d605d)
Start importing Assets/sprites/Plant Animations/Plant 4/Plant4_00040.png using Guid(d12aef3dfe06b324a9deb55ef72a80b4) Importer(2089858483,b0f066a214c2f5e87bad3c948f4d605d) (ScriptedImporter) -> (artifact id: '6ecd0a2fda77643bfb0681bc42424fce') in 0.0210569 seconds
Number of updated asset objects reloaded before import = 0Number of asset objects unloaded after import = 3

========================================================================
Received Import Request.
  Time since last request: 0.000031 seconds.
  path: Assets/sprites/Plant Animations/Plant 7/Plant7_00010.png
  artifactKey: Guid(7907d991806eb3247ad8207e3c1f5a08) Importer(2089858483,b0f066a214c2f5e87bad3c948f4d605d)
Start importing Assets/sprites/Plant Animations/Plant 7/Plant7_00010.png using Guid(7907d991806eb3247ad8207e3c1f5a08) Importer(2089858483,b0f066a214c2f5e87bad3c948f4d605d) (ScriptedImporter) -> (artifact id: 'e4e738726760d1c38a0f4db79bff1aba') in 0.0305818 seconds
Number of updated asset objects reloaded before import = 0Number of asset objects unloaded after import = 3

========================================================================
Received Import Request.
  Time since last request: 0.000019 seconds.
  path: Assets/sprites/Plant Animations/BlueFlower1/BlueFlower_00042.png
  artifactKey: Guid(2855d4e459144fc4294b9d4bd4f66b2c) Importer(815301076,1909f56bfc062723c751e8b465ee728b)
Start importing Assets/sprites/Plant Animations/BlueFlower1/BlueFlower_00042.png using Guid(2855d4e459144fc4294b9d4bd4f66b2c) Importer(815301076,1909f56bfc062723c751e8b465ee728b) (PreviewImporter) -> (artifact id: '7b95248075f1591a628b68aebae0d570') in 0.0229001 seconds
Number of updated asset objects reloaded before import = 0Number of asset objects unloaded after import = 3

========================================================================
Received Import Request.
  Time since last request: 0.000026 seconds.
  path: Assets/sprites/Plant Animations/Plant 6/Plant6_00012.png
  artifactKey: Guid(0c529acdbb5d9354b874d46e14557385) Importer(2089858483,b0f066a214c2f5e87bad3c948f4d605d)
Start importing Assets/sprites/Plant Animations/Plant 6/Plant6_00012.png using Guid(0c529acdbb5d9354b874d46e14557385) Importer(2089858483,b0f066a214c2f5e87bad3c948f4d605d) (ScriptedImporter) -> (artifact id: '9c2d86cbdedea5f774c8f68f3ea203e6') in 0.0176991 seconds
Number of updated asset objects reloaded before import = 0Number of asset objects unloaded after import = 3

========================================================================
Received Import Request.
  Time since last request: 0.000031 seconds.
  path: Assets/sprites/Plant Animations/PlantJump2/JumpPlant 2_00019.png
  artifactKey: Guid(775f0ca2445dd454e92f4315cab81868) Importer(2089858483,b0f066a214c2f5e87bad3c948f4d605d)
Start importing Assets/sprites/Plant Animations/PlantJump2/JumpPlant 2_00019.png using Guid(775f0ca2445dd454e92f4315cab81868) Importer(2089858483,b0f066a214c2f5e87bad3c948f4d605d) (ScriptedImporter) -> (artifact id: '6bd9455f7500c32ba240b10f6acd0bea') in 0.0172969 seconds
Number of updated asset objects reloaded before import = 0Number of asset objects unloaded after import = 3

========================================================================
Received Import Request.
  Time since last request: 0.000031 seconds.
  path: Assets/sprites/Plant Animations/BlueFlower1/BlueFlower_00010.png
  artifactKey: Guid(c89d111027b839342b30de9c51eba028) Importer(815301076,1909f56bfc062723c751e8b465ee728b)
Start importing Assets/sprites/Plant Animations/BlueFlower1/BlueFlower_00010.png using Guid(c89d111027b839342b30de9c51eba028) Importer(815301076,1909f56bfc062723c751e8b465ee728b) (PreviewImporter) -> (artifact id: 'db1c01163205002ac791b8eeb3ecb33c') in 0.0189634 seconds
Number of updated asset objects reloaded before import = 0Number of asset objects unloaded after import = 3

========================================================================
Received Import Request.
  Time since last request: 0.000018 seconds.
  path: Assets/sprites/Plant Animations/BlueFlower1/BlueFlower_00036.png
  artifactKey: Guid(9d3c937238b1bdd409765269370c5080) Importer(815301076,1909f56bfc062723c751e8b465ee728b)
Start importing Assets/sprites/Plant Animations/BlueFlower1/BlueFlower_00036.png using Guid(9d3c937238b1bdd409765269370c5080) Importer(815301076,1909f56bfc062723c751e8b465ee728b) (PreviewImporter) -> (artifact id: '555969d4056d614517a66e79d4a26d31') in 0.0196224 seconds
Number of updated asset objects reloaded before import = 0Number of asset objects unloaded after import = 3

========================================================================
Received Import Request.
  Time since last request: 0.000020 seconds.
  path: Assets/sprites/Plant Animations/Plant 5/Plant5_00013.png
  artifactKey: Guid(fe481fa05da32fe4a9633f738fc63363) Importer(2089858483,b0f066a214c2f5e87bad3c948f4d605d)
Start importing Assets/sprites/Plant Animations/Plant 5/Plant5_00013.png using Guid(fe481fa05da32fe4a9633f738fc63363) Importer(2089858483,b0f066a214c2f5e87bad3c948f4d605d) (ScriptedImporter) -> (artifact id: '314bae093d262e75d6a27b3072440e9b') in 0.0189824 seconds
Number of updated asset objects reloaded before import = 0Number of asset objects unloaded after import = 3

========================================================================
Received Import Request.
  Time since last request: 0.000017 seconds.
  path: Assets/sprites/Plant Animations/BlueFlower1/BlueFlower_00008.png
  artifactKey: Guid(24161d8962efc764cb6a1b86309f50d6) Importer(2089858483,b0f066a214c2f5e87bad3c948f4d605d)
Start importing Assets/sprites/Plant Animations/BlueFlower1/BlueFlower_00008.png using Guid(24161d8962efc764cb6a1b86309f50d6) Importer(2089858483,b0f066a214c2f5e87bad3c948f4d605d) (ScriptedImporter) -> (artifact id: '8bd8b68439945cb1c9383c808220cdb6') in 0.0205321 seconds
Number of updated asset objects reloaded before import = 0Number of asset objects unloaded after import = 3

========================================================================
Received Import Request.
  Time since last request: 0.000020 seconds.
  path: Assets/sprites/Plant Animations/BlueFlower1/BlueFlower_00018.png
  artifactKey: Guid(e84cfa9e94c24204fa5f01869bac253e) Importer(815301076,1909f56bfc062723c751e8b465ee728b)
Start importing Assets/sprites/Plant Animations/BlueFlower1/BlueFlower_00018.png using Guid(e84cfa9e94c24204fa5f01869bac253e) Importer(815301076,1909f56bfc062723c751e8b465ee728b) (PreviewImporter) -> (artifact id: '5e1703390885170e68396a0bd2c73a38') in 0.0191387 seconds
Number of updated asset objects reloaded before import = 0Number of asset objects unloaded after import = 3

========================================================================
Received Import Request.
  Time since last request: 0.000036 seconds.
  path: Assets/sprites/Plant Animations/Plant 1/Plant1_00008.png
  artifactKey: Guid(9bf637091da93d64f98d41128a36e535) Importer(2089858483,b0f066a214c2f5e87bad3c948f4d605d)
Start importing Assets/sprites/Plant Animations/Plant 1/Plant1_00008.png using Guid(9bf637091da93d64f98d41128a36e535) Importer(2089858483,b0f066a214c2f5e87bad3c948f4d605d) (ScriptedImporter) -> (artifact id: 'fb8ae63bbaafeec15049276327276c16') in 0.0178851 seconds
Number of updated asset objects reloaded before import = 0Number of asset objects unloaded after import = 3

========================================================================
Received Import Request.
  Time since last request: 0.000019 seconds.
  path: Assets/sprites/Plant Animations/Plant 4/Plant4_00012.png
  artifactKey: Guid(aaaad94ef953b424b88965376864f473) Importer(2089858483,b0f066a214c2f5e87bad3c948f4d605d)
Start importing Assets/sprites/Plant Animations/Plant 4/Plant4_00012.png using Guid(aaaad94ef953b424b88965376864f473) Importer(2089858483,b0f066a214c2f5e87bad3c948f4d605d) (ScriptedImporter) -> (artifact id: '0c94f83089e9efdf2e255f379d2dc52f') in 0.0179805 seconds
Number of updated asset objects reloaded before import = 0Number of asset objects unloaded after import = 3

========================================================================
Received Import Request.
  Time since last request: 0.000021 seconds.
  path: Assets/sprites/Plant Animations/Plant 3/Plant3_00078.png
  artifactKey: Guid(7c9439fd36d9b3842a28231fc1ebd4e3) Importer(2089858483,b0f066a214c2f5e87bad3c948f4d605d)
Start importing Assets/sprites/Plant Animations/Plant 3/Plant3_00078.png using Guid(7c9439fd36d9b3842a28231fc1ebd4e3) Importer(2089858483,b0f066a214c2f5e87bad3c948f4d605d) (ScriptedImporter) -> (artifact id: 'ef25b6571090b4a102109f3e4cca07d8') in 0.017483 seconds
Number of updated asset objects reloaded before import = 0Number of asset objects unloaded after import = 4

========================================================================
Received Import Request.
  Time since last request: 0.000020 seconds.
  path: Assets/sprites/Plant Animations/Plant 5/Plant5_00034.png
  artifactKey: Guid(3d27ac4fc313b31408d489ff60fdff62) Importer(2089858483,b0f066a214c2f5e87bad3c948f4d605d)
Start importing Assets/sprites/Plant Animations/Plant 5/Plant5_00034.png using Guid(3d27ac4fc313b31408d489ff60fdff62) Importer(2089858483,b0f066a214c2f5e87bad3c948f4d605d) (ScriptedImporter) -> (artifact id: '4603d2970605ccc9ba1709a1d8d94c39') in 0.0189877 seconds
Number of updated asset objects reloaded before import = 0Number of asset objects unloaded after import = 3

========================================================================
Received Import Request.
  Time since last request: 0.000023 seconds.
  path: Assets/sprites/Plant Animations/Plant 5/Plant5_00003.png
  artifactKey: Guid(092f930dd1ab4354cbe958bb260a54e5) Importer(2089858483,b0f066a214c2f5e87bad3c948f4d605d)
Start importing Assets/sprites/Plant Animations/Plant 5/Plant5_00003.png using Guid(092f930dd1ab4354cbe958bb260a54e5) Importer(2089858483,b0f066a214c2f5e87bad3c948f4d605d) (ScriptedImporter) -> (artifact id: '27ff94ff955226724b589286856158a9') in 0.0172502 seconds
Number of updated asset objects reloaded before import = 0Number of asset objects unloaded after import = 3

========================================================================
Received Import Request.
  Time since last request: 0.000029 seconds.
  path: Assets/sprites/Plant Animations/Plant 4/Plant4_00026.png
  artifactKey: Guid(dc6ec442e2477254aa08ecd5e59276c4) Importer(2089858483,b0f066a214c2f5e87bad3c948f4d605d)
Start importing Assets/sprites/Plant Animations/Plant 4/Plant4_00026.png using Guid(dc6ec442e2477254aa08ecd5e59276c4) Importer(2089858483,b0f066a214c2f5e87bad3c948f4d605d) (ScriptedImporter) -> (artifact id: '415fc8c0b97da0336de4be04c9832c8c') in 0.0162896 seconds
Number of updated asset objects reloaded before import = 0Number of asset objects unloaded after import = 3

========================================================================
Received Import Request.
  Time since last request: 0.000020 seconds.
  path: Assets/sprites/Plant Animations/Plant 2/Plant2_00019.png
  artifactKey: Guid(503877afab76ed048ae90ee25487131d) Importer(2089858483,b0f066a214c2f5e87bad3c948f4d605d)
Start importing Assets/sprites/Plant Animations/Plant 2/Plant2_00019.png using Guid(503877afab76ed048ae90ee25487131d) Importer(2089858483,b0f066a214c2f5e87bad3c948f4d605d) (ScriptedImporter) -> (artifact id: 'b0234496ae20dc7361f3a3f1a83b58e4') in 0.0202036 seconds
Number of updated asset objects reloaded before import = 0Number of asset objects unloaded after import = 5

========================================================================
Received Import Request.
  Time since last request: 0.000025 seconds.
  path: Assets/sprites/Plant Animations/Plant 6/Plant6_00057.png
  artifactKey: Guid(131d7156ef95fa446a213de4e0bfa61a) Importer(2089858483,b0f066a214c2f5e87bad3c948f4d605d)
Start importing Assets/sprites/Plant Animations/Plant 6/Plant6_00057.png using Guid(131d7156ef95fa446a213de4e0bfa61a) Importer(2089858483,b0f066a214c2f5e87bad3c948f4d605d) (ScriptedImporter) -> (artifact id: 'ff1235d95e5414706132ee6a745f62d7') in 0.0178315 seconds
Number of updated asset objects reloaded before import = 0Number of asset objects unloaded after import = 3

========================================================================
Received Import Request.
  Time since last request: 0.000019 seconds.
  path: Assets/sprites/Plant Animations/BlueFlower1/BlueFlower_00049.png
  artifactKey: Guid(025116a236d21f44494da171c36b5fb2) Importer(2089858483,b0f066a214c2f5e87bad3c948f4d605d)
Start importing Assets/sprites/Plant Animations/BlueFlower1/BlueFlower_00049.png using Guid(025116a236d21f44494da171c36b5fb2) Importer(2089858483,b0f066a214c2f5e87bad3c948f4d605d) (ScriptedImporter) -> (artifact id: '3bf6beb949a116552688975767939257') in 0.0164846 seconds
Number of updated asset objects reloaded before import = 0Number of asset objects unloaded after import = 3

========================================================================
Received Import Request.
  Time since last request: 1.109258 seconds.
  path: Assets/sprites/Plant Animations/BlueFlower1/BlueFlower_00051.png
  artifactKey: Guid(f7fed315ce7671a479023b5f1a19cf28) Importer(815301076,1909f56bfc062723c751e8b465ee728b)
Start importing Assets/sprites/Plant Animations/BlueFlower1/BlueFlower_00051.png using Guid(f7fed315ce7671a479023b5f1a19cf28) Importer(815301076,1909f56bfc062723c751e8b465ee728b) (PreviewImporter) -> (artifact id: 'd468ce6e4bc85657ff78e4218b95c4da') in 0.0225246 seconds
Number of updated asset objects reloaded before import = 0Number of asset objects unloaded after import = 3

========================================================================
Received Import Request.
  Time since last request: 0.000016 seconds.
  path: Assets/sprites/Plant Animations/BlueFlower1/BlueFlower_00055.png
  artifactKey: Guid(1f34bd7386ee08343814fbc8b25dfa61) Importer(815301076,1909f56bfc062723c751e8b465ee728b)
Start importing Assets/sprites/Plant Animations/BlueFlower1/BlueFlower_00055.png using Guid(1f34bd7386ee08343814fbc8b25dfa61) Importer(815301076,1909f56bfc062723c751e8b465ee728b) (PreviewImporter) -> (artifact id: '2a32d8641a6286eafa2c653412b6d24b') in 0.0199388 seconds
Number of updated asset objects reloaded before import = 0Number of asset objects unloaded after import = 3

Editor requested this worker to shutdown with reason: Scaling down because of idle timeout
AssetImportWorker is now disconnected from the server
Process exiting
Exiting without the bug reporter. Application will terminate with return code 0