[Licensing::Module] Trying to connect to existing licensing client channel...
Built from '6000.3/respin/6000.3.1f1-f56f53296c2c' branch; Version is '6000.3.1f1 (37142da19a94) revision 3609645'; Using compiler version '194234433'; Build Type 'Release'
OS: 'Windows 11  (10.0.26200) 64bit Professional' Language: 'en' Physical Memory: 16200 MB
[Licensing::IpcConnector] Successfully connected to: "LicenseClient-Huseyn" at "2026-04-17T16:34:01.3751728Z"
BatchMode: 1, IsHumanControllingUs: 0, StartBugReporterOnCrash: 0, Is64bit: 1
Date: 2026-04-17T16:34:01Z

COMMAND LINE ARGUMENTS:
C:\Program Files\Unity\Hub\Editor\6000.3.1f1\Editor\Unity.exe
-adb2
-batchMode
-noUpm
-name
AssetImportWorker2
-projectPath
C:/Users/Huseyn/Desktop/New folder (2)/PlatformGameForLesson
-logFile
Logs/AssetImportWorker2.log
-srvPort
52413
-licensingIpc
LicenseClient-Huseyn
-job-worker-count
7
-background-job-worker-count
8
-gc-helper-count
1
-name
AssetImport
Successfully changed project path to: C:/Users/Huseyn/Desktop/New folder (2)/PlatformGameForLesson
C:/Users/Huseyn/Desktop/New folder (2)/PlatformGameForLesson
[UnityMemory] Configuration Parameters - Can be set up in boot.config
    "memorysetup-temp-allocator-size-nav-mesh-worker=65536"
    "memorysetup-temp-allocator-size-audio-worker=65536"
    "memorysetup-temp-allocator-size-gfx=262144"
    "memorysetup-allocator-temp-initial-block-size-main=262144"
    "memorysetup-allocator-temp-initial-block-size-worker=262144"
    "memorysetup-temp-allocator-size-background-worker=32768"
    "memorysetup-temp-allocator-size-job-worker=262144"
    "memorysetup-temp-allocator-size-preload-manager=33554432"
    "memorysetup-temp-allocator-size-gi-baking-worker=262144"
    "memorysetup-temp-allocator-size-gi-baking-worker=262144"
    "memorysetup-temp-allocator-size-gi-baking-worker=262144"
    "memorysetup-temp-allocator-size-gi-baking-worker=262144"
    "memorysetup-temp-allocator-size-gi-baking-worker=262144"
    "memorysetup-bucket-allocator-granularity=16"
    "memorysetup-bucket-allocator-bucket-count=8"
    "memorysetup-bucket-allocator-block-size=33554432"
    "memorysetup-bucket-allocator-block-count=8"
    "memorysetup-main-allocator-block-size=16777216"
    "memorysetup-thread-allocator-block-size=16777216"
    "memorysetup-gfx-main-allocator-block-size=16777216"
    "memorysetup-gfx-thread-allocator-block-size=16777216"
    "memorysetup-cache-allocator-block-size=4194304"
    "memorysetup-typetree-allocator-block-size=2097152"
    "memorysetup-profiler-bucket-allocator-granularity=16"
    "memorysetup-profiler-bucket-allocator-bucket-count=8"
    "memorysetup-profiler-bucket-allocator-block-size=33554432"
    "memorysetup-profiler-bucket-allocator-block-count=8"
    "memorysetup-profiler-allocator-block-size=16777216"
    "memorysetup-profiler-editor-allocator-block-size=1048576"
    "memorysetup-temp-allocator-size-main=16777216"
    "memorysetup-job-temp-allocator-block-size=2097152"
    "memorysetup-job-temp-allocator-block-size-background=1048576"
    "memorysetup-job-temp-allocator-reduction-small-platforms=262144"
    "memorysetup-temp-allocator-size-cloud-worker=32768"
Player connection [33304]  Target information:

Player connection [33304]  * "[IP] 192.168.56.1 [Port] 0 [Flags] 2 [Guid] 1021595682 [EditorId] 1021595682 [Version] 1048832 [Id] WindowsEditor(7,DESKTOP-P8DN92Q) [Debug] 1 [PackageName] WindowsEditor [ProjectName] Editor" 

Player connection [33304]  * "[IP] 192.168.0.200 [Port] 0 [Flags] 2 [Guid] 1021595682 [EditorId] 1021595682 [Version] 1048832 [Id] WindowsEditor(7,DESKTOP-P8DN92Q) [Debug] 1 [PackageName] WindowsEditor [ProjectName] Editor" 

Player connection [33304] Host joined multi-casting on [225.0.0.222:54997]...
Player connection [33304] Host joined alternative multi-casting on [225.0.0.222:34997]...
JobSystem: Creating JobQueue using job-worker-count value 7
Input System module state changed to: Initialized.
[Physics::Module] Initialized fallback backend.
[Physics::Module] Id: 0xdecafbad
Library Redirect Path: Library/
[Physics::Module] Selected backend.
[Physics::Module] Name: PhysX
[Physics::Module] Id: 0xf2b8ea05
[Physics::Module] SDK Version: 4.1.2
[Physics::Module] Integration Version: 1.0.0
[Physics::Module] Threading Mode: Multi-Threaded
Refreshing native plugins compatible for Editor in 4.09 ms, found 4 plugins.
Preloading 0 native plugins for Editor in 0.00 ms.
Initialize engine version: 6000.3.1f1 (37142da19a94)
[Subsystems] Discovering subsystems at path C:/Program Files/Unity/Hub/Editor/6000.3.1f1/Editor/Data/Resources/UnitySubsystems
[Subsystems] Discovering subsystems at path C:/Users/Huseyn/Desktop/New folder (2)/PlatformGameForLesson/Assets
GfxDevice: creating device client; kGfxThreadingModeNonThreaded
Direct3D:
    Version:  Direct3D 11.0 [level 11.1]
    Renderer: NVIDIA GeForce RTX 3050 Laptop GPU (ID=0x25a2)
    Vendor:   NVIDIA
    VRAM:     3962 MB
    Driver:   32.0.15.9186
Initialize mono
Mono path[0] = 'C:/Program Files/Unity/Hub/Editor/6000.3.1f1/Editor/Data/Managed'
Mono path[1] = 'C:/Program Files/Unity/Hub/Editor/6000.3.1f1/Editor/Data/MonoBleedingEdge/lib/mono/unityjit-win32'
Mono config path = 'C:/Program Files/Unity/Hub/Editor/6000.3.1f1/Editor/Data/MonoBleedingEdge/etc'
Using monoOptions --debugger-agent=transport=dt_socket,embedding=1,server=y,suspend=n,address=127.0.0.1:56940
Begin MonoManager ReloadAssembly
Registering precompiled unity dll's ...
Register platform support module: C:/Program Files/Unity/Hub/Editor/6000.3.1f1/Editor/Data/PlaybackEngines/WebGLSupport/UnityEditor.WebGL.Extensions.dll
Register platform support module: C:/Program Files/Unity/Hub/Editor/6000.3.1f1/Editor/Data/PlaybackEngines/WindowsStandaloneSupport/UnityEditor.WindowsStandalone.Extensions.dll
[Licensing::Module] Licensing is not yet initialized.
[Licensing::Client] Handshaking with LicensingClient:
  Version:                 1.17.4+4293ba1
  Session Id:              06359a36b976464eaef18a0871a98099
  Correlation Id:          b6c0715d3a820be36b2f7da351ade35c
  External correlation Id: 8210610772008776850
  Machine Id:              tv/gQBm3jDMfnTwrqsG2ELGBXbM=
[Licensing::Module] Successfully connected to LicensingClient on channel: "LicenseClient-Huseyn" (connect: 0.00s, validation: 0.00s, handshake: 1.40s)
[Licensing::IpcConnector] Successfully connected to: "LicenseClient-Huseyn-notifications" at "2026-04-17T16:34:02.7783454Z"
[Licensing::Module] Licensing Background thread has ended after 1.40s
[Licensing::Module] Licensing is initialized (took 0.28s).
[Licensing::Client] Successfully resolved entitlement details
[Licensing::Module] License group:
  Id: 18966791570336-UnityPersXXXX
  Product: Unity Personal
  Type: Assigned
  Expiration: Unlimited
Register platform support module: C:/Program Files/Unity/Hub/Editor/6000.3.1f1/Editor/Data/PlaybackEngines/AndroidPlayer/UnityEditor.Android.Extensions.dll
Registered in 0.290290 seconds.
- Loaded All Assemblies, in  0.950 seconds
Native extension for Android target not found
Android Extension - Scanning For ADB Devices 324 ms
Native extension for WindowsStandalone target not found
Native extension for WebGL target not found
Mono: successfully reloaded assembly
- Finished resetting the current domain, in  0.960 seconds
Domain Reload Profiling: 1905ms
	BeginReloadAssembly (200ms)
		ExecutionOrderSort (0ms)
		DisableScriptedObjects (0ms)
		BackupInstance (0ms)
		ReleaseScriptingObjects (0ms)
		CreateAndSetChildDomain (1ms)
	RebuildCommonClasses (53ms)
	RebuildNativeTypeToScriptingClass (19ms)
	initialDomainReloadingComplete (361ms)
	LoadAllAssembliesAndSetupDomain (309ms)
		LoadAssemblies (196ms)
		RebuildTransferFunctionScriptingTraits (0ms)
		AnalyzeDomain (303ms)
			TypeCache.Refresh (300ms)
				TypeCache.ScanAssembly (279ms)
			BuildScriptInfoCaches (0ms)
			ResolveRequiredComponents (1ms)
	FinalizeReload (961ms)
		ReleaseScriptCaches (0ms)
		RebuildScriptCaches (0ms)
		SetupLoadedEditorAssemblies (878ms)
			LogAssemblyErrors (0ms)
			InitializePlatformSupportModulesInManaged (458ms)
			SetLoadedEditorAssemblies (6ms)
			BeforeProcessingInitializeOnLoad (110ms)
			ProcessInitializeOnLoadAttributes (194ms)
			ProcessInitializeOnLoadMethodAttributes (111ms)
			AfterProcessingInitializeOnLoad (0ms)
			EditorAssembliesLoaded (0ms)
		ExecutionOrderSort2 (0ms)
		AwakeInstancesAfterBackupRestoration (0ms)
========================================================================
Worker process is ready to serve import requests
Import Worker Mode flag is 0x00
Begin MonoManager ReloadAssembly
[Licensing::Client] Successfully resolved entitlement details
- Loaded All Assemblies, in  1.276 seconds
Refreshing native plugins compatible for Editor in 2.76 ms, found 4 plugins.
Native extension for Android target not found
Native extension for WindowsStandalone target not found
Native extension for WebGL target not found
Package Manager log level set to [2]
[Package Manager] Failed to launch server process. Reason: Unity was launched with the -noUpm command-line argument
[Package Manager] Unable to send message (not connected to server process).
[Package Manager] Cannot connect to Unity Package Manager local server
Mono: successfully reloaded assembly
- Finished resetting the current domain, in  1.188 seconds
Domain Reload Profiling: 2455ms
	BeginReloadAssembly (272ms)
		ExecutionOrderSort (0ms)
		DisableScriptedObjects (9ms)
		BackupInstance (0ms)
		ReleaseScriptingObjects (0ms)
		CreateAndSetChildDomain (58ms)
	RebuildCommonClasses (50ms)
	RebuildNativeTypeToScriptingClass (19ms)
	initialDomainReloadingComplete (59ms)
	LoadAllAssembliesAndSetupDomain (865ms)
		LoadAssemblies (590ms)
		RebuildTransferFunctionScriptingTraits (0ms)
		AnalyzeDomain (420ms)
			TypeCache.Refresh (308ms)
				TypeCache.ScanAssembly (284ms)
			BuildScriptInfoCaches (87ms)
			ResolveRequiredComponents (16ms)
	FinalizeReload (1189ms)
		ReleaseScriptCaches (0ms)
		RebuildScriptCaches (0ms)
		SetupLoadedEditorAssemblies (948ms)
			LogAssemblyErrors (0ms)
			InitializePlatformSupportModulesInManaged (16ms)
			SetLoadedEditorAssemblies (8ms)
			BeforeProcessingInitializeOnLoad (230ms)
			ProcessInitializeOnLoadAttributes (495ms)
			ProcessInitializeOnLoadMethodAttributes (188ms)
			AfterProcessingInitializeOnLoad (11ms)
			EditorAssembliesLoaded (0ms)
		ExecutionOrderSort2 (0ms)
		AwakeInstancesAfterBackupRestoration (10ms)
Launched and connected shader compiler UnityShaderCompiler.exe after 0.02 seconds
Refreshing native plugins compatible for Editor in 2.18 ms, found 4 plugins.
Preloading 0 native plugins for Editor in 0.00 ms.
Unloading 16 Unused Serialized files (Serialized files now loaded: 0)
Unloading 6876 unused Assets / (5.5 MB). Loaded Objects now: 7709.
Memory consumption went from 153.5 MB to 148.0 MB.
Total: 13.769100 ms (FindLiveObjects: 1.148900 ms CreateObjectMapping: 1.117500 ms MarkObjects: 7.378800 ms  DeleteObjects: 4.122000 ms)

========================================================================
Received Import Request.
  Time since last request: 16458.992527 seconds.
  path: Assets/sounds/coin.wav
  artifactKey: Guid(036427aeb83fbf1419c6a5554106a4bc) Importer(2089858483,b0f066a214c2f5e87bad3c948f4d605d)
Start importing Assets/sounds/coin.wav using Guid(036427aeb83fbf1419c6a5554106a4bc) Importer(2089858483,b0f066a214c2f5e87bad3c948f4d605d) (ScriptedImporter) -> (artifact id: 'afe4e6ebb7f8634a1d516aefbf440c20') in 0.1192728 seconds
Number of updated asset objects reloaded before import = 0Number of asset objects unloaded after import = 1

========================================================================
Received Import Request.
  Time since last request: 0.000021 seconds.
  path: Assets/TextMesh Pro/Shaders/TMP_SDF-HDRP UNLIT.shadergraph
  artifactKey: Guid(f63d574838ccfb44f84acc05fed0af48) Importer(2089858483,b0f066a214c2f5e87bad3c948f4d605d)
Start importing Assets/TextMesh Pro/Shaders/TMP_SDF-HDRP UNLIT.shadergraph using Guid(f63d574838ccfb44f84acc05fed0af48) Importer(2089858483,b0f066a214c2f5e87bad3c948f4d605d) (ScriptedImporter) -> (artifact id: '677d4c7b286a95d8c71bc163b94ed52c') in 0.0671213 seconds
Number of updated asset objects reloaded before import = 0Number of asset objects unloaded after import = 3

========================================================================
Received Import Request.
  Time since last request: 0.000024 seconds.
  path: Assets/Settings/UniversalRP.asset
  artifactKey: Guid(681886c5eb7344803b6206f758bf0b1c) Importer(2089858483,b0f066a214c2f5e87bad3c948f4d605d)
Start importing Assets/Settings/UniversalRP.asset using Guid(681886c5eb7344803b6206f758bf0b1c) Importer(2089858483,b0f066a214c2f5e87bad3c948f4d605d) (ScriptedImporter) -> (artifact id: 'd191a66b5c6a9e04bc553f342a2511a7') in 0.0592283 seconds
Number of updated asset objects reloaded before import = 0Number of asset objects unloaded after import = 1

========================================================================
Received Import Request.
  Time since last request: 0.000034 seconds.
  path: Assets/Scripts/Coin.cs
  artifactKey: Guid(2ee405ef99deb1c45b3aae623d793b21) Importer(2089858483,b0f066a214c2f5e87bad3c948f4d605d)
Start importing Assets/Scripts/Coin.cs using Guid(2ee405ef99deb1c45b3aae623d793b21) Importer(2089858483,b0f066a214c2f5e87bad3c948f4d605d) (ScriptedImporter) -> (artifact id: 'f2e6f23675907672140a7cb1ec7856b3') in 0.0169496 seconds
Number of updated asset objects reloaded before import = 0Number of asset objects unloaded after import = 0

========================================================================
Received Import Request.
  Time since last request: 0.000021 seconds.
  path: Assets/InputSystem_Actions.inputactions
  artifactKey: Guid(2bcd2660ca9b64942af0de543d8d7100) Importer(2089858483,b0f066a214c2f5e87bad3c948f4d605d)
Start importing Assets/InputSystem_Actions.inputactions using Guid(2bcd2660ca9b64942af0de543d8d7100) Importer(2089858483,b0f066a214c2f5e87bad3c948f4d605d) (ScriptedImporter) -> (artifact id: '3d86fee325d9463520cb29415e5493e1') in 0.2113985 seconds
Number of updated asset objects reloaded before import = 0Number of asset objects unloaded after import = 21

========================================================================
Received Import Request.
  Time since last request: 0.000040 seconds.
  path: Assets/TextMesh Pro/Shaders/TMP_Bitmap-Custom-Atlas.shader
  artifactKey: Guid(48bb5f55d8670e349b6e614913f9d910) Importer(2089858483,b0f066a214c2f5e87bad3c948f4d605d)
Start importing Assets/TextMesh Pro/Shaders/TMP_Bitmap-Custom-Atlas.shader using Guid(48bb5f55d8670e349b6e614913f9d910) Importer(2089858483,b0f066a214c2f5e87bad3c948f4d605d) (ScriptedImporter) -> (artifact id: 'bd687567160735bf1aed15242bb4e62f') in 0.0138098 seconds
Number of updated asset objects reloaded before import = 0Number of asset objects unloaded after import = 1

========================================================================
Received Import Request.
  Time since last request: 0.000030 seconds.
  path: Assets/sprites/world_tileset.png
  artifactKey: Guid(08d34903170e92c439aa26495889fea9) Importer(2089858483,b0f066a214c2f5e87bad3c948f4d605d)
Start importing Assets/sprites/world_tileset.png using Guid(08d34903170e92c439aa26495889fea9) Importer(2089858483,b0f066a214c2f5e87bad3c948f4d605d) (ScriptedImporter) -> (artifact id: 'c552e96435d8233fd7507d76fab7a58b') in 0.1495648 seconds
Number of updated asset objects reloaded before import = 0Number of asset objects unloaded after import = 104

========================================================================
Received Import Request.
  Time since last request: 0.000024 seconds.
  path: Assets/TextMesh Pro/Shaders/TMPro.cginc
  artifactKey: Guid(407bc68d299748449bbf7f48ee690f8d) Importer(2089858483,b0f066a214c2f5e87bad3c948f4d605d)
Start importing Assets/TextMesh Pro/Shaders/TMPro.cginc using Guid(407bc68d299748449bbf7f48ee690f8d) Importer(2089858483,b0f066a214c2f5e87bad3c948f4d605d) (ScriptedImporter) -> (artifact id: '9c1e5b74b24f40d5377ae91d4482dfcb') in 0.0144006 seconds
Number of updated asset objects reloaded before import = 0Number of asset objects unloaded after import = 1

========================================================================
Received Import Request.
  Time since last request: 0.000038 seconds.
  path: Assets/sprites/platforms.png
  artifactKey: Guid(d92359ea1879daf4ca9ef3d23d1fb519) Importer(2089858483,b0f066a214c2f5e87bad3c948f4d605d)
Start importing Assets/sprites/platforms.png using Guid(d92359ea1879daf4ca9ef3d23d1fb519) Importer(2089858483,b0f066a214c2f5e87bad3c948f4d605d) (ScriptedImporter) -> (artifact id: 'b27031679d72f963538c3e4a8aca9f01') in 0.0246165 seconds
Number of updated asset objects reloaded before import = 0Number of asset objects unloaded after import = 7

========================================================================
Received Import Request.
  Time since last request: 0.000023 seconds.
  path: Assets/TextMesh Pro/Resources/Sprite Assets/EmojiOne.asset
  artifactKey: Guid(c41005c129ba4d66911b75229fd70b45) Importer(2089858483,b0f066a214c2f5e87bad3c948f4d605d)
Start importing Assets/TextMesh Pro/Resources/Sprite Assets/EmojiOne.asset using Guid(c41005c129ba4d66911b75229fd70b45) Importer(2089858483,b0f066a214c2f5e87bad3c948f4d605d) (ScriptedImporter) -> (artifact id: 'd94efdfde4577d2daa3e3bfe38b1a351') in 0.0188542 seconds
Number of updated asset objects reloaded before import = 0Number of asset objects unloaded after import = 3

========================================================================
Received Import Request.
  Time since last request: 0.000022 seconds.
  path: Assets/TextMesh Pro/Sprites/EmojiOne.json
  artifactKey: Guid(8f05276190cf498a8153f6cbe761d4e6) Importer(2089858483,b0f066a214c2f5e87bad3c948f4d605d)
Start importing Assets/TextMesh Pro/Sprites/EmojiOne.json using Guid(8f05276190cf498a8153f6cbe761d4e6) Importer(2089858483,b0f066a214c2f5e87bad3c948f4d605d) (ScriptedImporter) -> (artifact id: 'a1692cd3153991cb0578dedc0a8f324d') in 0.0109548 seconds
Number of updated asset objects reloaded before import = 0Number of asset objects unloaded after import = 1

========================================================================
Received Import Request.
  Time since last request: 0.000017 seconds.
  path: Assets/sounds/jump.wav
  artifactKey: Guid(bf9b1079601867b4fb8af9b386f89e1f) Importer(2089858483,b0f066a214c2f5e87bad3c948f4d605d)
Start importing Assets/sounds/jump.wav using Guid(bf9b1079601867b4fb8af9b386f89e1f) Importer(2089858483,b0f066a214c2f5e87bad3c948f4d605d) (ScriptedImporter) -> (artifact id: 'c54030d3bba1b3eb85daafed79edd1fa') in 0.0271087 seconds
Number of updated asset objects reloaded before import = 0Number of asset objects unloaded after import = 1

========================================================================
Received Import Request.
  Time since last request: 31.297239 seconds.
  path: Assets/DefaultVolumeProfile.asset
  artifactKey: Guid(3f9215ea0144899419cfbc0957140d3f) Importer(815301076,1909f56bfc062723c751e8b465ee728b)
Start importing Assets/DefaultVolumeProfile.asset using Guid(3f9215ea0144899419cfbc0957140d3f) Importer(815301076,1909f56bfc062723c751e8b465ee728b) (PreviewImporter) -> (artifact id: '65636432c56742a06922c04c04ec00a3') in 0.0143868 seconds
Number of updated asset objects reloaded before import = 0Number of asset objects unloaded after import = 0

========================================================================
Received Import Request.
  Time since last request: 2.335805 seconds.
  path: Assets/Scenes
  artifactKey: Guid(109e9bdd0fcc649c5bc59085c35bdc83) Importer(815301076,1909f56bfc062723c751e8b465ee728b)
Start importing Assets/Scenes using Guid(109e9bdd0fcc649c5bc59085c35bdc83) Importer(815301076,1909f56bfc062723c751e8b465ee728b) (PreviewImporter) -> (artifact id: '73258d2a0164082a0def4806f88e2269') in 0.0006408 seconds
Number of updated asset objects reloaded before import = 0Number of asset objects unloaded after import = 0

========================================================================
Received Import Request.
  Time since last request: 0.741734 seconds.
  path: Assets/Scenes/SampleScene.unity
  artifactKey: Guid(8c9cfa26abfee488c85f1582747f6a02) Importer(815301076,1909f56bfc062723c751e8b465ee728b)
Start importing Assets/Scenes/SampleScene.unity using Guid(8c9cfa26abfee488c85f1582747f6a02) Importer(815301076,1909f56bfc062723c751e8b465ee728b) (PreviewImporter) -> (artifact id: '6218c8d649bd0fb4598974064139e034') in 0.0007091 seconds
Number of updated asset objects reloaded before import = 0Number of asset objects unloaded after import = 0

========================================================================
Received Import Request.
  Time since last request: 7.255449 seconds.
  path: Assets/sounds/coin.wav
  artifactKey: Guid(036427aeb83fbf1419c6a5554106a4bc) Importer(815301076,1909f56bfc062723c751e8b465ee728b)
Start importing Assets/sounds/coin.wav using Guid(036427aeb83fbf1419c6a5554106a4bc) Importer(815301076,1909f56bfc062723c751e8b465ee728b) (PreviewImporter) -> (artifact id: '60fefbb3e5917d43245e1f55d4258646') in 0.0752166 seconds
Number of updated asset objects reloaded before import = 0Number of asset objects unloaded after import = 2

========================================================================
Received Import Request.
  Time since last request: 0.000019 seconds.
  path: Assets/sounds/jump.wav
  artifactKey: Guid(bf9b1079601867b4fb8af9b386f89e1f) Importer(815301076,1909f56bfc062723c751e8b465ee728b)
Start importing Assets/sounds/jump.wav using Guid(bf9b1079601867b4fb8af9b386f89e1f) Importer(815301076,1909f56bfc062723c751e8b465ee728b) (PreviewImporter) -> (artifact id: '3c2841bcfbc9234f8c998c648d64f7da') in 0.0128377 seconds
Number of updated asset objects reloaded before import = 0Number of asset objects unloaded after import = 2

========================================================================
Received Import Request.
  Time since last request: 0.363287 seconds.
  path: Assets/Settings/Lit2DSceneTemplate.scenetemplate
  artifactKey: Guid(d03ed43fc9d8a4f2e9fa70c1c7916eb9) Importer(815301076,1909f56bfc062723c751e8b465ee728b)
Start importing Assets/Settings/Lit2DSceneTemplate.scenetemplate using Guid(d03ed43fc9d8a4f2e9fa70c1c7916eb9) Importer(815301076,1909f56bfc062723c751e8b465ee728b) (PreviewImporter) -> (artifact id: '0cf7743d3fc12cb82a74614ef924e8b3') in 0.0575851 seconds
Number of updated asset objects reloaded before import = 0Number of asset objects unloaded after import = 4

========================================================================
Received Import Request.
  Time since last request: 1.645729 seconds.
  path: Assets/fonts/PixelOperator8.ttf
  artifactKey: Guid(bf51ac0bd08f4e24e8eb0f539d251792) Importer(815301076,1909f56bfc062723c751e8b465ee728b)
Start importing Assets/fonts/PixelOperator8.ttf using Guid(bf51ac0bd08f4e24e8eb0f539d251792) Importer(815301076,1909f56bfc062723c751e8b465ee728b) (PreviewImporter) -> (artifact id: '89608802d11ebd17bdd1a57e2311cdcf') in 0.3538129 seconds
Number of updated asset objects reloaded before import = 0Number of asset objects unloaded after import = 4

========================================================================
Received Import Request.
  Time since last request: 312.269681 seconds.
  path: Assets/New Asssets
  artifactKey: Guid(0c6916b4edfe4ff42b2ca389c5f52885) Importer(2089858483,b0f066a214c2f5e87bad3c948f4d605d)
Start importing Assets/New Asssets using Guid(0c6916b4edfe4ff42b2ca389c5f52885) Importer(2089858483,b0f066a214c2f5e87bad3c948f4d605d) (ScriptedImporter) -> (artifact id: '8b0e50608c9a9d3c602bea41bbdad640') in 0.0116541 seconds
Number of updated asset objects reloaded before import = 0Number of asset objects unloaded after import = 1

========================================================================
Received Import Request.
  Time since last request: 88.632316 seconds.
  path: Assets/New Asssets/BlueWizard/2BlueWizardIdle/Chara - BlueIdle00011.png
  artifactKey: Guid(0f42a31a03d84ac47bd4db3720d8eb42) Importer(2089858483,b0f066a214c2f5e87bad3c948f4d605d)
Start importing Assets/New Asssets/BlueWizard/2BlueWizardIdle/Chara - BlueIdle00011.png using Guid(0f42a31a03d84ac47bd4db3720d8eb42) Importer(2089858483,b0f066a214c2f5e87bad3c948f4d605d) (ScriptedImporter) -> (artifact id: '949642c683270f5f65f2db302ee293aa') in 0.019699 seconds
Number of updated asset objects reloaded before import = 0Number of asset objects unloaded after import = 3

========================================================================
Received Import Request.
  Time since last request: 0.000048 seconds.
  path: Assets/New Asssets/Plant Animations/Plant 3/Plant3_00000.png
  artifactKey: Guid(0ace218a5ad9b1e4685891327fade6a5) Importer(2089858483,b0f066a214c2f5e87bad3c948f4d605d)
Start importing Assets/New Asssets/Plant Animations/Plant 3/Plant3_00000.png using Guid(0ace218a5ad9b1e4685891327fade6a5) Importer(2089858483,b0f066a214c2f5e87bad3c948f4d605d) (ScriptedImporter) -> (artifact id: '7ddab9a9a9149f2e5837846570fd41bb') in 0.0250981 seconds
Number of updated asset objects reloaded before import = 0Number of asset objects unloaded after import = 4

========================================================================
Received Import Request.
  Time since last request: 0.000046 seconds.
  path: Assets/New Asssets/Plant Animations/BlueFlower1/BlueFlower_00052.png
  artifactKey: Guid(0381d01306e88414c82f7ad06bdca2e5) Importer(2089858483,b0f066a214c2f5e87bad3c948f4d605d)
Start importing Assets/New Asssets/Plant Animations/BlueFlower1/BlueFlower_00052.png using Guid(0381d01306e88414c82f7ad06bdca2e5) Importer(2089858483,b0f066a214c2f5e87bad3c948f4d605d) (ScriptedImporter) -> (artifact id: 'dcab087f449f426780f09ea2515c1adc') in 0.0205512 seconds
Number of updated asset objects reloaded before import = 0Number of asset objects unloaded after import = 3

========================================================================
Received Import Request.
  Time since last request: 0.000030 seconds.
  path: Assets/New Asssets/Plant Animations/BlueFlower2/BluePlantClosed_00054.png
  artifactKey: Guid(0ea76262880d79f42af12aa28fd8c1a0) Importer(2089858483,b0f066a214c2f5e87bad3c948f4d605d)
Start importing Assets/New Asssets/Plant Animations/BlueFlower2/BluePlantClosed_00054.png using Guid(0ea76262880d79f42af12aa28fd8c1a0) Importer(2089858483,b0f066a214c2f5e87bad3c948f4d605d) (ScriptedImporter) -> (artifact id: '237765a520069a1e1783fecb53401b2e') in 0.0252734 seconds
Number of updated asset objects reloaded before import = 0Number of asset objects unloaded after import = 7

========================================================================
Received Import Request.
  Time since last request: 0.000029 seconds.
  path: Assets/New Asssets/Plant Animations/Plant 1/Plant1_00031.png
  artifactKey: Guid(8bb97c04975a62d4493bef7125dc98e0) Importer(2089858483,b0f066a214c2f5e87bad3c948f4d605d)
Start importing Assets/New Asssets/Plant Animations/Plant 1/Plant1_00031.png using Guid(8bb97c04975a62d4493bef7125dc98e0) Importer(2089858483,b0f066a214c2f5e87bad3c948f4d605d) (ScriptedImporter) -> (artifact id: '9ce57309afd50c1f7e3005a3cf2021d3') in 0.0184296 seconds
Number of updated asset objects reloaded before import = 0Number of asset objects unloaded after import = 3

========================================================================
Received Import Request.
  Time since last request: 0.000034 seconds.
  path: Assets/New Asssets/Plant Animations/BlueFlower2/BluePlantClosed_00010.png
  artifactKey: Guid(d8103822017c6fc429d1a770addb57db) Importer(2089858483,b0f066a214c2f5e87bad3c948f4d605d)
Start importing Assets/New Asssets/Plant Animations/BlueFlower2/BluePlantClosed_00010.png using Guid(d8103822017c6fc429d1a770addb57db) Importer(2089858483,b0f066a214c2f5e87bad3c948f4d605d) (ScriptedImporter) -> (artifact id: '2cf0e4c96dc61dd9810ba8a1086aa637') in 0.0270364 seconds
Number of updated asset objects reloaded before import = 0Number of asset objects unloaded after import = 8

========================================================================
Received Import Request.
  Time since last request: 0.000039 seconds.
  path: Assets/New Asssets/Plant Animations/Plant 3/Plant3_00038.png
  artifactKey: Guid(bbf96c069945ec245b25b88faf345b50) Importer(2089858483,b0f066a214c2f5e87bad3c948f4d605d)
Start importing Assets/New Asssets/Plant Animations/Plant 3/Plant3_00038.png using Guid(bbf96c069945ec245b25b88faf345b50) Importer(2089858483,b0f066a214c2f5e87bad3c948f4d605d) (ScriptedImporter) -> (artifact id: '043c5cf302fe78a783d1d417511820dd') in 0.0216667 seconds
Number of updated asset objects reloaded before import = 0Number of asset objects unloaded after import = 4

========================================================================
Received Import Request.
  Time since last request: 0.000037 seconds.
  path: Assets/New Asssets/Plant Animations/Plant 7/Plant7_00031.png
  artifactKey: Guid(673d0f070f3be9340bdc83dd4a3d163b) Importer(2089858483,b0f066a214c2f5e87bad3c948f4d605d)
Start importing Assets/New Asssets/Plant Animations/Plant 7/Plant7_00031.png using Guid(673d0f070f3be9340bdc83dd4a3d163b) Importer(2089858483,b0f066a214c2f5e87bad3c948f4d605d) (ScriptedImporter) -> (artifact id: '73d5ed48293ccbad361bd670ec09906f') in 0.0193898 seconds
Number of updated asset objects reloaded before import = 0Number of asset objects unloaded after import = 3

========================================================================
Received Import Request.
  Time since last request: 0.000034 seconds.
  path: Assets/New Asssets/Plant Animations/Plant 3/Plant3_00077.png
  artifactKey: Guid(8eb94486da655a34ab6e0b1ef4c8843b) Importer(2089858483,b0f066a214c2f5e87bad3c948f4d605d)
Start importing Assets/New Asssets/Plant Animations/Plant 3/Plant3_00077.png using Guid(8eb94486da655a34ab6e0b1ef4c8843b) Importer(2089858483,b0f066a214c2f5e87bad3c948f4d605d) (ScriptedImporter) -> (artifact id: 'a7734136276f83e4d40659d297e27c27') in 0.0205799 seconds
Number of updated asset objects reloaded before import = 0Number of asset objects unloaded after import = 4

========================================================================
Received Import Request.
  Time since last request: 0.000048 seconds.
  path: Assets/New Asssets/Plant Animations/Plant Wind 1/Plant Wind 1_00023.png
  artifactKey: Guid(2f42bee7baec98b45a6dd5908a09e431) Importer(2089858483,b0f066a214c2f5e87bad3c948f4d605d)
Start importing Assets/New Asssets/Plant Animations/Plant Wind 1/Plant Wind 1_00023.png using Guid(2f42bee7baec98b45a6dd5908a09e431) Importer(2089858483,b0f066a214c2f5e87bad3c948f4d605d) (ScriptedImporter) -> (artifact id: '53a5558cb8d2b8b41aa5dec1524e764a') in 0.0205117 seconds
Number of updated asset objects reloaded before import = 0Number of asset objects unloaded after import = 3

========================================================================
Received Import Request.
  Time since last request: 0.000062 seconds.
  path: Assets/New Asssets/Plant Animations/Plant 6/Plant6_00043.png
  artifactKey: Guid(be726262f862a2841bd60436b6845e8e) Importer(2089858483,b0f066a214c2f5e87bad3c948f4d605d)
Start importing Assets/New Asssets/Plant Animations/Plant 6/Plant6_00043.png using Guid(be726262f862a2841bd60436b6845e8e) Importer(2089858483,b0f066a214c2f5e87bad3c948f4d605d) (ScriptedImporter) -> (artifact id: 'af241349338e11c330d18bcfc04a29f0') in 0.018778 seconds
Number of updated asset objects reloaded before import = 0Number of asset objects unloaded after import = 3

========================================================================
Received Import Request.
  Time since last request: 0.000036 seconds.
  path: Assets/New Asssets/BlueWizard/2BlueWizardJump/Dash2/DashBlue_00009.png
  artifactKey: Guid(c28f33d747096084b8bab26cf3d731de) Importer(2089858483,b0f066a214c2f5e87bad3c948f4d605d)
Start importing Assets/New Asssets/BlueWizard/2BlueWizardJump/Dash2/DashBlue_00009.png using Guid(c28f33d747096084b8bab26cf3d731de) Importer(2089858483,b0f066a214c2f5e87bad3c948f4d605d) (ScriptedImporter) -> (artifact id: '04526bc4a1fb725f00e8231ba715f05d') in 0.0196054 seconds
Number of updated asset objects reloaded before import = 0Number of asset objects unloaded after import = 3

========================================================================
Received Import Request.
  Time since last request: 0.000030 seconds.
  path: Assets/New Asssets/Plant Animations/Plant 3/Plant3_00008.png
  artifactKey: Guid(47bebd1ba615b764d9da4ef10584129d) Importer(2089858483,b0f066a214c2f5e87bad3c948f4d605d)
Start importing Assets/New Asssets/Plant Animations/Plant 3/Plant3_00008.png using Guid(47bebd1ba615b764d9da4ef10584129d) Importer(2089858483,b0f066a214c2f5e87bad3c948f4d605d) (ScriptedImporter) -> (artifact id: '90f9609a2c64aa5815e4232572c7f81c') in 0.0231976 seconds
Number of updated asset objects reloaded before import = 0Number of asset objects unloaded after import = 4

========================================================================
Received Import Request.
  Time since last request: 0.000032 seconds.
  path: Assets/New Asssets/Plant Animations/Plant 5/Plant5_00000.png
  artifactKey: Guid(00ac1ec56d2fcb8438dc97390ff553d0) Importer(2089858483,b0f066a214c2f5e87bad3c948f4d605d)
Start importing Assets/New Asssets/Plant Animations/Plant 5/Plant5_00000.png using Guid(00ac1ec56d2fcb8438dc97390ff553d0) Importer(2089858483,b0f066a214c2f5e87bad3c948f4d605d) (ScriptedImporter) -> (artifact id: 'a907f6e688d8ffbc810295182d643a5c') in 0.0194745 seconds
Number of updated asset objects reloaded before import = 0Number of asset objects unloaded after import = 3

========================================================================
Received Import Request.
  Time since last request: 0.000034 seconds.
  path: Assets/New Asssets/Plant Animations/Plant 7/Plant7_00021.png
  artifactKey: Guid(798556c166107e047b3f796b9cdc3ab0) Importer(2089858483,b0f066a214c2f5e87bad3c948f4d605d)
Start importing Assets/New Asssets/Plant Animations/Plant 7/Plant7_00021.png using Guid(798556c166107e047b3f796b9cdc3ab0) Importer(2089858483,b0f066a214c2f5e87bad3c948f4d605d) (ScriptedImporter) -> (artifact id: '40ae8f6bb1bec884ef0064050af3bf49') in 0.018424 seconds
Number of updated asset objects reloaded before import = 0Number of asset objects unloaded after import = 3

========================================================================
Received Import Request.
  Time since last request: 0.000020 seconds.
  path: Assets/New Asssets/Plant Animations/Plant 1/Plant1_00009.png
  artifactKey: Guid(19d3ad52e84644447973bd5dd20da3ab) Importer(2089858483,b0f066a214c2f5e87bad3c948f4d605d)
Start importing Assets/New Asssets/Plant Animations/Plant 1/Plant1_00009.png using Guid(19d3ad52e84644447973bd5dd20da3ab) Importer(2089858483,b0f066a214c2f5e87bad3c948f4d605d) (ScriptedImporter) -> (artifact id: '8744a9d2fcb53dab26ee963739daaf53') in 0.0161526 seconds
Number of updated asset objects reloaded before import = 0Number of asset objects unloaded after import = 3

========================================================================
Received Import Request.
  Time since last request: 0.000040 seconds.
  path: Assets/New Asssets/Plant Animations/Plant 3/Plant3_00068.png
  artifactKey: Guid(98e66928827e7c64bb3d10971f7e9a78) Importer(2089858483,b0f066a214c2f5e87bad3c948f4d605d)
Start importing Assets/New Asssets/Plant Animations/Plant 3/Plant3_00068.png using Guid(98e66928827e7c64bb3d10971f7e9a78) Importer(2089858483,b0f066a214c2f5e87bad3c948f4d605d) (ScriptedImporter) -> (artifact id: 'bd72880094b58837e208694afe6bebfa') in 0.0196217 seconds
Number of updated asset objects reloaded before import = 0Number of asset objects unloaded after import = 4

========================================================================
Received Import Request.
  Time since last request: 0.000030 seconds.
  path: Assets/New Asssets/Plant Animations/BlueFlower1/BlueFlower_00025.png
  artifactKey: Guid(fffa6ffd56104ec48a18318ff4206fcb) Importer(2089858483,b0f066a214c2f5e87bad3c948f4d605d)
Start importing Assets/New Asssets/Plant Animations/BlueFlower1/BlueFlower_00025.png using Guid(fffa6ffd56104ec48a18318ff4206fcb) Importer(2089858483,b0f066a214c2f5e87bad3c948f4d605d) (ScriptedImporter) -> (artifact id: '0b17f14c9386fc11a32ea996cfeb69d9') in 0.018677 seconds
Number of updated asset objects reloaded before import = 0Number of asset objects unloaded after import = 3

========================================================================
Received Import Request.
  Time since last request: 0.000042 seconds.
  path: Assets/New Asssets/Plant Animations/Plant 7/Plant7_00030.png
  artifactKey: Guid(63567a51c06503f4a80e045ad0879da5) Importer(2089858483,b0f066a214c2f5e87bad3c948f4d605d)
Start importing Assets/New Asssets/Plant Animations/Plant 7/Plant7_00030.png using Guid(63567a51c06503f4a80e045ad0879da5) Importer(2089858483,b0f066a214c2f5e87bad3c948f4d605d) (ScriptedImporter) -> (artifact id: 'c4621798ae7ee7b0f597c094cb9cd5e0') in 0.016063 seconds
Number of updated asset objects reloaded before import = 0Number of asset objects unloaded after import = 3

========================================================================
Received Import Request.
  Time since last request: 0.000034 seconds.
  path: Assets/New Asssets/Plant Animations/Plant 2
  artifactKey: Guid(3e6e85456e9000641ab8c6d166eeb8f3) Importer(2089858483,b0f066a214c2f5e87bad3c948f4d605d)
Start importing Assets/New Asssets/Plant Animations/Plant 2 using Guid(3e6e85456e9000641ab8c6d166eeb8f3) Importer(2089858483,b0f066a214c2f5e87bad3c948f4d605d) (ScriptedImporter) -> (artifact id: '6f233db6958351b5ea63e61555826290') in 0.0110293 seconds
Number of updated asset objects reloaded before import = 0Number of asset objects unloaded after import = 1

========================================================================
Received Import Request.
  Time since last request: 0.000025 seconds.
  path: Assets/New Asssets/Plant Animations/Plant 1/Plant1_00019.png
  artifactKey: Guid(33a0e938f103d4a4c9532e957c3e8391) Importer(2089858483,b0f066a214c2f5e87bad3c948f4d605d)
Start importing Assets/New Asssets/Plant Animations/Plant 1/Plant1_00019.png using Guid(33a0e938f103d4a4c9532e957c3e8391) Importer(2089858483,b0f066a214c2f5e87bad3c948f4d605d) (ScriptedImporter) -> (artifact id: 'de6595d0ae0cf3a14f3f664ee5c33846') in 0.0177338 seconds
Number of updated asset objects reloaded before import = 0Number of asset objects unloaded after import = 3

========================================================================
Received Import Request.
  Time since last request: 0.000028 seconds.
  path: Assets/New Asssets/BlueWizard/2BlueWizardWalk/Chara_BlueWalk00013.png
  artifactKey: Guid(ffdbb5791db837a459ee94ed8536b026) Importer(2089858483,b0f066a214c2f5e87bad3c948f4d605d)
Start importing Assets/New Asssets/BlueWizard/2BlueWizardWalk/Chara_BlueWalk00013.png using Guid(ffdbb5791db837a459ee94ed8536b026) Importer(2089858483,b0f066a214c2f5e87bad3c948f4d605d) (ScriptedImporter) -> (artifact id: '41f7a21c02699e3b9ed095b31322a40e') in 0.0179289 seconds
Number of updated asset objects reloaded before import = 0Number of asset objects unloaded after import = 3

========================================================================
Received Import Request.
  Time since last request: 0.000039 seconds.
  path: Assets/New Asssets/Plant Animations/Plant 1/Plant1_00055.png
  artifactKey: Guid(7095543083f646d419f195d520d4648a) Importer(2089858483,b0f066a214c2f5e87bad3c948f4d605d)
Start importing Assets/New Asssets/Plant Animations/Plant 1/Plant1_00055.png using Guid(7095543083f646d419f195d520d4648a) Importer(2089858483,b0f066a214c2f5e87bad3c948f4d605d) (ScriptedImporter) -> (artifact id: 'c9f7368a03fe35ae23089b7a8b8ba9f6') in 0.0193686 seconds
Number of updated asset objects reloaded before import = 0Number of asset objects unloaded after import = 3

========================================================================
Received Import Request.
  Time since last request: 0.000028 seconds.
  path: Assets/New Asssets/Plant Animations/Plant 1/Plant1_00070.png
  artifactKey: Guid(dfca89fa14398ea428d47254b66e16ba) Importer(2089858483,b0f066a214c2f5e87bad3c948f4d605d)
Start importing Assets/New Asssets/Plant Animations/Plant 1/Plant1_00070.png using Guid(dfca89fa14398ea428d47254b66e16ba) Importer(2089858483,b0f066a214c2f5e87bad3c948f4d605d) (ScriptedImporter) -> (artifact id: '3084443fb5dfc8653e210f0de6e656f8') in 0.017879 seconds
Number of updated asset objects reloaded before import = 0Number of asset objects unloaded after import = 3

========================================================================
Received Import Request.
  Time since last request: 0.000036 seconds.
  path: Assets/New Asssets/Plant Animations/Plant 5/Plant5_00027.png
  artifactKey: Guid(ef6d437d738ca46459fdd24e54484eb3) Importer(2089858483,b0f066a214c2f5e87bad3c948f4d605d)
Start importing Assets/New Asssets/Plant Animations/Plant 5/Plant5_00027.png using Guid(ef6d437d738ca46459fdd24e54484eb3) Importer(2089858483,b0f066a214c2f5e87bad3c948f4d605d) (ScriptedImporter) -> (artifact id: '6f44d6a070536bb9ed25480c2f38e94f') in 0.0200165 seconds
Number of updated asset objects reloaded before import = 0Number of asset objects unloaded after import = 3

========================================================================
Received Import Request.
  Time since last request: 0.000033 seconds.
  path: Assets/New Asssets/Plant Animations/Plant 1/Plant1_00007.png
  artifactKey: Guid(b4443f8960bcea644be7b5629fb15869) Importer(2089858483,b0f066a214c2f5e87bad3c948f4d605d)
Start importing Assets/New Asssets/Plant Animations/Plant 1/Plant1_00007.png using Guid(b4443f8960bcea644be7b5629fb15869) Importer(2089858483,b0f066a214c2f5e87bad3c948f4d605d) (ScriptedImporter) -> (artifact id: 'eee7a5f1359056298d45c1b32db2aec5') in 0.0180422 seconds
Number of updated asset objects reloaded before import = 0Number of asset objects unloaded after import = 3

========================================================================
Received Import Request.
  Time since last request: 0.000041 seconds.
  path: Assets/New Asssets/Plant Animations/Plant 3/Plant3_00053.png
  artifactKey: Guid(d3e19312c6d8c7e4ab8be11c9fe0a831) Importer(2089858483,b0f066a214c2f5e87bad3c948f4d605d)
Start importing Assets/New Asssets/Plant Animations/Plant 3/Plant3_00053.png using Guid(d3e19312c6d8c7e4ab8be11c9fe0a831) Importer(2089858483,b0f066a214c2f5e87bad3c948f4d605d) (ScriptedImporter) -> (artifact id: '50dd6484c0f305887eec2f26c63a3dda') in 0.0171028 seconds
Number of updated asset objects reloaded before import = 0Number of asset objects unloaded after import = 4

========================================================================
Received Import Request.
  Time since last request: 0.000029 seconds.
  path: Assets/New Asssets/Plant Animations/Plant Wind 1/Plant Wind 1_00004.png
  artifactKey: Guid(20170294fe4ab5743bbf145057f7a068) Importer(2089858483,b0f066a214c2f5e87bad3c948f4d605d)
Start importing Assets/New Asssets/Plant Animations/Plant Wind 1/Plant Wind 1_00004.png using Guid(20170294fe4ab5743bbf145057f7a068) Importer(2089858483,b0f066a214c2f5e87bad3c948f4d605d) (ScriptedImporter) -> (artifact id: '9d87636b143ccfbf7d59607f1df54471') in 0.0192865 seconds
Number of updated asset objects reloaded before import = 0Number of asset objects unloaded after import = 3

========================================================================
Received Import Request.
  Time since last request: 0.000026 seconds.
  path: Assets/New Asssets/Plant Animations/Plant 3/Plant3_00002.png
  artifactKey: Guid(0278721b3f4b90c4386d248922839f97) Importer(2089858483,b0f066a214c2f5e87bad3c948f4d605d)
Start importing Assets/New Asssets/Plant Animations/Plant 3/Plant3_00002.png using Guid(0278721b3f4b90c4386d248922839f97) Importer(2089858483,b0f066a214c2f5e87bad3c948f4d605d) (ScriptedImporter) -> (artifact id: 'fd56ebc9532012880711da1996e3dbf3') in 0.0185029 seconds
Number of updated asset objects reloaded before import = 0Number of asset objects unloaded after import = 4

========================================================================
Received Import Request.
  Time since last request: 0.000028 seconds.
  path: Assets/New Asssets/Plant Animations/Plant 6/Plant6_00037.png
  artifactKey: Guid(437004f736027ac46bf0bddef9388f65) Importer(2089858483,b0f066a214c2f5e87bad3c948f4d605d)
Start importing Assets/New Asssets/Plant Animations/Plant 6/Plant6_00037.png using Guid(437004f736027ac46bf0bddef9388f65) Importer(2089858483,b0f066a214c2f5e87bad3c948f4d605d) (ScriptedImporter) -> (artifact id: '2e19e34a5094df41419847a21393c65a') in 0.0164805 seconds
Number of updated asset objects reloaded before import = 0Number of asset objects unloaded after import = 3

========================================================================
Received Import Request.
  Time since last request: 0.000038 seconds.
  path: Assets/New Asssets/Plant Animations/BlueFlower2/BluePlantClosed_00034.png
  artifactKey: Guid(bd14d666e3588ca4aa3a1bb5b3bcf3ff) Importer(2089858483,b0f066a214c2f5e87bad3c948f4d605d)
Start importing Assets/New Asssets/Plant Animations/BlueFlower2/BluePlantClosed_00034.png using Guid(bd14d666e3588ca4aa3a1bb5b3bcf3ff) Importer(2089858483,b0f066a214c2f5e87bad3c948f4d605d) (ScriptedImporter) -> (artifact id: '9efcaa3278df6ca9c3c0ef6df9e9af89') in 0.026728 seconds
Number of updated asset objects reloaded before import = 0Number of asset objects unloaded after import = 7

========================================================================
Received Import Request.
  Time since last request: 0.000023 seconds.
  path: Assets/New Asssets/Plant Animations/Plant 8 Poison/PlantPosion_00019.png
  artifactKey: Guid(99a19b59e7ddc7646a5433272f19dbf3) Importer(2089858483,b0f066a214c2f5e87bad3c948f4d605d)
Start importing Assets/New Asssets/Plant Animations/Plant 8 Poison/PlantPosion_00019.png using Guid(99a19b59e7ddc7646a5433272f19dbf3) Importer(2089858483,b0f066a214c2f5e87bad3c948f4d605d) (ScriptedImporter) -> (artifact id: 'c2794c64ed955951c5b0f300d3ff51a9') in 0.0182632 seconds
Number of updated asset objects reloaded before import = 0Number of asset objects unloaded after import = 3

========================================================================
Received Import Request.
  Time since last request: 0.000025 seconds.
  path: Assets/New Asssets/Plant Animations/PlantJump/JumpPlant_00000.png
  artifactKey: Guid(a2998f0398a603a4ca81c7a0d8bbd304) Importer(2089858483,b0f066a214c2f5e87bad3c948f4d605d)
Start importing Assets/New Asssets/Plant Animations/PlantJump/JumpPlant_00000.png using Guid(a2998f0398a603a4ca81c7a0d8bbd304) Importer(2089858483,b0f066a214c2f5e87bad3c948f4d605d) (ScriptedImporter) -> (artifact id: '4ad843b1b104b28af066ca755f25e027') in 0.017641 seconds
Number of updated asset objects reloaded before import = 0Number of asset objects unloaded after import = 3

========================================================================
Received Import Request.
  Time since last request: 0.000033 seconds.
  path: Assets/New Asssets/Plant Animations/Plant 5/Plant5_00056.png
  artifactKey: Guid(d42f5b6fd40dee744bf900d9927b5970) Importer(2089858483,b0f066a214c2f5e87bad3c948f4d605d)
Start importing Assets/New Asssets/Plant Animations/Plant 5/Plant5_00056.png using Guid(d42f5b6fd40dee744bf900d9927b5970) Importer(2089858483,b0f066a214c2f5e87bad3c948f4d605d) (ScriptedImporter) -> (artifact id: '242824d266f13979e28ca82390613f53') in 0.018625 seconds
Number of updated asset objects reloaded before import = 0Number of asset objects unloaded after import = 3

========================================================================
Received Import Request.
  Time since last request: 0.000033 seconds.
  path: Assets/New Asssets/Plant Animations/PlantJump/JumpPlant_00005.png
  artifactKey: Guid(b65945f1c9cf40c43b279c65b2af63f8) Importer(2089858483,b0f066a214c2f5e87bad3c948f4d605d)
Start importing Assets/New Asssets/Plant Animations/PlantJump/JumpPlant_00005.png using Guid(b65945f1c9cf40c43b279c65b2af63f8) Importer(2089858483,b0f066a214c2f5e87bad3c948f4d605d) (ScriptedImporter) -> (artifact id: 'a08fd12389df36de439d0524aad03739') in 0.0182111 seconds
Number of updated asset objects reloaded before import = 0Number of asset objects unloaded after import = 3

========================================================================
Received Import Request.
  Time since last request: 0.000038 seconds.
  path: Assets/New Asssets/BlueWizard/2BlueWizardJump/DashEffect/BlueWizardDash_00001.png
  artifactKey: Guid(3c41a453459359446ad2e1946a99b471) Importer(2089858483,b0f066a214c2f5e87bad3c948f4d605d)
Start importing Assets/New Asssets/BlueWizard/2BlueWizardJump/DashEffect/BlueWizardDash_00001.png using Guid(3c41a453459359446ad2e1946a99b471) Importer(2089858483,b0f066a214c2f5e87bad3c948f4d605d) (ScriptedImporter) -> (artifact id: '3ac5b744f64c3eaec91c2aede2ba4b35') in 0.0169116 seconds
Number of updated asset objects reloaded before import = 0Number of asset objects unloaded after import = 3

========================================================================
Received Import Request.
  Time since last request: 0.000029 seconds.
  path: Assets/New Asssets/Plant Animations/BlueFlower1/BlueFlower_00026.png
  artifactKey: Guid(ffcbc3652bcbe1f4c96704cca51ba655) Importer(2089858483,b0f066a214c2f5e87bad3c948f4d605d)
Start importing Assets/New Asssets/Plant Animations/BlueFlower1/BlueFlower_00026.png using Guid(ffcbc3652bcbe1f4c96704cca51ba655) Importer(2089858483,b0f066a214c2f5e87bad3c948f4d605d) (ScriptedImporter) -> (artifact id: '4250c764ff60de7ca9359cb828592871') in 0.017947 seconds
Number of updated asset objects reloaded before import = 0Number of asset objects unloaded after import = 3

========================================================================
Received Import Request.
  Time since last request: 0.000030 seconds.
  path: Assets/New Asssets/Plant Animations/Plant 1/Plant1_00067.png
  artifactKey: Guid(895f9a0102bb15045b30494f5a2d7d14) Importer(2089858483,b0f066a214c2f5e87bad3c948f4d605d)
Start importing Assets/New Asssets/Plant Animations/Plant 1/Plant1_00067.png using Guid(895f9a0102bb15045b30494f5a2d7d14) Importer(2089858483,b0f066a214c2f5e87bad3c948f4d605d) (ScriptedImporter) -> (artifact id: 'c5638af8cd28227facfa3efd665ac176') in 0.014987 seconds
Number of updated asset objects reloaded before import = 0Number of asset objects unloaded after import = 3

========================================================================
Received Import Request.
  Time since last request: 0.000048 seconds.
  path: Assets/New Asssets/Plant Animations/Plant 6/Plant6_00054.png
  artifactKey: Guid(08cbe9b335baf364c9cdf93f47a1ba1a) Importer(2089858483,b0f066a214c2f5e87bad3c948f4d605d)
Start importing Assets/New Asssets/Plant Animations/Plant 6/Plant6_00054.png using Guid(08cbe9b335baf364c9cdf93f47a1ba1a) Importer(2089858483,b0f066a214c2f5e87bad3c948f4d605d) (ScriptedImporter) -> (artifact id: 'a47ac7aa34d2f9e7e7a7f4abd3bd5d6b') in 0.0221818 seconds
Number of updated asset objects reloaded before import = 0Number of asset objects unloaded after import = 3

========================================================================
Received Import Request.
  Time since last request: 0.000046 seconds.
  path: Assets/New Asssets/Plant Animations/Plant 2/Plant2_00037.png
  artifactKey: Guid(a460b6204a0d9114cb9af13eac2873b7) Importer(2089858483,b0f066a214c2f5e87bad3c948f4d605d)
Start importing Assets/New Asssets/Plant Animations/Plant 2/Plant2_00037.png using Guid(a460b6204a0d9114cb9af13eac2873b7) Importer(2089858483,b0f066a214c2f5e87bad3c948f4d605d) (ScriptedImporter) -> (artifact id: '4b9b7e32c94b95024445091b4065e57a') in 0.0217741 seconds
Number of updated asset objects reloaded before import = 0Number of asset objects unloaded after import = 5

========================================================================
Received Import Request.
  Time since last request: 0.000032 seconds.
  path: Assets/New Asssets/Plant Animations/Plant 6/Plant6_00042.png
  artifactKey: Guid(dc5d2864e41297845ae969dd6b044c7f) Importer(2089858483,b0f066a214c2f5e87bad3c948f4d605d)
Start importing Assets/New Asssets/Plant Animations/Plant 6/Plant6_00042.png using Guid(dc5d2864e41297845ae969dd6b044c7f) Importer(2089858483,b0f066a214c2f5e87bad3c948f4d605d) (ScriptedImporter) -> (artifact id: 'e14db9fd8122e20ac088e55fa738d7c9') in 0.0198381 seconds
Number of updated asset objects reloaded before import = 0Number of asset objects unloaded after import = 3

========================================================================
Received Import Request.
  Time since last request: 0.000035 seconds.
  path: Assets/New Asssets/BlueWizard/2BlueWizardWalk
  artifactKey: Guid(b76689e3f849d4949860ede8e517643c) Importer(2089858483,b0f066a214c2f5e87bad3c948f4d605d)
Start importing Assets/New Asssets/BlueWizard/2BlueWizardWalk using Guid(b76689e3f849d4949860ede8e517643c) Importer(2089858483,b0f066a214c2f5e87bad3c948f4d605d) (ScriptedImporter) -> (artifact id: '1ec87de54f7b20b1e6c65116a06266ae') in 0.0110701 seconds
Number of updated asset objects reloaded before import = 0Number of asset objects unloaded after import = 1

========================================================================
Received Import Request.
  Time since last request: 0.000042 seconds.
  path: Assets/New Asssets/Plant Animations/BlueFlower1/BlueFlower_00039.png
  artifactKey: Guid(27f344f425b84764c9ace1a70516526c) Importer(2089858483,b0f066a214c2f5e87bad3c948f4d605d)
Start importing Assets/New Asssets/Plant Animations/BlueFlower1/BlueFlower_00039.png using Guid(27f344f425b84764c9ace1a70516526c) Importer(2089858483,b0f066a214c2f5e87bad3c948f4d605d) (ScriptedImporter) -> (artifact id: 'af200df8b31e0afa41d7c0511513c221') in 0.0188813 seconds
Number of updated asset objects reloaded before import = 0Number of asset objects unloaded after import = 3

========================================================================
Received Import Request.
  Time since last request: 0.000043 seconds.
  path: Assets/New Asssets/BlueWizard/2BlueWizardIdle/Chara - BlueIdle00018.png
  artifactKey: Guid(4805539174fbcee48af8ea16750c6260) Importer(2089858483,b0f066a214c2f5e87bad3c948f4d605d)
Start importing Assets/New Asssets/BlueWizard/2BlueWizardIdle/Chara - BlueIdle00018.png using Guid(4805539174fbcee48af8ea16750c6260) Importer(2089858483,b0f066a214c2f5e87bad3c948f4d605d) (ScriptedImporter) -> (artifact id: 'df1c5832b6f519f4ac64920ca4396b2c') in 0.0158007 seconds
Number of updated asset objects reloaded before import = 0Number of asset objects unloaded after import = 3

========================================================================
Received Import Request.
  Time since last request: 0.000030 seconds.
  path: Assets/New Asssets/Plant Animations/Plant 3/Plant3_00037.png
  artifactKey: Guid(ec4af0b0ff9dbfc4599c81c583817d0f) Importer(2089858483,b0f066a214c2f5e87bad3c948f4d605d)
Start importing Assets/New Asssets/Plant Animations/Plant 3/Plant3_00037.png using Guid(ec4af0b0ff9dbfc4599c81c583817d0f) Importer(2089858483,b0f066a214c2f5e87bad3c948f4d605d) (ScriptedImporter) -> (artifact id: '1aa26b359e2e0b7b52680254f4d68a7b') in 0.0193813 seconds
Number of updated asset objects reloaded before import = 0Number of asset objects unloaded after import = 4

========================================================================
Received Import Request.
  Time since last request: 0.000031 seconds.
  path: Assets/New Asssets/BlueWizard/2BlueWizardJump/Dash3/Dash3_00011.png
  artifactKey: Guid(04642ef1f74c26440a500d012b4ea234) Importer(2089858483,b0f066a214c2f5e87bad3c948f4d605d)
Start importing Assets/New Asssets/BlueWizard/2BlueWizardJump/Dash3/Dash3_00011.png using Guid(04642ef1f74c26440a500d012b4ea234) Importer(2089858483,b0f066a214c2f5e87bad3c948f4d605d) (ScriptedImporter) -> (artifact id: 'c60968eefc2c4e458dc7475a6315c408') in 0.0187468 seconds
Number of updated asset objects reloaded before import = 0Number of asset objects unloaded after import = 3

========================================================================
Received Import Request.
  Time since last request: 0.000067 seconds.
  path: Assets/New Asssets/Plant Animations/Plant 3/Plant3_00059.png
  artifactKey: Guid(566f8fadcf91155459f24a5b4ab37b0f) Importer(2089858483,b0f066a214c2f5e87bad3c948f4d605d)
Start importing Assets/New Asssets/Plant Animations/Plant 3/Plant3_00059.png using Guid(566f8fadcf91155459f24a5b4ab37b0f) Importer(2089858483,b0f066a214c2f5e87bad3c948f4d605d) (ScriptedImporter) -> (artifact id: '9f0d2fe4c4a70c7e9a7660fa0b90c579') in 0.0195525 seconds
Number of updated asset objects reloaded before import = 0Number of asset objects unloaded after import = 4

========================================================================
Received Import Request.
  Time since last request: 0.000034 seconds.
  path: Assets/New Asssets/Plant Animations/Plant 4/Plant4_00019.png
  artifactKey: Guid(f2e8d589c39b0c640857149d546aba49) Importer(2089858483,b0f066a214c2f5e87bad3c948f4d605d)
Start importing Assets/New Asssets/Plant Animations/Plant 4/Plant4_00019.png using Guid(f2e8d589c39b0c640857149d546aba49) Importer(2089858483,b0f066a214c2f5e87bad3c948f4d605d) (ScriptedImporter) -> (artifact id: '3d465ed45d1ee4bd737c0b9339dec157') in 0.0224283 seconds
Number of updated asset objects reloaded before import = 0Number of asset objects unloaded after import = 3

========================================================================
Received Import Request.
  Time since last request: 0.000025 seconds.
  path: Assets/New Asssets/Plant Animations/Plant Wind 1/Plant Wind 1_00029.png
  artifactKey: Guid(ae2264ee76d212647a620f0f27670422) Importer(2089858483,b0f066a214c2f5e87bad3c948f4d605d)
Start importing Assets/New Asssets/Plant Animations/Plant Wind 1/Plant Wind 1_00029.png using Guid(ae2264ee76d212647a620f0f27670422) Importer(2089858483,b0f066a214c2f5e87bad3c948f4d605d) (ScriptedImporter) -> (artifact id: 'a3a33162a440b152e5ce61a642d0cbf2') in 0.0177529 seconds
Number of updated asset objects reloaded before import = 0Number of asset objects unloaded after import = 3

========================================================================
Received Import Request.
  Time since last request: 0.000065 seconds.
  path: Assets/New Asssets/Plant Animations/Plant 3/Plant3_00060.png
  artifactKey: Guid(0356cee0b76e42a45bd18f3f08400767) Importer(2089858483,b0f066a214c2f5e87bad3c948f4d605d)
Start importing Assets/New Asssets/Plant Animations/Plant 3/Plant3_00060.png using Guid(0356cee0b76e42a45bd18f3f08400767) Importer(2089858483,b0f066a214c2f5e87bad3c948f4d605d) (ScriptedImporter) -> (artifact id: '597e35c904592c84f6185874bf7c234c') in 0.0225797 seconds
Number of updated asset objects reloaded before import = 0Number of asset objects unloaded after import = 4

========================================================================
Received Import Request.
  Time since last request: 0.000035 seconds.
  path: Assets/New Asssets/Plant Animations/Plant 5/Plant5_00048.png
  artifactKey: Guid(06cf77189285f8a40a956321e93c2385) Importer(2089858483,b0f066a214c2f5e87bad3c948f4d605d)
Start importing Assets/New Asssets/Plant Animations/Plant 5/Plant5_00048.png using Guid(06cf77189285f8a40a956321e93c2385) Importer(2089858483,b0f066a214c2f5e87bad3c948f4d605d) (ScriptedImporter) -> (artifact id: 'd5e5dbadc01491c5bbd54e8cb4193679') in 0.0190955 seconds
Number of updated asset objects reloaded before import = 0Number of asset objects unloaded after import = 3

========================================================================
Received Import Request.
  Time since last request: 0.000032 seconds.
  path: Assets/New Asssets/Plant Animations/Plant 2/Plant2_00011.png
  artifactKey: Guid(c7976b49767ce074dbcf3d47e407c6fc) Importer(2089858483,b0f066a214c2f5e87bad3c948f4d605d)
Start importing Assets/New Asssets/Plant Animations/Plant 2/Plant2_00011.png using Guid(c7976b49767ce074dbcf3d47e407c6fc) Importer(2089858483,b0f066a214c2f5e87bad3c948f4d605d) (ScriptedImporter) -> (artifact id: '629728f262841535ccbe1213b3aa525c') in 0.0197599 seconds
Number of updated asset objects reloaded before import = 0Number of asset objects unloaded after import = 5

========================================================================
Received Import Request.
  Time since last request: 0.000027 seconds.
  path: Assets/New Asssets/Plant Animations/Plant 1/Plant1_00002.png
  artifactKey: Guid(b260fde6e1a4f3c4fa1aeacaab587f28) Importer(2089858483,b0f066a214c2f5e87bad3c948f4d605d)
Start importing Assets/New Asssets/Plant Animations/Plant 1/Plant1_00002.png using Guid(b260fde6e1a4f3c4fa1aeacaab587f28) Importer(2089858483,b0f066a214c2f5e87bad3c948f4d605d) (ScriptedImporter) -> (artifact id: '37ad6d47fdf8f3e6f42b90f98b6c086f') in 0.0195527 seconds
Number of updated asset objects reloaded before import = 0Number of asset objects unloaded after import = 3

========================================================================
Received Import Request.
  Time since last request: 0.000035 seconds.
  path: Assets/New Asssets/Plant Animations/Plant 6/Plant6_00006.png
  artifactKey: Guid(fff1537c67a3e4b449da379844abf70f) Importer(2089858483,b0f066a214c2f5e87bad3c948f4d605d)
Start importing Assets/New Asssets/Plant Animations/Plant 6/Plant6_00006.png using Guid(fff1537c67a3e4b449da379844abf70f) Importer(2089858483,b0f066a214c2f5e87bad3c948f4d605d) (ScriptedImporter) -> (artifact id: 'bfe30a5e0b4a6a3336ccaaa33e6fb369') in 0.0189608 seconds
Number of updated asset objects reloaded before import = 0Number of asset objects unloaded after import = 3

========================================================================
Received Import Request.
  Time since last request: 0.000036 seconds.
  path: Assets/New Asssets/Plant Animations/Plant 5/Plant5_00053.png
  artifactKey: Guid(5c50b035efc69f54baaba96395e22efa) Importer(2089858483,b0f066a214c2f5e87bad3c948f4d605d)
Start importing Assets/New Asssets/Plant Animations/Plant 5/Plant5_00053.png using Guid(5c50b035efc69f54baaba96395e22efa) Importer(2089858483,b0f066a214c2f5e87bad3c948f4d605d) (ScriptedImporter) -> (artifact id: '4d700530a7f3778ee209d45f4c94b897') in 0.0189709 seconds
Number of updated asset objects reloaded before import = 0Number of asset objects unloaded after import = 3

========================================================================
Received Import Request.
  Time since last request: 0.000053 seconds.
  path: Assets/New Asssets/Plant Animations/Plant Wind 1
  artifactKey: Guid(0bcd73b03bee3e94797c498916271565) Importer(2089858483,b0f066a214c2f5e87bad3c948f4d605d)
Start importing Assets/New Asssets/Plant Animations/Plant Wind 1 using Guid(0bcd73b03bee3e94797c498916271565) Importer(2089858483,b0f066a214c2f5e87bad3c948f4d605d) (ScriptedImporter) -> (artifact id: 'a349f3a92da65147895eaab5ff411d6d') in 0.0126098 seconds
Number of updated asset objects reloaded before import = 0Number of asset objects unloaded after import = 1

========================================================================
Received Import Request.
  Time since last request: 0.000030 seconds.
  path: Assets/New Asssets/Plant Animations/Plant 7/Plant7_00052.png
  artifactKey: Guid(1ddf910abf840f241ac25e3b8333a8d2) Importer(2089858483,b0f066a214c2f5e87bad3c948f4d605d)
Start importing Assets/New Asssets/Plant Animations/Plant 7/Plant7_00052.png using Guid(1ddf910abf840f241ac25e3b8333a8d2) Importer(2089858483,b0f066a214c2f5e87bad3c948f4d605d) (ScriptedImporter) -> (artifact id: '16f795421e791fa104579e8d8ee40153') in 0.0197378 seconds
Number of updated asset objects reloaded before import = 0Number of asset objects unloaded after import = 3

========================================================================
Received Import Request.
  Time since last request: 0.000065 seconds.
  path: Assets/New Asssets/Plant Animations/Plant 2/Plant2_00006.png
  artifactKey: Guid(9e6f0f161aca74a4e9b5de81282b29bd) Importer(2089858483,b0f066a214c2f5e87bad3c948f4d605d)
Start importing Assets/New Asssets/Plant Animations/Plant 2/Plant2_00006.png using Guid(9e6f0f161aca74a4e9b5de81282b29bd) Importer(2089858483,b0f066a214c2f5e87bad3c948f4d605d) (ScriptedImporter) -> (artifact id: 'a0b2bf2c3c4f648f1eac90f85d8ccccf') in 0.0244958 seconds
Number of updated asset objects reloaded before import = 0Number of asset objects unloaded after import = 5

========================================================================
Received Import Request.
  Time since last request: 0.000066 seconds.
  path: Assets/New Asssets/Plant Animations/Plant 7/Plant7_00016.png
  artifactKey: Guid(f4544865946759b4793f65fd3e2e07f0) Importer(2089858483,b0f066a214c2f5e87bad3c948f4d605d)
Start importing Assets/New Asssets/Plant Animations/Plant 7/Plant7_00016.png using Guid(f4544865946759b4793f65fd3e2e07f0) Importer(2089858483,b0f066a214c2f5e87bad3c948f4d605d) (ScriptedImporter) -> (artifact id: 'b50eec317b1f848ea2833256f68b3fd2') in 0.0205535 seconds
Number of updated asset objects reloaded before import = 0Number of asset objects unloaded after import = 3

========================================================================
Received Import Request.
  Time since last request: 0.000037 seconds.
  path: Assets/New Asssets/Plant Animations/Plant 5/Plant5_00003.png
  artifactKey: Guid(068d6fac897fa7c47b37aadebc127b47) Importer(2089858483,b0f066a214c2f5e87bad3c948f4d605d)
Start importing Assets/New Asssets/Plant Animations/Plant 5/Plant5_00003.png using Guid(068d6fac897fa7c47b37aadebc127b47) Importer(2089858483,b0f066a214c2f5e87bad3c948f4d605d) (ScriptedImporter) -> (artifact id: '8bd98d5b1911cba3f68db6ddd564a8ab') in 0.0155796 seconds
Number of updated asset objects reloaded before import = 0Number of asset objects unloaded after import = 3

========================================================================
Received Import Request.
  Time since last request: 1.582452 seconds.
  path: Assets/New Asssets/Plant Animations/Plant Wind 1/Plant Wind 1_00002.png
  artifactKey: Guid(cdf4e43d9f1cdc84690d3d2417af0c6d) Importer(2089858483,b0f066a214c2f5e87bad3c948f4d605d)
Start importing Assets/New Asssets/Plant Animations/Plant Wind 1/Plant Wind 1_00002.png using Guid(cdf4e43d9f1cdc84690d3d2417af0c6d) Importer(2089858483,b0f066a214c2f5e87bad3c948f4d605d) (ScriptedImporter) -> (artifact id: '2abd49cb97d0e9b6faf7b351d30dc659') in 0.0183439 seconds
Number of updated asset objects reloaded before import = 0Number of asset objects unloaded after import = 3

========================================================================
Received Import Request.
  Time since last request: 0.000021 seconds.
  path: Assets/New Asssets/Plant Animations/Plant 6/Plant6_00031.png
  artifactKey: Guid(8b479bad8f5a33c479dab3c90c91b23c) Importer(2089858483,b0f066a214c2f5e87bad3c948f4d605d)
Start importing Assets/New Asssets/Plant Animations/Plant 6/Plant6_00031.png using Guid(8b479bad8f5a33c479dab3c90c91b23c) Importer(2089858483,b0f066a214c2f5e87bad3c948f4d605d) (ScriptedImporter) -> (artifact id: '47be6f352c60a8a903f9ba0f699755d6') in 0.0159111 seconds
Number of updated asset objects reloaded before import = 0Number of asset objects unloaded after import = 3

========================================================================
Received Import Request.
  Time since last request: 0.000025 seconds.
  path: Assets/New Asssets/Plant Animations/BlueFlower2/BluePlantClosed_00022.png
  artifactKey: Guid(42e97bd6460f3384886cc89484b28d7e) Importer(2089858483,b0f066a214c2f5e87bad3c948f4d605d)
Start importing Assets/New Asssets/Plant Animations/BlueFlower2/BluePlantClosed_00022.png using Guid(42e97bd6460f3384886cc89484b28d7e) Importer(2089858483,b0f066a214c2f5e87bad3c948f4d605d) (ScriptedImporter) -> (artifact id: '6d211ae3d97fb5917ebfd5557f25e203') in 0.022895 seconds
Number of updated asset objects reloaded before import = 0Number of asset objects unloaded after import = 7

========================================================================
Received Import Request.
  Time since last request: 0.000026 seconds.
  path: Assets/New Asssets/Plant Animations/Plant 1/Plant1_00077.png
  artifactKey: Guid(0f35cdd576ca1f9498140c8e6bccb3ac) Importer(2089858483,b0f066a214c2f5e87bad3c948f4d605d)
Start importing Assets/New Asssets/Plant Animations/Plant 1/Plant1_00077.png using Guid(0f35cdd576ca1f9498140c8e6bccb3ac) Importer(2089858483,b0f066a214c2f5e87bad3c948f4d605d) (ScriptedImporter) -> (artifact id: '4603818b36fb16a0d098a87590471a88') in 0.0150957 seconds
Number of updated asset objects reloaded before import = 0Number of asset objects unloaded after import = 3

========================================================================
Received Import Request.
  Time since last request: 0.475518 seconds.
  path: Assets/New Asssets/Plant Animations/Plant 7/Plant7_00015.png
  artifactKey: Guid(96d3324408f066140bddb07b4fdc6734) Importer(2089858483,b0f066a214c2f5e87bad3c948f4d605d)
Start importing Assets/New Asssets/Plant Animations/Plant 7/Plant7_00015.png using Guid(96d3324408f066140bddb07b4fdc6734) Importer(2089858483,b0f066a214c2f5e87bad3c948f4d605d) (ScriptedImporter) -> (artifact id: '0cd20447d285c50cc157b4956998739d') in 0.0165514 seconds
Number of updated asset objects reloaded before import = 0Number of asset objects unloaded after import = 3

========================================================================
Received Import Request.
  Time since last request: 0.000026 seconds.
  path: Assets/New Asssets/Plant Animations/PlantJump/JumpPlant_00015.png
  artifactKey: Guid(f088a659f23518649973abcca9c4311b) Importer(2089858483,b0f066a214c2f5e87bad3c948f4d605d)
Start importing Assets/New Asssets/Plant Animations/PlantJump/JumpPlant_00015.png using Guid(f088a659f23518649973abcca9c4311b) Importer(2089858483,b0f066a214c2f5e87bad3c948f4d605d) (ScriptedImporter) -> (artifact id: '7af4a5203d141ada4a11a0e471cdc2bc') in 0.0158002 seconds
Number of updated asset objects reloaded before import = 0Number of asset objects unloaded after import = 3

========================================================================
Received Import Request.
  Time since last request: 0.000038 seconds.
  path: Assets/New Asssets/Plant Animations/PlantJump/JumpPlant_00010.png
  artifactKey: Guid(5ec71a062a37d6242b82f660d2a5d507) Importer(2089858483,b0f066a214c2f5e87bad3c948f4d605d)
Start importing Assets/New Asssets/Plant Animations/PlantJump/JumpPlant_00010.png using Guid(5ec71a062a37d6242b82f660d2a5d507) Importer(2089858483,b0f066a214c2f5e87bad3c948f4d605d) (ScriptedImporter) -> (artifact id: 'f92e4f8de72996a6428249b3a96f83bf') in 0.0153482 seconds
Number of updated asset objects reloaded before import = 0Number of asset objects unloaded after import = 3

========================================================================
Received Import Request.
  Time since last request: 0.545336 seconds.
  path: Assets/New Asssets/Plant Animations/BlueFlower1/BlueFlower_00031.png
  artifactKey: Guid(354823ca96ff4234dbae01ae67703a77) Importer(2089858483,b0f066a214c2f5e87bad3c948f4d605d)
Start importing Assets/New Asssets/Plant Animations/BlueFlower1/BlueFlower_00031.png using Guid(354823ca96ff4234dbae01ae67703a77) Importer(2089858483,b0f066a214c2f5e87bad3c948f4d605d) (ScriptedImporter) -> (artifact id: 'c295e4672d285c693beb64077c6c9d31') in 0.0210113 seconds
Number of updated asset objects reloaded before import = 0Number of asset objects unloaded after import = 3

========================================================================
Received Import Request.
  Time since last request: 0.000025 seconds.
  path: Assets/New Asssets/Plant Animations/Plant 3/Plant3_00010.png
  artifactKey: Guid(713472ea255ddc641a71cbe651a1026e) Importer(2089858483,b0f066a214c2f5e87bad3c948f4d605d)
Start importing Assets/New Asssets/Plant Animations/Plant 3/Plant3_00010.png using Guid(713472ea255ddc641a71cbe651a1026e) Importer(2089858483,b0f066a214c2f5e87bad3c948f4d605d) (ScriptedImporter) -> (artifact id: 'dcbb2657e50e79c95e0798c592cb9d0a') in 0.0159693 seconds
Number of updated asset objects reloaded before import = 0Number of asset objects unloaded after import = 4

========================================================================
Received Import Request.
  Time since last request: 0.000030 seconds.
  path: Assets/New Asssets/BlueWizard/2BlueWizardJump/DashEffect/BlueWizardDash_00007.png
  artifactKey: Guid(2be65a1310638f946959d733c45f5f27) Importer(2089858483,b0f066a214c2f5e87bad3c948f4d605d)
Start importing Assets/New Asssets/BlueWizard/2BlueWizardJump/DashEffect/BlueWizardDash_00007.png using Guid(2be65a1310638f946959d733c45f5f27) Importer(2089858483,b0f066a214c2f5e87bad3c948f4d605d) (ScriptedImporter) -> (artifact id: '9e974f3b9fd5d11044249a5c217ce5aa') in 0.0136631 seconds
Number of updated asset objects reloaded before import = 0Number of asset objects unloaded after import = 3

========================================================================
Received Import Request.
  Time since last request: 0.527147 seconds.
  path: Assets/New Asssets/Plant Animations/Plant 8 Poison/PlantPosion_00025.png
  artifactKey: Guid(61d5972d7208ef2418c4399080c1d372) Importer(2089858483,b0f066a214c2f5e87bad3c948f4d605d)
Start importing Assets/New Asssets/Plant Animations/Plant 8 Poison/PlantPosion_00025.png using Guid(61d5972d7208ef2418c4399080c1d372) Importer(2089858483,b0f066a214c2f5e87bad3c948f4d605d) (ScriptedImporter) -> (artifact id: '50ea1c52dd8f862cd18dfafc71269119') in 0.0149475 seconds
Number of updated asset objects reloaded before import = 0Number of asset objects unloaded after import = 3

========================================================================
Received Import Request.
  Time since last request: 0.000027 seconds.
  path: Assets/New Asssets/Plant Animations/Plant Wind 1/Plant Wind 1_00020.png
  artifactKey: Guid(0cf13de39d6bd4044b351ffc0e615817) Importer(2089858483,b0f066a214c2f5e87bad3c948f4d605d)
Start importing Assets/New Asssets/Plant Animations/Plant Wind 1/Plant Wind 1_00020.png using Guid(0cf13de39d6bd4044b351ffc0e615817) Importer(2089858483,b0f066a214c2f5e87bad3c948f4d605d) (ScriptedImporter) -> (artifact id: 'a17d0ea44fa23f7b57723169417a204f') in 0.0162291 seconds
Number of updated asset objects reloaded before import = 0Number of asset objects unloaded after import = 3

========================================================================
Received Import Request.
  Time since last request: 0.000024 seconds.
  path: Assets/New Asssets/Plant Animations/Plant 5/Plant5_00014.png
  artifactKey: Guid(e4b43a6b5d07211459f81d839bc3b872) Importer(2089858483,b0f066a214c2f5e87bad3c948f4d605d)
Start importing Assets/New Asssets/Plant Animations/Plant 5/Plant5_00014.png using Guid(e4b43a6b5d07211459f81d839bc3b872) Importer(2089858483,b0f066a214c2f5e87bad3c948f4d605d) (ScriptedImporter) -> (artifact id: 'd689332081de4d4212b4df15228d259a') in 0.0142881 seconds
Number of updated asset objects reloaded before import = 0Number of asset objects unloaded after import = 3

========================================================================
Received Import Request.
  Time since last request: 0.529347 seconds.
  path: Assets/New Asssets/Plant Animations/Plant 2/Plant2_00023.png
  artifactKey: Guid(67cb373a8bce42f44b8f17b29177c642) Importer(2089858483,b0f066a214c2f5e87bad3c948f4d605d)
Start importing Assets/New Asssets/Plant Animations/Plant 2/Plant2_00023.png using Guid(67cb373a8bce42f44b8f17b29177c642) Importer(2089858483,b0f066a214c2f5e87bad3c948f4d605d) (ScriptedImporter) -> (artifact id: 'c2a53a18ce2acaddac188a99cea7a4fe') in 0.0191357 seconds
Number of updated asset objects reloaded before import = 0Number of asset objects unloaded after import = 5

========================================================================
Received Import Request.
  Time since last request: 0.000020 seconds.
  path: Assets/New Asssets/Plant Animations/Plant 1/Plant1_00011.png
  artifactKey: Guid(02c352a60ddce6643a1d4deb88087879) Importer(2089858483,b0f066a214c2f5e87bad3c948f4d605d)
Start importing Assets/New Asssets/Plant Animations/Plant 1/Plant1_00011.png using Guid(02c352a60ddce6643a1d4deb88087879) Importer(2089858483,b0f066a214c2f5e87bad3c948f4d605d) (ScriptedImporter) -> (artifact id: '9329ff4744032d31de932c1c338adaf4') in 0.015529 seconds
Number of updated asset objects reloaded before import = 0Number of asset objects unloaded after import = 3

========================================================================
Received Import Request.
  Time since last request: 0.000033 seconds.
  path: Assets/New Asssets/Plant Animations/Plant 3/Plant3_00035.png
  artifactKey: Guid(bae9f678758d32c47b56558df9ec531b) Importer(2089858483,b0f066a214c2f5e87bad3c948f4d605d)
Start importing Assets/New Asssets/Plant Animations/Plant 3/Plant3_00035.png using Guid(bae9f678758d32c47b56558df9ec531b) Importer(2089858483,b0f066a214c2f5e87bad3c948f4d605d) (ScriptedImporter) -> (artifact id: 'becbf57b03b86668df0c0534d417c504') in 0.0167148 seconds
Number of updated asset objects reloaded before import = 0Number of asset objects unloaded after import = 4

========================================================================
Received Import Request.
  Time since last request: 0.508709 seconds.
  path: Assets/New Asssets/BlueWizard/2BlueWizardJump
  artifactKey: Guid(a3f4ce5c452e0bb48b4de0ce4f00d08b) Importer(2089858483,b0f066a214c2f5e87bad3c948f4d605d)
Start importing Assets/New Asssets/BlueWizard/2BlueWizardJump using Guid(a3f4ce5c452e0bb48b4de0ce4f00d08b) Importer(2089858483,b0f066a214c2f5e87bad3c948f4d605d) (ScriptedImporter) -> (artifact id: '03697cc71f7cacfcbdba9f6feccb3818') in 0.0117927 seconds
Number of updated asset objects reloaded before import = 0Number of asset objects unloaded after import = 1

========================================================================
Received Import Request.
  Time since last request: 0.000021 seconds.
  path: Assets/New Asssets/Plant Animations/Plant 1/Plant1_00056.png
  artifactKey: Guid(19347d66c7a544946b2984ec251af036) Importer(2089858483,b0f066a214c2f5e87bad3c948f4d605d)
Start importing Assets/New Asssets/Plant Animations/Plant 1/Plant1_00056.png using Guid(19347d66c7a544946b2984ec251af036) Importer(2089858483,b0f066a214c2f5e87bad3c948f4d605d) (ScriptedImporter) -> (artifact id: 'd22648a2f03f4d2cb6c24d588c14d6d7') in 0.0166741 seconds
Number of updated asset objects reloaded before import = 0Number of asset objects unloaded after import = 3

========================================================================
Received Import Request.
  Time since last request: 0.000026 seconds.
  path: Assets/New Asssets/Plant Animations/Plant 1/Plant1_00032.png
  artifactKey: Guid(e9e1966a593141146ae8eee6b2e48f21) Importer(2089858483,b0f066a214c2f5e87bad3c948f4d605d)
Start importing Assets/New Asssets/Plant Animations/Plant 1/Plant1_00032.png using Guid(e9e1966a593141146ae8eee6b2e48f21) Importer(2089858483,b0f066a214c2f5e87bad3c948f4d605d) (ScriptedImporter) -> (artifact id: '9fb55c6b64f02e38fcf5e9299cecd1ab') in 0.014311 seconds
Number of updated asset objects reloaded before import = 0Number of asset objects unloaded after import = 3

========================================================================
Received Import Request.
  Time since last request: 0.508079 seconds.
  path: Assets/New Asssets/Plant Animations/Plant 2/Plant2_00040.png
  artifactKey: Guid(5cd986d582c1a884ea570aceab1253ad) Importer(2089858483,b0f066a214c2f5e87bad3c948f4d605d)
Start importing Assets/New Asssets/Plant Animations/Plant 2/Plant2_00040.png using Guid(5cd986d582c1a884ea570aceab1253ad) Importer(2089858483,b0f066a214c2f5e87bad3c948f4d605d) (ScriptedImporter) -> (artifact id: '81b739f8fb78f987d05246e20ba0fec6') in 0.015414 seconds
Number of updated asset objects reloaded before import = 0Number of asset objects unloaded after import = 5

========================================================================
Received Import Request.
  Time since last request: 0.000023 seconds.
  path: Assets/New Asssets/Plant Animations/Plant 3/Plant3_00089.png
  artifactKey: Guid(9e2699b265269d0428d2cb773a7fa550) Importer(2089858483,b0f066a214c2f5e87bad3c948f4d605d)
Start importing Assets/New Asssets/Plant Animations/Plant 3/Plant3_00089.png using Guid(9e2699b265269d0428d2cb773a7fa550) Importer(2089858483,b0f066a214c2f5e87bad3c948f4d605d) (ScriptedImporter) -> (artifact id: '74d90dc9d71c325e359b4645430068f5') in 0.0163965 seconds
Number of updated asset objects reloaded before import = 0Number of asset objects unloaded after import = 4

========================================================================
Received Import Request.
  Time since last request: 0.000034 seconds.
  path: Assets/New Asssets/Plant Animations/BlueFlower1/BlueFlower_00018.png
  artifactKey: Guid(b999e318dac091043963e0d140356eb6) Importer(2089858483,b0f066a214c2f5e87bad3c948f4d605d)
Start importing Assets/New Asssets/Plant Animations/BlueFlower1/BlueFlower_00018.png using Guid(b999e318dac091043963e0d140356eb6) Importer(2089858483,b0f066a214c2f5e87bad3c948f4d605d) (ScriptedImporter) -> (artifact id: 'efea038b6d61fd72ff06a04b2769f44a') in 0.0149729 seconds
Number of updated asset objects reloaded before import = 0Number of asset objects unloaded after import = 3

========================================================================
Received Import Request.
  Time since last request: 0.000044 seconds.
  path: Assets/New Asssets/Plant Animations/BlueFlower2/BluePlantClosed_00008.png
  artifactKey: Guid(17adcd4bdef0e274e90d62f4f7e7f795) Importer(2089858483,b0f066a214c2f5e87bad3c948f4d605d)
Start importing Assets/New Asssets/Plant Animations/BlueFlower2/BluePlantClosed_00008.png using Guid(17adcd4bdef0e274e90d62f4f7e7f795) Importer(2089858483,b0f066a214c2f5e87bad3c948f4d605d) (ScriptedImporter) -> (artifact id: 'b99dd810479f022a1b69e35895dc25c4') in 0.0248256 seconds
Number of updated asset objects reloaded before import = 0Number of asset objects unloaded after import = 8

========================================================================
Received Import Request.
  Time since last request: 0.000044 seconds.
  path: Assets/New Asssets/BlueWizard/2BlueWizardIdle/Chara - BlueIdle00016.png
  artifactKey: Guid(ece0e50493100224894d81ffb97d9e49) Importer(815301076,1909f56bfc062723c751e8b465ee728b)
Start importing Assets/New Asssets/BlueWizard/2BlueWizardIdle/Chara - BlueIdle00016.png using Guid(ece0e50493100224894d81ffb97d9e49) Importer(815301076,1909f56bfc062723c751e8b465ee728b) (PreviewImporter) -> (artifact id: 'c084e6c7e57e9c38574ed7e507d9217e') in 0.0273628 seconds
Number of updated asset objects reloaded before import = 0Number of asset objects unloaded after import = 3

========================================================================
Received Import Request.
  Time since last request: 0.000028 seconds.
  path: Assets/New Asssets/BlueWizard/2BlueWizardIdle/Chara - BlueIdle00018.png
  artifactKey: Guid(4805539174fbcee48af8ea16750c6260) Importer(815301076,1909f56bfc062723c751e8b465ee728b)
Start importing Assets/New Asssets/BlueWizard/2BlueWizardIdle/Chara - BlueIdle00018.png using Guid(4805539174fbcee48af8ea16750c6260) Importer(815301076,1909f56bfc062723c751e8b465ee728b) (PreviewImporter) -> (artifact id: '8f08bd93317ae69092d5a095912635b8') in 0.0195085 seconds
Number of updated asset objects reloaded before import = 0Number of asset objects unloaded after import = 3

========================================================================
Received Import Request.
  Time since last request: 0.000031 seconds.
  path: Assets/New Asssets/BlueWizard/2BlueWizardIdle/Chara - BlueIdle00011.png
  artifactKey: Guid(0f42a31a03d84ac47bd4db3720d8eb42) Importer(815301076,1909f56bfc062723c751e8b465ee728b)
Start importing Assets/New Asssets/BlueWizard/2BlueWizardIdle/Chara - BlueIdle00011.png using Guid(0f42a31a03d84ac47bd4db3720d8eb42) Importer(815301076,1909f56bfc062723c751e8b465ee728b) (PreviewImporter) -> (artifact id: 'd8e7fb30e65f3fa44e96b572827d6621') in 0.0173704 seconds
Number of updated asset objects reloaded before import = 0Number of asset objects unloaded after import = 3

========================================================================
Received Import Request.
  Time since last request: 0.000040 seconds.
  path: Assets/New Asssets/BlueWizard/2BlueWizardIdle/Chara - BlueIdle00008.png
  artifactKey: Guid(9f06efe705db1c641886663f8d086618) Importer(815301076,1909f56bfc062723c751e8b465ee728b)
Start importing Assets/New Asssets/BlueWizard/2BlueWizardIdle/Chara - BlueIdle00008.png using Guid(9f06efe705db1c641886663f8d086618) Importer(815301076,1909f56bfc062723c751e8b465ee728b) (PreviewImporter) -> (artifact id: 'aeedcbd1680397cc3738914cd98220dc') in 0.0195647 seconds
Number of updated asset objects reloaded before import = 0Number of asset objects unloaded after import = 3

========================================================================
Received Import Request.
  Time since last request: 0.000024 seconds.
  path: Assets/New Asssets/Plant Animations/Plant 1/Plant1_00079.png
  artifactKey: Guid(5e1de394e9481ba4eba455f1c499bfa6) Importer(2089858483,b0f066a214c2f5e87bad3c948f4d605d)
Start importing Assets/New Asssets/Plant Animations/Plant 1/Plant1_00079.png using Guid(5e1de394e9481ba4eba455f1c499bfa6) Importer(2089858483,b0f066a214c2f5e87bad3c948f4d605d) (ScriptedImporter) -> (artifact id: '14529086db4b097414e0e8d3a9b16569') in 0.0148965 seconds
Number of updated asset objects reloaded before import = 0Number of asset objects unloaded after import = 3

========================================================================
Received Import Request.
  Time since last request: 0.000019 seconds.
  path: Assets/New Asssets/Plant Animations/Plant 8 Poison/PlantPosion_00009.png
  artifactKey: Guid(0cb454e96e2a03b458c7d532f6a3be35) Importer(2089858483,b0f066a214c2f5e87bad3c948f4d605d)
Start importing Assets/New Asssets/Plant Animations/Plant 8 Poison/PlantPosion_00009.png using Guid(0cb454e96e2a03b458c7d532f6a3be35) Importer(2089858483,b0f066a214c2f5e87bad3c948f4d605d) (ScriptedImporter) -> (artifact id: 'bdf02c570c1da96b3a8cc92eb0a1c355') in 0.0162678 seconds
Number of updated asset objects reloaded before import = 0Number of asset objects unloaded after import = 3

========================================================================
Received Import Request.
  Time since last request: 0.000022 seconds.
  path: Assets/New Asssets/BlueWizard/2BlueWizardIdle/Chara - BlueIdle00015.png
  artifactKey: Guid(e648dadac27ba354a88f63704d34dfbd) Importer(815301076,1909f56bfc062723c751e8b465ee728b)
Start importing Assets/New Asssets/BlueWizard/2BlueWizardIdle/Chara - BlueIdle00015.png using Guid(e648dadac27ba354a88f63704d34dfbd) Importer(815301076,1909f56bfc062723c751e8b465ee728b) (PreviewImporter) -> (artifact id: '40969416ba7a1dd49b563bd1bc182076') in 0.0186854 seconds
Number of updated asset objects reloaded before import = 0Number of asset objects unloaded after import = 3

========================================================================
Received Import Request.
  Time since last request: 0.000028 seconds.
  path: Assets/New Asssets/Plant Animations/Plant 4/Plant4_00030.png
  artifactKey: Guid(35e74af81e4b76242b3f0eb78f98403b) Importer(2089858483,b0f066a214c2f5e87bad3c948f4d605d)
Start importing Assets/New Asssets/Plant Animations/Plant 4/Plant4_00030.png using Guid(35e74af81e4b76242b3f0eb78f98403b) Importer(2089858483,b0f066a214c2f5e87bad3c948f4d605d) (ScriptedImporter) -> (artifact id: '6f57032760518360618fb6492173a936') in 0.0160836 seconds
Number of updated asset objects reloaded before import = 0Number of asset objects unloaded after import = 3

========================================================================
Received Import Request.
  Time since last request: 0.000040 seconds.
  path: Assets/New Asssets/Plant Animations/Plant 7/Plant7_00032.png
  artifactKey: Guid(170da7b48001848498fc72b4430c6262) Importer(2089858483,b0f066a214c2f5e87bad3c948f4d605d)
Start importing Assets/New Asssets/Plant Animations/Plant 7/Plant7_00032.png using Guid(170da7b48001848498fc72b4430c6262) Importer(2089858483,b0f066a214c2f5e87bad3c948f4d605d) (ScriptedImporter) -> (artifact id: '555c8d686cb706dda4fa897d846dfed5') in 0.0151387 seconds
Number of updated asset objects reloaded before import = 0Number of asset objects unloaded after import = 3

========================================================================
Received Import Request.
  Time since last request: 0.000028 seconds.
  path: Assets/New Asssets/Plant Animations/BlueFlower1/BlueFlower_00054.png
  artifactKey: Guid(9035374e3dde1aa4086892a15a015bdd) Importer(2089858483,b0f066a214c2f5e87bad3c948f4d605d)
Start importing Assets/New Asssets/Plant Animations/BlueFlower1/BlueFlower_00054.png using Guid(9035374e3dde1aa4086892a15a015bdd) Importer(2089858483,b0f066a214c2f5e87bad3c948f4d605d) (ScriptedImporter) -> (artifact id: '531241c7d14eaba790b1df35f894a3c4') in 0.0167948 seconds
Number of updated asset objects reloaded before import = 0Number of asset objects unloaded after import = 3

========================================================================
Received Import Request.
  Time since last request: 0.000027 seconds.
  path: Assets/New Asssets/Plant Animations/Plant 1/Plant1_00087.png
  artifactKey: Guid(a143c97ce63aa1d4db2441a1a3a728b2) Importer(2089858483,b0f066a214c2f5e87bad3c948f4d605d)
Start importing Assets/New Asssets/Plant Animations/Plant 1/Plant1_00087.png using Guid(a143c97ce63aa1d4db2441a1a3a728b2) Importer(2089858483,b0f066a214c2f5e87bad3c948f4d605d) (ScriptedImporter) -> (artifact id: '7dbf34e4718f5d0453ea3f5a302e1ae2') in 0.017766 seconds
Number of updated asset objects reloaded before import = 0Number of asset objects unloaded after import = 3

========================================================================
Received Import Request.
  Time since last request: 0.000032 seconds.
  path: Assets/New Asssets/BlueWizard/2BlueWizardJump/Dash2/DashBlue_00003.png
  artifactKey: Guid(e1993808f034e6e46a19fcc4999a3f46) Importer(2089858483,b0f066a214c2f5e87bad3c948f4d605d)
Start importing Assets/New Asssets/BlueWizard/2BlueWizardJump/Dash2/DashBlue_00003.png using Guid(e1993808f034e6e46a19fcc4999a3f46) Importer(2089858483,b0f066a214c2f5e87bad3c948f4d605d) (ScriptedImporter) -> (artifact id: '03c75029be349aa6d0500add35c41da6') in 0.0182635 seconds
Number of updated asset objects reloaded before import = 0Number of asset objects unloaded after import = 3

========================================================================
Received Import Request.
  Time since last request: 0.000032 seconds.
  path: Assets/New Asssets/Plant Animations/Plant 4/Plant4_00006.png
  artifactKey: Guid(719a0625495c40f4dbf8b95f2aeea8bb) Importer(2089858483,b0f066a214c2f5e87bad3c948f4d605d)
Start importing Assets/New Asssets/Plant Animations/Plant 4/Plant4_00006.png using Guid(719a0625495c40f4dbf8b95f2aeea8bb) Importer(2089858483,b0f066a214c2f5e87bad3c948f4d605d) (ScriptedImporter) -> (artifact id: '82f348e292cf78bfbc5a9f38bed36851') in 0.0189858 seconds
Number of updated asset objects reloaded before import = 0Number of asset objects unloaded after import = 3

========================================================================
Received Import Request.
  Time since last request: 0.000036 seconds.
  path: Assets/New Asssets/BlueWizard/2BlueWizardWalk/Chara_BlueWalk00009.png
  artifactKey: Guid(04d8dfd415549954fa7871fa2a177b6c) Importer(2089858483,b0f066a214c2f5e87bad3c948f4d605d)
Start importing Assets/New Asssets/BlueWizard/2BlueWizardWalk/Chara_BlueWalk00009.png using Guid(04d8dfd415549954fa7871fa2a177b6c) Importer(2089858483,b0f066a214c2f5e87bad3c948f4d605d) (ScriptedImporter) -> (artifact id: '228f4ff5348de04ff59c98e513399b20') in 0.0161413 seconds
Number of updated asset objects reloaded before import = 0Number of asset objects unloaded after import = 3

========================================================================
Received Import Request.
  Time since last request: 0.000032 seconds.
  path: Assets/New Asssets/BlueWizard/2BlueWizardJump/CharaWizardJump_00006.png
  artifactKey: Guid(b04fb9a02cc5ecc439dd68d880306d2c) Importer(2089858483,b0f066a214c2f5e87bad3c948f4d605d)
Start importing Assets/New Asssets/BlueWizard/2BlueWizardJump/CharaWizardJump_00006.png using Guid(b04fb9a02cc5ecc439dd68d880306d2c) Importer(2089858483,b0f066a214c2f5e87bad3c948f4d605d) (ScriptedImporter) -> (artifact id: 'ab9f19899ea5ebb0e70e8f8a50cd0e5e') in 0.0164903 seconds
Number of updated asset objects reloaded before import = 0Number of asset objects unloaded after import = 3

========================================================================
Received Import Request.
  Time since last request: 0.000032 seconds.
  path: Assets/New Asssets/Plant Animations/BlueFlower1/BlueFlower_00049.png
  artifactKey: Guid(bd9a5ae3962e6c943b275bc5d852658a) Importer(2089858483,b0f066a214c2f5e87bad3c948f4d605d)
Start importing Assets/New Asssets/Plant Animations/BlueFlower1/BlueFlower_00049.png using Guid(bd9a5ae3962e6c943b275bc5d852658a) Importer(2089858483,b0f066a214c2f5e87bad3c948f4d605d) (ScriptedImporter) -> (artifact id: 'dc2ba688620c169851a8aa0223d571c5') in 0.0156588 seconds
Number of updated asset objects reloaded before import = 0Number of asset objects unloaded after import = 3

========================================================================
Received Import Request.
  Time since last request: 0.000044 seconds.
  path: Assets/New Asssets/Plant Animations/BlueFlower1/BlueFlower_00010.png
  artifactKey: Guid(d4181d45742d27646ab4cf6141cb491e) Importer(2089858483,b0f066a214c2f5e87bad3c948f4d605d)
Start importing Assets/New Asssets/Plant Animations/BlueFlower1/BlueFlower_00010.png using Guid(d4181d45742d27646ab4cf6141cb491e) Importer(2089858483,b0f066a214c2f5e87bad3c948f4d605d) (ScriptedImporter) -> (artifact id: '78ea8bb3c3ae890d9041171b97e1be22') in 0.0189113 seconds
Number of updated asset objects reloaded before import = 0Number of asset objects unloaded after import = 3

========================================================================
Received Import Request.
  Time since last request: 0.000029 seconds.
  path: Assets/New Asssets/Plant Animations/Plant 1/Plant1_00058.png
  artifactKey: Guid(067b1d20187725441afff5d65f3e68e5) Importer(2089858483,b0f066a214c2f5e87bad3c948f4d605d)
Start importing Assets/New Asssets/Plant Animations/Plant 1/Plant1_00058.png using Guid(067b1d20187725441afff5d65f3e68e5) Importer(2089858483,b0f066a214c2f5e87bad3c948f4d605d) (ScriptedImporter) -> (artifact id: 'cebde501bc40fe2b8832acf08e8e8c70') in 0.0158841 seconds
Number of updated asset objects reloaded before import = 0Number of asset objects unloaded after import = 3

========================================================================
Received Import Request.
  Time since last request: 0.000044 seconds.
  path: Assets/New Asssets/Plant Animations/Plant 7/Plant7_00001.png
  artifactKey: Guid(a115a8121c92da34da079f0dd339cd13) Importer(2089858483,b0f066a214c2f5e87bad3c948f4d605d)
Start importing Assets/New Asssets/Plant Animations/Plant 7/Plant7_00001.png using Guid(a115a8121c92da34da079f0dd339cd13) Importer(2089858483,b0f066a214c2f5e87bad3c948f4d605d) (ScriptedImporter) -> (artifact id: '543e8eece0a889560c53f68cbe88ae53') in 0.0176288 seconds
Number of updated asset objects reloaded before import = 0Number of asset objects unloaded after import = 3

========================================================================
Received Import Request.
  Time since last request: 0.000031 seconds.
  path: Assets/New Asssets/Plant Animations/Plant 7/Plant7_00045.png
  artifactKey: Guid(87bd508db507ca741a8af6120537c0fc) Importer(2089858483,b0f066a214c2f5e87bad3c948f4d605d)
Start importing Assets/New Asssets/Plant Animations/Plant 7/Plant7_00045.png using Guid(87bd508db507ca741a8af6120537c0fc) Importer(2089858483,b0f066a214c2f5e87bad3c948f4d605d) (ScriptedImporter) -> (artifact id: '6453d911657e162c0caec272100a679e') in 0.015939 seconds
Number of updated asset objects reloaded before import = 0Number of asset objects unloaded after import = 3

========================================================================
Received Import Request.
  Time since last request: 0.000024 seconds.
  path: Assets/New Asssets/Plant Animations/Plant 3/Plant3_00074.png
  artifactKey: Guid(4c8f0e9f8b25bc44a8e0ffe380834cdc) Importer(2089858483,b0f066a214c2f5e87bad3c948f4d605d)
Start importing Assets/New Asssets/Plant Animations/Plant 3/Plant3_00074.png using Guid(4c8f0e9f8b25bc44a8e0ffe380834cdc) Importer(2089858483,b0f066a214c2f5e87bad3c948f4d605d) (ScriptedImporter) -> (artifact id: 'cda5ea1659172ec6746622e8cc37c611') in 0.0166629 seconds
Number of updated asset objects reloaded before import = 0Number of asset objects unloaded after import = 4

========================================================================
Received Import Request.
  Time since last request: 0.000026 seconds.
  path: Assets/New Asssets/Plant Animations/PlantJump/JumpPlant_00019.png
  artifactKey: Guid(deb2affca5bea5a448a2d2afb832767d) Importer(2089858483,b0f066a214c2f5e87bad3c948f4d605d)
Start importing Assets/New Asssets/Plant Animations/PlantJump/JumpPlant_00019.png using Guid(deb2affca5bea5a448a2d2afb832767d) Importer(2089858483,b0f066a214c2f5e87bad3c948f4d605d) (ScriptedImporter) -> (artifact id: '51df068930ab52ac76b2bd3aba4399ba') in 0.0163597 seconds
Number of updated asset objects reloaded before import = 0Number of asset objects unloaded after import = 3

========================================================================
Received Import Request.
  Time since last request: 0.000029 seconds.
  path: Assets/New Asssets/Plant Animations/BlueFlower1/BlueFlower_00023.png
  artifactKey: Guid(c02d2be18bfcb8644bad5c8de2a805a1) Importer(2089858483,b0f066a214c2f5e87bad3c948f4d605d)
Start importing Assets/New Asssets/Plant Animations/BlueFlower1/BlueFlower_00023.png using Guid(c02d2be18bfcb8644bad5c8de2a805a1) Importer(2089858483,b0f066a214c2f5e87bad3c948f4d605d) (ScriptedImporter) -> (artifact id: 'fd9652cc427c96045f3023a0bddd1a25') in 0.0208747 seconds
Number of updated asset objects reloaded before import = 0Number of asset objects unloaded after import = 3

========================================================================
Received Import Request.
  Time since last request: 0.000040 seconds.
  path: Assets/New Asssets/Plant Animations/Plant 4/Plant4_00001.png
  artifactKey: Guid(689e5d21c55c9b24eb29d52606cbf3bd) Importer(2089858483,b0f066a214c2f5e87bad3c948f4d605d)
Start importing Assets/New Asssets/Plant Animations/Plant 4/Plant4_00001.png using Guid(689e5d21c55c9b24eb29d52606cbf3bd) Importer(2089858483,b0f066a214c2f5e87bad3c948f4d605d) (ScriptedImporter) -> (artifact id: '0b2ad1d6262b7a3457f14b2d9a299017') in 0.0169155 seconds
Number of updated asset objects reloaded before import = 0Number of asset objects unloaded after import = 3

========================================================================
Received Import Request.
  Time since last request: 0.000022 seconds.
  path: Assets/New Asssets/Plant Animations/Plant 3/Plant3_00066.png
  artifactKey: Guid(1c4166a636e5aa1489d8fa36000032cb) Importer(2089858483,b0f066a214c2f5e87bad3c948f4d605d)
Start importing Assets/New Asssets/Plant Animations/Plant 3/Plant3_00066.png using Guid(1c4166a636e5aa1489d8fa36000032cb) Importer(2089858483,b0f066a214c2f5e87bad3c948f4d605d) (ScriptedImporter) -> (artifact id: '683bb313d592e898e25c3086bba01b3b') in 0.0168435 seconds
Number of updated asset objects reloaded before import = 0Number of asset objects unloaded after import = 4

========================================================================
Received Import Request.
  Time since last request: 0.000022 seconds.
  path: Assets/New Asssets/BlueWizard/2BlueWizardWalk/Chara_BlueWalk00008.png
  artifactKey: Guid(1b236cc03fc27d647b02c11cd7a35de4) Importer(2089858483,b0f066a214c2f5e87bad3c948f4d605d)
Start importing Assets/New Asssets/BlueWizard/2BlueWizardWalk/Chara_BlueWalk00008.png using Guid(1b236cc03fc27d647b02c11cd7a35de4) Importer(2089858483,b0f066a214c2f5e87bad3c948f4d605d) (ScriptedImporter) -> (artifact id: '5c89719d2c9479e8a81128f321c1c44b') in 0.0177218 seconds
Number of updated asset objects reloaded before import = 0Number of asset objects unloaded after import = 3

========================================================================
Received Import Request.
  Time since last request: 0.000031 seconds.
  path: Assets/New Asssets/BlueWizard/2BlueWizardJump/Dash3/Dash3_00008.png
  artifactKey: Guid(2486fa8a21784de408cd6b1d6f4a4a44) Importer(2089858483,b0f066a214c2f5e87bad3c948f4d605d)
Start importing Assets/New Asssets/BlueWizard/2BlueWizardJump/Dash3/Dash3_00008.png using Guid(2486fa8a21784de408cd6b1d6f4a4a44) Importer(2089858483,b0f066a214c2f5e87bad3c948f4d605d) (ScriptedImporter) -> (artifact id: 'da7c43231deca02941612ce92f8e236e') in 0.0164727 seconds
Number of updated asset objects reloaded before import = 0Number of asset objects unloaded after import = 3

========================================================================
Received Import Request.
  Time since last request: 0.000028 seconds.
  path: Assets/New Asssets/BlueWizard/2BlueWizardJump/Dash2
  artifactKey: Guid(21d11ddf1682b504faa8fbdfa376f373) Importer(2089858483,b0f066a214c2f5e87bad3c948f4d605d)
Start importing Assets/New Asssets/BlueWizard/2BlueWizardJump/Dash2 using Guid(21d11ddf1682b504faa8fbdfa376f373) Importer(2089858483,b0f066a214c2f5e87bad3c948f4d605d) (ScriptedImporter) -> (artifact id: '374a7dbfa36b86e29b1ac21750360181') in 0.0103148 seconds
Number of updated asset objects reloaded before import = 0Number of asset objects unloaded after import = 1

========================================================================
Received Import Request.
  Time since last request: 0.000033 seconds.
  path: Assets/New Asssets/Plant Animations/Plant 1/Plant1_00013.png
  artifactKey: Guid(05d0d2a08d6d26a4ab59892927bd8b0f) Importer(2089858483,b0f066a214c2f5e87bad3c948f4d605d)
Start importing Assets/New Asssets/Plant Animations/Plant 1/Plant1_00013.png using Guid(05d0d2a08d6d26a4ab59892927bd8b0f) Importer(2089858483,b0f066a214c2f5e87bad3c948f4d605d) (ScriptedImporter) -> (artifact id: '9d859cc30190d9e5f3790be0a708604b') in 0.0175191 seconds
Number of updated asset objects reloaded before import = 0Number of asset objects unloaded after import = 3

========================================================================
Received Import Request.
  Time since last request: 0.000047 seconds.
  path: Assets/New Asssets/Plant Animations/Plant 7/Plant7_00006.png
  artifactKey: Guid(9d48d508fbbb8d74c8a268be623ce30f) Importer(2089858483,b0f066a214c2f5e87bad3c948f4d605d)
Start importing Assets/New Asssets/Plant Animations/Plant 7/Plant7_00006.png using Guid(9d48d508fbbb8d74c8a268be623ce30f) Importer(2089858483,b0f066a214c2f5e87bad3c948f4d605d) (ScriptedImporter) -> (artifact id: '0d3bf8763ac7e25458c12aaa48a5b269') in 0.0187969 seconds
Number of updated asset objects reloaded before import = 0Number of asset objects unloaded after import = 3

========================================================================
Received Import Request.
  Time since last request: 0.000029 seconds.
  path: Assets/New Asssets/Plant Animations/Plant 6/Plant6_00021.png
  artifactKey: Guid(d8a73567e5db7fa42826c598c3199739) Importer(2089858483,b0f066a214c2f5e87bad3c948f4d605d)
Start importing Assets/New Asssets/Plant Animations/Plant 6/Plant6_00021.png using Guid(d8a73567e5db7fa42826c598c3199739) Importer(2089858483,b0f066a214c2f5e87bad3c948f4d605d) (ScriptedImporter) -> (artifact id: '2b47c7aabb7da56f9d09f456c4a0a4a0') in 0.015721 seconds
Number of updated asset objects reloaded before import = 0Number of asset objects unloaded after import = 3

========================================================================
Received Import Request.
  Time since last request: 0.000026 seconds.
  path: Assets/New Asssets/Plant Animations/Plant 7/Plant7_00043.png
  artifactKey: Guid(396e1a72146e239468e0b1f715838510) Importer(2089858483,b0f066a214c2f5e87bad3c948f4d605d)
Start importing Assets/New Asssets/Plant Animations/Plant 7/Plant7_00043.png using Guid(396e1a72146e239468e0b1f715838510) Importer(2089858483,b0f066a214c2f5e87bad3c948f4d605d) (ScriptedImporter) -> (artifact id: 'b0cfc5e2d4fdea1e2aea5c2256100d2c') in 0.0154465 seconds
Number of updated asset objects reloaded before import = 0Number of asset objects unloaded after import = 3

========================================================================
Received Import Request.
  Time since last request: 0.000032 seconds.
  path: Assets/New Asssets/BlueWizard/2BlueWizardIdle/Chara - BlueIdle00004.png
  artifactKey: Guid(347f3bb8715221a47ac24d03595a968f) Importer(2089858483,b0f066a214c2f5e87bad3c948f4d605d)
Start importing Assets/New Asssets/BlueWizard/2BlueWizardIdle/Chara - BlueIdle00004.png using Guid(347f3bb8715221a47ac24d03595a968f) Importer(2089858483,b0f066a214c2f5e87bad3c948f4d605d) (ScriptedImporter) -> (artifact id: 'f377a8b54a78d57c83b270d483b927cf') in 0.0181618 seconds
Number of updated asset objects reloaded before import = 0Number of asset objects unloaded after import = 3

========================================================================
Received Import Request.
  Time since last request: 0.000043 seconds.
  path: Assets/New Asssets/Plant Animations/Plant 6/Plant6_00010.png
  artifactKey: Guid(67a9a74890d65dc44a9abbdc7d7b35a3) Importer(2089858483,b0f066a214c2f5e87bad3c948f4d605d)
Start importing Assets/New Asssets/Plant Animations/Plant 6/Plant6_00010.png using Guid(67a9a74890d65dc44a9abbdc7d7b35a3) Importer(2089858483,b0f066a214c2f5e87bad3c948f4d605d) (ScriptedImporter) -> (artifact id: 'baba0c60fd2c6f071422a887823e9ea1') in 0.0168601 seconds
Number of updated asset objects reloaded before import = 0Number of asset objects unloaded after import = 3

========================================================================
Received Import Request.
  Time since last request: 0.000023 seconds.
  path: Assets/New Asssets/Plant Animations/Plant 5/Plant5_00054.png
  artifactKey: Guid(aefaf4e348f60c14d892f15238e0cf8a) Importer(2089858483,b0f066a214c2f5e87bad3c948f4d605d)
Start importing Assets/New Asssets/Plant Animations/Plant 5/Plant5_00054.png using Guid(aefaf4e348f60c14d892f15238e0cf8a) Importer(2089858483,b0f066a214c2f5e87bad3c948f4d605d) (ScriptedImporter) -> (artifact id: 'f59397c0501b39e5acf6e224c8a211e9') in 0.0166941 seconds
Number of updated asset objects reloaded before import = 0Number of asset objects unloaded after import = 3

========================================================================
Received Import Request.
  Time since last request: 0.000025 seconds.
  path: Assets/New Asssets/BlueWizard/2BlueWizardJump/Dash2/DashBlue_00012.png
  artifactKey: Guid(6a165bc931b1ae6419932a6baeeb9d3c) Importer(2089858483,b0f066a214c2f5e87bad3c948f4d605d)
Start importing Assets/New Asssets/BlueWizard/2BlueWizardJump/Dash2/DashBlue_00012.png using Guid(6a165bc931b1ae6419932a6baeeb9d3c) Importer(2089858483,b0f066a214c2f5e87bad3c948f4d605d) (ScriptedImporter) -> (artifact id: '471bea1c490dc7d71855fd5a04a16429') in 0.0196984 seconds
Number of updated asset objects reloaded before import = 0Number of asset objects unloaded after import = 3

========================================================================
Received Import Request.
  Time since last request: 0.000026 seconds.
  path: Assets/New Asssets/Plant Animations/Plant 1/Plant1_00086.png
  artifactKey: Guid(a59427de7c1521d4e91f6a3c8f6148ca) Importer(2089858483,b0f066a214c2f5e87bad3c948f4d605d)
Start importing Assets/New Asssets/Plant Animations/Plant 1/Plant1_00086.png using Guid(a59427de7c1521d4e91f6a3c8f6148ca) Importer(2089858483,b0f066a214c2f5e87bad3c948f4d605d) (ScriptedImporter) -> (artifact id: '52dc29ad98bd2ebf00ebb732d948e23a') in 0.0196144 seconds
Number of updated asset objects reloaded before import = 0Number of asset objects unloaded after import = 3

========================================================================
Received Import Request.
  Time since last request: 0.000028 seconds.
  path: Assets/New Asssets/Plant Animations/Plant 5/Plant5_00026.png
  artifactKey: Guid(2d2b7073a04b9c1449dfb20aa7e87544) Importer(2089858483,b0f066a214c2f5e87bad3c948f4d605d)
Start importing Assets/New Asssets/Plant Animations/Plant 5/Plant5_00026.png using Guid(2d2b7073a04b9c1449dfb20aa7e87544) Importer(2089858483,b0f066a214c2f5e87bad3c948f4d605d) (ScriptedImporter) -> (artifact id: 'bfe2b513452d81ea6709f045863a11b9') in 0.0166369 seconds
Number of updated asset objects reloaded before import = 0Number of asset objects unloaded after import = 3

========================================================================
Received Import Request.
  Time since last request: 0.000039 seconds.
  path: Assets/New Asssets/Plant Animations/Plant 4/Plant4_00020.png
  artifactKey: Guid(ed28eeb28e353f442b6836d86b41241f) Importer(2089858483,b0f066a214c2f5e87bad3c948f4d605d)
Start importing Assets/New Asssets/Plant Animations/Plant 4/Plant4_00020.png using Guid(ed28eeb28e353f442b6836d86b41241f) Importer(2089858483,b0f066a214c2f5e87bad3c948f4d605d) (ScriptedImporter) -> (artifact id: 'd3834c4f44b1733b87abb25b8fca7c52') in 0.0177961 seconds
Number of updated asset objects reloaded before import = 0Number of asset objects unloaded after import = 3

========================================================================
Received Import Request.
  Time since last request: 0.000048 seconds.
  path: Assets/New Asssets/Plant Animations/PlantJump2/JumpPlant 2_00003.png
  artifactKey: Guid(b1f60b01e20e4134b8f5a2a4400b7787) Importer(2089858483,b0f066a214c2f5e87bad3c948f4d605d)
Start importing Assets/New Asssets/Plant Animations/PlantJump2/JumpPlant 2_00003.png using Guid(b1f60b01e20e4134b8f5a2a4400b7787) Importer(2089858483,b0f066a214c2f5e87bad3c948f4d605d) (ScriptedImporter) -> (artifact id: 'd84656b268c05ae0480804ff68627d65') in 0.0159938 seconds
Number of updated asset objects reloaded before import = 0Number of asset objects unloaded after import = 3

========================================================================
Received Import Request.
  Time since last request: 0.000022 seconds.
  path: Assets/New Asssets/Plant Animations/BlueFlower1/BlueFlower_00011.png
  artifactKey: Guid(31061eae97c5d7145836e48f9bfb42bd) Importer(2089858483,b0f066a214c2f5e87bad3c948f4d605d)
Start importing Assets/New Asssets/Plant Animations/BlueFlower1/BlueFlower_00011.png using Guid(31061eae97c5d7145836e48f9bfb42bd) Importer(2089858483,b0f066a214c2f5e87bad3c948f4d605d) (ScriptedImporter) -> (artifact id: '45052ed4bfc9caa0437c4e44bbfd1346') in 0.0163319 seconds
Number of updated asset objects reloaded before import = 0Number of asset objects unloaded after import = 3

========================================================================
Received Import Request.
  Time since last request: 0.000033 seconds.
  path: Assets/New Asssets/Plant Animations/Plant 6
  artifactKey: Guid(06ed9f646e566c940b288ea5f173449d) Importer(2089858483,b0f066a214c2f5e87bad3c948f4d605d)
Start importing Assets/New Asssets/Plant Animations/Plant 6 using Guid(06ed9f646e566c940b288ea5f173449d) Importer(2089858483,b0f066a214c2f5e87bad3c948f4d605d) (ScriptedImporter) -> (artifact id: '9209efa278d0d44e74d92199c4e55019') in 0.0108653 seconds
Number of updated asset objects reloaded before import = 0Number of asset objects unloaded after import = 1

========================================================================
Received Import Request.
  Time since last request: 0.000036 seconds.
  path: Assets/New Asssets/Plant Animations/Plant 6/Plant6_00048.png
  artifactKey: Guid(7a3dfac9bc2757e42bfb29f2abb8d8f1) Importer(2089858483,b0f066a214c2f5e87bad3c948f4d605d)
Start importing Assets/New Asssets/Plant Animations/Plant 6/Plant6_00048.png using Guid(7a3dfac9bc2757e42bfb29f2abb8d8f1) Importer(2089858483,b0f066a214c2f5e87bad3c948f4d605d) (ScriptedImporter) -> (artifact id: '9155cb2183dbd7d62a3f1ff0562585e2') in 0.0152365 seconds
Number of updated asset objects reloaded before import = 0Number of asset objects unloaded after import = 3

========================================================================
Received Import Request.
  Time since last request: 0.000041 seconds.
  path: Assets/New Asssets/Plant Animations/Plant 5/Plant5_00041.png
  artifactKey: Guid(f23f33ac22fd89a4e98401ae2d5ff01e) Importer(2089858483,b0f066a214c2f5e87bad3c948f4d605d)
Start importing Assets/New Asssets/Plant Animations/Plant 5/Plant5_00041.png using Guid(f23f33ac22fd89a4e98401ae2d5ff01e) Importer(2089858483,b0f066a214c2f5e87bad3c948f4d605d) (ScriptedImporter) -> (artifact id: '425c66ec1da11f200202ac32e64a0774') in 0.0182389 seconds
Number of updated asset objects reloaded before import = 0Number of asset objects unloaded after import = 3

========================================================================
Received Import Request.
  Time since last request: 0.000040 seconds.
  path: Assets/New Asssets/Plant Animations/Plant 3
  artifactKey: Guid(d738fddb87479c2449dddec6f7ab66a8) Importer(2089858483,b0f066a214c2f5e87bad3c948f4d605d)
Start importing Assets/New Asssets/Plant Animations/Plant 3 using Guid(d738fddb87479c2449dddec6f7ab66a8) Importer(2089858483,b0f066a214c2f5e87bad3c948f4d605d) (ScriptedImporter) -> (artifact id: '8ab3c1a9e5437264e4c1848a6eaf03bf') in 0.0138227 seconds
Number of updated asset objects reloaded before import = 0Number of asset objects unloaded after import = 1

========================================================================
Received Import Request.
  Time since last request: 0.000025 seconds.
  path: Assets/New Asssets/Plant Animations/BlueFlower1/BlueFlower_00045.png
  artifactKey: Guid(a1ac2edd3439c0941817ce66994cfaae) Importer(2089858483,b0f066a214c2f5e87bad3c948f4d605d)
Start importing Assets/New Asssets/Plant Animations/BlueFlower1/BlueFlower_00045.png using Guid(a1ac2edd3439c0941817ce66994cfaae) Importer(2089858483,b0f066a214c2f5e87bad3c948f4d605d) (ScriptedImporter) -> (artifact id: '781ea23a91c09334b92a879d477f5e43') in 0.0186992 seconds
Number of updated asset objects reloaded before import = 0Number of asset objects unloaded after import = 3

========================================================================
Received Import Request.
  Time since last request: 0.000022 seconds.
  path: Assets/New Asssets/Plant Animations/Plant 3/Plant3_00054.png
  artifactKey: Guid(b71d2b42f51c7144e99f943a35079a1c) Importer(2089858483,b0f066a214c2f5e87bad3c948f4d605d)
Start importing Assets/New Asssets/Plant Animations/Plant 3/Plant3_00054.png using Guid(b71d2b42f51c7144e99f943a35079a1c) Importer(2089858483,b0f066a214c2f5e87bad3c948f4d605d) (ScriptedImporter) -> (artifact id: '9f922899fa5aab3184f9fe3fe0ab92ab') in 0.0179116 seconds
Number of updated asset objects reloaded before import = 0Number of asset objects unloaded after import = 4

========================================================================
Received Import Request.
  Time since last request: 0.000035 seconds.
  path: Assets/New Asssets/Plant Animations/BlueFlower2
  artifactKey: Guid(e41599317c59b6b4aaa35eb3c38d4e4c) Importer(2089858483,b0f066a214c2f5e87bad3c948f4d605d)
Start importing Assets/New Asssets/Plant Animations/BlueFlower2 using Guid(e41599317c59b6b4aaa35eb3c38d4e4c) Importer(2089858483,b0f066a214c2f5e87bad3c948f4d605d) (ScriptedImporter) -> (artifact id: 'beab774f10cac1416960a235952a52de') in 0.0138727 seconds
Number of updated asset objects reloaded before import = 0Number of asset objects unloaded after import = 1

========================================================================
Received Import Request.
  Time since last request: 0.000030 seconds.
  path: Assets/New Asssets/Plant Animations/BlueFlower2/BluePlantClosed_00027.png
  artifactKey: Guid(7cbd75345643f554c8191c40adc14d14) Importer(2089858483,b0f066a214c2f5e87bad3c948f4d605d)
Start importing Assets/New Asssets/Plant Animations/BlueFlower2/BluePlantClosed_00027.png using Guid(7cbd75345643f554c8191c40adc14d14) Importer(2089858483,b0f066a214c2f5e87bad3c948f4d605d) (ScriptedImporter) -> (artifact id: '3b6384b3e125737c769602a3eee3253a') in 0.0230765 seconds
Number of updated asset objects reloaded before import = 0Number of asset objects unloaded after import = 7

========================================================================
Received Import Request.
  Time since last request: 0.000027 seconds.
  path: Assets/New Asssets/Plant Animations/Plant 3/Plant3_00018.png
  artifactKey: Guid(c647e4d9f0ba11146b27e6a50a1d6b90) Importer(2089858483,b0f066a214c2f5e87bad3c948f4d605d)
Start importing Assets/New Asssets/Plant Animations/Plant 3/Plant3_00018.png using Guid(c647e4d9f0ba11146b27e6a50a1d6b90) Importer(2089858483,b0f066a214c2f5e87bad3c948f4d605d) (ScriptedImporter) -> (artifact id: 'd4938d550273dee5eff710b51fe4421b') in 0.0183748 seconds
Number of updated asset objects reloaded before import = 0Number of asset objects unloaded after import = 4

========================================================================
Received Import Request.
  Time since last request: 0.000025 seconds.
  path: Assets/New Asssets/Plant Animations/Plant 5/Plant5_00028.png
  artifactKey: Guid(b3d9de3e39097ad4ebeee1af089d9cc0) Importer(2089858483,b0f066a214c2f5e87bad3c948f4d605d)
Start importing Assets/New Asssets/Plant Animations/Plant 5/Plant5_00028.png using Guid(b3d9de3e39097ad4ebeee1af089d9cc0) Importer(2089858483,b0f066a214c2f5e87bad3c948f4d605d) (ScriptedImporter) -> (artifact id: '3338465a35c75a3a3ee35084de0bd347') in 0.0174504 seconds
Number of updated asset objects reloaded before import = 0Number of asset objects unloaded after import = 3

========================================================================
Received Import Request.
  Time since last request: 0.000024 seconds.
  path: Assets/New Asssets/Plant Animations/BlueFlower1/BlueFlower_00056.png
  artifactKey: Guid(f47e4b9a47638d14e9c9813997e19ad7) Importer(2089858483,b0f066a214c2f5e87bad3c948f4d605d)
Start importing Assets/New Asssets/Plant Animations/BlueFlower1/BlueFlower_00056.png using Guid(f47e4b9a47638d14e9c9813997e19ad7) Importer(2089858483,b0f066a214c2f5e87bad3c948f4d605d) (ScriptedImporter) -> (artifact id: '4dcb2178c1a3b85ff4b39c9504fa9e0a') in 0.0172545 seconds
Number of updated asset objects reloaded before import = 0Number of asset objects unloaded after import = 3

========================================================================
Received Import Request.
  Time since last request: 0.000025 seconds.
  path: Assets/New Asssets/Plant Animations/Plant 6/Plant6_00017.png
  artifactKey: Guid(a2b6f4269e303174380e2b20b49b5853) Importer(2089858483,b0f066a214c2f5e87bad3c948f4d605d)
Start importing Assets/New Asssets/Plant Animations/Plant 6/Plant6_00017.png using Guid(a2b6f4269e303174380e2b20b49b5853) Importer(2089858483,b0f066a214c2f5e87bad3c948f4d605d) (ScriptedImporter) -> (artifact id: '6a315a12ffe747ada779addf27bf61ed') in 0.0225783 seconds
Number of updated asset objects reloaded before import = 0Number of asset objects unloaded after import = 3

========================================================================
Received Import Request.
  Time since last request: 0.000036 seconds.
  path: Assets/New Asssets/Plant Animations/Plant 1/Plant1_00053.png
  artifactKey: Guid(f915bd9d4b9bd0c4783e3824663c34ea) Importer(2089858483,b0f066a214c2f5e87bad3c948f4d605d)
Start importing Assets/New Asssets/Plant Animations/Plant 1/Plant1_00053.png using Guid(f915bd9d4b9bd0c4783e3824663c34ea) Importer(2089858483,b0f066a214c2f5e87bad3c948f4d605d) (ScriptedImporter) -> (artifact id: '7e1226f6b1dd09f105a807e3e8fddaab') in 0.0228942 seconds
Number of updated asset objects reloaded before import = 0Number of asset objects unloaded after import = 3

========================================================================
Received Import Request.
  Time since last request: 0.000023 seconds.
  path: Assets/New Asssets/BlueWizard
  artifactKey: Guid(b891ed0316bffd445b89a62e281db101) Importer(2089858483,b0f066a214c2f5e87bad3c948f4d605d)
Start importing Assets/New Asssets/BlueWizard using Guid(b891ed0316bffd445b89a62e281db101) Importer(2089858483,b0f066a214c2f5e87bad3c948f4d605d) (ScriptedImporter) -> (artifact id: '4b1a6ce41f511415e8637802d4fd289e') in 0.0119457 seconds
Number of updated asset objects reloaded before import = 0Number of asset objects unloaded after import = 1

========================================================================
Received Import Request.
  Time since last request: 0.000036 seconds.
  path: Assets/New Asssets/Plant Animations/Plant 5/Plant5_00020.png
  artifactKey: Guid(df96d5623b3856b488cf81880284d9ee) Importer(2089858483,b0f066a214c2f5e87bad3c948f4d605d)
Start importing Assets/New Asssets/Plant Animations/Plant 5/Plant5_00020.png using Guid(df96d5623b3856b488cf81880284d9ee) Importer(2089858483,b0f066a214c2f5e87bad3c948f4d605d) (ScriptedImporter) -> (artifact id: '7a7c9dfb49614ec284c6f4e8e3def56d') in 0.0186192 seconds
Number of updated asset objects reloaded before import = 0Number of asset objects unloaded after import = 3

========================================================================
Received Import Request.
  Time since last request: 0.000033 seconds.
  path: Assets/New Asssets/BlueWizard/2BlueWizardWalk/Chara_BlueWalk00012.png
  artifactKey: Guid(237935b4454b612419f19e9bebab6248) Importer(2089858483,b0f066a214c2f5e87bad3c948f4d605d)
Start importing Assets/New Asssets/BlueWizard/2BlueWizardWalk/Chara_BlueWalk00012.png using Guid(237935b4454b612419f19e9bebab6248) Importer(2089858483,b0f066a214c2f5e87bad3c948f4d605d) (ScriptedImporter) -> (artifact id: '418e1a3ec146087ceb99690a28c1f248') in 0.015619 seconds
Number of updated asset objects reloaded before import = 0Number of asset objects unloaded after import = 3

========================================================================
Received Import Request.
  Time since last request: 0.000043 seconds.
  path: Assets/New Asssets/Plant Animations/Plant 6/Plant6_00019.png
  artifactKey: Guid(fa464060435d9a043b3bc6002127c0d4) Importer(2089858483,b0f066a214c2f5e87bad3c948f4d605d)
Start importing Assets/New Asssets/Plant Animations/Plant 6/Plant6_00019.png using Guid(fa464060435d9a043b3bc6002127c0d4) Importer(2089858483,b0f066a214c2f5e87bad3c948f4d605d) (ScriptedImporter) -> (artifact id: '17614ccd79584e0d75d0e2afb96e8cd0') in 0.0150866 seconds
Number of updated asset objects reloaded before import = 0Number of asset objects unloaded after import = 3

========================================================================
Received Import Request.
  Time since last request: 0.000040 seconds.
  path: Assets/New Asssets/Plant Animations/PlantJump2/JumpPlant 2_00017.png
  artifactKey: Guid(673d6ee2ccbd9854f8c3c71120c1a5bb) Importer(2089858483,b0f066a214c2f5e87bad3c948f4d605d)
Start importing Assets/New Asssets/Plant Animations/PlantJump2/JumpPlant 2_00017.png using Guid(673d6ee2ccbd9854f8c3c71120c1a5bb) Importer(2089858483,b0f066a214c2f5e87bad3c948f4d605d) (ScriptedImporter) -> (artifact id: 'f5a240382007548a2d8ba34ad067c819') in 0.0199502 seconds
Number of updated asset objects reloaded before import = 0Number of asset objects unloaded after import = 3

========================================================================
Received Import Request.
  Time since last request: 0.000026 seconds.
  path: Assets/New Asssets/Plant Animations/Plant 4/Plant4_00010.png
  artifactKey: Guid(cce497da95bba794094a7418d4435a7e) Importer(2089858483,b0f066a214c2f5e87bad3c948f4d605d)
Start importing Assets/New Asssets/Plant Animations/Plant 4/Plant4_00010.png using Guid(cce497da95bba794094a7418d4435a7e) Importer(2089858483,b0f066a214c2f5e87bad3c948f4d605d) (ScriptedImporter) -> (artifact id: '153bc4489d48e1836ae73876e5dd4111') in 0.0158174 seconds
Number of updated asset objects reloaded before import = 0Number of asset objects unloaded after import = 3

========================================================================
Received Import Request.
  Time since last request: 0.000027 seconds.
  path: Assets/New Asssets/BlueWizard/2BlueWizardJump/CharaWizardJump_00005.png
  artifactKey: Guid(a08ab654229fcc24a9f7ad942fa508a3) Importer(815301076,1909f56bfc062723c751e8b465ee728b)
Start importing Assets/New Asssets/BlueWizard/2BlueWizardJump/CharaWizardJump_00005.png using Guid(a08ab654229fcc24a9f7ad942fa508a3) Importer(815301076,1909f56bfc062723c751e8b465ee728b) (PreviewImporter) -> (artifact id: 'b0de75fe7192976694c298ec5a576c07') in 0.0192242 seconds
Number of updated asset objects reloaded before import = 0Number of asset objects unloaded after import = 3

========================================================================
Received Import Request.
  Time since last request: 0.000027 seconds.
  path: Assets/New Asssets/Plant Animations/Plant 4/Plant4_00014.png
  artifactKey: Guid(639c572240ad125419d3740d2a241d69) Importer(2089858483,b0f066a214c2f5e87bad3c948f4d605d)
Start importing Assets/New Asssets/Plant Animations/Plant 4/Plant4_00014.png using Guid(639c572240ad125419d3740d2a241d69) Importer(2089858483,b0f066a214c2f5e87bad3c948f4d605d) (ScriptedImporter) -> (artifact id: '7f3bd5a41f3e929df5910bd531f9da54') in 0.0192154 seconds
Number of updated asset objects reloaded before import = 0Number of asset objects unloaded after import = 3

========================================================================
Received Import Request.
  Time since last request: 0.000025 seconds.
  path: Assets/New Asssets/BlueWizard/2BlueWizardWalk/Chara_BlueWalk00001.png
  artifactKey: Guid(a5b188ae3d59fce459b72e9993949f6a) Importer(2089858483,b0f066a214c2f5e87bad3c948f4d605d)
Start importing Assets/New Asssets/BlueWizard/2BlueWizardWalk/Chara_BlueWalk00001.png using Guid(a5b188ae3d59fce459b72e9993949f6a) Importer(2089858483,b0f066a214c2f5e87bad3c948f4d605d) (ScriptedImporter) -> (artifact id: 'b68c4109ac267acc51b65b0fabab2174') in 0.0160409 seconds
Number of updated asset objects reloaded before import = 0Number of asset objects unloaded after import = 3

========================================================================
Received Import Request.
  Time since last request: 0.000034 seconds.
  path: Assets/New Asssets/Plant Animations/BlueFlower2/BluePlantClosed_00014.png
  artifactKey: Guid(b68cda64dc60102489fc0558e4dc4412) Importer(2089858483,b0f066a214c2f5e87bad3c948f4d605d)
Start importing Assets/New Asssets/Plant Animations/BlueFlower2/BluePlantClosed_00014.png using Guid(b68cda64dc60102489fc0558e4dc4412) Importer(2089858483,b0f066a214c2f5e87bad3c948f4d605d) (ScriptedImporter) -> (artifact id: 'ee9a72dd934af490f506ab8791d96766') in 0.0244034 seconds
Number of updated asset objects reloaded before import = 0Number of asset objects unloaded after import = 8

========================================================================
Received Import Request.
  Time since last request: 0.000024 seconds.
  path: Assets/New Asssets/Plant Animations/Plant 3/Plant3_00055.png
  artifactKey: Guid(24e32817acb08b044a3c9557d35b269c) Importer(2089858483,b0f066a214c2f5e87bad3c948f4d605d)
Start importing Assets/New Asssets/Plant Animations/Plant 3/Plant3_00055.png using Guid(24e32817acb08b044a3c9557d35b269c) Importer(2089858483,b0f066a214c2f5e87bad3c948f4d605d) (ScriptedImporter) -> (artifact id: 'ad9f13f2764c23d34b6f062a296786aa') in 0.0164125 seconds
Number of updated asset objects reloaded before import = 0Number of asset objects unloaded after import = 4

========================================================================
Received Import Request.
  Time since last request: 0.000036 seconds.
  path: Assets/New Asssets/Plant Animations/BlueFlower1/BlueFlower_00013.png
  artifactKey: Guid(87bfa662d1c913643af9e0281d8759b5) Importer(2089858483,b0f066a214c2f5e87bad3c948f4d605d)
Start importing Assets/New Asssets/Plant Animations/BlueFlower1/BlueFlower_00013.png using Guid(87bfa662d1c913643af9e0281d8759b5) Importer(2089858483,b0f066a214c2f5e87bad3c948f4d605d) (ScriptedImporter) -> (artifact id: '8eb16f73c8c180c855f9f8cf94b92eb0') in 0.0183617 seconds
Number of updated asset objects reloaded before import = 0Number of asset objects unloaded after import = 3

========================================================================
Received Import Request.
  Time since last request: 0.000025 seconds.
  path: Assets/New Asssets/Plant Animations/Plant 2/Plant2_00070.png
  artifactKey: Guid(94376ce0cbf669746b4a67f276b3b3bf) Importer(2089858483,b0f066a214c2f5e87bad3c948f4d605d)
Start importing Assets/New Asssets/Plant Animations/Plant 2/Plant2_00070.png using Guid(94376ce0cbf669746b4a67f276b3b3bf) Importer(2089858483,b0f066a214c2f5e87bad3c948f4d605d) (ScriptedImporter) -> (artifact id: '996c719b06283636540c28ff9ce55b79') in 0.0184724 seconds
Number of updated asset objects reloaded before import = 0Number of asset objects unloaded after import = 5

========================================================================
Received Import Request.
  Time since last request: 0.000027 seconds.
  path: Assets/New Asssets/Plant Animations/Plant 1
  artifactKey: Guid(2ecf1671557d1944d85d31b1b61e9fb2) Importer(2089858483,b0f066a214c2f5e87bad3c948f4d605d)
Start importing Assets/New Asssets/Plant Animations/Plant 1 using Guid(2ecf1671557d1944d85d31b1b61e9fb2) Importer(2089858483,b0f066a214c2f5e87bad3c948f4d605d) (ScriptedImporter) -> (artifact id: '54994cfc4142e09ed748e67f4ed54952') in 0.0112999 seconds
Number of updated asset objects reloaded before import = 0Number of asset objects unloaded after import = 1

========================================================================
Received Import Request.
  Time since last request: 0.000037 seconds.
  path: Assets/New Asssets/Plant Animations/Plant 1/Plant1_00084.png
  artifactKey: Guid(0d0888a43305e914f88f46c6f025d014) Importer(2089858483,b0f066a214c2f5e87bad3c948f4d605d)
Start importing Assets/New Asssets/Plant Animations/Plant 1/Plant1_00084.png using Guid(0d0888a43305e914f88f46c6f025d014) Importer(2089858483,b0f066a214c2f5e87bad3c948f4d605d) (ScriptedImporter) -> (artifact id: '6341c8ba496d9414b7113c83b5212d3b') in 0.016301 seconds
Number of updated asset objects reloaded before import = 0Number of asset objects unloaded after import = 3

========================================================================
Received Import Request.
  Time since last request: 0.000033 seconds.
  path: Assets/New Asssets/BlueWizard/2BlueWizardWalk/Chara_BlueWalk00010.png
  artifactKey: Guid(1cb8b9d023c229542af7d8e9a10e8b7e) Importer(2089858483,b0f066a214c2f5e87bad3c948f4d605d)
Start importing Assets/New Asssets/BlueWizard/2BlueWizardWalk/Chara_BlueWalk00010.png using Guid(1cb8b9d023c229542af7d8e9a10e8b7e) Importer(2089858483,b0f066a214c2f5e87bad3c948f4d605d) (ScriptedImporter) -> (artifact id: '6ed9c4b416fce3a07b5d02b23cd337ba') in 0.0185252 seconds
Number of updated asset objects reloaded before import = 0Number of asset objects unloaded after import = 3

========================================================================
Received Import Request.
  Time since last request: 0.000033 seconds.
  path: Assets/New Asssets/BlueWizard/2BlueWizardIdle/Chara - BlueIdle00009.png
  artifactKey: Guid(39975adace83839428ef69ab8b2bb375) Importer(2089858483,b0f066a214c2f5e87bad3c948f4d605d)
Start importing Assets/New Asssets/BlueWizard/2BlueWizardIdle/Chara - BlueIdle00009.png using Guid(39975adace83839428ef69ab8b2bb375) Importer(2089858483,b0f066a214c2f5e87bad3c948f4d605d) (ScriptedImporter) -> (artifact id: 'fec042713e0f95355a2fe3ffae87364c') in 0.0157593 seconds
Number of updated asset objects reloaded before import = 0Number of asset objects unloaded after import = 3

========================================================================
Received Import Request.
  Time since last request: 0.000031 seconds.
  path: Assets/New Asssets/Plant Animations/Plant 6/Plant6_00046.png
  artifactKey: Guid(1bd56b53a08fd4e439a86863bd8f0b53) Importer(2089858483,b0f066a214c2f5e87bad3c948f4d605d)
Start importing Assets/New Asssets/Plant Animations/Plant 6/Plant6_00046.png using Guid(1bd56b53a08fd4e439a86863bd8f0b53) Importer(2089858483,b0f066a214c2f5e87bad3c948f4d605d) (ScriptedImporter) -> (artifact id: '8c11c85c33202f2496bb91e51cb16c84') in 0.0164124 seconds
Number of updated asset objects reloaded before import = 0Number of asset objects unloaded after import = 3

========================================================================
Received Import Request.
  Time since last request: 0.000031 seconds.
  path: Assets/New Asssets/BlueWizard/2BlueWizardIdle/Chara - BlueIdle00000.png
  artifactKey: Guid(48b364215f7da314ca0bcc187031a318) Importer(2089858483,b0f066a214c2f5e87bad3c948f4d605d)
Start importing Assets/New Asssets/BlueWizard/2BlueWizardIdle/Chara - BlueIdle00000.png using Guid(48b364215f7da314ca0bcc187031a318) Importer(2089858483,b0f066a214c2f5e87bad3c948f4d605d) (ScriptedImporter) -> (artifact id: '97c3a05e12230675dfc4ad00824d0c35') in 0.0153443 seconds
Number of updated asset objects reloaded before import = 0Number of asset objects unloaded after import = 3

========================================================================
Received Import Request.
  Time since last request: 0.000046 seconds.
  path: Assets/New Asssets/BlueWizard/2BlueWizardJump/CharaWizardJump_00002.png
  artifactKey: Guid(c350a96c282a2264f82596185e8d2861) Importer(2089858483,b0f066a214c2f5e87bad3c948f4d605d)
Start importing Assets/New Asssets/BlueWizard/2BlueWizardJump/CharaWizardJump_00002.png using Guid(c350a96c282a2264f82596185e8d2861) Importer(2089858483,b0f066a214c2f5e87bad3c948f4d605d) (ScriptedImporter) -> (artifact id: '93f90e717c36c504beb01c9a0c4ad88e') in 0.0184618 seconds
Number of updated asset objects reloaded before import = 0Number of asset objects unloaded after import = 3

========================================================================
Received Import Request.
  Time since last request: 0.000030 seconds.
  path: Assets/New Asssets/Plant Animations/Plant 2/Plant2_00066.png
  artifactKey: Guid(67821866759b47842878b5b571861c54) Importer(2089858483,b0f066a214c2f5e87bad3c948f4d605d)
Start importing Assets/New Asssets/Plant Animations/Plant 2/Plant2_00066.png using Guid(67821866759b47842878b5b571861c54) Importer(2089858483,b0f066a214c2f5e87bad3c948f4d605d) (ScriptedImporter) -> (artifact id: 'cb559c7e96a4f47d353e6b98af13ee45') in 0.0193742 seconds
Number of updated asset objects reloaded before import = 0Number of asset objects unloaded after import = 5

========================================================================
Received Import Request.
  Time since last request: 0.000029 seconds.
  path: Assets/New Asssets/BlueWizard/2BlueWizardJump/Dash3/Dash3_00013.png
  artifactKey: Guid(b42cb1b022c94e440a58c54dd7821073) Importer(2089858483,b0f066a214c2f5e87bad3c948f4d605d)
Start importing Assets/New Asssets/BlueWizard/2BlueWizardJump/Dash3/Dash3_00013.png using Guid(b42cb1b022c94e440a58c54dd7821073) Importer(2089858483,b0f066a214c2f5e87bad3c948f4d605d) (ScriptedImporter) -> (artifact id: '5b6443c772705bd9c719a5959637f277') in 0.0196747 seconds
Number of updated asset objects reloaded before import = 0Number of asset objects unloaded after import = 3

========================================================================
Received Import Request.
  Time since last request: 0.000026 seconds.
  path: Assets/New Asssets/Plant Animations/Plant 2/Plant2_00082.png
  artifactKey: Guid(a62dc7406e7eebe45ba9ee9421b4a48e) Importer(2089858483,b0f066a214c2f5e87bad3c948f4d605d)
Start importing Assets/New Asssets/Plant Animations/Plant 2/Plant2_00082.png using Guid(a62dc7406e7eebe45ba9ee9421b4a48e) Importer(2089858483,b0f066a214c2f5e87bad3c948f4d605d) (ScriptedImporter) -> (artifact id: '53257f95edbd2c99ed8c1686f166dbb4') in 0.0221551 seconds
Number of updated asset objects reloaded before import = 0Number of asset objects unloaded after import = 5

========================================================================
Received Import Request.
  Time since last request: 0.000028 seconds.
  path: Assets/New Asssets/Plant Animations/Plant 3/Plant3_00036.png
  artifactKey: Guid(f8ce4c23f5df1aa45911382a2bb26cad) Importer(2089858483,b0f066a214c2f5e87bad3c948f4d605d)
Start importing Assets/New Asssets/Plant Animations/Plant 3/Plant3_00036.png using Guid(f8ce4c23f5df1aa45911382a2bb26cad) Importer(2089858483,b0f066a214c2f5e87bad3c948f4d605d) (ScriptedImporter) -> (artifact id: 'cc13c6ddaf233cbcf2fd627ed0c8325b') in 0.0248577 seconds
Number of updated asset objects reloaded before import = 0Number of asset objects unloaded after import = 4

========================================================================
Received Import Request.
  Time since last request: 0.000036 seconds.
  path: Assets/New Asssets/Plant Animations/Plant 1/Plant1_00035.png
  artifactKey: Guid(a03e108377eb68846a62dbffc8e5e193) Importer(2089858483,b0f066a214c2f5e87bad3c948f4d605d)
Start importing Assets/New Asssets/Plant Animations/Plant 1/Plant1_00035.png using Guid(a03e108377eb68846a62dbffc8e5e193) Importer(2089858483,b0f066a214c2f5e87bad3c948f4d605d) (ScriptedImporter) -> (artifact id: '84d8b862f4cefe9e4f70c4f0b33812fc') in 0.0188867 seconds
Number of updated asset objects reloaded before import = 0Number of asset objects unloaded after import = 3

========================================================================
Received Import Request.
  Time since last request: 0.000036 seconds.
  path: Assets/New Asssets/Plant Animations/Plant 7/Plant7_00049.png
  artifactKey: Guid(086e1403e8cc83d4280258663501af9e) Importer(2089858483,b0f066a214c2f5e87bad3c948f4d605d)
Start importing Assets/New Asssets/Plant Animations/Plant 7/Plant7_00049.png using Guid(086e1403e8cc83d4280258663501af9e) Importer(2089858483,b0f066a214c2f5e87bad3c948f4d605d) (ScriptedImporter) -> (artifact id: '4a516468c9b92da7f44c98d862a616e1') in 0.0175391 seconds
Number of updated asset objects reloaded before import = 0Number of asset objects unloaded after import = 3

========================================================================
Received Import Request.
  Time since last request: 0.000028 seconds.
  path: Assets/New Asssets/Plant Animations/Plant Wind 1/Plant Wind 1_00011.png
  artifactKey: Guid(389647ce8fcd93f4ab2194176f6d5752) Importer(2089858483,b0f066a214c2f5e87bad3c948f4d605d)
Start importing Assets/New Asssets/Plant Animations/Plant Wind 1/Plant Wind 1_00011.png using Guid(389647ce8fcd93f4ab2194176f6d5752) Importer(2089858483,b0f066a214c2f5e87bad3c948f4d605d) (ScriptedImporter) -> (artifact id: '92106726bcf753bb65dab7ff8397e72a') in 0.0169316 seconds
Number of updated asset objects reloaded before import = 0Number of asset objects unloaded after import = 3

========================================================================
Received Import Request.
  Time since last request: 0.000024 seconds.
  path: Assets/New Asssets/Plant Animations/BlueFlower1
  artifactKey: Guid(e9a34902408ecab4b99e85bc120ede21) Importer(2089858483,b0f066a214c2f5e87bad3c948f4d605d)
Start importing Assets/New Asssets/Plant Animations/BlueFlower1 using Guid(e9a34902408ecab4b99e85bc120ede21) Importer(2089858483,b0f066a214c2f5e87bad3c948f4d605d) (ScriptedImporter) -> (artifact id: 'bd8eeefdd49ba1019919710a7d7dfe0d') in 0.0394222 seconds
Number of updated asset objects reloaded before import = 0Number of asset objects unloaded after import = 1

========================================================================
Received Import Request.
  Time since last request: 0.000032 seconds.
  path: Assets/New Asssets/Plant Animations/Plant 7/Plant7_00018.png
  artifactKey: Guid(618d870d03b5580478e34d82bbadbe0a) Importer(2089858483,b0f066a214c2f5e87bad3c948f4d605d)
Start importing Assets/New Asssets/Plant Animations/Plant 7/Plant7_00018.png using Guid(618d870d03b5580478e34d82bbadbe0a) Importer(2089858483,b0f066a214c2f5e87bad3c948f4d605d) (ScriptedImporter) -> (artifact id: '0bcf8dc6f542e794015defba379b5600') in 0.0167358 seconds
Number of updated asset objects reloaded before import = 0Number of asset objects unloaded after import = 3

========================================================================
Received Import Request.
  Time since last request: 0.000044 seconds.
  path: Assets/New Asssets/BlueWizard/2BlueWizardJump/DashEffect/BlueWizardDash_00003.png
  artifactKey: Guid(f7fe85b5585505c4d806708ded10ccb7) Importer(2089858483,b0f066a214c2f5e87bad3c948f4d605d)
Start importing Assets/New Asssets/BlueWizard/2BlueWizardJump/DashEffect/BlueWizardDash_00003.png using Guid(f7fe85b5585505c4d806708ded10ccb7) Importer(2089858483,b0f066a214c2f5e87bad3c948f4d605d) (ScriptedImporter) -> (artifact id: '2d250bcaf5889c8e6fac93d623a524e3') in 0.0167506 seconds
Number of updated asset objects reloaded before import = 0Number of asset objects unloaded after import = 3

========================================================================
Received Import Request.
  Time since last request: 0.000034 seconds.
  path: Assets/New Asssets/Plant Animations/Plant 8 Poison/PlantPosion_00012.png
  artifactKey: Guid(72017df166b41d043a4054ada601538c) Importer(2089858483,b0f066a214c2f5e87bad3c948f4d605d)
Start importing Assets/New Asssets/Plant Animations/Plant 8 Poison/PlantPosion_00012.png using Guid(72017df166b41d043a4054ada601538c) Importer(2089858483,b0f066a214c2f5e87bad3c948f4d605d) (ScriptedImporter) -> (artifact id: '329a1426792169395dfe5a153232d58b') in 0.0197235 seconds
Number of updated asset objects reloaded before import = 0Number of asset objects unloaded after import = 3

========================================================================
Received Import Request.
  Time since last request: 0.000027 seconds.
  path: Assets/New Asssets/Plant Animations/Plant 2/Plant2_00003.png
  artifactKey: Guid(0603703881bc86f4e8523fc54fec14af) Importer(2089858483,b0f066a214c2f5e87bad3c948f4d605d)
Start importing Assets/New Asssets/Plant Animations/Plant 2/Plant2_00003.png using Guid(0603703881bc86f4e8523fc54fec14af) Importer(2089858483,b0f066a214c2f5e87bad3c948f4d605d) (ScriptedImporter) -> (artifact id: 'b5e10462bbc8072085df72ebaf7f96c9') in 0.0189577 seconds
Number of updated asset objects reloaded before import = 0Number of asset objects unloaded after import = 5

========================================================================
Received Import Request.
  Time since last request: 0.000030 seconds.
  path: Assets/New Asssets/Plant Animations/Plant 1/Plant1_00022.png
  artifactKey: Guid(eab620afa14788d48ae713b9a07ad7f3) Importer(2089858483,b0f066a214c2f5e87bad3c948f4d605d)
Start importing Assets/New Asssets/Plant Animations/Plant 1/Plant1_00022.png using Guid(eab620afa14788d48ae713b9a07ad7f3) Importer(2089858483,b0f066a214c2f5e87bad3c948f4d605d) (ScriptedImporter) -> (artifact id: '456a9e995ceb5ec357cf6a5e43328205') in 0.0168415 seconds
Number of updated asset objects reloaded before import = 0Number of asset objects unloaded after import = 3

========================================================================
Received Import Request.
  Time since last request: 0.000050 seconds.
  path: Assets/New Asssets/Plant Animations/BlueFlower2/BluePlantClosed_00044.png
  artifactKey: Guid(91d822c9b70b3174cbe8709db1bfa6ec) Importer(2089858483,b0f066a214c2f5e87bad3c948f4d605d)
Start importing Assets/New Asssets/Plant Animations/BlueFlower2/BluePlantClosed_00044.png using Guid(91d822c9b70b3174cbe8709db1bfa6ec) Importer(2089858483,b0f066a214c2f5e87bad3c948f4d605d) (ScriptedImporter) -> (artifact id: '44b2b7ceb5afcfd52cb7862ac3d7bbb5') in 0.0230568 seconds
Number of updated asset objects reloaded before import = 0Number of asset objects unloaded after import = 8

========================================================================
Received Import Request.
  Time since last request: 0.000041 seconds.
  path: Assets/New Asssets/Plant Animations/Plant 3/Plant3_00011.png
  artifactKey: Guid(10b7af6389196634286c98ea166b8d26) Importer(2089858483,b0f066a214c2f5e87bad3c948f4d605d)
Start importing Assets/New Asssets/Plant Animations/Plant 3/Plant3_00011.png using Guid(10b7af6389196634286c98ea166b8d26) Importer(2089858483,b0f066a214c2f5e87bad3c948f4d605d) (ScriptedImporter) -> (artifact id: 'b9e5e26625ae725eec42a461afd74150') in 0.0180357 seconds
Number of updated asset objects reloaded before import = 0Number of asset objects unloaded after import = 4

========================================================================
Received Import Request.
  Time since last request: 0.000025 seconds.
  path: Assets/New Asssets/BlueWizard/2BlueWizardJump/Dash2/DashBlue_00013.png
  artifactKey: Guid(67caacf81656de042bc11d01566e0ce8) Importer(2089858483,b0f066a214c2f5e87bad3c948f4d605d)
Start importing Assets/New Asssets/BlueWizard/2BlueWizardJump/Dash2/DashBlue_00013.png using Guid(67caacf81656de042bc11d01566e0ce8) Importer(2089858483,b0f066a214c2f5e87bad3c948f4d605d) (ScriptedImporter) -> (artifact id: 'a5489938f88024660faf4003e134acba') in 0.0183628 seconds
Number of updated asset objects reloaded before import = 0Number of asset objects unloaded after import = 3

========================================================================
Received Import Request.
  Time since last request: 0.000024 seconds.
  path: Assets/New Asssets/Plant Animations/PlantJump2/JumpPlant 2_00009.png
  artifactKey: Guid(824b9433f97384e41b7145e2d6b4e792) Importer(2089858483,b0f066a214c2f5e87bad3c948f4d605d)
Start importing Assets/New Asssets/Plant Animations/PlantJump2/JumpPlant 2_00009.png using Guid(824b9433f97384e41b7145e2d6b4e792) Importer(2089858483,b0f066a214c2f5e87bad3c948f4d605d) (ScriptedImporter) -> (artifact id: 'ebc018bc68cd081c60eb043dc8bb3341') in 0.0213237 seconds
Number of updated asset objects reloaded before import = 0Number of asset objects unloaded after import = 3

========================================================================
Received Import Request.
  Time since last request: 0.000023 seconds.
  path: Assets/New Asssets/Plant Animations/Plant 2/Plant2_00059.png
  artifactKey: Guid(417037944b4612144bed2790c76a0032) Importer(2089858483,b0f066a214c2f5e87bad3c948f4d605d)
Start importing Assets/New Asssets/Plant Animations/Plant 2/Plant2_00059.png using Guid(417037944b4612144bed2790c76a0032) Importer(2089858483,b0f066a214c2f5e87bad3c948f4d605d) (ScriptedImporter) -> (artifact id: 'da56d62ff2a237de567fe5a6076c2448') in 0.0186321 seconds
Number of updated asset objects reloaded before import = 0Number of asset objects unloaded after import = 5

========================================================================
Received Import Request.
  Time since last request: 0.000045 seconds.
  path: Assets/New Asssets/Plant Animations/Plant 2/Plant2_00076.png
  artifactKey: Guid(5d26caad9146d7e4fb1ec8dad7eaf1c9) Importer(2089858483,b0f066a214c2f5e87bad3c948f4d605d)
Start importing Assets/New Asssets/Plant Animations/Plant 2/Plant2_00076.png using Guid(5d26caad9146d7e4fb1ec8dad7eaf1c9) Importer(2089858483,b0f066a214c2f5e87bad3c948f4d605d) (ScriptedImporter) -> (artifact id: '21e797d3a75e463933879e25e6426d15') in 0.0195611 seconds
Number of updated asset objects reloaded before import = 0Number of asset objects unloaded after import = 5

========================================================================
Received Import Request.
  Time since last request: 0.000074 seconds.
  path: Assets/New Asssets/Plant Animations/BlueFlower2/BluePlantClosed_00048.png
  artifactKey: Guid(32450f5b87a7f2f458bc14e723eeaaef) Importer(2089858483,b0f066a214c2f5e87bad3c948f4d605d)
Start importing Assets/New Asssets/Plant Animations/BlueFlower2/BluePlantClosed_00048.png using Guid(32450f5b87a7f2f458bc14e723eeaaef) Importer(2089858483,b0f066a214c2f5e87bad3c948f4d605d) (ScriptedImporter) -> (artifact id: '44db0598bb3df6ba6eb857dadfaea434') in 0.0246151 seconds
Number of updated asset objects reloaded before import = 0Number of asset objects unloaded after import = 8

========================================================================
Received Import Request.
  Time since last request: 0.000027 seconds.
  path: Assets/New Asssets/Plant Animations/Plant 3/Plant3_00028.png
  artifactKey: Guid(48bcc933a65b05b4d86f41e3704ad788) Importer(2089858483,b0f066a214c2f5e87bad3c948f4d605d)
Start importing Assets/New Asssets/Plant Animations/Plant 3/Plant3_00028.png using Guid(48bcc933a65b05b4d86f41e3704ad788) Importer(2089858483,b0f066a214c2f5e87bad3c948f4d605d) (ScriptedImporter) -> (artifact id: 'f35fd76f9a57469ed7a9ff26cb31dc07') in 0.0173011 seconds
Number of updated asset objects reloaded before import = 0Number of asset objects unloaded after import = 4

========================================================================
Received Import Request.
  Time since last request: 0.000033 seconds.
  path: Assets/New Asssets/BlueWizard/2BlueWizardJump/Dash3/Dash3_00004.png
  artifactKey: Guid(59ee2260758afa345b1ff6d0c0aa19e2) Importer(2089858483,b0f066a214c2f5e87bad3c948f4d605d)
Start importing Assets/New Asssets/BlueWizard/2BlueWizardJump/Dash3/Dash3_00004.png using Guid(59ee2260758afa345b1ff6d0c0aa19e2) Importer(2089858483,b0f066a214c2f5e87bad3c948f4d605d) (ScriptedImporter) -> (artifact id: '482b77ac03b9785b146935a8107138fd') in 0.017541 seconds
Number of updated asset objects reloaded before import = 0Number of asset objects unloaded after import = 3

========================================================================
Received Import Request.
  Time since last request: 0.000034 seconds.
  path: Assets/New Asssets/Plant Animations/Plant 1/Plant1_00018.png
  artifactKey: Guid(8463aab75ee503342b21a012e3332f16) Importer(2089858483,b0f066a214c2f5e87bad3c948f4d605d)
Start importing Assets/New Asssets/Plant Animations/Plant 1/Plant1_00018.png using Guid(8463aab75ee503342b21a012e3332f16) Importer(2089858483,b0f066a214c2f5e87bad3c948f4d605d) (ScriptedImporter) -> (artifact id: 'c7563997808d80ccd2f6cb285189fd54') in 0.0161582 seconds
Number of updated asset objects reloaded before import = 0Number of asset objects unloaded after import = 3

========================================================================
Received Import Request.
  Time since last request: 0.000025 seconds.
  path: Assets/New Asssets/Plant Animations/Plant 1/Plant1_00012.png
  artifactKey: Guid(115d00ab9d5ef33488b65a8daac2ad5b) Importer(2089858483,b0f066a214c2f5e87bad3c948f4d605d)
Start importing Assets/New Asssets/Plant Animations/Plant 1/Plant1_00012.png using Guid(115d00ab9d5ef33488b65a8daac2ad5b) Importer(2089858483,b0f066a214c2f5e87bad3c948f4d605d) (ScriptedImporter) -> (artifact id: '00017e00c2aabcdc35b0af18d7691582') in 0.0170439 seconds
Number of updated asset objects reloaded before import = 0Number of asset objects unloaded after import = 3

========================================================================
Received Import Request.
  Time since last request: 0.000041 seconds.
  path: Assets/New Asssets/Mossy Tileset/Mossy - Decorations&Hazards.png
  artifactKey: Guid(d8e24151775fb244888f66acef9683ff) Importer(2089858483,b0f066a214c2f5e87bad3c948f4d605d)
Start importing Assets/New Asssets/Mossy Tileset/Mossy - Decorations&Hazards.png using Guid(d8e24151775fb244888f66acef9683ff) Importer(2089858483,b0f066a214c2f5e87bad3c948f4d605d) (ScriptedImporter) -> (artifact id: '34240c08809e106e7c31c4ef3217385d') in 0.0508216 seconds
Number of updated asset objects reloaded before import = 0Number of asset objects unloaded after import = 37

========================================================================
Received Import Request.
  Time since last request: 0.000027 seconds.
  path: Assets/New Asssets/Plant Animations/PlantJump/JumpPlant_00003.png
  artifactKey: Guid(c459037ddbcbb544ead2840b1f50a538) Importer(2089858483,b0f066a214c2f5e87bad3c948f4d605d)
Start importing Assets/New Asssets/Plant Animations/PlantJump/JumpPlant_00003.png using Guid(c459037ddbcbb544ead2840b1f50a538) Importer(2089858483,b0f066a214c2f5e87bad3c948f4d605d) (ScriptedImporter) -> (artifact id: 'b0d1f04b468bf6aeecb5ed5f1c53eea9') in 0.0160408 seconds
Number of updated asset objects reloaded before import = 0Number of asset objects unloaded after import = 3

========================================================================
Received Import Request.
  Time since last request: 0.000023 seconds.
  path: Assets/New Asssets/Plant Animations/Plant 1/Plant1_00074.png
  artifactKey: Guid(683bb522082c19f488e3aeea44915d45) Importer(2089858483,b0f066a214c2f5e87bad3c948f4d605d)
Start importing Assets/New Asssets/Plant Animations/Plant 1/Plant1_00074.png using Guid(683bb522082c19f488e3aeea44915d45) Importer(2089858483,b0f066a214c2f5e87bad3c948f4d605d) (ScriptedImporter) -> (artifact id: 'bd876fe22e8181918e1d62f7d4bc2a19') in 0.0174821 seconds
Number of updated asset objects reloaded before import = 0Number of asset objects unloaded after import = 3

========================================================================
Received Import Request.
  Time since last request: 0.000029 seconds.
  path: Assets/New Asssets/Plant Animations/Plant 4/Plant4_00042.png
  artifactKey: Guid(038db20361f3d944ca7d4aaa2030f783) Importer(2089858483,b0f066a214c2f5e87bad3c948f4d605d)
Start importing Assets/New Asssets/Plant Animations/Plant 4/Plant4_00042.png using Guid(038db20361f3d944ca7d4aaa2030f783) Importer(2089858483,b0f066a214c2f5e87bad3c948f4d605d) (ScriptedImporter) -> (artifact id: 'f4f6ac00bd6c3ecccf0d932a6b382f73') in 0.01625 seconds
Number of updated asset objects reloaded before import = 0Number of asset objects unloaded after import = 3

========================================================================
Received Import Request.
  Time since last request: 0.000044 seconds.
  path: Assets/New Asssets/Plant Animations/Plant 4/Plant4_00011.png
  artifactKey: Guid(6cad55e071fdcd5479fdc737f5ecb4be) Importer(2089858483,b0f066a214c2f5e87bad3c948f4d605d)
Start importing Assets/New Asssets/Plant Animations/Plant 4/Plant4_00011.png using Guid(6cad55e071fdcd5479fdc737f5ecb4be) Importer(2089858483,b0f066a214c2f5e87bad3c948f4d605d) (ScriptedImporter) -> (artifact id: 'e089bea4b7cfcb705725099902cd4a32') in 0.0176717 seconds
Number of updated asset objects reloaded before import = 0Number of asset objects unloaded after import = 3

========================================================================
Received Import Request.
  Time since last request: 0.000025 seconds.
  path: Assets/New Asssets/Plant Animations/Plant 5/Plant5_00007.png
  artifactKey: Guid(70df9c54918de064b810ee7aa29725c2) Importer(2089858483,b0f066a214c2f5e87bad3c948f4d605d)
Start importing Assets/New Asssets/Plant Animations/Plant 5/Plant5_00007.png using Guid(70df9c54918de064b810ee7aa29725c2) Importer(2089858483,b0f066a214c2f5e87bad3c948f4d605d) (ScriptedImporter) -> (artifact id: '1720cc7d201c856ccd4f427fb6e4053c') in 0.0200015 seconds
Number of updated asset objects reloaded before import = 0Number of asset objects unloaded after import = 3

========================================================================
Received Import Request.
  Time since last request: 0.000030 seconds.
  path: Assets/New Asssets/Plant Animations/Plant 4/Plant4_00027.png
  artifactKey: Guid(2ff6b761fff12694dad2f4edb48d2706) Importer(2089858483,b0f066a214c2f5e87bad3c948f4d605d)
Start importing Assets/New Asssets/Plant Animations/Plant 4/Plant4_00027.png using Guid(2ff6b761fff12694dad2f4edb48d2706) Importer(2089858483,b0f066a214c2f5e87bad3c948f4d605d) (ScriptedImporter) -> (artifact id: '281fccf1b974d79ea37026c6b44175a7') in 0.0170039 seconds
Number of updated asset objects reloaded before import = 0Number of asset objects unloaded after import = 3

========================================================================
Received Import Request.
  Time since last request: 0.000023 seconds.
  path: Assets/New Asssets/Plant Animations/Plant 4/Plant4_00017.png
  artifactKey: Guid(56c298e6e90a1c94da6183422d50f23a) Importer(2089858483,b0f066a214c2f5e87bad3c948f4d605d)
Start importing Assets/New Asssets/Plant Animations/Plant 4/Plant4_00017.png using Guid(56c298e6e90a1c94da6183422d50f23a) Importer(2089858483,b0f066a214c2f5e87bad3c948f4d605d) (ScriptedImporter) -> (artifact id: 'daf951a2c1199fd344ac685c718129da') in 0.0181735 seconds
Number of updated asset objects reloaded before import = 0Number of asset objects unloaded after import = 3

========================================================================
Received Import Request.
  Time since last request: 0.000030 seconds.
  path: Assets/New Asssets/Plant Animations/Plant 6/Plant6_00057.png
  artifactKey: Guid(4547d17147a52cc498ad18429427e876) Importer(2089858483,b0f066a214c2f5e87bad3c948f4d605d)
Start importing Assets/New Asssets/Plant Animations/Plant 6/Plant6_00057.png using Guid(4547d17147a52cc498ad18429427e876) Importer(2089858483,b0f066a214c2f5e87bad3c948f4d605d) (ScriptedImporter) -> (artifact id: '9e939b67b4b60c62cca8dd226baa9c83') in 0.0156666 seconds
Number of updated asset objects reloaded before import = 0Number of asset objects unloaded after import = 3

========================================================================
Received Import Request.
  Time since last request: 0.000040 seconds.
  path: Assets/New Asssets/Plant Animations/Plant Wind 1/Plant Wind 1_00001.png
  artifactKey: Guid(29b1459744a6d9e40b0e7c90924c24df) Importer(2089858483,b0f066a214c2f5e87bad3c948f4d605d)
Start importing Assets/New Asssets/Plant Animations/Plant Wind 1/Plant Wind 1_00001.png using Guid(29b1459744a6d9e40b0e7c90924c24df) Importer(2089858483,b0f066a214c2f5e87bad3c948f4d605d) (ScriptedImporter) -> (artifact id: '11763dbad7898f8857c85e8cf9205958') in 0.0158795 seconds
Number of updated asset objects reloaded before import = 0Number of asset objects unloaded after import = 3

========================================================================
Received Import Request.
  Time since last request: 0.000023 seconds.
  path: Assets/New Asssets/BlueWizard/2BlueWizardWalk/Chara_BlueWalk00006.png
  artifactKey: Guid(22bb8e7c35c6c95488c087ace8d38347) Importer(2089858483,b0f066a214c2f5e87bad3c948f4d605d)
Start importing Assets/New Asssets/BlueWizard/2BlueWizardWalk/Chara_BlueWalk00006.png using Guid(22bb8e7c35c6c95488c087ace8d38347) Importer(2089858483,b0f066a214c2f5e87bad3c948f4d605d) (ScriptedImporter) -> (artifact id: '243f9947f5eb00780a08974a0a39fb4e') in 0.0161187 seconds
Number of updated asset objects reloaded before import = 0Number of asset objects unloaded after import = 3

========================================================================
Received Import Request.
  Time since last request: 0.000035 seconds.
  path: Assets/New Asssets/Plant Animations/BlueFlower2/BluePlantClosed_00043.png
  artifactKey: Guid(0a7d010747e332c4ebc1e19b479df7b4) Importer(2089858483,b0f066a214c2f5e87bad3c948f4d605d)
Start importing Assets/New Asssets/Plant Animations/BlueFlower2/BluePlantClosed_00043.png using Guid(0a7d010747e332c4ebc1e19b479df7b4) Importer(2089858483,b0f066a214c2f5e87bad3c948f4d605d) (ScriptedImporter) -> (artifact id: '5288c7db9b31ffdeb8bc3f9e858faed7') in 0.0301911 seconds
Number of updated asset objects reloaded before import = 0Number of asset objects unloaded after import = 8

========================================================================
Received Import Request.
  Time since last request: 0.000046 seconds.
  path: Assets/New Asssets/Plant Animations/Plant 4/Plant4_00043.png
  artifactKey: Guid(1e13afbb2b025284cbfffaf35ee85a81) Importer(2089858483,b0f066a214c2f5e87bad3c948f4d605d)
Start importing Assets/New Asssets/Plant Animations/Plant 4/Plant4_00043.png using Guid(1e13afbb2b025284cbfffaf35ee85a81) Importer(2089858483,b0f066a214c2f5e87bad3c948f4d605d) (ScriptedImporter) -> (artifact id: 'a1ed1f47197c01d95ff4a43ceb23b076') in 0.0215138 seconds
Number of updated asset objects reloaded before import = 0Number of asset objects unloaded after import = 3

========================================================================
Received Import Request.
  Time since last request: 0.000029 seconds.
  path: Assets/New Asssets/Plant Animations/Plant 3/Plant3_00012.png
  artifactKey: Guid(2813b09ceb4bfff4fb864a100fda0eef) Importer(2089858483,b0f066a214c2f5e87bad3c948f4d605d)
Start importing Assets/New Asssets/Plant Animations/Plant 3/Plant3_00012.png using Guid(2813b09ceb4bfff4fb864a100fda0eef) Importer(2089858483,b0f066a214c2f5e87bad3c948f4d605d) (ScriptedImporter) -> (artifact id: 'b8222db70eab49f3573c63e0157b9ae2') in 0.0193531 seconds
Number of updated asset objects reloaded before import = 0Number of asset objects unloaded after import = 4

========================================================================
Received Import Request.
  Time since last request: 0.000036 seconds.
  path: Assets/New Asssets/Plant Animations/Plant 1/Plant1_00089.png
  artifactKey: Guid(c3665497b717b4a4380afb6f1d0cc8eb) Importer(2089858483,b0f066a214c2f5e87bad3c948f4d605d)
Start importing Assets/New Asssets/Plant Animations/Plant 1/Plant1_00089.png using Guid(c3665497b717b4a4380afb6f1d0cc8eb) Importer(2089858483,b0f066a214c2f5e87bad3c948f4d605d) (ScriptedImporter) -> (artifact id: '4bdb7ec65d169a91fc3bd60fab689e4c') in 0.0182952 seconds
Number of updated asset objects reloaded before import = 0Number of asset objects unloaded after import = 3

========================================================================
Received Import Request.
  Time since last request: 0.000032 seconds.
  path: Assets/New Asssets/Plant Animations/Plant Wind 1/Plant Wind 1_00017.png
  artifactKey: Guid(b9f875defafaa51418919f7b30f6e965) Importer(2089858483,b0f066a214c2f5e87bad3c948f4d605d)
Start importing Assets/New Asssets/Plant Animations/Plant Wind 1/Plant Wind 1_00017.png using Guid(b9f875defafaa51418919f7b30f6e965) Importer(2089858483,b0f066a214c2f5e87bad3c948f4d605d) (ScriptedImporter) -> (artifact id: '50e90276374542507843419f5a7603fe') in 0.0171057 seconds
Number of updated asset objects reloaded before import = 0Number of asset objects unloaded after import = 3

========================================================================
Received Import Request.
  Time since last request: 0.000031 seconds.
  path: Assets/New Asssets/Plant Animations/Plant 3/Plant3_00017.png
  artifactKey: Guid(898298048f37d6d4d94807764fbe0a31) Importer(2089858483,b0f066a214c2f5e87bad3c948f4d605d)
Start importing Assets/New Asssets/Plant Animations/Plant 3/Plant3_00017.png using Guid(898298048f37d6d4d94807764fbe0a31) Importer(2089858483,b0f066a214c2f5e87bad3c948f4d605d) (ScriptedImporter) -> (artifact id: 'f80ab6f767eac19519e46919acd491a9') in 0.0210229 seconds
Number of updated asset objects reloaded before import = 0Number of asset objects unloaded after import = 4

========================================================================
Received Import Request.
  Time since last request: 0.000020 seconds.
  path: Assets/New Asssets/Plant Animations/Plant 2/Plant2_00080.png
  artifactKey: Guid(551c99f227cf17441a133936f5caa899) Importer(2089858483,b0f066a214c2f5e87bad3c948f4d605d)
Start importing Assets/New Asssets/Plant Animations/Plant 2/Plant2_00080.png using Guid(551c99f227cf17441a133936f5caa899) Importer(2089858483,b0f066a214c2f5e87bad3c948f4d605d) (ScriptedImporter) -> (artifact id: '4c55b6595d839a7406b64b06732adbff') in 0.0200719 seconds
Number of updated asset objects reloaded before import = 0Number of asset objects unloaded after import = 5

========================================================================
Received Import Request.
  Time since last request: 0.000024 seconds.
  path: Assets/New Asssets/Plant Animations/BlueFlower2/BluePlantClosed_00045.png
  artifactKey: Guid(d8706b992811ea14a814b07041fe2f0d) Importer(2089858483,b0f066a214c2f5e87bad3c948f4d605d)
Start importing Assets/New Asssets/Plant Animations/BlueFlower2/BluePlantClosed_00045.png using Guid(d8706b992811ea14a814b07041fe2f0d) Importer(2089858483,b0f066a214c2f5e87bad3c948f4d605d) (ScriptedImporter) -> (artifact id: 'e8acb087df6299e42fd39e3abd00cfa8') in 0.0246839 seconds
Number of updated asset objects reloaded before import = 0Number of asset objects unloaded after import = 8

========================================================================
Received Import Request.
  Time since last request: 0.000036 seconds.
  path: Assets/New Asssets/Plant Animations/Plant 5/Plant5_00013.png
  artifactKey: Guid(0f505e7ba389c5744a26cee13f677818) Importer(2089858483,b0f066a214c2f5e87bad3c948f4d605d)
Start importing Assets/New Asssets/Plant Animations/Plant 5/Plant5_00013.png using Guid(0f505e7ba389c5744a26cee13f677818) Importer(2089858483,b0f066a214c2f5e87bad3c948f4d605d) (ScriptedImporter) -> (artifact id: '1d93b10497b9730743af6640ec4b9295') in 0.0177607 seconds
Number of updated asset objects reloaded before import = 0Number of asset objects unloaded after import = 3

========================================================================
Received Import Request.
  Time since last request: 0.000029 seconds.
  path: Assets/New Asssets/Plant Animations/Plant 7/Plant7_00044.png
  artifactKey: Guid(b9647d39448af3b4397ba69017fde134) Importer(2089858483,b0f066a214c2f5e87bad3c948f4d605d)
Start importing Assets/New Asssets/Plant Animations/Plant 7/Plant7_00044.png using Guid(b9647d39448af3b4397ba69017fde134) Importer(2089858483,b0f066a214c2f5e87bad3c948f4d605d) (ScriptedImporter) -> (artifact id: '433b69c5ba6c67a91e79587477494303') in 0.0195725 seconds
Number of updated asset objects reloaded before import = 0Number of asset objects unloaded after import = 3

========================================================================
Received Import Request.
  Time since last request: 0.000026 seconds.
  path: Assets/New Asssets/Plant Animations/Plant 5/Plant5_00025.png
  artifactKey: Guid(5e30ec3d19a451a44b0888aaf60d81ad) Importer(2089858483,b0f066a214c2f5e87bad3c948f4d605d)
Start importing Assets/New Asssets/Plant Animations/Plant 5/Plant5_00025.png using Guid(5e30ec3d19a451a44b0888aaf60d81ad) Importer(2089858483,b0f066a214c2f5e87bad3c948f4d605d) (ScriptedImporter) -> (artifact id: '88668be4def1e981cdba06dbaf334635') in 0.0176341 seconds
Number of updated asset objects reloaded before import = 0Number of asset objects unloaded after import = 3

========================================================================
Received Import Request.
  Time since last request: 0.000047 seconds.
  path: Assets/New Asssets/Plant Animations/BlueFlower1/BlueFlower_00003.png
  artifactKey: Guid(5ee361aad4b3fa745aa8d9ef33de30c0) Importer(2089858483,b0f066a214c2f5e87bad3c948f4d605d)
Start importing Assets/New Asssets/Plant Animations/BlueFlower1/BlueFlower_00003.png using Guid(5ee361aad4b3fa745aa8d9ef33de30c0) Importer(2089858483,b0f066a214c2f5e87bad3c948f4d605d) (ScriptedImporter) -> (artifact id: '4213e4f7670356521f890a078693a784') in 0.0185249 seconds
Number of updated asset objects reloaded before import = 0Number of asset objects unloaded after import = 3

========================================================================
Received Import Request.
  Time since last request: 0.000026 seconds.
  path: Assets/New Asssets/Plant Animations/Plant 3/Plant3_00061.png
  artifactKey: Guid(bf562659675c3934fb31587b6fe95406) Importer(2089858483,b0f066a214c2f5e87bad3c948f4d605d)
Start importing Assets/New Asssets/Plant Animations/Plant 3/Plant3_00061.png using Guid(bf562659675c3934fb31587b6fe95406) Importer(2089858483,b0f066a214c2f5e87bad3c948f4d605d) (ScriptedImporter) -> (artifact id: '908b3c1846cbc0db23daab6e8d056ab1') in 0.0206473 seconds
Number of updated asset objects reloaded before import = 0Number of asset objects unloaded after import = 4

========================================================================
Received Import Request.
  Time since last request: 0.000032 seconds.
  path: Assets/New Asssets/Plant Animations/PlantJump/JumpPlant_00018.png
  artifactKey: Guid(ba84da96d45dde848bcc5455dea52fb5) Importer(2089858483,b0f066a214c2f5e87bad3c948f4d605d)
Start importing Assets/New Asssets/Plant Animations/PlantJump/JumpPlant_00018.png using Guid(ba84da96d45dde848bcc5455dea52fb5) Importer(2089858483,b0f066a214c2f5e87bad3c948f4d605d) (ScriptedImporter) -> (artifact id: '7625e8cf4df4e7b7d805c22783b6894e') in 0.0163716 seconds
Number of updated asset objects reloaded before import = 0Number of asset objects unloaded after import = 3

========================================================================
Received Import Request.
  Time since last request: 0.000023 seconds.
  path: Assets/New Asssets/Plant Animations/Plant 1/Plant1_00038.png
  artifactKey: Guid(c90aa8bb53b54074bb897cfa840c2592) Importer(2089858483,b0f066a214c2f5e87bad3c948f4d605d)
Start importing Assets/New Asssets/Plant Animations/Plant 1/Plant1_00038.png using Guid(c90aa8bb53b54074bb897cfa840c2592) Importer(2089858483,b0f066a214c2f5e87bad3c948f4d605d) (ScriptedImporter) -> (artifact id: '7173cc8fd28541058252f940a587d455') in 0.0172317 seconds
Number of updated asset objects reloaded before import = 0Number of asset objects unloaded after import = 3

========================================================================
Received Import Request.
  Time since last request: 0.000029 seconds.
  path: Assets/New Asssets/Plant Animations/Plant 8 Poison/PlantPosion_00026.png
  artifactKey: Guid(4141285a9f70b8943a71b47a7d2c25d5) Importer(2089858483,b0f066a214c2f5e87bad3c948f4d605d)
Start importing Assets/New Asssets/Plant Animations/Plant 8 Poison/PlantPosion_00026.png using Guid(4141285a9f70b8943a71b47a7d2c25d5) Importer(2089858483,b0f066a214c2f5e87bad3c948f4d605d) (ScriptedImporter) -> (artifact id: '8ea0d128dbbabd0bf793a5197180125d') in 0.0163049 seconds
Number of updated asset objects reloaded before import = 0Number of asset objects unloaded after import = 3

========================================================================
Received Import Request.
  Time since last request: 0.000022 seconds.
  path: Assets/New Asssets/Plant Animations/Plant 7/Plant7_00047.png
  artifactKey: Guid(40dcdc5faed9bb04fb3fcdff94d5d075) Importer(2089858483,b0f066a214c2f5e87bad3c948f4d605d)
Start importing Assets/New Asssets/Plant Animations/Plant 7/Plant7_00047.png using Guid(40dcdc5faed9bb04fb3fcdff94d5d075) Importer(2089858483,b0f066a214c2f5e87bad3c948f4d605d) (ScriptedImporter) -> (artifact id: '861afea15caf82232c52f01c687d5f8e') in 0.0151923 seconds
Number of updated asset objects reloaded before import = 0Number of asset objects unloaded after import = 3

========================================================================
Received Import Request.
  Time since last request: 0.000023 seconds.
  path: Assets/New Asssets/BlueWizard/2BlueWizardIdle/Chara - BlueIdle00015.png
  artifactKey: Guid(e648dadac27ba354a88f63704d34dfbd) Importer(2089858483,b0f066a214c2f5e87bad3c948f4d605d)
Start importing Assets/New Asssets/BlueWizard/2BlueWizardIdle/Chara - BlueIdle00015.png using Guid(e648dadac27ba354a88f63704d34dfbd) Importer(2089858483,b0f066a214c2f5e87bad3c948f4d605d) (ScriptedImporter) -> (artifact id: '79eb6923ad979be23fe766a0d26e5e26') in 0.0162605 seconds
Number of updated asset objects reloaded before import = 0Number of asset objects unloaded after import = 3

========================================================================
Received Import Request.
  Time since last request: 0.000039 seconds.
  path: Assets/New Asssets/Plant Animations/Plant 2/Plant2_00013.png
  artifactKey: Guid(d1b62c306ea67214f9c5876234001226) Importer(2089858483,b0f066a214c2f5e87bad3c948f4d605d)
Start importing Assets/New Asssets/Plant Animations/Plant 2/Plant2_00013.png using Guid(d1b62c306ea67214f9c5876234001226) Importer(2089858483,b0f066a214c2f5e87bad3c948f4d605d) (ScriptedImporter) -> (artifact id: 'd751e897ae9fb8ea5232398bcdf8dd58') in 0.0172654 seconds
Number of updated asset objects reloaded before import = 0Number of asset objects unloaded after import = 5

========================================================================
Received Import Request.
  Time since last request: 0.000031 seconds.
  path: Assets/New Asssets/Plant Animations/Plant 7/Plant7_00003.png
  artifactKey: Guid(3b877efe385494a4bb05aef69a1fe87f) Importer(2089858483,b0f066a214c2f5e87bad3c948f4d605d)
Start importing Assets/New Asssets/Plant Animations/Plant 7/Plant7_00003.png using Guid(3b877efe385494a4bb05aef69a1fe87f) Importer(2089858483,b0f066a214c2f5e87bad3c948f4d605d) (ScriptedImporter) -> (artifact id: '8a43195049da52a3caa7cfa2db71ccd6') in 0.0171677 seconds
Number of updated asset objects reloaded before import = 0Number of asset objects unloaded after import = 3

========================================================================
Received Import Request.
  Time since last request: 0.000029 seconds.
  path: Assets/New Asssets/Plant Animations/Plant 8 Poison/PlantPosion_00007.png
  artifactKey: Guid(5f5314f28e494ea498eb945f17c0b207) Importer(2089858483,b0f066a214c2f5e87bad3c948f4d605d)
Start importing Assets/New Asssets/Plant Animations/Plant 8 Poison/PlantPosion_00007.png using Guid(5f5314f28e494ea498eb945f17c0b207) Importer(2089858483,b0f066a214c2f5e87bad3c948f4d605d) (ScriptedImporter) -> (artifact id: '9643a9047939fbedcfa445bd2ccd8884') in 0.0172773 seconds
Number of updated asset objects reloaded before import = 0Number of asset objects unloaded after import = 3

========================================================================
Received Import Request.
  Time since last request: 0.000031 seconds.
  path: Assets/New Asssets/Plant Animations/BlueFlower1/BlueFlower_00037.png
  artifactKey: Guid(ae2f19b603b6813479184d77842b2a3c) Importer(2089858483,b0f066a214c2f5e87bad3c948f4d605d)
Start importing Assets/New Asssets/Plant Animations/BlueFlower1/BlueFlower_00037.png using Guid(ae2f19b603b6813479184d77842b2a3c) Importer(2089858483,b0f066a214c2f5e87bad3c948f4d605d) (ScriptedImporter) -> (artifact id: '3286c05f74505565430f4f161cafd52c') in 0.016441 seconds
Number of updated asset objects reloaded before import = 0Number of asset objects unloaded after import = 3

========================================================================
Received Import Request.
  Time since last request: 0.000026 seconds.
  path: Assets/New Asssets/BlueWizard/2BlueWizardJump/CharaWizardJump_00001.png
  artifactKey: Guid(6694418bde790a2498c48e3a9d201eba) Importer(2089858483,b0f066a214c2f5e87bad3c948f4d605d)
Start importing Assets/New Asssets/BlueWizard/2BlueWizardJump/CharaWizardJump_00001.png using Guid(6694418bde790a2498c48e3a9d201eba) Importer(2089858483,b0f066a214c2f5e87bad3c948f4d605d) (ScriptedImporter) -> (artifact id: 'd9d2ab7d5212bc07d18fd5a6b8cf0faf') in 0.015661 seconds
Number of updated asset objects reloaded before import = 0Number of asset objects unloaded after import = 3

========================================================================
Received Import Request.
  Time since last request: 0.000051 seconds.
  path: Assets/New Asssets/Plant Animations/Plant 1/Plant1_00014.png
  artifactKey: Guid(45bfade7c7d1518468d9bc9d8f3ce9d8) Importer(2089858483,b0f066a214c2f5e87bad3c948f4d605d)
Start importing Assets/New Asssets/Plant Animations/Plant 1/Plant1_00014.png using Guid(45bfade7c7d1518468d9bc9d8f3ce9d8) Importer(2089858483,b0f066a214c2f5e87bad3c948f4d605d) (ScriptedImporter) -> (artifact id: '654f525bdfc2c0dae5caf5457b07d600') in 0.0166995 seconds
Number of updated asset objects reloaded before import = 0Number of asset objects unloaded after import = 3

========================================================================
Received Import Request.
  Time since last request: 0.000033 seconds.
  path: Assets/New Asssets/Plant Animations/Plant 6/Plant6_00038.png
  artifactKey: Guid(e01fcbb7a6b89b44ebacd769f874352d) Importer(2089858483,b0f066a214c2f5e87bad3c948f4d605d)
Start importing Assets/New Asssets/Plant Animations/Plant 6/Plant6_00038.png using Guid(e01fcbb7a6b89b44ebacd769f874352d) Importer(2089858483,b0f066a214c2f5e87bad3c948f4d605d) (ScriptedImporter) -> (artifact id: 'd9cfc372fd70452fc5c355525eead57c') in 0.0183668 seconds
Number of updated asset objects reloaded before import = 0Number of asset objects unloaded after import = 3

========================================================================
Received Import Request.
  Time since last request: 0.000034 seconds.
  path: Assets/New Asssets/BlueWizard/2BlueWizardIdle/Chara - BlueIdle00007.png
  artifactKey: Guid(4318e55b556abb1478ff90ef0dd81624) Importer(2089858483,b0f066a214c2f5e87bad3c948f4d605d)
Start importing Assets/New Asssets/BlueWizard/2BlueWizardIdle/Chara - BlueIdle00007.png using Guid(4318e55b556abb1478ff90ef0dd81624) Importer(2089858483,b0f066a214c2f5e87bad3c948f4d605d) (ScriptedImporter) -> (artifact id: '9891ca9504b9a95c39f18ee0afb804ed') in 0.0150336 seconds
Number of updated asset objects reloaded before import = 0Number of asset objects unloaded after import = 3

========================================================================
Received Import Request.
  Time since last request: 0.000033 seconds.
  path: Assets/New Asssets/Plant Animations/Plant 7/Plant7_00035.png
  artifactKey: Guid(165c792c73cc68747be808e630eb31fa) Importer(2089858483,b0f066a214c2f5e87bad3c948f4d605d)
Start importing Assets/New Asssets/Plant Animations/Plant 7/Plant7_00035.png using Guid(165c792c73cc68747be808e630eb31fa) Importer(2089858483,b0f066a214c2f5e87bad3c948f4d605d) (ScriptedImporter) -> (artifact id: 'f38b3c02fb7f775f8a30524eab52165e') in 0.0202824 seconds
Number of updated asset objects reloaded before import = 0Number of asset objects unloaded after import = 3

========================================================================
Received Import Request.
  Time since last request: 0.000038 seconds.
  path: Assets/New Asssets/Plant Animations/Plant 1/Plant1_00081.png
  artifactKey: Guid(9903d829b66255a46aba9f44c4b5950b) Importer(2089858483,b0f066a214c2f5e87bad3c948f4d605d)
Start importing Assets/New Asssets/Plant Animations/Plant 1/Plant1_00081.png using Guid(9903d829b66255a46aba9f44c4b5950b) Importer(2089858483,b0f066a214c2f5e87bad3c948f4d605d) (ScriptedImporter) -> (artifact id: '56592323922df261c2aa09255c41e284') in 0.0184247 seconds
Number of updated asset objects reloaded before import = 0Number of asset objects unloaded after import = 3

========================================================================
Received Import Request.
  Time since last request: 0.000041 seconds.
  path: Assets/New Asssets/BlueWizard/2BlueWizardJump/DashEffect/BlueWizardDash_00008.png
  artifactKey: Guid(26c3e8832b924744a9c32f49e1d72786) Importer(2089858483,b0f066a214c2f5e87bad3c948f4d605d)
Start importing Assets/New Asssets/BlueWizard/2BlueWizardJump/DashEffect/BlueWizardDash_00008.png using Guid(26c3e8832b924744a9c32f49e1d72786) Importer(2089858483,b0f066a214c2f5e87bad3c948f4d605d) (ScriptedImporter) -> (artifact id: 'd3bc89df3d63d03bc97ce48d320706f0') in 0.0202962 seconds
Number of updated asset objects reloaded before import = 0Number of asset objects unloaded after import = 3

========================================================================
Received Import Request.
  Time since last request: 0.000024 seconds.
  path: Assets/New Asssets/Plant Animations/Plant 8 Poison/PlantPosion_00004.png
  artifactKey: Guid(823d46f748512e34c8d0e79aa2708638) Importer(2089858483,b0f066a214c2f5e87bad3c948f4d605d)
Start importing Assets/New Asssets/Plant Animations/Plant 8 Poison/PlantPosion_00004.png using Guid(823d46f748512e34c8d0e79aa2708638) Importer(2089858483,b0f066a214c2f5e87bad3c948f4d605d) (ScriptedImporter) -> (artifact id: 'a11095d5fd7eff152b214eb4ec671c8a') in 0.0194819 seconds
Number of updated asset objects reloaded before import = 0Number of asset objects unloaded after import = 3

========================================================================
Received Import Request.
  Time since last request: 0.000028 seconds.
  path: Assets/New Asssets/BlueWizard/2BlueWizardJump/CharaWizardJump_00005.png
  artifactKey: Guid(a08ab654229fcc24a9f7ad942fa508a3) Importer(2089858483,b0f066a214c2f5e87bad3c948f4d605d)
Start importing Assets/New Asssets/BlueWizard/2BlueWizardJump/CharaWizardJump_00005.png using Guid(a08ab654229fcc24a9f7ad942fa508a3) Importer(2089858483,b0f066a214c2f5e87bad3c948f4d605d) (ScriptedImporter) -> (artifact id: 'f1afb61b2249aa624ba3944865a4967a') in 0.0169962 seconds
Number of updated asset objects reloaded before import = 0Number of asset objects unloaded after import = 3

========================================================================
Received Import Request.
  Time since last request: 0.000030 seconds.
  path: Assets/New Asssets/BlueWizard/2BlueWizardJump/Dash2/DashBlue_00007.png
  artifactKey: Guid(038fe7615b5966d4585ce2bb555f3775) Importer(2089858483,b0f066a214c2f5e87bad3c948f4d605d)
Start importing Assets/New Asssets/BlueWizard/2BlueWizardJump/Dash2/DashBlue_00007.png using Guid(038fe7615b5966d4585ce2bb555f3775) Importer(2089858483,b0f066a214c2f5e87bad3c948f4d605d) (ScriptedImporter) -> (artifact id: '7293c9ec736d52dc51cdda0fb74e7e62') in 0.016445 seconds
Number of updated asset objects reloaded before import = 0Number of asset objects unloaded after import = 3

========================================================================
Received Import Request.
  Time since last request: 0.000030 seconds.
  path: Assets/New Asssets/Plant Animations/Plant 3/Plant3_00051.png
  artifactKey: Guid(dbf9b2eecbae1394393f3253b2be0829) Importer(2089858483,b0f066a214c2f5e87bad3c948f4d605d)
Start importing Assets/New Asssets/Plant Animations/Plant 3/Plant3_00051.png using Guid(dbf9b2eecbae1394393f3253b2be0829) Importer(2089858483,b0f066a214c2f5e87bad3c948f4d605d) (ScriptedImporter) -> (artifact id: '725cbfc4095fb2fbc90eeb07b48e13fa') in 0.0198087 seconds
Number of updated asset objects reloaded before import = 0Number of asset objects unloaded after import = 4

========================================================================
Received Import Request.
  Time since last request: 0.000031 seconds.
  path: Assets/New Asssets/Plant Animations/BlueFlower1/BlueFlower_00020.png
  artifactKey: Guid(69f57944d68911c43958e46cfd3ab871) Importer(2089858483,b0f066a214c2f5e87bad3c948f4d605d)
Start importing Assets/New Asssets/Plant Animations/BlueFlower1/BlueFlower_00020.png using Guid(69f57944d68911c43958e46cfd3ab871) Importer(2089858483,b0f066a214c2f5e87bad3c948f4d605d) (ScriptedImporter) -> (artifact id: 'c4e73415163cc7b9252dd1421a6cc7d8') in 0.0205192 seconds
Number of updated asset objects reloaded before import = 0Number of asset objects unloaded after import = 3

========================================================================
Received Import Request.
  Time since last request: 0.000023 seconds.
  path: Assets/New Asssets/Plant Animations/Plant 3/Plant3_00047.png
  artifactKey: Guid(2084f76cce84c924f86303e6c41167ad) Importer(2089858483,b0f066a214c2f5e87bad3c948f4d605d)
Start importing Assets/New Asssets/Plant Animations/Plant 3/Plant3_00047.png using Guid(2084f76cce84c924f86303e6c41167ad) Importer(2089858483,b0f066a214c2f5e87bad3c948f4d605d) (ScriptedImporter) -> (artifact id: 'c00a0aa1cfe3291535672f3ee3c95e76') in 0.0178423 seconds
Number of updated asset objects reloaded before import = 0Number of asset objects unloaded after import = 4

========================================================================
Received Import Request.
  Time since last request: 0.000024 seconds.
  path: Assets/New Asssets/BlueWizard/2BlueWizardIdle/Chara - BlueIdle00005.png
  artifactKey: Guid(72005f76df9c217429809fd53ff06729) Importer(2089858483,b0f066a214c2f5e87bad3c948f4d605d)
Start importing Assets/New Asssets/BlueWizard/2BlueWizardIdle/Chara - BlueIdle00005.png using Guid(72005f76df9c217429809fd53ff06729) Importer(2089858483,b0f066a214c2f5e87bad3c948f4d605d) (ScriptedImporter) -> (artifact id: '808c36c7c686310811c3ec9bcd80c3f0') in 0.0155576 seconds
Number of updated asset objects reloaded before import = 0Number of asset objects unloaded after import = 3

========================================================================
Received Import Request.
  Time since last request: 0.000037 seconds.
  path: Assets/New Asssets/Plant Animations/Plant 3/Plant3_00084.png
  artifactKey: Guid(7a1959246a44c2b4d8a7c5a2e108e73d) Importer(2089858483,b0f066a214c2f5e87bad3c948f4d605d)
Start importing Assets/New Asssets/Plant Animations/Plant 3/Plant3_00084.png using Guid(7a1959246a44c2b4d8a7c5a2e108e73d) Importer(2089858483,b0f066a214c2f5e87bad3c948f4d605d) (ScriptedImporter) -> (artifact id: '10cf029372f49e2e1f977e3b4acd6a1a') in 0.0174378 seconds
Number of updated asset objects reloaded before import = 0Number of asset objects unloaded after import = 4

========================================================================
Received Import Request.
  Time since last request: 0.000047 seconds.
  path: Assets/New Asssets/Plant Animations/Plant 8 Poison/PlantPosion_00022.png
  artifactKey: Guid(c622e907adb75104898f94e0152a7242) Importer(2089858483,b0f066a214c2f5e87bad3c948f4d605d)
Start importing Assets/New Asssets/Plant Animations/Plant 8 Poison/PlantPosion_00022.png using Guid(c622e907adb75104898f94e0152a7242) Importer(2089858483,b0f066a214c2f5e87bad3c948f4d605d) (ScriptedImporter) -> (artifact id: '1055a751e0d73993fafa12fb303fa2e1') in 0.0190451 seconds
Number of updated asset objects reloaded before import = 0Number of asset objects unloaded after import = 3

========================================================================
Received Import Request.
  Time since last request: 0.000044 seconds.
  path: Assets/New Asssets/Plant Animations/Plant 5/Plant5_00037.png
  artifactKey: Guid(f0a9b750f709c144794e749b544fe91f) Importer(2089858483,b0f066a214c2f5e87bad3c948f4d605d)
Start importing Assets/New Asssets/Plant Animations/Plant 5/Plant5_00037.png using Guid(f0a9b750f709c144794e749b544fe91f) Importer(2089858483,b0f066a214c2f5e87bad3c948f4d605d) (ScriptedImporter) -> (artifact id: '8a8939c9c569ffe295237fcfb9ac785d') in 0.0194767 seconds
Number of updated asset objects reloaded before import = 0Number of asset objects unloaded after import = 3

========================================================================
Received Import Request.
  Time since last request: 0.000035 seconds.
  path: Assets/New Asssets/Plant Animations/Plant Wind 1/Plant Wind 1_00005.png
  artifactKey: Guid(e22b6d5e5592af243906e84fa884fbe4) Importer(2089858483,b0f066a214c2f5e87bad3c948f4d605d)
Start importing Assets/New Asssets/Plant Animations/Plant Wind 1/Plant Wind 1_00005.png using Guid(e22b6d5e5592af243906e84fa884fbe4) Importer(2089858483,b0f066a214c2f5e87bad3c948f4d605d) (ScriptedImporter) -> (artifact id: 'd5b4565414902bab5336a9e20b29a22f') in 0.0194256 seconds
Number of updated asset objects reloaded before import = 0Number of asset objects unloaded after import = 3

========================================================================
Received Import Request.
  Time since last request: 0.000033 seconds.
  path: Assets/New Asssets/Plant Animations/BlueFlower1/BlueFlower_00009.png
  artifactKey: Guid(688924bd6f764ba48963a60a1f544b35) Importer(2089858483,b0f066a214c2f5e87bad3c948f4d605d)
Start importing Assets/New Asssets/Plant Animations/BlueFlower1/BlueFlower_00009.png using Guid(688924bd6f764ba48963a60a1f544b35) Importer(2089858483,b0f066a214c2f5e87bad3c948f4d605d) (ScriptedImporter) -> (artifact id: 'ccbc27ac90a0be1dd0dee19bae260a35') in 0.0163682 seconds
Number of updated asset objects reloaded before import = 0Number of asset objects unloaded after import = 3

========================================================================
Received Import Request.
  Time since last request: 0.000022 seconds.
  path: Assets/New Asssets/Plant Animations/Plant Wind 1/Plant Wind 1_00003.png
  artifactKey: Guid(40cb80113750b8a4884af0b1bd3e380c) Importer(2089858483,b0f066a214c2f5e87bad3c948f4d605d)
Start importing Assets/New Asssets/Plant Animations/Plant Wind 1/Plant Wind 1_00003.png using Guid(40cb80113750b8a4884af0b1bd3e380c) Importer(2089858483,b0f066a214c2f5e87bad3c948f4d605d) (ScriptedImporter) -> (artifact id: 'a23eed5d0af6cea38a7b3bdbd54d7a7b') in 0.0192713 seconds
Number of updated asset objects reloaded before import = 0Number of asset objects unloaded after import = 3

========================================================================
Received Import Request.
  Time since last request: 0.000033 seconds.
  path: Assets/New Asssets/BlueWizard/2BlueWizardJump/Dash3/Dash3_00009.png
  artifactKey: Guid(bc1bd0f974cedb140a8e5a73860eb1bf) Importer(2089858483,b0f066a214c2f5e87bad3c948f4d605d)
Start importing Assets/New Asssets/BlueWizard/2BlueWizardJump/Dash3/Dash3_00009.png using Guid(bc1bd0f974cedb140a8e5a73860eb1bf) Importer(2089858483,b0f066a214c2f5e87bad3c948f4d605d) (ScriptedImporter) -> (artifact id: '84421252e0fcacc0c05836cd93f42d2b') in 0.0205398 seconds
Number of updated asset objects reloaded before import = 0Number of asset objects unloaded after import = 3

========================================================================
Received Import Request.
  Time since last request: 0.000038 seconds.
  path: Assets/New Asssets/Plant Animations/PlantJump/JumpPlant_00007.png
  artifactKey: Guid(609afba08f2142b48b9e1c6ceff3a964) Importer(2089858483,b0f066a214c2f5e87bad3c948f4d605d)
Start importing Assets/New Asssets/Plant Animations/PlantJump/JumpPlant_00007.png using Guid(609afba08f2142b48b9e1c6ceff3a964) Importer(2089858483,b0f066a214c2f5e87bad3c948f4d605d) (ScriptedImporter) -> (artifact id: '5a944acc68033aae2408d4dbbf83a69b') in 0.0168393 seconds
Number of updated asset objects reloaded before import = 0Number of asset objects unloaded after import = 3

========================================================================
Received Import Request.
  Time since last request: 0.000033 seconds.
  path: Assets/New Asssets/Mossy Tileset/Mossy - TileSet.png
  artifactKey: Guid(30c71cf26c348d54a8900e1658e10428) Importer(2089858483,b0f066a214c2f5e87bad3c948f4d605d)
Start importing Assets/New Asssets/Mossy Tileset/Mossy - TileSet.png using Guid(30c71cf26c348d54a8900e1658e10428) Importer(2089858483,b0f066a214c2f5e87bad3c948f4d605d) (ScriptedImporter) -> (artifact id: '860545c267a32503ac5b5d1948f2b195') in 0.0278916 seconds
Number of updated asset objects reloaded before import = 0Number of asset objects unloaded after import = 10

========================================================================
Received Import Request.
  Time since last request: 0.000028 seconds.
  path: Assets/New Asssets/Plant Animations/Plant 7/Plant7_00023.png
  artifactKey: Guid(df68be2fa08911448858eb33e8a3baa7) Importer(2089858483,b0f066a214c2f5e87bad3c948f4d605d)
Start importing Assets/New Asssets/Plant Animations/Plant 7/Plant7_00023.png using Guid(df68be2fa08911448858eb33e8a3baa7) Importer(2089858483,b0f066a214c2f5e87bad3c948f4d605d) (ScriptedImporter) -> (artifact id: 'bd0ac640fbdebeb6cbbfd0759bbc9517') in 0.0217448 seconds
Number of updated asset objects reloaded before import = 0Number of asset objects unloaded after import = 3

========================================================================
Received Import Request.
  Time since last request: 0.000023 seconds.
  path: Assets/New Asssets/Plant Animations/BlueFlower2/BluePlantClosed_00058.png
  artifactKey: Guid(120ce766de69caa429a908fc5d0b46b5) Importer(2089858483,b0f066a214c2f5e87bad3c948f4d605d)
Start importing Assets/New Asssets/Plant Animations/BlueFlower2/BluePlantClosed_00058.png using Guid(120ce766de69caa429a908fc5d0b46b5) Importer(2089858483,b0f066a214c2f5e87bad3c948f4d605d) (ScriptedImporter) -> (artifact id: 'e8ab1006b5d7ccd8a292b57fb2f4176b') in 0.0241196 seconds
Number of updated asset objects reloaded before import = 0Number of asset objects unloaded after import = 9

========================================================================
Received Import Request.
  Time since last request: 0.000036 seconds.
  path: Assets/New Asssets/Plant Animations/Plant 2/Plant2_00057.png
  artifactKey: Guid(e89aedab983c4274eb2a3f014d2c4fda) Importer(2089858483,b0f066a214c2f5e87bad3c948f4d605d)
Start importing Assets/New Asssets/Plant Animations/Plant 2/Plant2_00057.png using Guid(e89aedab983c4274eb2a3f014d2c4fda) Importer(2089858483,b0f066a214c2f5e87bad3c948f4d605d) (ScriptedImporter) -> (artifact id: 'fa49b4cf68a54ec9ff122ca332b746ab') in 0.0176815 seconds
Number of updated asset objects reloaded before import = 0Number of asset objects unloaded after import = 5

========================================================================
Received Import Request.
  Time since last request: 0.000024 seconds.
  path: Assets/New Asssets/Plant Animations/Plant 7/Plant7_00008.png
  artifactKey: Guid(3d17ce1c893d9254488bc7180384bf40) Importer(2089858483,b0f066a214c2f5e87bad3c948f4d605d)
Start importing Assets/New Asssets/Plant Animations/Plant 7/Plant7_00008.png using Guid(3d17ce1c893d9254488bc7180384bf40) Importer(2089858483,b0f066a214c2f5e87bad3c948f4d605d) (ScriptedImporter) -> (artifact id: '0a8282491190bfb02431e3f3e8f384a0') in 0.0160297 seconds
Number of updated asset objects reloaded before import = 0Number of asset objects unloaded after import = 3

========================================================================
Received Import Request.
  Time since last request: 0.000023 seconds.
  path: Assets/New Asssets/Plant Animations/Plant 7/Plant7_00027.png
  artifactKey: Guid(050e0de53281cbe4fa12c270c2bb38a9) Importer(2089858483,b0f066a214c2f5e87bad3c948f4d605d)
Start importing Assets/New Asssets/Plant Animations/Plant 7/Plant7_00027.png using Guid(050e0de53281cbe4fa12c270c2bb38a9) Importer(2089858483,b0f066a214c2f5e87bad3c948f4d605d) (ScriptedImporter) -> (artifact id: 'b7579d07b6e84d2901a93bf6e6ddd206') in 0.0164842 seconds
Number of updated asset objects reloaded before import = 0Number of asset objects unloaded after import = 3

========================================================================
Received Import Request.
  Time since last request: 0.000021 seconds.
  path: Assets/New Asssets/Plant Animations/Plant 7/Plant7_00042.png
  artifactKey: Guid(41f6ba0d13aaf0e46bfdcb15f24038fb) Importer(2089858483,b0f066a214c2f5e87bad3c948f4d605d)
Start importing Assets/New Asssets/Plant Animations/Plant 7/Plant7_00042.png using Guid(41f6ba0d13aaf0e46bfdcb15f24038fb) Importer(2089858483,b0f066a214c2f5e87bad3c948f4d605d) (ScriptedImporter) -> (artifact id: '5f1120259189bfe28ac2a736b3278db0') in 0.0185402 seconds
Number of updated asset objects reloaded before import = 0Number of asset objects unloaded after import = 3

========================================================================
Received Import Request.
  Time since last request: 0.000032 seconds.
  path: Assets/New Asssets/Plant Animations/Plant Wind 1/Plant Wind 1_00014.png
  artifactKey: Guid(05c046f393e5e6d45b1763d00d00ca3c) Importer(2089858483,b0f066a214c2f5e87bad3c948f4d605d)
Start importing Assets/New Asssets/Plant Animations/Plant Wind 1/Plant Wind 1_00014.png using Guid(05c046f393e5e6d45b1763d00d00ca3c) Importer(2089858483,b0f066a214c2f5e87bad3c948f4d605d) (ScriptedImporter) -> (artifact id: '85febdcb442af1564d3ab496bedc9315') in 0.0202538 seconds
Number of updated asset objects reloaded before import = 0Number of asset objects unloaded after import = 3

========================================================================
Received Import Request.
  Time since last request: 0.000035 seconds.
  path: Assets/New Asssets/Plant Animations/Plant 2/Plant2_00012.png
  artifactKey: Guid(177863066db903b49a66eab0d743f5b5) Importer(2089858483,b0f066a214c2f5e87bad3c948f4d605d)
Start importing Assets/New Asssets/Plant Animations/Plant 2/Plant2_00012.png using Guid(177863066db903b49a66eab0d743f5b5) Importer(2089858483,b0f066a214c2f5e87bad3c948f4d605d) (ScriptedImporter) -> (artifact id: '24be33d4bd1001f281348f7e9e0f6475') in 0.0205064 seconds
Number of updated asset objects reloaded before import = 0Number of asset objects unloaded after import = 5

========================================================================
Received Import Request.
  Time since last request: 0.000024 seconds.
  path: Assets/New Asssets/Plant Animations/Plant 5/Plant5_00046.png
  artifactKey: Guid(45f5a03954b75ac408adaf4d1a7a6f91) Importer(2089858483,b0f066a214c2f5e87bad3c948f4d605d)
Start importing Assets/New Asssets/Plant Animations/Plant 5/Plant5_00046.png using Guid(45f5a03954b75ac408adaf4d1a7a6f91) Importer(2089858483,b0f066a214c2f5e87bad3c948f4d605d) (ScriptedImporter) -> (artifact id: 'a07044a429f0435d25072d3bc02193a7') in 0.017391 seconds
Number of updated asset objects reloaded before import = 0Number of asset objects unloaded after import = 3

========================================================================
Received Import Request.
  Time since last request: 0.000025 seconds.
  path: Assets/New Asssets/Plant Animations/Plant 7/Plant7_00022.png
  artifactKey: Guid(9ab97afae8c16614e80ee22aea7b5741) Importer(2089858483,b0f066a214c2f5e87bad3c948f4d605d)
Start importing Assets/New Asssets/Plant Animations/Plant 7/Plant7_00022.png using Guid(9ab97afae8c16614e80ee22aea7b5741) Importer(2089858483,b0f066a214c2f5e87bad3c948f4d605d) (ScriptedImporter) -> (artifact id: 'ed2a7b43b576b5ee2aed7a482d3e2d31') in 0.0164314 seconds
Number of updated asset objects reloaded before import = 0Number of asset objects unloaded after import = 3

========================================================================
Received Import Request.
  Time since last request: 0.000034 seconds.
  path: Assets/New Asssets/Plant Animations/Plant 2/Plant2_00030.png
  artifactKey: Guid(069017cac5a392b4bbc88a626c12265b) Importer(2089858483,b0f066a214c2f5e87bad3c948f4d605d)
Start importing Assets/New Asssets/Plant Animations/Plant 2/Plant2_00030.png using Guid(069017cac5a392b4bbc88a626c12265b) Importer(2089858483,b0f066a214c2f5e87bad3c948f4d605d) (ScriptedImporter) -> (artifact id: '88cf80e72e5f87e4d03f48dfc0c9ef1d') in 0.0194396 seconds
Number of updated asset objects reloaded before import = 0Number of asset objects unloaded after import = 5

========================================================================
Received Import Request.
  Time since last request: 0.000033 seconds.
  path: Assets/New Asssets/Plant Animations/Plant 3/Plant3_00041.png
  artifactKey: Guid(75109acc015b2c14fbe380a54154821a) Importer(2089858483,b0f066a214c2f5e87bad3c948f4d605d)
Start importing Assets/New Asssets/Plant Animations/Plant 3/Plant3_00041.png using Guid(75109acc015b2c14fbe380a54154821a) Importer(2089858483,b0f066a214c2f5e87bad3c948f4d605d) (ScriptedImporter) -> (artifact id: '4dd2c05a03bc557a8f60fcc8464e7e82') in 0.0191591 seconds
Number of updated asset objects reloaded before import = 0Number of asset objects unloaded after import = 4

========================================================================
Received Import Request.
  Time since last request: 0.000034 seconds.
  path: Assets/New Asssets/Plant Animations/BlueFlower2/BluePlantClosed_00041.png
  artifactKey: Guid(7f81befe38797ff499e4b6be6417014e) Importer(2089858483,b0f066a214c2f5e87bad3c948f4d605d)
Start importing Assets/New Asssets/Plant Animations/BlueFlower2/BluePlantClosed_00041.png using Guid(7f81befe38797ff499e4b6be6417014e) Importer(2089858483,b0f066a214c2f5e87bad3c948f4d605d) (ScriptedImporter) -> (artifact id: '31df05bcc5a6dba4aed237c3be37c6f5') in 0.0283789 seconds
Number of updated asset objects reloaded before import = 0Number of asset objects unloaded after import = 8

========================================================================
Received Import Request.
  Time since last request: 0.000033 seconds.
  path: Assets/New Asssets/Plant Animations/Plant 2/Plant2_00041.png
  artifactKey: Guid(e560abec9ed733a498469c4bb67c1d3c) Importer(2089858483,b0f066a214c2f5e87bad3c948f4d605d)
Start importing Assets/New Asssets/Plant Animations/Plant 2/Plant2_00041.png using Guid(e560abec9ed733a498469c4bb67c1d3c) Importer(2089858483,b0f066a214c2f5e87bad3c948f4d605d) (ScriptedImporter) -> (artifact id: 'de6872516ec1817b95e361eb75f4d617') in 0.0193723 seconds
Number of updated asset objects reloaded before import = 0Number of asset objects unloaded after import = 5

========================================================================
Received Import Request.
  Time since last request: 0.000037 seconds.
  path: Assets/New Asssets/Plant Animations/BlueFlower2/BluePlantClosed_00033.png
  artifactKey: Guid(bf110fafbd83fbc45b7e5ba5dc79d899) Importer(2089858483,b0f066a214c2f5e87bad3c948f4d605d)
Start importing Assets/New Asssets/Plant Animations/BlueFlower2/BluePlantClosed_00033.png using Guid(bf110fafbd83fbc45b7e5ba5dc79d899) Importer(2089858483,b0f066a214c2f5e87bad3c948f4d605d) (ScriptedImporter) -> (artifact id: '072165b3aee8636f315db0eeac32a2de') in 0.020636 seconds
Number of updated asset objects reloaded before import = 0Number of asset objects unloaded after import = 7

========================================================================
Received Import Request.
  Time since last request: 0.000035 seconds.
  path: Assets/New Asssets/Plant Animations/Plant 4/Plant4_00012.png
  artifactKey: Guid(1e94d8f40e9819345833a11bf48cadce) Importer(2089858483,b0f066a214c2f5e87bad3c948f4d605d)
Start importing Assets/New Asssets/Plant Animations/Plant 4/Plant4_00012.png using Guid(1e94d8f40e9819345833a11bf48cadce) Importer(2089858483,b0f066a214c2f5e87bad3c948f4d605d) (ScriptedImporter) -> (artifact id: 'b689497df1f858bb0ec8d439ceaf43d9') in 0.0158926 seconds
Number of updated asset objects reloaded before import = 0Number of asset objects unloaded after import = 3

========================================================================
Received Import Request.
  Time since last request: 0.000025 seconds.
  path: Assets/New Asssets/BlueWizard/2BlueWizardIdle/Chara - BlueIdle00004.png
  artifactKey: Guid(347f3bb8715221a47ac24d03595a968f) Importer(815301076,1909f56bfc062723c751e8b465ee728b)
Start importing Assets/New Asssets/BlueWizard/2BlueWizardIdle/Chara - BlueIdle00004.png using Guid(347f3bb8715221a47ac24d03595a968f) Importer(815301076,1909f56bfc062723c751e8b465ee728b) (PreviewImporter) -> (artifact id: 'ca907ccb2999d2ec943d10ec58cbca4c') in 0.0185271 seconds
Number of updated asset objects reloaded before import = 0Number of asset objects unloaded after import = 3

========================================================================
Received Import Request.
  Time since last request: 0.000032 seconds.
  path: Assets/New Asssets/BlueWizard/2BlueWizardWalk/Chara_BlueWalk00011.png
  artifactKey: Guid(42478a92e1027e1448a12967d75d6f29) Importer(2089858483,b0f066a214c2f5e87bad3c948f4d605d)
Start importing Assets/New Asssets/BlueWizard/2BlueWizardWalk/Chara_BlueWalk00011.png using Guid(42478a92e1027e1448a12967d75d6f29) Importer(2089858483,b0f066a214c2f5e87bad3c948f4d605d) (ScriptedImporter) -> (artifact id: 'a26e10bce5dbd21aff660eb657e1d723') in 0.0166743 seconds
Number of updated asset objects reloaded before import = 0Number of asset objects unloaded after import = 3

========================================================================
Received Import Request.
  Time since last request: 0.000021 seconds.
  path: Assets/New Asssets/Plant Animations/Plant 7/Plant7_00019.png
  artifactKey: Guid(1c7049e899c4f7e488a2e17c118c5428) Importer(2089858483,b0f066a214c2f5e87bad3c948f4d605d)
Start importing Assets/New Asssets/Plant Animations/Plant 7/Plant7_00019.png using Guid(1c7049e899c4f7e488a2e17c118c5428) Importer(2089858483,b0f066a214c2f5e87bad3c948f4d605d) (ScriptedImporter) -> (artifact id: 'e9d5499d5cc5ee9549ab5376641599b3') in 0.0185796 seconds
Number of updated asset objects reloaded before import = 0Number of asset objects unloaded after import = 3

========================================================================
Received Import Request.
  Time since last request: 0.000035 seconds.
  path: Assets/New Asssets/Plant Animations/BlueFlower1/BlueFlower_00006.png
  artifactKey: Guid(782fc70f4ad1e08459469fe6b8413933) Importer(2089858483,b0f066a214c2f5e87bad3c948f4d605d)
Start importing Assets/New Asssets/Plant Animations/BlueFlower1/BlueFlower_00006.png using Guid(782fc70f4ad1e08459469fe6b8413933) Importer(2089858483,b0f066a214c2f5e87bad3c948f4d605d) (ScriptedImporter) -> (artifact id: '689b05bc0ec38a338e0448232d552c3f') in 0.0194965 seconds
Number of updated asset objects reloaded before import = 0Number of asset objects unloaded after import = 3

========================================================================
Received Import Request.
  Time since last request: 1.210399 seconds.
  path: Assets/New Asssets/SlimeOrange/SlimeOrange_00000.png
  artifactKey: Guid(826044cf6c810bd428461b2a133e5ed0) Importer(2089858483,b0f066a214c2f5e87bad3c948f4d605d)
Start importing Assets/New Asssets/SlimeOrange/SlimeOrange_00000.png using Guid(826044cf6c810bd428461b2a133e5ed0) Importer(2089858483,b0f066a214c2f5e87bad3c948f4d605d) (ScriptedImporter) -> (artifact id: '551fd2cfa3029971f4a2bb2fadf140f3') in 0.0193856 seconds
Number of updated asset objects reloaded before import = 0Number of asset objects unloaded after import = 3

========================================================================
Received Import Request.
  Time since last request: 0.000027 seconds.
  path: Assets/New Asssets/SlimeOrange/SlimeOrange_00012.png
  artifactKey: Guid(5fd55b46da20fb645899ea491561ccd6) Importer(2089858483,b0f066a214c2f5e87bad3c948f4d605d)
Start importing Assets/New Asssets/SlimeOrange/SlimeOrange_00012.png using Guid(5fd55b46da20fb645899ea491561ccd6) Importer(2089858483,b0f066a214c2f5e87bad3c948f4d605d) (ScriptedImporter) -> (artifact id: 'b467d883fa9c651778ae466f72a3ac2a') in 0.0158555 seconds
Number of updated asset objects reloaded before import = 0Number of asset objects unloaded after import = 3

========================================================================
Received Import Request.
  Time since last request: 0.000038 seconds.
  path: Assets/New Asssets/SlimeOrange/SlimeOrange_00015.png
  artifactKey: Guid(36561ddba28ae7b44932d27f083bc02e) Importer(2089858483,b0f066a214c2f5e87bad3c948f4d605d)
Start importing Assets/New Asssets/SlimeOrange/SlimeOrange_00015.png using Guid(36561ddba28ae7b44932d27f083bc02e) Importer(2089858483,b0f066a214c2f5e87bad3c948f4d605d) (ScriptedImporter) -> (artifact id: 'ea00365fbd1179270401b74398ac4823') in 0.0178397 seconds
Number of updated asset objects reloaded before import = 0Number of asset objects unloaded after import = 3

========================================================================
Received Import Request.
  Time since last request: 0.000024 seconds.
  path: Assets/New Asssets/SlimeOrange/SlimeOrange_00001.png
  artifactKey: Guid(2bfd8516c8527b24dae0e57880600700) Importer(2089858483,b0f066a214c2f5e87bad3c948f4d605d)
Start importing Assets/New Asssets/SlimeOrange/SlimeOrange_00001.png using Guid(2bfd8516c8527b24dae0e57880600700) Importer(2089858483,b0f066a214c2f5e87bad3c948f4d605d) (ScriptedImporter) -> (artifact id: 'b5f8fa0e6281f0c92126bb14f69f6baf') in 0.0190955 seconds
Number of updated asset objects reloaded before import = 0Number of asset objects unloaded after import = 3

========================================================================
Received Import Request.
  Time since last request: 0.000025 seconds.
  path: Assets/New Asssets/SlimeGreen/SlimeBasic_00011.png
  artifactKey: Guid(f2a7414ed6d5f3d41b2e3132cbfc8828) Importer(2089858483,b0f066a214c2f5e87bad3c948f4d605d)
Start importing Assets/New Asssets/SlimeGreen/SlimeBasic_00011.png using Guid(f2a7414ed6d5f3d41b2e3132cbfc8828) Importer(2089858483,b0f066a214c2f5e87bad3c948f4d605d) (ScriptedImporter) -> (artifact id: 'afb10704981b46c533d54fecfa805782') in 0.0169642 seconds
Number of updated asset objects reloaded before import = 0Number of asset objects unloaded after import = 3

========================================================================
Received Import Request.
  Time since last request: 0.000029 seconds.
  path: Assets/New Asssets/SlimeOrange/SlimeOrange_00027.png
  artifactKey: Guid(8e14b1cbdbd83174880d77f78d7d6aa1) Importer(2089858483,b0f066a214c2f5e87bad3c948f4d605d)
Start importing Assets/New Asssets/SlimeOrange/SlimeOrange_00027.png using Guid(8e14b1cbdbd83174880d77f78d7d6aa1) Importer(2089858483,b0f066a214c2f5e87bad3c948f4d605d) (ScriptedImporter) -> (artifact id: '5c32c3e4604f1c488d2f836fb3845a8d') in 0.0157669 seconds
Number of updated asset objects reloaded before import = 0Number of asset objects unloaded after import = 3

========================================================================
Received Import Request.
  Time since last request: 0.000025 seconds.
  path: Assets/New Asssets/SlimeOrange/SlimeOrange_00014.png
  artifactKey: Guid(5c21ec06a2867204ea8a77de562bf0d8) Importer(2089858483,b0f066a214c2f5e87bad3c948f4d605d)
Start importing Assets/New Asssets/SlimeOrange/SlimeOrange_00014.png using Guid(5c21ec06a2867204ea8a77de562bf0d8) Importer(2089858483,b0f066a214c2f5e87bad3c948f4d605d) (ScriptedImporter) -> (artifact id: '0e18f167553d771ec8c5e6bd439765e8') in 0.0165803 seconds
Number of updated asset objects reloaded before import = 0Number of asset objects unloaded after import = 3

========================================================================
Received Import Request.
  Time since last request: 0.000033 seconds.
  path: Assets/New Asssets/SlimeGreen/SlimeBasic_00003.png
  artifactKey: Guid(a8e9fc86228ce0b4899886c960ecebf3) Importer(2089858483,b0f066a214c2f5e87bad3c948f4d605d)
Start importing Assets/New Asssets/SlimeGreen/SlimeBasic_00003.png using Guid(a8e9fc86228ce0b4899886c960ecebf3) Importer(2089858483,b0f066a214c2f5e87bad3c948f4d605d) (ScriptedImporter) -> (artifact id: '8f2a34f604e8136a9c65cb93cbb7567c') in 0.01673 seconds
Number of updated asset objects reloaded before import = 0Number of asset objects unloaded after import = 3

========================================================================
Received Import Request.
  Time since last request: 0.000026 seconds.
  path: Assets/New Asssets/SlimeGreen
  artifactKey: Guid(6216f1ce8b89a5b4b8509d1ecf610f36) Importer(2089858483,b0f066a214c2f5e87bad3c948f4d605d)
Start importing Assets/New Asssets/SlimeGreen using Guid(6216f1ce8b89a5b4b8509d1ecf610f36) Importer(2089858483,b0f066a214c2f5e87bad3c948f4d605d) (ScriptedImporter) -> (artifact id: 'f8ba46589fed4600d5275c414016e595') in 0.0114502 seconds
Number of updated asset objects reloaded before import = 0Number of asset objects unloaded after import = 1

========================================================================
Received Import Request.
  Time since last request: 0.000020 seconds.
  path: Assets/New Asssets/SlimeOrange/SlimeOrange_00005.png
  artifactKey: Guid(a489380425f33ad448d5c6251d191a7a) Importer(2089858483,b0f066a214c2f5e87bad3c948f4d605d)
Start importing Assets/New Asssets/SlimeOrange/SlimeOrange_00005.png using Guid(a489380425f33ad448d5c6251d191a7a) Importer(2089858483,b0f066a214c2f5e87bad3c948f4d605d) (ScriptedImporter) -> (artifact id: '5c5b77d49450a3cfa8c8e54d243aedac') in 0.018052 seconds
Number of updated asset objects reloaded before import = 0Number of asset objects unloaded after import = 3

========================================================================
Received Import Request.
  Time since last request: 0.000035 seconds.
  path: Assets/New Asssets/SlimeOrange/SlimeOrange_00011.png
  artifactKey: Guid(5b3c7fc98cde6d645a3a588c97c7566e) Importer(2089858483,b0f066a214c2f5e87bad3c948f4d605d)
Start importing Assets/New Asssets/SlimeOrange/SlimeOrange_00011.png using Guid(5b3c7fc98cde6d645a3a588c97c7566e) Importer(2089858483,b0f066a214c2f5e87bad3c948f4d605d) (ScriptedImporter) -> (artifact id: 'd6bfb429284179c768f3da1258e4a35b') in 0.0144969 seconds
Number of updated asset objects reloaded before import = 0Number of asset objects unloaded after import = 3

========================================================================
Received Import Request.
  Time since last request: 0.000038 seconds.
  path: Assets/New Asssets/SlimeGreen/SlimeBasic_00022.png
  artifactKey: Guid(15fccf01669a31945a16e24d4e6e55c7) Importer(2089858483,b0f066a214c2f5e87bad3c948f4d605d)
Start importing Assets/New Asssets/SlimeGreen/SlimeBasic_00022.png using Guid(15fccf01669a31945a16e24d4e6e55c7) Importer(2089858483,b0f066a214c2f5e87bad3c948f4d605d) (ScriptedImporter) -> (artifact id: '0e0378cb19b289cacc5b8563573ff10b') in 0.0146442 seconds
Number of updated asset objects reloaded before import = 0Number of asset objects unloaded after import = 3

========================================================================
Received Import Request.
  Time since last request: 0.000046 seconds.
  path: Assets/New Asssets/SlimeOrange/SlimeOrange_00025.png
  artifactKey: Guid(6d8d2281cbe2cab408cdd9be93b3bfc6) Importer(2089858483,b0f066a214c2f5e87bad3c948f4d605d)
Start importing Assets/New Asssets/SlimeOrange/SlimeOrange_00025.png using Guid(6d8d2281cbe2cab408cdd9be93b3bfc6) Importer(2089858483,b0f066a214c2f5e87bad3c948f4d605d) (ScriptedImporter) -> (artifact id: 'e074ae3dd3ee20014258723d1fa92b16') in 0.0160252 seconds
Number of updated asset objects reloaded before import = 0Number of asset objects unloaded after import = 3

========================================================================
Received Import Request.
  Time since last request: 0.000026 seconds.
  path: Assets/New Asssets/SlimeGreen/SlimeBasic_00029.png
  artifactKey: Guid(d0165dbfbcbefa445a9d0351f33b8917) Importer(2089858483,b0f066a214c2f5e87bad3c948f4d605d)
Start importing Assets/New Asssets/SlimeGreen/SlimeBasic_00029.png using Guid(d0165dbfbcbefa445a9d0351f33b8917) Importer(2089858483,b0f066a214c2f5e87bad3c948f4d605d) (ScriptedImporter) -> (artifact id: '7188e91de2f2bef19c603632c5af48e4') in 0.0157743 seconds
Number of updated asset objects reloaded before import = 0Number of asset objects unloaded after import = 3

========================================================================
Received Import Request.
  Time since last request: 0.000023 seconds.
  path: Assets/New Asssets/SlimeOrange/SlimeOrange_00021.png
  artifactKey: Guid(4bf2eeb593131d6479edf4189c8c167a) Importer(2089858483,b0f066a214c2f5e87bad3c948f4d605d)
Start importing Assets/New Asssets/SlimeOrange/SlimeOrange_00021.png using Guid(4bf2eeb593131d6479edf4189c8c167a) Importer(2089858483,b0f066a214c2f5e87bad3c948f4d605d) (ScriptedImporter) -> (artifact id: '401fa6d5b915b86fd27be658377a51c7') in 0.013951 seconds
Number of updated asset objects reloaded before import = 0Number of asset objects unloaded after import = 3

========================================================================
Received Import Request.
  Time since last request: 0.000038 seconds.
  path: Assets/New Asssets/SlimeGreen/SlimeBasic_00024.png
  artifactKey: Guid(de5b5a4948763364ba553bb8de19b998) Importer(2089858483,b0f066a214c2f5e87bad3c948f4d605d)
Start importing Assets/New Asssets/SlimeGreen/SlimeBasic_00024.png using Guid(de5b5a4948763364ba553bb8de19b998) Importer(2089858483,b0f066a214c2f5e87bad3c948f4d605d) (ScriptedImporter) -> (artifact id: '52a62341e33941b8e2c1becf0a9e5222') in 0.015302 seconds
Number of updated asset objects reloaded before import = 0Number of asset objects unloaded after import = 3

========================================================================
Received Import Request.
  Time since last request: 143.453081 seconds.
  path: Assets/Animations/Idle.anim
  artifactKey: Guid(9b64f685453ce184baa2cde266d62343) Importer(815301076,1909f56bfc062723c751e8b465ee728b)
Start importing Assets/Animations/Idle.anim using Guid(9b64f685453ce184baa2cde266d62343) Importer(815301076,1909f56bfc062723c751e8b465ee728b) (PreviewImporter) -> (artifact id: '247b363fa4d3cf14c26d4cddfa9edad0') in 0.0018587 seconds
Number of updated asset objects reloaded before import = 0Number of asset objects unloaded after import = 1

========================================================================
Received Import Request.
  Time since last request: 139.271723 seconds.
  path: Packages/com.unity.render-pipelines.universal/Shaders/2D/VFXSpriteUnlit.shadergraph
  artifactKey: Guid(d7288f66e4fb0634c9afef98c31b722a) Importer(815301076,1909f56bfc062723c751e8b465ee728b)
Start importing Packages/com.unity.render-pipelines.universal/Shaders/2D/VFXSpriteUnlit.shadergraph using Guid(d7288f66e4fb0634c9afef98c31b722a) Importer(815301076,1909f56bfc062723c751e8b465ee728b) (PreviewImporter) -> (artifact id: '9136a169b329177c0e9083f309682d52') in 0.2194994 seconds
Number of updated asset objects reloaded before import = 0Number of asset objects unloaded after import = 2

========================================================================
Received Import Request.
  Time since last request: 0.087116 seconds.
  path: Packages/com.unity.shadergraph/GraphTemplates/Cross Pipeline/Unlit Simple.shadergraph
  artifactKey: Guid(2476a2d151e824143af40dce1fc93a12) Importer(815301076,1909f56bfc062723c751e8b465ee728b)
Start importing Packages/com.unity.shadergraph/GraphTemplates/Cross Pipeline/Unlit Simple.shadergraph using Guid(2476a2d151e824143af40dce1fc93a12) Importer(815301076,1909f56bfc062723c751e8b465ee728b) (PreviewImporter) -> (artifact id: '3d09991f862ccad491d523b37a84236f') in 0.3895928 seconds
Number of updated asset objects reloaded before import = 0Number of asset objects unloaded after import = 6

========================================================================
Received Import Request.
  Time since last request: 0.000045 seconds.
  path: Packages/com.unity.shadergraph/GraphTemplates/Cross Pipeline/UGUI Canvas Meter.shadergraph
  artifactKey: Guid(9d4e8ca8c5046914c87ca6ccef140dac) Importer(815301076,1909f56bfc062723c751e8b465ee728b)
Start importing Packages/com.unity.shadergraph/GraphTemplates/Cross Pipeline/UGUI Canvas Meter.shadergraph using Guid(9d4e8ca8c5046914c87ca6ccef140dac) Importer(815301076,1909f56bfc062723c751e8b465ee728b) (PreviewImporter) -> (artifact id: 'bdd2f13c89bea820f2984286cac91a29') in 0.2275057 seconds
Number of updated asset objects reloaded before import = 0Number of asset objects unloaded after import = 2

========================================================================
Received Import Request.
  Time since last request: 0.000063 seconds.
  path: Packages/com.unity.render-pipelines.universal/Editor/ShaderGraph/GraphTemplates/Terrain Standard 4 Layers URP.shadergraph
  artifactKey: Guid(bc3def193b270c649b041063a70a1a1f) Importer(815301076,1909f56bfc062723c751e8b465ee728b)
Start importing Packages/com.unity.render-pipelines.universal/Editor/ShaderGraph/GraphTemplates/Terrain Standard 4 Layers URP.shadergraph using Guid(bc3def193b270c649b041063a70a1a1f) Importer(815301076,1909f56bfc062723c751e8b465ee728b) (PreviewImporter) -> (artifact id: '3491b8f5d57c0b8d37fc615e5463871c') in 0.2475648 seconds
Number of updated asset objects reloaded before import = 0Number of asset objects unloaded after import = 4

========================================================================
Received Import Request.
  Time since last request: 0.000031 seconds.
  path: Packages/com.unity.render-pipelines.universal/Runtime/Materials/SpatialMappingOcclusion.mat
  artifactKey: Guid(b51db210fe78df745a372851b3db949e) Importer(815301076,1909f56bfc062723c751e8b465ee728b)
Start importing Packages/com.unity.render-pipelines.universal/Runtime/Materials/SpatialMappingOcclusion.mat using Guid(b51db210fe78df745a372851b3db949e) Importer(815301076,1909f56bfc062723c751e8b465ee728b) (PreviewImporter) -> (artifact id: 'ec7400c24a542e6f7878db1d7efb0d6e') in 0.0175522 seconds
Number of updated asset objects reloaded before import = 0Number of asset objects unloaded after import = 1

========================================================================
Received Import Request.
  Time since last request: 0.000047 seconds.
  path: Packages/com.unity.render-pipelines.universal/Editor/ShaderGraph/GraphTemplates/UITKBasicTemplate.shadergraph
  artifactKey: Guid(0738648e2f2f84b489a2f0076b69e30a) Importer(815301076,1909f56bfc062723c751e8b465ee728b)
Start importing Packages/com.unity.render-pipelines.universal/Editor/ShaderGraph/GraphTemplates/UITKBasicTemplate.shadergraph using Guid(0738648e2f2f84b489a2f0076b69e30a) Importer(815301076,1909f56bfc062723c751e8b465ee728b) (PreviewImporter) -> (artifact id: '9058b7c687772aa3a42ece4e1061a79f') in 0.4954838 seconds
Number of updated asset objects reloaded before import = 0Number of asset objects unloaded after import = 2

========================================================================
Received Import Request.
  Time since last request: 0.000041 seconds.
  path: Assets/TextMesh Pro/Resources/Fonts & Materials/LiberationSans SDF - Fallback.asset
  artifactKey: Guid(2e498d1c8094910479dc3e1b768306a4) Importer(815301076,1909f56bfc062723c751e8b465ee728b)
Start importing Assets/TextMesh Pro/Resources/Fonts & Materials/LiberationSans SDF - Fallback.asset using Guid(2e498d1c8094910479dc3e1b768306a4) Importer(815301076,1909f56bfc062723c751e8b465ee728b) (PreviewImporter) -> (artifact id: '6fe49da9590f7ad2381df14e2636ad5d') in 0.0298772 seconds
Number of updated asset objects reloaded before import = 0Number of asset objects unloaded after import = 6

========================================================================
Received Import Request.
  Time since last request: 0.000055 seconds.
  path: Packages/com.unity.searcher/Editor/Resources/FlatSkin/Font/Roboto-MediumItalic.ttf
  artifactKey: Guid(d93c1bc57fdf1ac4dad1bf04fac05464) Importer(815301076,1909f56bfc062723c751e8b465ee728b)
Start importing Packages/com.unity.searcher/Editor/Resources/FlatSkin/Font/Roboto-MediumItalic.ttf using Guid(d93c1bc57fdf1ac4dad1bf04fac05464) Importer(815301076,1909f56bfc062723c751e8b465ee728b) (PreviewImporter) -> (artifact id: '82abc9c44ebbd90292c3ed8755eb1282') in 0.0154398 seconds
Number of updated asset objects reloaded before import = 0Number of asset objects unloaded after import = 4

========================================================================
Received Import Request.
  Time since last request: 0.000029 seconds.
  path: Assets/TextMesh Pro/Resources/Fonts & Materials/LiberationSans SDF.asset
  artifactKey: Guid(8f586378b4e144a9851e7b34d9b748ee) Importer(815301076,1909f56bfc062723c751e8b465ee728b)
Start importing Assets/TextMesh Pro/Resources/Fonts & Materials/LiberationSans SDF.asset using Guid(8f586378b4e144a9851e7b34d9b748ee) Importer(815301076,1909f56bfc062723c751e8b465ee728b) (PreviewImporter) -> (artifact id: '96f382ab93891653d3505d48f538ac35') in 0.0444441 seconds
Number of updated asset objects reloaded before import = 0Number of asset objects unloaded after import = 9

========================================================================
Received Import Request.
  Time since last request: 0.000036 seconds.
  path: Packages/com.unity.render-pipelines.universal/Editor/SceneTemplates/Materials/Metal_Black.mat
  artifactKey: Guid(b34b07a45ba63ce47896c9e674f3a7a7) Importer(815301076,1909f56bfc062723c751e8b465ee728b)
Start importing Packages/com.unity.render-pipelines.universal/Editor/SceneTemplates/Materials/Metal_Black.mat using Guid(b34b07a45ba63ce47896c9e674f3a7a7) Importer(815301076,1909f56bfc062723c751e8b465ee728b) (PreviewImporter) -> (artifact id: 'f37c2eea0ec46973a4157d5983a2ed78') in 0.0210888 seconds
Number of updated asset objects reloaded before import = 0Number of asset objects unloaded after import = 1

========================================================================
Received Import Request.
  Time since last request: 0.000033 seconds.
  path: Packages/com.unity.render-pipelines.core/Runtime/Debugging/Prefabs/Fonts/PerfectDOSVGA437.ttf
  artifactKey: Guid(74a5091d8707f334b9a5c31ef71a64ba) Importer(815301076,1909f56bfc062723c751e8b465ee728b)
Start importing Packages/com.unity.render-pipelines.core/Runtime/Debugging/Prefabs/Fonts/PerfectDOSVGA437.ttf using Guid(74a5091d8707f334b9a5c31ef71a64ba) Importer(815301076,1909f56bfc062723c751e8b465ee728b) (PreviewImporter) -> (artifact id: '773b232eeebd6583b7684ca41cedac14') in 0.0133649 seconds
Number of updated asset objects reloaded before import = 0Number of asset objects unloaded after import = 4

========================================================================
Received Import Request.
  Time since last request: 0.000063 seconds.
  path: Packages/com.unity.render-pipelines.universal/Runtime/Materials/ParticlesUnlit.mat
  artifactKey: Guid(e823cd5b5d27c0f4b8256e7c12ee3e6d) Importer(815301076,1909f56bfc062723c751e8b465ee728b)
Start importing Packages/com.unity.render-pipelines.universal/Runtime/Materials/ParticlesUnlit.mat using Guid(e823cd5b5d27c0f4b8256e7c12ee3e6d) Importer(815301076,1909f56bfc062723c751e8b465ee728b) (PreviewImporter) -> (artifact id: '4002b497c55a70976ebd8ce2fba62c6e') in 0.11437 seconds
Number of updated asset objects reloaded before import = 0Number of asset objects unloaded after import = 0

========================================================================
Received Import Request.
  Time since last request: 0.000026 seconds.
  path: Assets/TextMesh Pro/Fonts/LiberationSans.ttf
  artifactKey: Guid(e3265ab4bf004d28a9537516768c1c75) Importer(815301076,1909f56bfc062723c751e8b465ee728b)
Start importing Assets/TextMesh Pro/Fonts/LiberationSans.ttf using Guid(e3265ab4bf004d28a9537516768c1c75) Importer(815301076,1909f56bfc062723c751e8b465ee728b) (PreviewImporter) -> (artifact id: '2e60282c5e367b3207f6c6edad42d8f0') in 0.0134419 seconds
Number of updated asset objects reloaded before import = 0Number of asset objects unloaded after import = 4

========================================================================
Received Import Request.
  Time since last request: 0.000024 seconds.
  path: Packages/com.unity.searcher/Editor/Resources/FlatSkin/Font/Roboto-LightItalic.ttf
  artifactKey: Guid(5e63515167650a541b309ba3bfd4db3d) Importer(815301076,1909f56bfc062723c751e8b465ee728b)
Start importing Packages/com.unity.searcher/Editor/Resources/FlatSkin/Font/Roboto-LightItalic.ttf using Guid(5e63515167650a541b309ba3bfd4db3d) Importer(815301076,1909f56bfc062723c751e8b465ee728b) (PreviewImporter) -> (artifact id: '11c89cd7cdc7afc482b8b451a2dda8ae') in 0.0135943 seconds
Number of updated asset objects reloaded before import = 0Number of asset objects unloaded after import = 4

========================================================================
Received Import Request.
  Time since last request: 0.000047 seconds.
  path: Packages/com.unity.render-pipelines.universal/Runtime/Materials/Mesh2D-Unlit-Default.mat
  artifactKey: Guid(71942363c5608a64bb62421349d39c9c) Importer(815301076,1909f56bfc062723c751e8b465ee728b)
Start importing Packages/com.unity.render-pipelines.universal/Runtime/Materials/Mesh2D-Unlit-Default.mat using Guid(71942363c5608a64bb62421349d39c9c) Importer(815301076,1909f56bfc062723c751e8b465ee728b) (PreviewImporter) -> (artifact id: '6a016034a0add604d869beff8f2c74c2') in 0.0075462 seconds
Number of updated asset objects reloaded before import = 0Number of asset objects unloaded after import = 1

========================================================================
Received Import Request.
  Time since last request: 0.000025 seconds.
  path: Packages/com.unity.searcher/Editor/Resources/FlatSkin/Font/Roboto-Medium.ttf
  artifactKey: Guid(a51a3aebb43ac044989270407476b208) Importer(815301076,1909f56bfc062723c751e8b465ee728b)
Start importing Packages/com.unity.searcher/Editor/Resources/FlatSkin/Font/Roboto-Medium.ttf using Guid(a51a3aebb43ac044989270407476b208) Importer(815301076,1909f56bfc062723c751e8b465ee728b) (PreviewImporter) -> (artifact id: 'a34e7a504511003b7df512b83c1363b0') in 0.0141789 seconds
Number of updated asset objects reloaded before import = 0Number of asset objects unloaded after import = 4

========================================================================
Received Import Request.
  Time since last request: 0.000032 seconds.
  path: Packages/com.unity.render-pipelines.universal/Runtime/Materials/Sprite-Unlit-Default.mat
  artifactKey: Guid(9dfc825aed78fcd4ba02077103263b40) Importer(815301076,1909f56bfc062723c751e8b465ee728b)
Start importing Packages/com.unity.render-pipelines.universal/Runtime/Materials/Sprite-Unlit-Default.mat using Guid(9dfc825aed78fcd4ba02077103263b40) Importer(815301076,1909f56bfc062723c751e8b465ee728b) (PreviewImporter) -> (artifact id: '898024ec4b256535e23e788d4cdc770d') in 0.0093327 seconds
Number of updated asset objects reloaded before import = 0Number of asset objects unloaded after import = 0

========================================================================
Received Import Request.
  Time since last request: 0.000035 seconds.
  path: Packages/com.unity.searcher/Editor/Resources/FlatSkin/Font/Roboto-Black.ttf
  artifactKey: Guid(1062c701058745940ae5dca6219c64c8) Importer(815301076,1909f56bfc062723c751e8b465ee728b)
Start importing Packages/com.unity.searcher/Editor/Resources/FlatSkin/Font/Roboto-Black.ttf using Guid(1062c701058745940ae5dca6219c64c8) Importer(815301076,1909f56bfc062723c751e8b465ee728b) (PreviewImporter) -> (artifact id: '318432e7afa59aa30bd99824befe4657') in 0.0129336 seconds
Number of updated asset objects reloaded before import = 0Number of asset objects unloaded after import = 4

========================================================================
Received Import Request.
  Time since last request: 0.000046 seconds.
  path: Packages/com.unity.render-pipelines.universal/Runtime/Materials/Sprite-Lit-Default.mat
  artifactKey: Guid(a97c105638bdf8b4a8650670310a4cd3) Importer(815301076,1909f56bfc062723c751e8b465ee728b)
Start importing Packages/com.unity.render-pipelines.universal/Runtime/Materials/Sprite-Lit-Default.mat using Guid(a97c105638bdf8b4a8650670310a4cd3) Importer(815301076,1909f56bfc062723c751e8b465ee728b) (PreviewImporter) -> (artifact id: 'eab26c771e023ccfbc77fc2e614eba6e') in 0.0081682 seconds
Number of updated asset objects reloaded before import = 0Number of asset objects unloaded after import = 0

========================================================================
Received Import Request.
  Time since last request: 0.000044 seconds.
  path: Packages/com.unity.searcher/Editor/Resources/FlatSkin/Font/Roboto-Italic.ttf
  artifactKey: Guid(c839255fc8f6b4b4d90bf8c1af9f9bd1) Importer(815301076,1909f56bfc062723c751e8b465ee728b)
Start importing Packages/com.unity.searcher/Editor/Resources/FlatSkin/Font/Roboto-Italic.ttf using Guid(c839255fc8f6b4b4d90bf8c1af9f9bd1) Importer(815301076,1909f56bfc062723c751e8b465ee728b) (PreviewImporter) -> (artifact id: 'b1684c1aacdba856caec53c40ce3d9d9') in 0.0128822 seconds
Number of updated asset objects reloaded before import = 0Number of asset objects unloaded after import = 4

========================================================================
Received Import Request.
  Time since last request: 0.000024 seconds.
  path: Packages/com.unity.shadergraph/GraphTemplates/Cross Pipeline/UGUI Canvas Basic.shadergraph
  artifactKey: Guid(5a4a765e921b8554eb959f7cf697b3be) Importer(815301076,1909f56bfc062723c751e8b465ee728b)
Start importing Packages/com.unity.shadergraph/GraphTemplates/Cross Pipeline/UGUI Canvas Basic.shadergraph using Guid(5a4a765e921b8554eb959f7cf697b3be) Importer(815301076,1909f56bfc062723c751e8b465ee728b) (PreviewImporter) -> (artifact id: 'bbed966d2fc68f1a3326c24e96c2f2d6') in 0.1792019 seconds
Number of updated asset objects reloaded before import = 0Number of asset objects unloaded after import = 2

========================================================================
Received Import Request.
  Time since last request: 0.000031 seconds.
  path: Packages/com.unity.render-pipelines.universal/Shaders/Decal.shadergraph
  artifactKey: Guid(9b4e681081e2b4c469111bb649e2f7ee) Importer(815301076,1909f56bfc062723c751e8b465ee728b)
Start importing Packages/com.unity.render-pipelines.universal/Shaders/Decal.shadergraph using Guid(9b4e681081e2b4c469111bb649e2f7ee) Importer(815301076,1909f56bfc062723c751e8b465ee728b) (PreviewImporter) -> (artifact id: '2668ab7cb2a2feeb2c7cf6abde56fdd8') in 0.0094627 seconds
Number of updated asset objects reloaded before import = 0Number of asset objects unloaded after import = 0

========================================================================
Received Import Request.
  Time since last request: 0.000040 seconds.
  path: Packages/com.unity.searcher/Editor/Resources/FlatSkin/Font/Roboto-Regular.ttf
  artifactKey: Guid(30dc370b164eefc43b95744fc796dad0) Importer(815301076,1909f56bfc062723c751e8b465ee728b)
Start importing Packages/com.unity.searcher/Editor/Resources/FlatSkin/Font/Roboto-Regular.ttf using Guid(30dc370b164eefc43b95744fc796dad0) Importer(815301076,1909f56bfc062723c751e8b465ee728b) (PreviewImporter) -> (artifact id: '40e495a2b5ee6688bf7fd0a42eba8031') in 0.0136176 seconds
Number of updated asset objects reloaded before import = 0Number of asset objects unloaded after import = 4

========================================================================
Received Import Request.
  Time since last request: 0.000079 seconds.
  path: Packages/com.unity.render-pipelines.universal/Runtime/Materials/SpatialMappingWireframe.mat
  artifactKey: Guid(9875a245ac49007498213638a307faa1) Importer(815301076,1909f56bfc062723c751e8b465ee728b)
Start importing Packages/com.unity.render-pipelines.universal/Runtime/Materials/SpatialMappingWireframe.mat using Guid(9875a245ac49007498213638a307faa1) Importer(815301076,1909f56bfc062723c751e8b465ee728b) (PreviewImporter) -> (artifact id: '32ab76e07be03b680fae4b794e0177e9') in 0.0135746 seconds
Number of updated asset objects reloaded before import = 0Number of asset objects unloaded after import = 1

========================================================================
Received Import Request.
  Time since last request: 0.000025 seconds.
  path: Packages/com.unity.searcher/Editor/Resources/FlatSkin/Font/Roboto-Light.ttf
  artifactKey: Guid(2a29e27936eb547458f646f71125b264) Importer(815301076,1909f56bfc062723c751e8b465ee728b)
Start importing Packages/com.unity.searcher/Editor/Resources/FlatSkin/Font/Roboto-Light.ttf using Guid(2a29e27936eb547458f646f71125b264) Importer(815301076,1909f56bfc062723c751e8b465ee728b) (PreviewImporter) -> (artifact id: 'fd3f48a402e7d607e97bb3332e3f153c') in 0.0119714 seconds
Number of updated asset objects reloaded before import = 0Number of asset objects unloaded after import = 4

========================================================================
Received Import Request.
  Time since last request: 0.000029 seconds.
  path: Packages/com.unity.render-pipelines.universal/Shaders/FullscreenInvertColors.shadergraph
  artifactKey: Guid(fb6390f650ca44a5ba3246d8dda47927) Importer(815301076,1909f56bfc062723c751e8b465ee728b)
Start importing Packages/com.unity.render-pipelines.universal/Shaders/FullscreenInvertColors.shadergraph using Guid(fb6390f650ca44a5ba3246d8dda47927) Importer(815301076,1909f56bfc062723c751e8b465ee728b) (PreviewImporter) -> (artifact id: '812e65b0028397d3aa818f2fd006ada5') in 0.1952724 seconds
Number of updated asset objects reloaded before import = 0Number of asset objects unloaded after import = 2

========================================================================
Received Import Request.
  Time since last request: 0.000028 seconds.
  path: Packages/com.unity.render-pipelines.universal/Runtime/Materials/ArnoldStandardSurface/ArnoldStandardSurfaceTransparent.shadergraph
  artifactKey: Guid(30fa68ce467463643a86b839ca0eb195) Importer(815301076,1909f56bfc062723c751e8b465ee728b)
Start importing Packages/com.unity.render-pipelines.universal/Runtime/Materials/ArnoldStandardSurface/ArnoldStandardSurfaceTransparent.shadergraph using Guid(30fa68ce467463643a86b839ca0eb195) Importer(815301076,1909f56bfc062723c751e8b465ee728b) (PreviewImporter) -> (artifact id: '32adfe54f15eb73f848f8c155e6c8659') in 0.378844 seconds
Number of updated asset objects reloaded before import = 0Number of asset objects unloaded after import = 5

========================================================================
Received Import Request.
  Time since last request: 0.000067 seconds.
  path: Packages/com.unity.render-pipelines.universal/Runtime/Materials/ArnoldStandardSurface/ArnoldStandardSurface.shadergraph
  artifactKey: Guid(3739e562a03fc0b4982d8aa66cc50865) Importer(815301076,1909f56bfc062723c751e8b465ee728b)
Start importing Packages/com.unity.render-pipelines.universal/Runtime/Materials/ArnoldStandardSurface/ArnoldStandardSurface.shadergraph using Guid(3739e562a03fc0b4982d8aa66cc50865) Importer(815301076,1909f56bfc062723c751e8b465ee728b) (PreviewImporter) -> (artifact id: '3a6a891afabd1fc0124bdf171e6c0473') in 0.3775742 seconds
Number of updated asset objects reloaded before import = 0Number of asset objects unloaded after import = 5

========================================================================
Received Import Request.
  Time since last request: 0.000045 seconds.
  path: Packages/com.unity.shadergraph/GraphTemplates/Cross Pipeline/0_Particle Unlit.shadergraph
  artifactKey: Guid(af66091e0eca0c04a9c3584ae867418a) Importer(815301076,1909f56bfc062723c751e8b465ee728b)
Start importing Packages/com.unity.shadergraph/GraphTemplates/Cross Pipeline/0_Particle Unlit.shadergraph using Guid(af66091e0eca0c04a9c3584ae867418a) Importer(815301076,1909f56bfc062723c751e8b465ee728b) (PreviewImporter) -> (artifact id: '7a20d572b5a9d9bb336bfa0304bd8977') in 0.3890571 seconds
Number of updated asset objects reloaded before import = 0Number of asset objects unloaded after import = 7

========================================================================
Received Import Request.
  Time since last request: 0.000047 seconds.
  path: Packages/com.unity.render-pipelines.universal/Shaders/AutodeskInteractive/AutodeskInteractiveMasked.shadergraph
  artifactKey: Guid(80aa867ac363ac043847b06ad71604cd) Importer(815301076,1909f56bfc062723c751e8b465ee728b)
Start importing Packages/com.unity.render-pipelines.universal/Shaders/AutodeskInteractive/AutodeskInteractiveMasked.shadergraph using Guid(80aa867ac363ac043847b06ad71604cd) Importer(815301076,1909f56bfc062723c751e8b465ee728b) (PreviewImporter) -> (artifact id: '5193c55d63edae7617cc3d47f069ca81') in 0.3979796 seconds
Number of updated asset objects reloaded before import = 0Number of asset objects unloaded after import = 0

========================================================================
Received Import Request.
  Time since last request: 0.000029 seconds.
  path: Packages/com.unity.shadergraph/GraphTemplates/Cross Pipeline/1_Decal Material Volume.shadergraph
  artifactKey: Guid(1716ff8c1e51af14280cc97fbcba3b11) Importer(815301076,1909f56bfc062723c751e8b465ee728b)
Start importing Packages/com.unity.shadergraph/GraphTemplates/Cross Pipeline/1_Decal Material Volume.shadergraph using Guid(1716ff8c1e51af14280cc97fbcba3b11) Importer(815301076,1909f56bfc062723c751e8b465ee728b) (PreviewImporter) -> (artifact id: '529339d60daa29035470f8ace9d54ff5') in 0.0100713 seconds
Number of updated asset objects reloaded before import = 0Number of asset objects unloaded after import = 2

========================================================================
Received Import Request.
  Time since last request: 0.000052 seconds.
  path: Packages/com.unity.2d.psdimporter/Editor/Assets/root-blue.mat
  artifactKey: Guid(28638862ea1084726a3511cd325fc53d) Importer(815301076,1909f56bfc062723c751e8b465ee728b)
Start importing Packages/com.unity.2d.psdimporter/Editor/Assets/root-blue.mat using Guid(28638862ea1084726a3511cd325fc53d) Importer(815301076,1909f56bfc062723c751e8b465ee728b) (PreviewImporter) -> (artifact id: 'b260057e39638337e562e38ead0c81c0') in 0.0385659 seconds
Number of updated asset objects reloaded before import = 0Number of asset objects unloaded after import = 1

========================================================================
Received Import Request.
  Time since last request: 0.000024 seconds.
  path: Packages/com.unity.render-pipelines.universal/Runtime/Materials/TerrainLit.mat
  artifactKey: Guid(594ea882c5a793440b60ff72d896021e) Importer(815301076,1909f56bfc062723c751e8b465ee728b)
Start importing Packages/com.unity.render-pipelines.universal/Runtime/Materials/TerrainLit.mat using Guid(594ea882c5a793440b60ff72d896021e) Importer(815301076,1909f56bfc062723c751e8b465ee728b) (PreviewImporter) -> (artifact id: 'fc2a312efa4e6542efc62ef5d6e27080') in 0.1738529 seconds
Number of updated asset objects reloaded before import = 0Number of asset objects unloaded after import = 0

========================================================================
Received Import Request.
  Time since last request: 0.000025 seconds.
  path: Packages/com.unity.render-pipelines.universal/Editor/ShaderGraph/GraphTemplates/2D/2_2D Sprite Custom Lit.shadergraph
  artifactKey: Guid(bfad0aba0faa90547b68abd10bb6be86) Importer(815301076,1909f56bfc062723c751e8b465ee728b)
Start importing Packages/com.unity.render-pipelines.universal/Editor/ShaderGraph/GraphTemplates/2D/2_2D Sprite Custom Lit.shadergraph using Guid(bfad0aba0faa90547b68abd10bb6be86) Importer(815301076,1909f56bfc062723c751e8b465ee728b) (PreviewImporter) -> (artifact id: '132d97e767a41f3c8d007e62119754aa') in 0.230359 seconds
Number of updated asset objects reloaded before import = 0Number of asset objects unloaded after import = 2

========================================================================
Received Import Request.
  Time since last request: 0.000034 seconds.
  path: Packages/com.unity.2d.psdimporter/Editor/Assets/root-red.mat
  artifactKey: Guid(4459fff084dd84526ab8fd5082d2eacb) Importer(815301076,1909f56bfc062723c751e8b465ee728b)
Start importing Packages/com.unity.2d.psdimporter/Editor/Assets/root-red.mat using Guid(4459fff084dd84526ab8fd5082d2eacb) Importer(815301076,1909f56bfc062723c751e8b465ee728b) (PreviewImporter) -> (artifact id: '5f5d9422fff21eeada2f866a67201307') in 0.0172211 seconds
Number of updated asset objects reloaded before import = 0Number of asset objects unloaded after import = 1

========================================================================
Received Import Request.
  Time since last request: 0.000032 seconds.
  path: Packages/com.unity.render-pipelines.universal/Runtime/Materials/Lit.mat
  artifactKey: Guid(31321ba15b8f8eb4c954353edc038b1d) Importer(815301076,1909f56bfc062723c751e8b465ee728b)
Start importing Packages/com.unity.render-pipelines.universal/Runtime/Materials/Lit.mat using Guid(31321ba15b8f8eb4c954353edc038b1d) Importer(815301076,1909f56bfc062723c751e8b465ee728b) (PreviewImporter) -> (artifact id: 'a63995aeec531a6613a12a05a8ff2c04') in 0.0157768 seconds
Number of updated asset objects reloaded before import = 0Number of asset objects unloaded after import = 0

========================================================================
Received Import Request.
  Time since last request: 0.000028 seconds.
  path: Packages/com.unity.render-pipelines.universal/Runtime/Materials/PhysicalMaterial3DsMax/PhysicalMaterial3DsMax.shadergraph
  artifactKey: Guid(44245ab89240f51459a5077d7145c452) Importer(815301076,1909f56bfc062723c751e8b465ee728b)
Start importing Packages/com.unity.render-pipelines.universal/Runtime/Materials/PhysicalMaterial3DsMax/PhysicalMaterial3DsMax.shadergraph using Guid(44245ab89240f51459a5077d7145c452) Importer(815301076,1909f56bfc062723c751e8b465ee728b) (PreviewImporter) -> (artifact id: '3d8bd71edefc1d537cdcae174cb2c0ff') in 0.4107924 seconds
Number of updated asset objects reloaded before import = 0Number of asset objects unloaded after import = 5

========================================================================
Received Import Request.
  Time since last request: 0.000030 seconds.
  path: Packages/com.unity.render-pipelines.universal/Runtime/Materials/SpriteMask-Default.mat
  artifactKey: Guid(15d0c3709176029428a0da2f8cecf0b5) Importer(815301076,1909f56bfc062723c751e8b465ee728b)
Start importing Packages/com.unity.render-pipelines.universal/Runtime/Materials/SpriteMask-Default.mat using Guid(15d0c3709176029428a0da2f8cecf0b5) Importer(815301076,1909f56bfc062723c751e8b465ee728b) (PreviewImporter) -> (artifact id: 'bffd935d53e11433185629d8e8605699') in 0.0083599 seconds
Number of updated asset objects reloaded before import = 0Number of asset objects unloaded after import = 0

========================================================================
Received Import Request.
  Time since last request: 0.000062 seconds.
  path: Packages/com.unity.render-pipelines.core/Runtime/RenderPipelineResources/Mesh/SamplesFixture.fbx
  artifactKey: Guid(b28fa67a0ff82c5478f27368dc627683) Importer(815301076,1909f56bfc062723c751e8b465ee728b)
Start importing Packages/com.unity.render-pipelines.core/Runtime/RenderPipelineResources/Mesh/SamplesFixture.fbx using Guid(b28fa67a0ff82c5478f27368dc627683) Importer(815301076,1909f56bfc062723c751e8b465ee728b) (PreviewImporter) -> (artifact id: 'ee1bbe9646fafa0417f2f4688e0bdc39') in 0.1710053 seconds
Number of updated asset objects reloaded before import = 0Number of asset objects unloaded after import = 9

========================================================================
Received Import Request.
  Time since last request: 0.000047 seconds.
  path: Packages/com.unity.render-pipelines.universal/Shaders/AutodeskInteractive/AutodeskInteractiveTransparent.shadergraph
  artifactKey: Guid(5c81372d981403744adbdda4433c9c11) Importer(815301076,1909f56bfc062723c751e8b465ee728b)
Start importing Packages/com.unity.render-pipelines.universal/Shaders/AutodeskInteractive/AutodeskInteractiveTransparent.shadergraph using Guid(5c81372d981403744adbdda4433c9c11) Importer(815301076,1909f56bfc062723c751e8b465ee728b) (PreviewImporter) -> (artifact id: '357cd72dc65914a77d7436795ee4963c') in 0.3846803 seconds
Number of updated asset objects reloaded before import = 0Number of asset objects unloaded after import = 0

========================================================================
Received Import Request.
  Time since last request: 0.000038 seconds.
  path: Assets/TextMesh Pro/Shaders/TMP_SDF-URP Lit.shadergraph
  artifactKey: Guid(a3d800b099a06e0478fb790c5e79057a) Importer(815301076,1909f56bfc062723c751e8b465ee728b)
Start importing Assets/TextMesh Pro/Shaders/TMP_SDF-URP Lit.shadergraph using Guid(a3d800b099a06e0478fb790c5e79057a) Importer(815301076,1909f56bfc062723c751e8b465ee728b) (PreviewImporter) -> (artifact id: 'b1287908b07f05f7b0def08791d0532d') in 0.4514778 seconds
Number of updated asset objects reloaded before import = 0Number of asset objects unloaded after import = 3

========================================================================
Received Import Request.
  Time since last request: 246.663475 seconds.
  path: Assets/New Asssets/Plant Animations/Plant 3/Plant3_00032.png
  artifactKey: Guid(936787bd6e0b79644b20dd612a595785) Importer(815301076,1909f56bfc062723c751e8b465ee728b)
Start importing Assets/New Asssets/Plant Animations/Plant 3/Plant3_00032.png using Guid(936787bd6e0b79644b20dd612a595785) Importer(815301076,1909f56bfc062723c751e8b465ee728b) (PreviewImporter) -> (artifact id: '0f4aa1393a5737f7e15d1719e43c2ac9') in 0.0289769 seconds
Number of updated asset objects reloaded before import = 0Number of asset objects unloaded after import = 4

========================================================================
Received Import Request.
  Time since last request: 0.000033 seconds.
  path: Assets/New Asssets/Plant Animations/Plant 3/Plant3_00034.png
  artifactKey: Guid(d71f5a489e9dfa746bc3bdf99e5f4118) Importer(815301076,1909f56bfc062723c751e8b465ee728b)
Start importing Assets/New Asssets/Plant Animations/Plant 3/Plant3_00034.png using Guid(d71f5a489e9dfa746bc3bdf99e5f4118) Importer(815301076,1909f56bfc062723c751e8b465ee728b) (PreviewImporter) -> (artifact id: '3868ef3189423898481909d29b34764d') in 0.0273359 seconds
Number of updated asset objects reloaded before import = 0Number of asset objects unloaded after import = 4

========================================================================
Received Import Request.
  Time since last request: 0.000034 seconds.
  path: Assets/New Asssets/Plant Animations/Plant 3/Plant3_00035.png
  artifactKey: Guid(bae9f678758d32c47b56558df9ec531b) Importer(815301076,1909f56bfc062723c751e8b465ee728b)
Start importing Assets/New Asssets/Plant Animations/Plant 3/Plant3_00035.png using Guid(bae9f678758d32c47b56558df9ec531b) Importer(815301076,1909f56bfc062723c751e8b465ee728b) (PreviewImporter) -> (artifact id: 'baf5f5dd0da833419f42fce2093b7d23') in 0.0214482 seconds
Number of updated asset objects reloaded before import = 0Number of asset objects unloaded after import = 4

========================================================================
Received Import Request.
  Time since last request: 1.008826 seconds.
  path: Assets/New Asssets/Plant Animations/Plant 3/Plant3_00037.png
  artifactKey: Guid(ec4af0b0ff9dbfc4599c81c583817d0f) Importer(815301076,1909f56bfc062723c751e8b465ee728b)
Start importing Assets/New Asssets/Plant Animations/Plant 3/Plant3_00037.png using Guid(ec4af0b0ff9dbfc4599c81c583817d0f) Importer(815301076,1909f56bfc062723c751e8b465ee728b) (PreviewImporter) -> (artifact id: '158dd9fa67e876ebe7ec5e34c3fe8ef0') in 0.0210773 seconds
Number of updated asset objects reloaded before import = 0Number of asset objects unloaded after import = 4

========================================================================
Received Import Request.
  Time since last request: 0.000035 seconds.
  path: Assets/New Asssets/Plant Animations/Plant 3/Plant3_00038.png
  artifactKey: Guid(bbf96c069945ec245b25b88faf345b50) Importer(815301076,1909f56bfc062723c751e8b465ee728b)
Start importing Assets/New Asssets/Plant Animations/Plant 3/Plant3_00038.png using Guid(bbf96c069945ec245b25b88faf345b50) Importer(815301076,1909f56bfc062723c751e8b465ee728b) (PreviewImporter) -> (artifact id: '9ec0967509adfa94856f0c2a9a5ef4d5') in 0.0207336 seconds
Number of updated asset objects reloaded before import = 0Number of asset objects unloaded after import = 4

========================================================================
Received Import Request.
  Time since last request: 0.299200 seconds.
  path: Assets/New Asssets/Plant Animations/Plant 3/Plant3_00039.png
  artifactKey: Guid(6ab9d821014354f4aab7b8d586b63a1d) Importer(815301076,1909f56bfc062723c751e8b465ee728b)
Start importing Assets/New Asssets/Plant Animations/Plant 3/Plant3_00039.png using Guid(6ab9d821014354f4aab7b8d586b63a1d) Importer(815301076,1909f56bfc062723c751e8b465ee728b) (PreviewImporter) -> (artifact id: 'abe55b25ceb1a42f08e63c23a282c5f6') in 0.02128 seconds
Number of updated asset objects reloaded before import = 0Number of asset objects unloaded after import = 4

========================================================================
Received Import Request.
  Time since last request: 0.000038 seconds.
  path: Assets/New Asssets/Plant Animations/Plant 3/Plant3_00040.png
  artifactKey: Guid(59fad3698e963034fbe37a7104240c01) Importer(815301076,1909f56bfc062723c751e8b465ee728b)
Start importing Assets/New Asssets/Plant Animations/Plant 3/Plant3_00040.png using Guid(59fad3698e963034fbe37a7104240c01) Importer(815301076,1909f56bfc062723c751e8b465ee728b) (PreviewImporter) -> (artifact id: 'f51b8200cfb518546a9fdb4781463222') in 0.0198436 seconds
Number of updated asset objects reloaded before import = 0Number of asset objects unloaded after import = 4

========================================================================
Received Import Request.
  Time since last request: 0.000025 seconds.
  path: Assets/New Asssets/Plant Animations/Plant 3/Plant3_00041.png
  artifactKey: Guid(75109acc015b2c14fbe380a54154821a) Importer(815301076,1909f56bfc062723c751e8b465ee728b)
Start importing Assets/New Asssets/Plant Animations/Plant 3/Plant3_00041.png using Guid(75109acc015b2c14fbe380a54154821a) Importer(815301076,1909f56bfc062723c751e8b465ee728b) (PreviewImporter) -> (artifact id: '9a347049d3c622c6cc280107b6ab4acf') in 0.0205959 seconds
Number of updated asset objects reloaded before import = 0Number of asset objects unloaded after import = 4

========================================================================
Received Import Request.
  Time since last request: 0.000040 seconds.
  path: Assets/New Asssets/Plant Animations/Plant 3/Plant3_00042.png
  artifactKey: Guid(ea45706c700ce69408bdd35921ec681a) Importer(815301076,1909f56bfc062723c751e8b465ee728b)
Start importing Assets/New Asssets/Plant Animations/Plant 3/Plant3_00042.png using Guid(ea45706c700ce69408bdd35921ec681a) Importer(815301076,1909f56bfc062723c751e8b465ee728b) (PreviewImporter) -> (artifact id: 'b3b546bbc00380326357a4fb173a1dc3') in 0.019385 seconds
Number of updated asset objects reloaded before import = 0Number of asset objects unloaded after import = 4

========================================================================
Received Import Request.
  Time since last request: 0.216735 seconds.
  path: Assets/New Asssets/Plant Animations/Plant 3/Plant3_00043.png
  artifactKey: Guid(ef95fb9a365dece46a3443f168a1e8b7) Importer(815301076,1909f56bfc062723c751e8b465ee728b)
Start importing Assets/New Asssets/Plant Animations/Plant 3/Plant3_00043.png using Guid(ef95fb9a365dece46a3443f168a1e8b7) Importer(815301076,1909f56bfc062723c751e8b465ee728b) (PreviewImporter) -> (artifact id: '28b357965f5ee4e7c5b727917a4b4c17') in 0.0197478 seconds
Number of updated asset objects reloaded before import = 0Number of asset objects unloaded after import = 4

========================================================================
Received Import Request.
  Time since last request: 0.000025 seconds.
  path: Assets/New Asssets/Plant Animations/Plant 3/Plant3_00044.png
  artifactKey: Guid(2e0360d69c9275b4fa9e99ee32dad16d) Importer(815301076,1909f56bfc062723c751e8b465ee728b)
Start importing Assets/New Asssets/Plant Animations/Plant 3/Plant3_00044.png using Guid(2e0360d69c9275b4fa9e99ee32dad16d) Importer(815301076,1909f56bfc062723c751e8b465ee728b) (PreviewImporter) -> (artifact id: 'cd461d722568eff8ac88d4d6ae3ba516') in 0.0186418 seconds
Number of updated asset objects reloaded before import = 0Number of asset objects unloaded after import = 4

========================================================================
Received Import Request.
  Time since last request: 0.272231 seconds.
  path: Assets/New Asssets/Plant Animations/Plant 3/Plant3_00045.png
  artifactKey: Guid(dd341c843810d8f4e90129de025ca116) Importer(815301076,1909f56bfc062723c751e8b465ee728b)
Start importing Assets/New Asssets/Plant Animations/Plant 3/Plant3_00045.png using Guid(dd341c843810d8f4e90129de025ca116) Importer(815301076,1909f56bfc062723c751e8b465ee728b) (PreviewImporter) -> (artifact id: 'db15184b875d9309612c2985d8002c4e') in 0.0187133 seconds
Number of updated asset objects reloaded before import = 0Number of asset objects unloaded after import = 4

========================================================================
Received Import Request.
  Time since last request: 0.011577 seconds.
  path: Assets/New Asssets/Plant Animations/Plant 3/Plant3_00046.png
  artifactKey: Guid(9cf1e7062847e2744b7906c0cf03c153) Importer(815301076,1909f56bfc062723c751e8b465ee728b)
Start importing Assets/New Asssets/Plant Animations/Plant 3/Plant3_00046.png using Guid(9cf1e7062847e2744b7906c0cf03c153) Importer(815301076,1909f56bfc062723c751e8b465ee728b) (PreviewImporter) -> (artifact id: 'ecc1c237f04d88d0f048021b168fd30d') in 0.0195702 seconds
Number of updated asset objects reloaded before import = 0Number of asset objects unloaded after import = 4

========================================================================
Received Import Request.
  Time since last request: 0.000028 seconds.
  path: Assets/New Asssets/Plant Animations/Plant 3/Plant3_00047.png
  artifactKey: Guid(2084f76cce84c924f86303e6c41167ad) Importer(815301076,1909f56bfc062723c751e8b465ee728b)
Start importing Assets/New Asssets/Plant Animations/Plant 3/Plant3_00047.png using Guid(2084f76cce84c924f86303e6c41167ad) Importer(815301076,1909f56bfc062723c751e8b465ee728b) (PreviewImporter) -> (artifact id: '566f4739c8d35395c6618ceba6999333') in 0.0195556 seconds
Number of updated asset objects reloaded before import = 0Number of asset objects unloaded after import = 4

========================================================================
Received Import Request.
  Time since last request: 0.184108 seconds.
  path: Assets/New Asssets/Plant Animations/Plant 3/Plant3_00048.png
  artifactKey: Guid(1739c3992f3bbfa40947a6f9e0b2002b) Importer(815301076,1909f56bfc062723c751e8b465ee728b)
Start importing Assets/New Asssets/Plant Animations/Plant 3/Plant3_00048.png using Guid(1739c3992f3bbfa40947a6f9e0b2002b) Importer(815301076,1909f56bfc062723c751e8b465ee728b) (PreviewImporter) -> (artifact id: 'ad05e9b6e599eeb2cae4753718ad4fb5') in 0.0202888 seconds
Number of updated asset objects reloaded before import = 0Number of asset objects unloaded after import = 4

========================================================================
Received Import Request.
  Time since last request: 0.018081 seconds.
  path: Assets/New Asssets/Plant Animations/Plant 3/Plant3_00050.png
  artifactKey: Guid(5aef7d1c5dcebaf4da08f0485d5d4d72) Importer(815301076,1909f56bfc062723c751e8b465ee728b)
Start importing Assets/New Asssets/Plant Animations/Plant 3/Plant3_00050.png using Guid(5aef7d1c5dcebaf4da08f0485d5d4d72) Importer(815301076,1909f56bfc062723c751e8b465ee728b) (PreviewImporter) -> (artifact id: 'ac492ea89e5028a6fdf78a0c06f836cc') in 0.0226252 seconds
Number of updated asset objects reloaded before import = 0Number of asset objects unloaded after import = 4

========================================================================
Received Import Request.
  Time since last request: 0.180644 seconds.
  path: Assets/New Asssets/Plant Animations/Plant 3/Plant3_00051.png
  artifactKey: Guid(dbf9b2eecbae1394393f3253b2be0829) Importer(815301076,1909f56bfc062723c751e8b465ee728b)
Start importing Assets/New Asssets/Plant Animations/Plant 3/Plant3_00051.png using Guid(dbf9b2eecbae1394393f3253b2be0829) Importer(815301076,1909f56bfc062723c751e8b465ee728b) (PreviewImporter) -> (artifact id: 'f74355832cc9f231c35e809f82dc1f1d') in 0.0208171 seconds
Number of updated asset objects reloaded before import = 0Number of asset objects unloaded after import = 4

========================================================================
Received Import Request.
  Time since last request: 0.000022 seconds.
  path: Assets/New Asssets/Plant Animations/Plant 3/Plant3_00052.png
  artifactKey: Guid(35cf517d91984e8408a7bc761bb000e7) Importer(815301076,1909f56bfc062723c751e8b465ee728b)
Start importing Assets/New Asssets/Plant Animations/Plant 3/Plant3_00052.png using Guid(35cf517d91984e8408a7bc761bb000e7) Importer(815301076,1909f56bfc062723c751e8b465ee728b) (PreviewImporter) -> (artifact id: '2af434a053ec676eed6e6469eadb75ee') in 0.0203502 seconds
Number of updated asset objects reloaded before import = 0Number of asset objects unloaded after import = 4

========================================================================
Received Import Request.
  Time since last request: 0.222788 seconds.
  path: Assets/New Asssets/Plant Animations/Plant 3/Plant3_00054.png
  artifactKey: Guid(b71d2b42f51c7144e99f943a35079a1c) Importer(815301076,1909f56bfc062723c751e8b465ee728b)
Start importing Assets/New Asssets/Plant Animations/Plant 3/Plant3_00054.png using Guid(b71d2b42f51c7144e99f943a35079a1c) Importer(815301076,1909f56bfc062723c751e8b465ee728b) (PreviewImporter) -> (artifact id: 'ab08999f9dc3ce4163b63acb4807d72b') in 0.0226005 seconds
Number of updated asset objects reloaded before import = 0Number of asset objects unloaded after import = 4

========================================================================
Received Import Request.
  Time since last request: 0.008834 seconds.
  path: Assets/New Asssets/Plant Animations/Plant 3/Plant3_00056.png
  artifactKey: Guid(fa81b82af290eaf48ab9b8ca029c05e1) Importer(815301076,1909f56bfc062723c751e8b465ee728b)
Start importing Assets/New Asssets/Plant Animations/Plant 3/Plant3_00056.png using Guid(fa81b82af290eaf48ab9b8ca029c05e1) Importer(815301076,1909f56bfc062723c751e8b465ee728b) (PreviewImporter) -> (artifact id: 'ad1784c57fc7a8110584bf773f6ead76') in 0.0230717 seconds
Number of updated asset objects reloaded before import = 0Number of asset objects unloaded after import = 4

========================================================================
Received Import Request.
  Time since last request: 0.192733 seconds.
  path: Assets/New Asssets/Plant Animations/Plant 3/Plant3_00057.png
  artifactKey: Guid(6bdfe83d14753134d80bea4da92de049) Importer(815301076,1909f56bfc062723c751e8b465ee728b)
Start importing Assets/New Asssets/Plant Animations/Plant 3/Plant3_00057.png using Guid(6bdfe83d14753134d80bea4da92de049) Importer(815301076,1909f56bfc062723c751e8b465ee728b) (PreviewImporter) -> (artifact id: '0ea325b12a33dd426105933bb7e94813') in 0.0211663 seconds
Number of updated asset objects reloaded before import = 0Number of asset objects unloaded after import = 4

========================================================================
Received Import Request.
  Time since last request: 0.000025 seconds.
  path: Assets/New Asssets/Plant Animations/Plant 3/Plant3_00059.png
  artifactKey: Guid(566f8fadcf91155459f24a5b4ab37b0f) Importer(815301076,1909f56bfc062723c751e8b465ee728b)
Start importing Assets/New Asssets/Plant Animations/Plant 3/Plant3_00059.png using Guid(566f8fadcf91155459f24a5b4ab37b0f) Importer(815301076,1909f56bfc062723c751e8b465ee728b) (PreviewImporter) -> (artifact id: '5c71ab4d02bcbb39ec41edc2ac77ec5c') in 0.0235931 seconds
Number of updated asset objects reloaded before import = 0Number of asset objects unloaded after import = 4

========================================================================
Received Import Request.
  Time since last request: 0.225863 seconds.
  path: Assets/New Asssets/Plant Animations/Plant 3/Plant3_00060.png
  artifactKey: Guid(0356cee0b76e42a45bd18f3f08400767) Importer(815301076,1909f56bfc062723c751e8b465ee728b)
Start importing Assets/New Asssets/Plant Animations/Plant 3/Plant3_00060.png using Guid(0356cee0b76e42a45bd18f3f08400767) Importer(815301076,1909f56bfc062723c751e8b465ee728b) (PreviewImporter) -> (artifact id: 'c79782227339d6429343faa988209b74') in 0.0252774 seconds
Number of updated asset objects reloaded before import = 0Number of asset objects unloaded after import = 4

========================================================================
Received Import Request.
  Time since last request: 0.028397 seconds.
  path: Assets/New Asssets/Plant Animations/Plant 3/Plant3_00061.png
  artifactKey: Guid(bf562659675c3934fb31587b6fe95406) Importer(815301076,1909f56bfc062723c751e8b465ee728b)
Start importing Assets/New Asssets/Plant Animations/Plant 3/Plant3_00061.png using Guid(bf562659675c3934fb31587b6fe95406) Importer(815301076,1909f56bfc062723c751e8b465ee728b) (PreviewImporter) -> (artifact id: '9ffd1e7b578f298acb9134d1d49405bb') in 0.0249953 seconds
Number of updated asset objects reloaded before import = 0Number of asset objects unloaded after import = 4

========================================================================
Received Import Request.
  Time since last request: 0.000023 seconds.
  path: Assets/New Asssets/Plant Animations/Plant 3/Plant3_00062.png
  artifactKey: Guid(8eb7cac649a84774dbf4fc4bbb7e8fdd) Importer(815301076,1909f56bfc062723c751e8b465ee728b)
Start importing Assets/New Asssets/Plant Animations/Plant 3/Plant3_00062.png using Guid(8eb7cac649a84774dbf4fc4bbb7e8fdd) Importer(815301076,1909f56bfc062723c751e8b465ee728b) (PreviewImporter) -> (artifact id: '137bcc6a9797ff2d89832c913f0c0dac') in 0.0219687 seconds
Number of updated asset objects reloaded before import = 0Number of asset objects unloaded after import = 4

========================================================================
Received Import Request.
  Time since last request: 0.196220 seconds.
  path: Assets/New Asssets/Plant Animations/Plant 3/Plant3_00063.png
  artifactKey: Guid(e07458f2e534b90499f3a85735fdce6f) Importer(815301076,1909f56bfc062723c751e8b465ee728b)
Start importing Assets/New Asssets/Plant Animations/Plant 3/Plant3_00063.png using Guid(e07458f2e534b90499f3a85735fdce6f) Importer(815301076,1909f56bfc062723c751e8b465ee728b) (PreviewImporter) -> (artifact id: 'b17945387a3c46ad868b433d7e1234f3') in 0.0231854 seconds
Number of updated asset objects reloaded before import = 0Number of asset objects unloaded after import = 4

========================================================================
Received Import Request.
  Time since last request: 0.000027 seconds.
  path: Assets/New Asssets/Plant Animations/Plant 3/Plant3_00065.png
  artifactKey: Guid(6787af1864cebac439b3408391e0195e) Importer(815301076,1909f56bfc062723c751e8b465ee728b)
Start importing Assets/New Asssets/Plant Animations/Plant 3/Plant3_00065.png using Guid(6787af1864cebac439b3408391e0195e) Importer(815301076,1909f56bfc062723c751e8b465ee728b) (PreviewImporter) -> (artifact id: '3040e2c9ca2c3611dd521592b66f8936') in 0.0241266 seconds
Number of updated asset objects reloaded before import = 0Number of asset objects unloaded after import = 4

========================================================================
Received Import Request.
  Time since last request: 0.191866 seconds.
  path: Assets/New Asssets/Plant Animations/Plant 3/Plant3_00066.png
  artifactKey: Guid(1c4166a636e5aa1489d8fa36000032cb) Importer(815301076,1909f56bfc062723c751e8b465ee728b)
Start importing Assets/New Asssets/Plant Animations/Plant 3/Plant3_00066.png using Guid(1c4166a636e5aa1489d8fa36000032cb) Importer(815301076,1909f56bfc062723c751e8b465ee728b) (PreviewImporter) -> (artifact id: '6767cbe32bd176f49de7bde6235cb39e') in 0.0253072 seconds
Number of updated asset objects reloaded before import = 0Number of asset objects unloaded after import = 4

========================================================================
Received Import Request.
  Time since last request: 0.000038 seconds.
  path: Assets/New Asssets/Plant Animations/Plant 3/Plant3_00068.png
  artifactKey: Guid(98e66928827e7c64bb3d10971f7e9a78) Importer(815301076,1909f56bfc062723c751e8b465ee728b)
Start importing Assets/New Asssets/Plant Animations/Plant 3/Plant3_00068.png using Guid(98e66928827e7c64bb3d10971f7e9a78) Importer(815301076,1909f56bfc062723c751e8b465ee728b) (PreviewImporter) -> (artifact id: '3ddaf736bb0a41b97711ecd148e9c539') in 0.0268131 seconds
Number of updated asset objects reloaded before import = 0Number of asset objects unloaded after import = 4

========================================================================
Received Import Request.
  Time since last request: 0.204493 seconds.
  path: Assets/New Asssets/Plant Animations/Plant 3/Plant3_00070.png
  artifactKey: Guid(4d2d9ea4a7db98f49b7c7994c0094a96) Importer(815301076,1909f56bfc062723c751e8b465ee728b)
Start importing Assets/New Asssets/Plant Animations/Plant 3/Plant3_00070.png using Guid(4d2d9ea4a7db98f49b7c7994c0094a96) Importer(815301076,1909f56bfc062723c751e8b465ee728b) (PreviewImporter) -> (artifact id: '2abc9c60bbda53f592147bdfae82bdf8') in 0.0216584 seconds
Number of updated asset objects reloaded before import = 0Number of asset objects unloaded after import = 4

========================================================================
Received Import Request.
  Time since last request: 0.000033 seconds.
  path: Assets/New Asssets/Plant Animations/Plant 3/Plant3_00072.png
  artifactKey: Guid(bba6cb17f1133b04ca37f87601f369c0) Importer(815301076,1909f56bfc062723c751e8b465ee728b)
Start importing Assets/New Asssets/Plant Animations/Plant 3/Plant3_00072.png using Guid(bba6cb17f1133b04ca37f87601f369c0) Importer(815301076,1909f56bfc062723c751e8b465ee728b) (PreviewImporter) -> (artifact id: '438b606327d030474960d723865f3f07') in 0.0202107 seconds
Number of updated asset objects reloaded before import = 0Number of asset objects unloaded after import = 4

========================================================================
Received Import Request.
  Time since last request: 0.704477 seconds.
  path: Assets/New Asssets/Plant Animations/Plant 3/Plant3_00074.png
  artifactKey: Guid(4c8f0e9f8b25bc44a8e0ffe380834cdc) Importer(815301076,1909f56bfc062723c751e8b465ee728b)
Start importing Assets/New Asssets/Plant Animations/Plant 3/Plant3_00074.png using Guid(4c8f0e9f8b25bc44a8e0ffe380834cdc) Importer(815301076,1909f56bfc062723c751e8b465ee728b) (PreviewImporter) -> (artifact id: '5b6f238f3ec30a55a96b490badcaef14') in 0.0253776 seconds
Number of updated asset objects reloaded before import = 0Number of asset objects unloaded after import = 4

========================================================================
Received Import Request.
  Time since last request: 0.000029 seconds.
  path: Assets/New Asssets/Plant Animations/Plant 3/Plant3_00080.png
  artifactKey: Guid(68e7bdd3620f54149b2756d4dcffd29a) Importer(815301076,1909f56bfc062723c751e8b465ee728b)
Start importing Assets/New Asssets/Plant Animations/Plant 3/Plant3_00080.png using Guid(68e7bdd3620f54149b2756d4dcffd29a) Importer(815301076,1909f56bfc062723c751e8b465ee728b) (PreviewImporter) -> (artifact id: '5457f1fabae9a9e45df6b90829198f6e') in 0.0228835 seconds
Number of updated asset objects reloaded before import = 0Number of asset objects unloaded after import = 4

========================================================================
Received Import Request.
  Time since last request: 0.000045 seconds.
  path: Assets/New Asssets/Plant Animations/Plant 4/Plant4_00021.png
  artifactKey: Guid(6804d5fc12022dc4fb8f9461f6e3da83) Importer(815301076,1909f56bfc062723c751e8b465ee728b)
Start importing Assets/New Asssets/Plant Animations/Plant 4/Plant4_00021.png using Guid(6804d5fc12022dc4fb8f9461f6e3da83) Importer(815301076,1909f56bfc062723c751e8b465ee728b) (PreviewImporter) -> (artifact id: '5a4f61774d8373453a3ec08176b98a37') in 0.0219023 seconds
Number of updated asset objects reloaded before import = 0Number of asset objects unloaded after import = 3

========================================================================
Received Import Request.
  Time since last request: 0.000034 seconds.
  path: Assets/New Asssets/Plant Animations/Plant 6/Plant6_00030.png
  artifactKey: Guid(f1d6457c18a7e934089fe33a74031643) Importer(815301076,1909f56bfc062723c751e8b465ee728b)
Start importing Assets/New Asssets/Plant Animations/Plant 6/Plant6_00030.png using Guid(f1d6457c18a7e934089fe33a74031643) Importer(815301076,1909f56bfc062723c751e8b465ee728b) (PreviewImporter) -> (artifact id: '27a115472ed9ed49e34f13fb0de3e590') in 0.0214007 seconds
Number of updated asset objects reloaded before import = 0Number of asset objects unloaded after import = 3

========================================================================
Received Import Request.
  Time since last request: 0.000033 seconds.
  path: Assets/New Asssets/SlimeGreen/SlimeBasic_00009.png
  artifactKey: Guid(23cc15cc09ef6b54cb63f42c0dd880cb) Importer(815301076,1909f56bfc062723c751e8b465ee728b)
Start importing Assets/New Asssets/SlimeGreen/SlimeBasic_00009.png using Guid(23cc15cc09ef6b54cb63f42c0dd880cb) Importer(815301076,1909f56bfc062723c751e8b465ee728b) (PreviewImporter) -> (artifact id: '83b864099530c19ae03368d36ced1bce') in 0.0211565 seconds
Number of updated asset objects reloaded before import = 0Number of asset objects unloaded after import = 3

========================================================================
Received Import Request.
  Time since last request: 0.000022 seconds.
  path: Assets/New Asssets/Plant Animations/Plant 5/Plant5_00047.png
  artifactKey: Guid(47269e732f48f0240ae9ffbb1ef09dd3) Importer(815301076,1909f56bfc062723c751e8b465ee728b)
Start importing Assets/New Asssets/Plant Animations/Plant 5/Plant5_00047.png using Guid(47269e732f48f0240ae9ffbb1ef09dd3) Importer(815301076,1909f56bfc062723c751e8b465ee728b) (PreviewImporter) -> (artifact id: '24783375d306cb0f720c255937781c12') in 0.0208349 seconds
Number of updated asset objects reloaded before import = 0Number of asset objects unloaded after import = 3

========================================================================
Received Import Request.
  Time since last request: 0.000021 seconds.
  path: Assets/New Asssets/Plant Animations/Plant 5/Plant5_00025.png
  artifactKey: Guid(5e30ec3d19a451a44b0888aaf60d81ad) Importer(815301076,1909f56bfc062723c751e8b465ee728b)
Start importing Assets/New Asssets/Plant Animations/Plant 5/Plant5_00025.png using Guid(5e30ec3d19a451a44b0888aaf60d81ad) Importer(815301076,1909f56bfc062723c751e8b465ee728b) (PreviewImporter) -> (artifact id: '730d3055de0ed986f83d5296892dc864') in 0.0195737 seconds
Number of updated asset objects reloaded before import = 0Number of asset objects unloaded after import = 3

========================================================================
Received Import Request.
  Time since last request: 0.000033 seconds.
  path: Assets/New Asssets/Plant Animations/Plant 4/Plant4_00017.png
  artifactKey: Guid(56c298e6e90a1c94da6183422d50f23a) Importer(815301076,1909f56bfc062723c751e8b465ee728b)
Start importing Assets/New Asssets/Plant Animations/Plant 4/Plant4_00017.png using Guid(56c298e6e90a1c94da6183422d50f23a) Importer(815301076,1909f56bfc062723c751e8b465ee728b) (PreviewImporter) -> (artifact id: 'd2e9bbbf714ae0bd92a65cda89664063') in 0.0217472 seconds
Number of updated asset objects reloaded before import = 0Number of asset objects unloaded after import = 3

========================================================================
Received Import Request.
  Time since last request: 0.000038 seconds.
  path: Assets/New Asssets/Plant Animations/Plant 7/Plant7_00002.png
  artifactKey: Guid(4eb8e7b887ade2b49984b34273596fb1) Importer(815301076,1909f56bfc062723c751e8b465ee728b)
Start importing Assets/New Asssets/Plant Animations/Plant 7/Plant7_00002.png using Guid(4eb8e7b887ade2b49984b34273596fb1) Importer(815301076,1909f56bfc062723c751e8b465ee728b) (PreviewImporter) -> (artifact id: '41a7981de2cc25115ffa2713464a5dce') in 0.0206508 seconds
Number of updated asset objects reloaded before import = 0Number of asset objects unloaded after import = 3

========================================================================
Received Import Request.
  Time since last request: 0.000024 seconds.
  path: Assets/New Asssets/SlimeOrange/SlimeOrange_00029.png
  artifactKey: Guid(86ea5d472d0a4694e8e2e1574b2636d6) Importer(815301076,1909f56bfc062723c751e8b465ee728b)
Start importing Assets/New Asssets/SlimeOrange/SlimeOrange_00029.png using Guid(86ea5d472d0a4694e8e2e1574b2636d6) Importer(815301076,1909f56bfc062723c751e8b465ee728b) (PreviewImporter) -> (artifact id: 'b565ff926c700008b17752c748b76a33') in 0.0215631 seconds
Number of updated asset objects reloaded before import = 0Number of asset objects unloaded after import = 3

========================================================================
Received Import Request.
  Time since last request: 0.000030 seconds.
  path: Assets/New Asssets/Plant Animations/Plant 6/Plant6_00034.png
  artifactKey: Guid(43b9692233accfd42a0d3432ae4a0eb1) Importer(815301076,1909f56bfc062723c751e8b465ee728b)
Start importing Assets/New Asssets/Plant Animations/Plant 6/Plant6_00034.png using Guid(43b9692233accfd42a0d3432ae4a0eb1) Importer(815301076,1909f56bfc062723c751e8b465ee728b) (PreviewImporter) -> (artifact id: '6d3abc2430763303aef97ee0492fc076') in 0.0197905 seconds
Number of updated asset objects reloaded before import = 0Number of asset objects unloaded after import = 3

========================================================================
Received Import Request.
  Time since last request: 0.000027 seconds.
  path: Assets/New Asssets/Plant Animations/Plant 5/Plant5_00018.png
  artifactKey: Guid(a1931fec9aeb70442a573d68ec698c4e) Importer(815301076,1909f56bfc062723c751e8b465ee728b)
Start importing Assets/New Asssets/Plant Animations/Plant 5/Plant5_00018.png using Guid(a1931fec9aeb70442a573d68ec698c4e) Importer(815301076,1909f56bfc062723c751e8b465ee728b) (PreviewImporter) -> (artifact id: '42c76be1aba35ccbabf0a594d44b1730') in 0.020597 seconds
Number of updated asset objects reloaded before import = 0Number of asset objects unloaded after import = 3

========================================================================
Received Import Request.
  Time since last request: 0.000035 seconds.
  path: Assets/New Asssets/Plant Animations/Plant 8 Poison/PlantPosion_00005.png
  artifactKey: Guid(23a296ec44d78d240afbecbc9f9f7ff8) Importer(815301076,1909f56bfc062723c751e8b465ee728b)
Start importing Assets/New Asssets/Plant Animations/Plant 8 Poison/PlantPosion_00005.png using Guid(23a296ec44d78d240afbecbc9f9f7ff8) Importer(815301076,1909f56bfc062723c751e8b465ee728b) (PreviewImporter) -> (artifact id: 'dc22f59edc28f7d09553bd3ee422dc4a') in 0.0231928 seconds
Number of updated asset objects reloaded before import = 0Number of asset objects unloaded after import = 3

========================================================================
Received Import Request.
  Time since last request: 0.000060 seconds.
  path: Assets/New Asssets/SlimeGreen/SlimeBasic_00001.png
  artifactKey: Guid(ab68bbdc0988fac47a85f9af1977bb45) Importer(815301076,1909f56bfc062723c751e8b465ee728b)
Start importing Assets/New Asssets/SlimeGreen/SlimeBasic_00001.png using Guid(ab68bbdc0988fac47a85f9af1977bb45) Importer(815301076,1909f56bfc062723c751e8b465ee728b) (PreviewImporter) -> (artifact id: 'f9b15810bd574d36179c17afabd34622') in 0.0201462 seconds
Number of updated asset objects reloaded before import = 0Number of asset objects unloaded after import = 3

========================================================================
Received Import Request.
  Time since last request: 0.000031 seconds.
  path: Assets/New Asssets/SlimeOrange/SlimeOrange_00003.png
  artifactKey: Guid(aaef0a45c28f2aa4c9f9bd33e9c4be2f) Importer(815301076,1909f56bfc062723c751e8b465ee728b)
Start importing Assets/New Asssets/SlimeOrange/SlimeOrange_00003.png using Guid(aaef0a45c28f2aa4c9f9bd33e9c4be2f) Importer(815301076,1909f56bfc062723c751e8b465ee728b) (PreviewImporter) -> (artifact id: 'ef48f7fc01ad22d7b7144aaf5c3b0e56') in 0.0197766 seconds
Number of updated asset objects reloaded before import = 0Number of asset objects unloaded after import = 3

========================================================================
Received Import Request.
  Time since last request: 0.000026 seconds.
  path: Assets/New Asssets/SlimeGreen/SlimeBasic_00010.png
  artifactKey: Guid(6a5d9d1a6d845274f91c84988cea2a32) Importer(815301076,1909f56bfc062723c751e8b465ee728b)
Start importing Assets/New Asssets/SlimeGreen/SlimeBasic_00010.png using Guid(6a5d9d1a6d845274f91c84988cea2a32) Importer(815301076,1909f56bfc062723c751e8b465ee728b) (PreviewImporter) -> (artifact id: '44b7bced57f2efff6b60a5b7109f511c') in 0.021212 seconds
Number of updated asset objects reloaded before import = 0Number of asset objects unloaded after import = 3

========================================================================
Received Import Request.
  Time since last request: 0.000038 seconds.
  path: Assets/New Asssets/Plant Animations/Plant 7/Plant7_00045.png
  artifactKey: Guid(87bd508db507ca741a8af6120537c0fc) Importer(815301076,1909f56bfc062723c751e8b465ee728b)
Start importing Assets/New Asssets/Plant Animations/Plant 7/Plant7_00045.png using Guid(87bd508db507ca741a8af6120537c0fc) Importer(815301076,1909f56bfc062723c751e8b465ee728b) (PreviewImporter) -> (artifact id: '77a6e7a520d10dac144c61c038c4fa22') in 0.0174096 seconds
Number of updated asset objects reloaded before import = 0Number of asset objects unloaded after import = 3

========================================================================
Received Import Request.
  Time since last request: 0.000035 seconds.
  path: Assets/New Asssets/Plant Animations/Plant 5/Plant5_00057.png
  artifactKey: Guid(9da2cc55eadb39d41bf5a00854d8aae7) Importer(815301076,1909f56bfc062723c751e8b465ee728b)
Start importing Assets/New Asssets/Plant Animations/Plant 5/Plant5_00057.png using Guid(9da2cc55eadb39d41bf5a00854d8aae7) Importer(815301076,1909f56bfc062723c751e8b465ee728b) (PreviewImporter) -> (artifact id: '5468733b217e538fce5a62bba31a56d0') in 0.0198033 seconds
Number of updated asset objects reloaded before import = 0Number of asset objects unloaded after import = 3

========================================================================
Received Import Request.
  Time since last request: 0.000032 seconds.
  path: Assets/New Asssets/SlimeOrange/SlimeOrange_00026.png
  artifactKey: Guid(a8d367f412ca87c4383ebe914d02d528) Importer(815301076,1909f56bfc062723c751e8b465ee728b)
Start importing Assets/New Asssets/SlimeOrange/SlimeOrange_00026.png using Guid(a8d367f412ca87c4383ebe914d02d528) Importer(815301076,1909f56bfc062723c751e8b465ee728b) (PreviewImporter) -> (artifact id: '799567316720ee6fbe9351749c19a768') in 0.0208033 seconds
Number of updated asset objects reloaded before import = 0Number of asset objects unloaded after import = 3

========================================================================
Received Import Request.
  Time since last request: 0.000027 seconds.
  path: Assets/New Asssets/Plant Animations/Plant 5/Plant5_00020.png
  artifactKey: Guid(df96d5623b3856b488cf81880284d9ee) Importer(815301076,1909f56bfc062723c751e8b465ee728b)
Start importing Assets/New Asssets/Plant Animations/Plant 5/Plant5_00020.png using Guid(df96d5623b3856b488cf81880284d9ee) Importer(815301076,1909f56bfc062723c751e8b465ee728b) (PreviewImporter) -> (artifact id: '6291d0d478428363fd605752c5049c2d') in 0.0183373 seconds
Number of updated asset objects reloaded before import = 0Number of asset objects unloaded after import = 3

========================================================================
Received Import Request.
  Time since last request: 0.000034 seconds.
  path: Assets/New Asssets/Plant Animations/Plant 7/Plant7_00007.png
  artifactKey: Guid(4a64c5b5f3c33484ab175c23fbe37a33) Importer(815301076,1909f56bfc062723c751e8b465ee728b)
Start importing Assets/New Asssets/Plant Animations/Plant 7/Plant7_00007.png using Guid(4a64c5b5f3c33484ab175c23fbe37a33) Importer(815301076,1909f56bfc062723c751e8b465ee728b) (PreviewImporter) -> (artifact id: '230e2ccd3de06fd31eaed89878702ed8') in 0.0201749 seconds
Number of updated asset objects reloaded before import = 0Number of asset objects unloaded after import = 3

========================================================================
Received Import Request.
  Time since last request: 0.000030 seconds.
  path: Assets/New Asssets/Plant Animations/Plant 7/Plant7_00046.png
  artifactKey: Guid(d17e30588add5fe4faeda37bd7589612) Importer(815301076,1909f56bfc062723c751e8b465ee728b)
Start importing Assets/New Asssets/Plant Animations/Plant 7/Plant7_00046.png using Guid(d17e30588add5fe4faeda37bd7589612) Importer(815301076,1909f56bfc062723c751e8b465ee728b) (PreviewImporter) -> (artifact id: '174942412813c793394121e85be35175') in 0.0184773 seconds
Number of updated asset objects reloaded before import = 0Number of asset objects unloaded after import = 3

========================================================================
Received Import Request.
  Time since last request: 0.000041 seconds.
  path: Assets/New Asssets/Plant Animations/Plant 5/Plant5_00004.png
  artifactKey: Guid(24173a5715798ba45ae3fef3d5153fef) Importer(815301076,1909f56bfc062723c751e8b465ee728b)
Start importing Assets/New Asssets/Plant Animations/Plant 5/Plant5_00004.png using Guid(24173a5715798ba45ae3fef3d5153fef) Importer(815301076,1909f56bfc062723c751e8b465ee728b) (PreviewImporter) -> (artifact id: '5c898a13fd49020c6d94df801417f103') in 0.0202959 seconds
Number of updated asset objects reloaded before import = 0Number of asset objects unloaded after import = 3

========================================================================
Received Import Request.
  Time since last request: 0.000024 seconds.
  path: Assets/New Asssets/SlimeGreen/SlimeBasic_00005.png
  artifactKey: Guid(8f74f9c91ffdffc4e8f157eee3aeac40) Importer(815301076,1909f56bfc062723c751e8b465ee728b)
Start importing Assets/New Asssets/SlimeGreen/SlimeBasic_00005.png using Guid(8f74f9c91ffdffc4e8f157eee3aeac40) Importer(815301076,1909f56bfc062723c751e8b465ee728b) (PreviewImporter) -> (artifact id: 'a301cbed84e258697b73ec165a17ec07') in 0.0187119 seconds
Number of updated asset objects reloaded before import = 0Number of asset objects unloaded after import = 3

========================================================================
Received Import Request.
  Time since last request: 0.000029 seconds.
  path: Assets/New Asssets/SlimeOrange/SlimeOrange_00004.png
  artifactKey: Guid(54c501dba7e66994b91073b5c3b21216) Importer(815301076,1909f56bfc062723c751e8b465ee728b)
Start importing Assets/New Asssets/SlimeOrange/SlimeOrange_00004.png using Guid(54c501dba7e66994b91073b5c3b21216) Importer(815301076,1909f56bfc062723c751e8b465ee728b) (PreviewImporter) -> (artifact id: '6d565bfafc9b70b520d23dbcdcdf3e77') in 0.018566 seconds
Number of updated asset objects reloaded before import = 0Number of asset objects unloaded after import = 3

========================================================================
Received Import Request.
  Time since last request: 0.000025 seconds.
  path: Assets/New Asssets/SlimeOrange/SlimeOrange_00018.png
  artifactKey: Guid(27902edcc6f1b9d48933ea6f2a6a4cc0) Importer(815301076,1909f56bfc062723c751e8b465ee728b)
Start importing Assets/New Asssets/SlimeOrange/SlimeOrange_00018.png using Guid(27902edcc6f1b9d48933ea6f2a6a4cc0) Importer(815301076,1909f56bfc062723c751e8b465ee728b) (PreviewImporter) -> (artifact id: '4f69a8bac56ef156f02c89585b91b0d7') in 0.0181035 seconds
Number of updated asset objects reloaded before import = 0Number of asset objects unloaded after import = 3

========================================================================
Received Import Request.
  Time since last request: 0.000036 seconds.
  path: Assets/New Asssets/SlimeGreen/SlimeBasic_00020.png
  artifactKey: Guid(7d18915d727aca24495c70d81ae43ff3) Importer(815301076,1909f56bfc062723c751e8b465ee728b)
Start importing Assets/New Asssets/SlimeGreen/SlimeBasic_00020.png using Guid(7d18915d727aca24495c70d81ae43ff3) Importer(815301076,1909f56bfc062723c751e8b465ee728b) (PreviewImporter) -> (artifact id: '59c0eefc6ba44deffa6b75781decfc5f') in 0.01834 seconds
Number of updated asset objects reloaded before import = 0Number of asset objects unloaded after import = 3

========================================================================
Received Import Request.
  Time since last request: 0.000049 seconds.
  path: Assets/New Asssets/SlimeOrange/SlimeOrange_00019.png
  artifactKey: Guid(b155bfba8e1aa9243867cbefb72ad0c5) Importer(815301076,1909f56bfc062723c751e8b465ee728b)
Start importing Assets/New Asssets/SlimeOrange/SlimeOrange_00019.png using Guid(b155bfba8e1aa9243867cbefb72ad0c5) Importer(815301076,1909f56bfc062723c751e8b465ee728b) (PreviewImporter) -> (artifact id: '3e6241d67efa4a67ee456a98b52c752e') in 0.020258 seconds
Number of updated asset objects reloaded before import = 0Number of asset objects unloaded after import = 3

========================================================================
Received Import Request.
  Time since last request: 0.000034 seconds.
  path: Assets/New Asssets/SlimeGreen/SlimeBasic_00002.png
  artifactKey: Guid(7b3d493d08bd1bf468c41549bcf900ee) Importer(815301076,1909f56bfc062723c751e8b465ee728b)
Start importing Assets/New Asssets/SlimeGreen/SlimeBasic_00002.png using Guid(7b3d493d08bd1bf468c41549bcf900ee) Importer(815301076,1909f56bfc062723c751e8b465ee728b) (PreviewImporter) -> (artifact id: '2af214e955bd0b4a85c06ea918030f35') in 0.0200307 seconds
Number of updated asset objects reloaded before import = 0Number of asset objects unloaded after import = 3

========================================================================
Received Import Request.
  Time since last request: 0.000030 seconds.
  path: Assets/New Asssets/Plant Animations/Plant 5/Plant5_00052.png
  artifactKey: Guid(bab283db83b23e442a4d5cc2dd1cf48f) Importer(815301076,1909f56bfc062723c751e8b465ee728b)
Start importing Assets/New Asssets/Plant Animations/Plant 5/Plant5_00052.png using Guid(bab283db83b23e442a4d5cc2dd1cf48f) Importer(815301076,1909f56bfc062723c751e8b465ee728b) (PreviewImporter) -> (artifact id: '055796cd64fa5945516927883bce27f5') in 0.0181731 seconds
Number of updated asset objects reloaded before import = 0Number of asset objects unloaded after import = 3

========================================================================
Received Import Request.
  Time since last request: 0.000025 seconds.
  path: Assets/New Asssets/Plant Animations/Plant 5/Plant5_00005.png
  artifactKey: Guid(9234929c137618c48ae0d51dad42e281) Importer(815301076,1909f56bfc062723c751e8b465ee728b)
Start importing Assets/New Asssets/Plant Animations/Plant 5/Plant5_00005.png using Guid(9234929c137618c48ae0d51dad42e281) Importer(815301076,1909f56bfc062723c751e8b465ee728b) (PreviewImporter) -> (artifact id: '006c5537fa6f16fb37dafb0f3f9a0ff7') in 0.0203769 seconds
Number of updated asset objects reloaded before import = 0Number of asset objects unloaded after import = 3

========================================================================
Received Import Request.
  Time since last request: 0.000048 seconds.
  path: Assets/New Asssets/SlimeOrange/SlimeOrange_00011.png
  artifactKey: Guid(5b3c7fc98cde6d645a3a588c97c7566e) Importer(815301076,1909f56bfc062723c751e8b465ee728b)
Start importing Assets/New Asssets/SlimeOrange/SlimeOrange_00011.png using Guid(5b3c7fc98cde6d645a3a588c97c7566e) Importer(815301076,1909f56bfc062723c751e8b465ee728b) (PreviewImporter) -> (artifact id: 'a6e598e1181102de77f5bcadaa2c98b5') in 0.0189263 seconds
Number of updated asset objects reloaded before import = 0Number of asset objects unloaded after import = 3

========================================================================
Received Import Request.
  Time since last request: 0.000050 seconds.
  path: Assets/New Asssets/Plant Animations/Plant 6/Plant6_00038.png
  artifactKey: Guid(e01fcbb7a6b89b44ebacd769f874352d) Importer(815301076,1909f56bfc062723c751e8b465ee728b)
Start importing Assets/New Asssets/Plant Animations/Plant 6/Plant6_00038.png using Guid(e01fcbb7a6b89b44ebacd769f874352d) Importer(815301076,1909f56bfc062723c751e8b465ee728b) (PreviewImporter) -> (artifact id: '09066bce7b5e21b7a0a673ec75c22c36') in 0.0178913 seconds
Number of updated asset objects reloaded before import = 0Number of asset objects unloaded after import = 3

========================================================================
Received Import Request.
  Time since last request: 0.000035 seconds.
  path: Assets/New Asssets/SlimeOrange/SlimeOrange_00014.png
  artifactKey: Guid(5c21ec06a2867204ea8a77de562bf0d8) Importer(815301076,1909f56bfc062723c751e8b465ee728b)
Start importing Assets/New Asssets/SlimeOrange/SlimeOrange_00014.png using Guid(5c21ec06a2867204ea8a77de562bf0d8) Importer(815301076,1909f56bfc062723c751e8b465ee728b) (PreviewImporter) -> (artifact id: '17f3de0d76ec9155a27c20a934c03f0d') in 0.019807 seconds
Number of updated asset objects reloaded before import = 0Number of asset objects unloaded after import = 3

========================================================================
Received Import Request.
  Time since last request: 0.000023 seconds.
  path: Assets/New Asssets/Plant Animations/Plant 5/Plant5_00003.png
  artifactKey: Guid(068d6fac897fa7c47b37aadebc127b47) Importer(815301076,1909f56bfc062723c751e8b465ee728b)
Start importing Assets/New Asssets/Plant Animations/Plant 5/Plant5_00003.png using Guid(068d6fac897fa7c47b37aadebc127b47) Importer(815301076,1909f56bfc062723c751e8b465ee728b) (PreviewImporter) -> (artifact id: 'b0bc1133d1fecb9745d50b7053133fb3') in 0.0200186 seconds
Number of updated asset objects reloaded before import = 0Number of asset objects unloaded after import = 3

========================================================================
Received Import Request.
  Time since last request: 0.000026 seconds.
  path: Assets/New Asssets/Plant Animations/Plant 7/Plant7_00018.png
  artifactKey: Guid(618d870d03b5580478e34d82bbadbe0a) Importer(815301076,1909f56bfc062723c751e8b465ee728b)
Start importing Assets/New Asssets/Plant Animations/Plant 7/Plant7_00018.png using Guid(618d870d03b5580478e34d82bbadbe0a) Importer(815301076,1909f56bfc062723c751e8b465ee728b) (PreviewImporter) -> (artifact id: 'f5c5ae3ad0b86e89a3c7a37fd8df5d21') in 0.0208664 seconds
Number of updated asset objects reloaded before import = 0Number of asset objects unloaded after import = 3

========================================================================
Received Import Request.
  Time since last request: 0.000025 seconds.
  path: Assets/New Asssets/Plant Animations/Plant 8 Poison/PlantPosion_00019.png
  artifactKey: Guid(99a19b59e7ddc7646a5433272f19dbf3) Importer(815301076,1909f56bfc062723c751e8b465ee728b)
Start importing Assets/New Asssets/Plant Animations/Plant 8 Poison/PlantPosion_00019.png using Guid(99a19b59e7ddc7646a5433272f19dbf3) Importer(815301076,1909f56bfc062723c751e8b465ee728b) (PreviewImporter) -> (artifact id: 'b8a317b947805c7d13f155085e82e539') in 0.0167602 seconds
Number of updated asset objects reloaded before import = 0Number of asset objects unloaded after import = 3

========================================================================
Received Import Request.
  Time since last request: 0.000039 seconds.
  path: Assets/New Asssets/Plant Animations/Plant 6/Plant6_00033.png
  artifactKey: Guid(2aa449463fcd25e499466d8948f9bea6) Importer(815301076,1909f56bfc062723c751e8b465ee728b)
Start importing Assets/New Asssets/Plant Animations/Plant 6/Plant6_00033.png using Guid(2aa449463fcd25e499466d8948f9bea6) Importer(815301076,1909f56bfc062723c751e8b465ee728b) (PreviewImporter) -> (artifact id: '6ad9971a8a715c6852ad684903dcb4f1') in 0.0174938 seconds
Number of updated asset objects reloaded before import = 0Number of asset objects unloaded after import = 3

========================================================================
Received Import Request.
  Time since last request: 0.000026 seconds.
  path: Assets/New Asssets/SlimeGreen/SlimeBasic_00012.png
  artifactKey: Guid(5c37a821525451b4198b881d0f935b34) Importer(815301076,1909f56bfc062723c751e8b465ee728b)
Start importing Assets/New Asssets/SlimeGreen/SlimeBasic_00012.png using Guid(5c37a821525451b4198b881d0f935b34) Importer(815301076,1909f56bfc062723c751e8b465ee728b) (PreviewImporter) -> (artifact id: 'dc50654ea34233d2a9aebaac39ac146a') in 0.0196572 seconds
Number of updated asset objects reloaded before import = 0Number of asset objects unloaded after import = 3

========================================================================
Received Import Request.
  Time since last request: 0.000049 seconds.
  path: Assets/New Asssets/SlimeGreen/SlimeBasic_00013.png
  artifactKey: Guid(af5799bfe22052f44b42a95935527db9) Importer(815301076,1909f56bfc062723c751e8b465ee728b)
Start importing Assets/New Asssets/SlimeGreen/SlimeBasic_00013.png using Guid(af5799bfe22052f44b42a95935527db9) Importer(815301076,1909f56bfc062723c751e8b465ee728b) (PreviewImporter) -> (artifact id: 'b595cf197a7a934cd2849dbe71c0aaf1') in 0.0179664 seconds
Number of updated asset objects reloaded before import = 0Number of asset objects unloaded after import = 3

========================================================================
Received Import Request.
  Time since last request: 0.000027 seconds.
  path: Assets/New Asssets/Plant Animations/Plant 7/Plant7_00010.png
  artifactKey: Guid(a6c69a5d50038444892b108b991ad64e) Importer(815301076,1909f56bfc062723c751e8b465ee728b)
Start importing Assets/New Asssets/Plant Animations/Plant 7/Plant7_00010.png using Guid(a6c69a5d50038444892b108b991ad64e) Importer(815301076,1909f56bfc062723c751e8b465ee728b) (PreviewImporter) -> (artifact id: 'd8967a8b19b4ba01ffe464b40842c241') in 0.0204102 seconds
Number of updated asset objects reloaded before import = 0Number of asset objects unloaded after import = 3

========================================================================
Received Import Request.
  Time since last request: 0.000025 seconds.
  path: Assets/New Asssets/Plant Animations/Plant 8 Poison/PlantPosion_00022.png
  artifactKey: Guid(c622e907adb75104898f94e0152a7242) Importer(815301076,1909f56bfc062723c751e8b465ee728b)
Start importing Assets/New Asssets/Plant Animations/Plant 8 Poison/PlantPosion_00022.png using Guid(c622e907adb75104898f94e0152a7242) Importer(815301076,1909f56bfc062723c751e8b465ee728b) (PreviewImporter) -> (artifact id: 'be127d93ca86d47831dbaae5c8d866ce') in 0.0185775 seconds
Number of updated asset objects reloaded before import = 0Number of asset objects unloaded after import = 3

========================================================================
Received Import Request.
  Time since last request: 0.000034 seconds.
  path: Assets/New Asssets/Plant Animations/Plant 7/Plant7_00008.png
  artifactKey: Guid(3d17ce1c893d9254488bc7180384bf40) Importer(815301076,1909f56bfc062723c751e8b465ee728b)
Start importing Assets/New Asssets/Plant Animations/Plant 7/Plant7_00008.png using Guid(3d17ce1c893d9254488bc7180384bf40) Importer(815301076,1909f56bfc062723c751e8b465ee728b) (PreviewImporter) -> (artifact id: '4f94ca08208a577fcfcdfeac70fb253f') in 0.0172747 seconds
Number of updated asset objects reloaded before import = 0Number of asset objects unloaded after import = 3

========================================================================
Received Import Request.
  Time since last request: 0.000032 seconds.
  path: Assets/sprites/world_tileset.png
  artifactKey: Guid(08d34903170e92c439aa26495889fea9) Importer(815301076,1909f56bfc062723c751e8b465ee728b)
Start importing Assets/sprites/world_tileset.png using Guid(08d34903170e92c439aa26495889fea9) Importer(815301076,1909f56bfc062723c751e8b465ee728b) (PreviewImporter) -> (artifact id: '121f35df3e90116426682697c44dd58c') in 0.2329499 seconds
Number of updated asset objects reloaded before import = 0Number of asset objects unloaded after import = 104

========================================================================
Received Import Request.
  Time since last request: 0.000097 seconds.
  path: Assets/New Asssets/Plant Animations/Plant 4/Plant4_00019.png
  artifactKey: Guid(f2e8d589c39b0c640857149d546aba49) Importer(815301076,1909f56bfc062723c751e8b465ee728b)
Start importing Assets/New Asssets/Plant Animations/Plant 4/Plant4_00019.png using Guid(f2e8d589c39b0c640857149d546aba49) Importer(815301076,1909f56bfc062723c751e8b465ee728b) (PreviewImporter) -> (artifact id: 'bb0edfa0a3a88c846bc26c1ca85e14c7') in 0.0179434 seconds
Number of updated asset objects reloaded before import = 0Number of asset objects unloaded after import = 3

========================================================================
Received Import Request.
  Time since last request: 0.000033 seconds.
  path: Assets/New Asssets/Plant Animations/Plant 8 Poison/PlantPosion_00029.png
  artifactKey: Guid(aa7f386156b7b674080ffbc03f3b9933) Importer(815301076,1909f56bfc062723c751e8b465ee728b)
Start importing Assets/New Asssets/Plant Animations/Plant 8 Poison/PlantPosion_00029.png using Guid(aa7f386156b7b674080ffbc03f3b9933) Importer(815301076,1909f56bfc062723c751e8b465ee728b) (PreviewImporter) -> (artifact id: '7b80bebf5b3911998b731d2ef3fe5942') in 0.0183587 seconds
Number of updated asset objects reloaded before import = 0Number of asset objects unloaded after import = 3

========================================================================
Received Import Request.
  Time since last request: 0.000036 seconds.
  path: Assets/New Asssets/Plant Animations/Plant 8 Poison/PlantPosion_00026.png
  artifactKey: Guid(4141285a9f70b8943a71b47a7d2c25d5) Importer(815301076,1909f56bfc062723c751e8b465ee728b)
Start importing Assets/New Asssets/Plant Animations/Plant 8 Poison/PlantPosion_00026.png using Guid(4141285a9f70b8943a71b47a7d2c25d5) Importer(815301076,1909f56bfc062723c751e8b465ee728b) (PreviewImporter) -> (artifact id: '5587ff5c03311a1e4b51f3fcee22d7bb') in 0.0188936 seconds
Number of updated asset objects reloaded before import = 0Number of asset objects unloaded after import = 3

========================================================================
Received Import Request.
  Time since last request: 0.000026 seconds.
  path: Assets/New Asssets/Plant Animations/Plant 8 Poison/PlantPosion_00010.png
  artifactKey: Guid(d0ea28e7a090d4c40b6d8a7756fab590) Importer(815301076,1909f56bfc062723c751e8b465ee728b)
Start importing Assets/New Asssets/Plant Animations/Plant 8 Poison/PlantPosion_00010.png using Guid(d0ea28e7a090d4c40b6d8a7756fab590) Importer(815301076,1909f56bfc062723c751e8b465ee728b) (PreviewImporter) -> (artifact id: '296d133a8d915c5e6697f402ae01be59') in 0.0203091 seconds
Number of updated asset objects reloaded before import = 0Number of asset objects unloaded after import = 3

========================================================================
Received Import Request.
  Time since last request: 0.000029 seconds.
  path: Assets/New Asssets/Plant Animations/Plant 7/Plant7_00055.png
  artifactKey: Guid(713e4f127530361499ed2aa3f9fa6936) Importer(815301076,1909f56bfc062723c751e8b465ee728b)
Start importing Assets/New Asssets/Plant Animations/Plant 7/Plant7_00055.png using Guid(713e4f127530361499ed2aa3f9fa6936) Importer(815301076,1909f56bfc062723c751e8b465ee728b) (PreviewImporter) -> (artifact id: '40d3c227ce6bdcb5930e98dac239e47c') in 0.0181827 seconds
Number of updated asset objects reloaded before import = 0Number of asset objects unloaded after import = 3

========================================================================
Received Import Request.
  Time since last request: 0.000026 seconds.
  path: Assets/New Asssets/Plant Animations/Plant 7/Plant7_00017.png
  artifactKey: Guid(db8062f582a0cb047a6e91e7a54119ca) Importer(815301076,1909f56bfc062723c751e8b465ee728b)
Start importing Assets/New Asssets/Plant Animations/Plant 7/Plant7_00017.png using Guid(db8062f582a0cb047a6e91e7a54119ca) Importer(815301076,1909f56bfc062723c751e8b465ee728b) (PreviewImporter) -> (artifact id: '2c8b70a324c1d0fe383eaf8af8241cfa') in 0.0176526 seconds
Number of updated asset objects reloaded before import = 0Number of asset objects unloaded after import = 3

========================================================================
Received Import Request.
  Time since last request: 0.000050 seconds.
  path: Assets/New Asssets/Plant Animations/Plant 7/Plant7_00041.png
  artifactKey: Guid(4e3c256b4dbfe7b419615f938fd6806b) Importer(815301076,1909f56bfc062723c751e8b465ee728b)
Start importing Assets/New Asssets/Plant Animations/Plant 7/Plant7_00041.png using Guid(4e3c256b4dbfe7b419615f938fd6806b) Importer(815301076,1909f56bfc062723c751e8b465ee728b) (PreviewImporter) -> (artifact id: '2ea00774fc2d94551d1d4fef72edeac6') in 0.018091 seconds
Number of updated asset objects reloaded before import = 0Number of asset objects unloaded after import = 3

========================================================================
Received Import Request.
  Time since last request: 0.000025 seconds.
  path: Assets/New Asssets/Plant Animations/Plant 7/Plant7_00037.png
  artifactKey: Guid(88c4cdecc65b457488adb0b7a8077eab) Importer(815301076,1909f56bfc062723c751e8b465ee728b)
Start importing Assets/New Asssets/Plant Animations/Plant 7/Plant7_00037.png using Guid(88c4cdecc65b457488adb0b7a8077eab) Importer(815301076,1909f56bfc062723c751e8b465ee728b) (PreviewImporter) -> (artifact id: '1df48b67a712e6fa628e01da570f8556') in 0.0180172 seconds
Number of updated asset objects reloaded before import = 0Number of asset objects unloaded after import = 3

========================================================================
Received Import Request.
  Time since last request: 0.000023 seconds.
  path: Assets/New Asssets/Plant Animations/Plant 6/Plant6_00057.png
  artifactKey: Guid(4547d17147a52cc498ad18429427e876) Importer(815301076,1909f56bfc062723c751e8b465ee728b)
Start importing Assets/New Asssets/Plant Animations/Plant 6/Plant6_00057.png using Guid(4547d17147a52cc498ad18429427e876) Importer(815301076,1909f56bfc062723c751e8b465ee728b) (PreviewImporter) -> (artifact id: '99df149752c95a0c7b6dd02609e05653') in 0.0165196 seconds
Number of updated asset objects reloaded before import = 0Number of asset objects unloaded after import = 3

========================================================================
Received Import Request.
  Time since last request: 0.000029 seconds.
  path: Assets/New Asssets/Plant Animations/Plant 6/Plant6_00059.png
  artifactKey: Guid(15c5ca663c2af9f4eb89a2dc507ec902) Importer(815301076,1909f56bfc062723c751e8b465ee728b)
Start importing Assets/New Asssets/Plant Animations/Plant 6/Plant6_00059.png using Guid(15c5ca663c2af9f4eb89a2dc507ec902) Importer(815301076,1909f56bfc062723c751e8b465ee728b) (PreviewImporter) -> (artifact id: '6031a277960ce7cedea68e9f5cd39d87') in 0.0185176 seconds
Number of updated asset objects reloaded before import = 0Number of asset objects unloaded after import = 3

========================================================================
Received Import Request.
  Time since last request: 0.000027 seconds.
  path: Assets/New Asssets/Plant Animations/Plant 7/Plant7_00001.png
  artifactKey: Guid(a115a8121c92da34da079f0dd339cd13) Importer(815301076,1909f56bfc062723c751e8b465ee728b)
Start importing Assets/New Asssets/Plant Animations/Plant 7/Plant7_00001.png using Guid(a115a8121c92da34da079f0dd339cd13) Importer(815301076,1909f56bfc062723c751e8b465ee728b) (PreviewImporter) -> (artifact id: 'c00faea5263f1e5a1e413f0ee9c64813') in 0.016486 seconds
Number of updated asset objects reloaded before import = 0Number of asset objects unloaded after import = 3

========================================================================
Received Import Request.
  Time since last request: 0.000031 seconds.
  path: Assets/New Asssets/Plant Animations/Plant 6/Plant6_00042.png
  artifactKey: Guid(dc5d2864e41297845ae969dd6b044c7f) Importer(815301076,1909f56bfc062723c751e8b465ee728b)
Start importing Assets/New Asssets/Plant Animations/Plant 6/Plant6_00042.png using Guid(dc5d2864e41297845ae969dd6b044c7f) Importer(815301076,1909f56bfc062723c751e8b465ee728b) (PreviewImporter) -> (artifact id: '538d0fd21b5d9f9ec44d46aaf885676e') in 0.0189756 seconds
Number of updated asset objects reloaded before import = 0Number of asset objects unloaded after import = 3

========================================================================
Received Import Request.
  Time since last request: 0.000022 seconds.
  path: Assets/New Asssets/Plant Animations/Plant 6/Plant6_00041.png
  artifactKey: Guid(7a80200c89934d7479cda7e54f5a2572) Importer(815301076,1909f56bfc062723c751e8b465ee728b)
Start importing Assets/New Asssets/Plant Animations/Plant 6/Plant6_00041.png using Guid(7a80200c89934d7479cda7e54f5a2572) Importer(815301076,1909f56bfc062723c751e8b465ee728b) (PreviewImporter) -> (artifact id: 'f4f5c8a0e771d5a14907458b82e9f528') in 0.017382 seconds
Number of updated asset objects reloaded before import = 0Number of asset objects unloaded after import = 3

========================================================================
Received Import Request.
  Time since last request: 0.000030 seconds.
  path: Assets/New Asssets/Plant Animations/Plant 7/Plant7_00013.png
  artifactKey: Guid(61c2fdad8c98e1444bab075d7e69b511) Importer(815301076,1909f56bfc062723c751e8b465ee728b)
Start importing Assets/New Asssets/Plant Animations/Plant 7/Plant7_00013.png using Guid(61c2fdad8c98e1444bab075d7e69b511) Importer(815301076,1909f56bfc062723c751e8b465ee728b) (PreviewImporter) -> (artifact id: '442aeae467b4efb85375243153ea3e2b') in 0.0187172 seconds
Number of updated asset objects reloaded before import = 0Number of asset objects unloaded after import = 3

========================================================================
Received Import Request.
  Time since last request: 0.000028 seconds.
  path: Assets/New Asssets/Plant Animations/Plant 6/Plant6_00046.png
  artifactKey: Guid(1bd56b53a08fd4e439a86863bd8f0b53) Importer(815301076,1909f56bfc062723c751e8b465ee728b)
Start importing Assets/New Asssets/Plant Animations/Plant 6/Plant6_00046.png using Guid(1bd56b53a08fd4e439a86863bd8f0b53) Importer(815301076,1909f56bfc062723c751e8b465ee728b) (PreviewImporter) -> (artifact id: 'fc98fd489f7ec1e4d770add4adaa80d3') in 0.0175138 seconds
Number of updated asset objects reloaded before import = 0Number of asset objects unloaded after import = 3

========================================================================
Received Import Request.
  Time since last request: 0.000036 seconds.
  path: Assets/New Asssets/Plant Animations/Plant 7/Plant7_00016.png
  artifactKey: Guid(f4544865946759b4793f65fd3e2e07f0) Importer(815301076,1909f56bfc062723c751e8b465ee728b)
Start importing Assets/New Asssets/Plant Animations/Plant 7/Plant7_00016.png using Guid(f4544865946759b4793f65fd3e2e07f0) Importer(815301076,1909f56bfc062723c751e8b465ee728b) (PreviewImporter) -> (artifact id: '727332d818c2c9cda91bcb1b211feb95') in 0.0196711 seconds
Number of updated asset objects reloaded before import = 0Number of asset objects unloaded after import = 3

========================================================================
Received Import Request.
  Time since last request: 0.000044 seconds.
  path: Assets/New Asssets/Plant Animations/Plant 6/Plant6_00019.png
  artifactKey: Guid(fa464060435d9a043b3bc6002127c0d4) Importer(815301076,1909f56bfc062723c751e8b465ee728b)
Start importing Assets/New Asssets/Plant Animations/Plant 6/Plant6_00019.png using Guid(fa464060435d9a043b3bc6002127c0d4) Importer(815301076,1909f56bfc062723c751e8b465ee728b) (PreviewImporter) -> (artifact id: 'd99d05b1b40feef8c25861f5474d6a8a') in 0.0192421 seconds
Number of updated asset objects reloaded before import = 0Number of asset objects unloaded after import = 3

========================================================================
Received Import Request.
  Time since last request: 0.000027 seconds.
  path: Assets/New Asssets/Plant Animations/Plant 6/Plant6_00018.png
  artifactKey: Guid(8208eed70ab09dc418d1c5eda9c85d92) Importer(815301076,1909f56bfc062723c751e8b465ee728b)
Start importing Assets/New Asssets/Plant Animations/Plant 6/Plant6_00018.png using Guid(8208eed70ab09dc418d1c5eda9c85d92) Importer(815301076,1909f56bfc062723c751e8b465ee728b) (PreviewImporter) -> (artifact id: 'be65a3364c140cb29bb87ea7babfa562') in 0.0208579 seconds
Number of updated asset objects reloaded before import = 0Number of asset objects unloaded after import = 3

========================================================================
Received Import Request.
  Time since last request: 0.000039 seconds.
  path: Assets/New Asssets/Plant Animations/Plant 7/Plant7_00058.png
  artifactKey: Guid(77fb88df5fd81a3409620f75c3ab6c98) Importer(815301076,1909f56bfc062723c751e8b465ee728b)
Start importing Assets/New Asssets/Plant Animations/Plant 7/Plant7_00058.png using Guid(77fb88df5fd81a3409620f75c3ab6c98) Importer(815301076,1909f56bfc062723c751e8b465ee728b) (PreviewImporter) -> (artifact id: '8e1145179ee27bc8cb759d79c578587f') in 0.0227578 seconds
Number of updated asset objects reloaded before import = 0Number of asset objects unloaded after import = 3

========================================================================
Received Import Request.
  Time since last request: 0.000025 seconds.
  path: Assets/New Asssets/Plant Animations/Plant 6/Plant6_00004.png
  artifactKey: Guid(f766f47244918c349ac9e1783943eebf) Importer(815301076,1909f56bfc062723c751e8b465ee728b)
Start importing Assets/New Asssets/Plant Animations/Plant 6/Plant6_00004.png using Guid(f766f47244918c349ac9e1783943eebf) Importer(815301076,1909f56bfc062723c751e8b465ee728b) (PreviewImporter) -> (artifact id: 'd2a23c61c4ed8528db731ff6a2150d6e') in 0.0168495 seconds
Number of updated asset objects reloaded before import = 0Number of asset objects unloaded after import = 3

========================================================================
Received Import Request.
  Time since last request: 0.000030 seconds.
  path: Assets/New Asssets/Plant Animations/Plant 6/Plant6_00002.png
  artifactKey: Guid(69012fa2eb9abc74aaa92e329a60d17a) Importer(815301076,1909f56bfc062723c751e8b465ee728b)
Start importing Assets/New Asssets/Plant Animations/Plant 6/Plant6_00002.png using Guid(69012fa2eb9abc74aaa92e329a60d17a) Importer(815301076,1909f56bfc062723c751e8b465ee728b) (PreviewImporter) -> (artifact id: '128a54c3c6ba3e7806c9e2ead617d089') in 0.0180073 seconds
Number of updated asset objects reloaded before import = 0Number of asset objects unloaded after import = 3

========================================================================
Received Import Request.
  Time since last request: 0.000023 seconds.
  path: Assets/New Asssets/Plant Animations/Plant 5/Plant5_00041.png
  artifactKey: Guid(f23f33ac22fd89a4e98401ae2d5ff01e) Importer(815301076,1909f56bfc062723c751e8b465ee728b)
Start importing Assets/New Asssets/Plant Animations/Plant 5/Plant5_00041.png using Guid(f23f33ac22fd89a4e98401ae2d5ff01e) Importer(815301076,1909f56bfc062723c751e8b465ee728b) (PreviewImporter) -> (artifact id: '49f05437850cf5248e5f9e09cd5c86be') in 0.0201832 seconds
Number of updated asset objects reloaded before import = 0Number of asset objects unloaded after import = 3

========================================================================
Received Import Request.
  Time since last request: 0.000031 seconds.
  path: Assets/New Asssets/Plant Animations/Plant 5/Plant5_00030.png
  artifactKey: Guid(39077c66aadbc894fab044730cb59034) Importer(815301076,1909f56bfc062723c751e8b465ee728b)
Start importing Assets/New Asssets/Plant Animations/Plant 5/Plant5_00030.png using Guid(39077c66aadbc894fab044730cb59034) Importer(815301076,1909f56bfc062723c751e8b465ee728b) (PreviewImporter) -> (artifact id: '42401f6386c82fb15eae9d0ffdb8468f') in 0.0194794 seconds
Number of updated asset objects reloaded before import = 0Number of asset objects unloaded after import = 3

========================================================================
Received Import Request.
  Time since last request: 0.000025 seconds.
  path: Assets/New Asssets/Plant Animations/Plant 6/Plant6_00020.png
  artifactKey: Guid(540570b9ca8343e44bba933d40c45633) Importer(815301076,1909f56bfc062723c751e8b465ee728b)
Start importing Assets/New Asssets/Plant Animations/Plant 6/Plant6_00020.png using Guid(540570b9ca8343e44bba933d40c45633) Importer(815301076,1909f56bfc062723c751e8b465ee728b) (PreviewImporter) -> (artifact id: 'b3d8295f17670ba7fe618d3c1ad5a1b9') in 0.0199804 seconds
Number of updated asset objects reloaded before import = 0Number of asset objects unloaded after import = 3

========================================================================
Received Import Request.
  Time since last request: 0.000024 seconds.
  path: Assets/New Asssets/Plant Animations/Plant 5/Plant5_00051.png
  artifactKey: Guid(62c51db2148ed1449804c8578465bb4f) Importer(815301076,1909f56bfc062723c751e8b465ee728b)
Start importing Assets/New Asssets/Plant Animations/Plant 5/Plant5_00051.png using Guid(62c51db2148ed1449804c8578465bb4f) Importer(815301076,1909f56bfc062723c751e8b465ee728b) (PreviewImporter) -> (artifact id: '08d98017c942862710031494116a8791') in 0.0179185 seconds
Number of updated asset objects reloaded before import = 0Number of asset objects unloaded after import = 3

========================================================================
Received Import Request.
  Time since last request: 0.000035 seconds.
  path: Assets/sprites/platforms.png
  artifactKey: Guid(d92359ea1879daf4ca9ef3d23d1fb519) Importer(815301076,1909f56bfc062723c751e8b465ee728b)
Start importing Assets/sprites/platforms.png using Guid(d92359ea1879daf4ca9ef3d23d1fb519) Importer(815301076,1909f56bfc062723c751e8b465ee728b) (PreviewImporter) -> (artifact id: 'ac1ba34d96b462335493416f9bd55b14') in 0.0284099 seconds
Number of updated asset objects reloaded before import = 0Number of asset objects unloaded after import = 7

========================================================================
Received Import Request.
  Time since last request: 0.000028 seconds.
  path: Assets/New Asssets/Plant Animations/Plant 5/Plant5_00006.png
  artifactKey: Guid(faa3c29997e35c74ba7c3d8091162bdb) Importer(815301076,1909f56bfc062723c751e8b465ee728b)
Start importing Assets/New Asssets/Plant Animations/Plant 5/Plant5_00006.png using Guid(faa3c29997e35c74ba7c3d8091162bdb) Importer(815301076,1909f56bfc062723c751e8b465ee728b) (PreviewImporter) -> (artifact id: 'b75c08e8c5259100ea41cea22e79b8b5') in 0.019762 seconds
Number of updated asset objects reloaded before import = 0Number of asset objects unloaded after import = 3

========================================================================
Received Import Request.
  Time since last request: 0.000041 seconds.
  path: Assets/New Asssets/Plant Animations/Plant 5/Plant5_00055.png
  artifactKey: Guid(3c215d6758d5d3641a91404365d53271) Importer(815301076,1909f56bfc062723c751e8b465ee728b)
Start importing Assets/New Asssets/Plant Animations/Plant 5/Plant5_00055.png using Guid(3c215d6758d5d3641a91404365d53271) Importer(815301076,1909f56bfc062723c751e8b465ee728b) (PreviewImporter) -> (artifact id: '2610c1314b6b7f871f1afc903061853e') in 0.0235279 seconds
Number of updated asset objects reloaded before import = 0Number of asset objects unloaded after import = 3

========================================================================
Received Import Request.
  Time since last request: 0.000108 seconds.
  path: Assets/New Asssets/Plant Animations/Plant 6/Plant6_00055.png
  artifactKey: Guid(178042aac613e7345a120b1aabdbd6f5) Importer(815301076,1909f56bfc062723c751e8b465ee728b)
Start importing Assets/New Asssets/Plant Animations/Plant 6/Plant6_00055.png using Guid(178042aac613e7345a120b1aabdbd6f5) Importer(815301076,1909f56bfc062723c751e8b465ee728b) (PreviewImporter) -> (artifact id: 'd2349edb1affb7fcf252014f6a84ad26') in 0.01885 seconds
Number of updated asset objects reloaded before import = 0Number of asset objects unloaded after import = 3

========================================================================
Received Import Request.
  Time since last request: 0.000030 seconds.
  path: Assets/New Asssets/SlimeGreen/SlimeBasic_00004.png
  artifactKey: Guid(7085f8372c969894c8923eaddb92f764) Importer(815301076,1909f56bfc062723c751e8b465ee728b)
Start importing Assets/New Asssets/SlimeGreen/SlimeBasic_00004.png using Guid(7085f8372c969894c8923eaddb92f764) Importer(815301076,1909f56bfc062723c751e8b465ee728b) (PreviewImporter) -> (artifact id: 'a9b2f540971c15e991e82ea08f671606') in 0.0196756 seconds
Number of updated asset objects reloaded before import = 0Number of asset objects unloaded after import = 3

========================================================================
Received Import Request.
  Time since last request: 0.000038 seconds.
  path: Assets/New Asssets/Plant Animations/Plant 4/Plant4_00030.png
  artifactKey: Guid(35e74af81e4b76242b3f0eb78f98403b) Importer(815301076,1909f56bfc062723c751e8b465ee728b)
Start importing Assets/New Asssets/Plant Animations/Plant 4/Plant4_00030.png using Guid(35e74af81e4b76242b3f0eb78f98403b) Importer(815301076,1909f56bfc062723c751e8b465ee728b) (PreviewImporter) -> (artifact id: '2cce935daf487e50a9c490fc19b0c527') in 0.0185391 seconds
Number of updated asset objects reloaded before import = 0Number of asset objects unloaded after import = 3

========================================================================
Received Import Request.
  Time since last request: 0.000030 seconds.
  path: Assets/New Asssets/Plant Animations/Plant 4/Plant4_00032.png
  artifactKey: Guid(a81738da048882f4a82d4af101612f8c) Importer(815301076,1909f56bfc062723c751e8b465ee728b)
Start importing Assets/New Asssets/Plant Animations/Plant 4/Plant4_00032.png using Guid(a81738da048882f4a82d4af101612f8c) Importer(815301076,1909f56bfc062723c751e8b465ee728b) (PreviewImporter) -> (artifact id: '43567d90e7ce11bf8912760ac3602553') in 0.0204771 seconds
Number of updated asset objects reloaded before import = 0Number of asset objects unloaded after import = 3

========================================================================
Received Import Request.
  Time since last request: 0.000029 seconds.
  path: Assets/New Asssets/Plant Animations/Plant 4/Plant4_00053.png
  artifactKey: Guid(00697e98f2255cc4dbf5d478b7af36eb) Importer(815301076,1909f56bfc062723c751e8b465ee728b)
Start importing Assets/New Asssets/Plant Animations/Plant 4/Plant4_00053.png using Guid(00697e98f2255cc4dbf5d478b7af36eb) Importer(815301076,1909f56bfc062723c751e8b465ee728b) (PreviewImporter) -> (artifact id: '010a30b6e9d827b6b27b3a55eff06d54') in 0.0196289 seconds
Number of updated asset objects reloaded before import = 0Number of asset objects unloaded after import = 3

========================================================================
Received Import Request.
  Time since last request: 0.000029 seconds.
  path: Assets/New Asssets/Plant Animations/Plant 4/Plant4_00048.png
  artifactKey: Guid(f95e12b9125729645a62318baf8ad33b) Importer(815301076,1909f56bfc062723c751e8b465ee728b)
Start importing Assets/New Asssets/Plant Animations/Plant 4/Plant4_00048.png using Guid(f95e12b9125729645a62318baf8ad33b) Importer(815301076,1909f56bfc062723c751e8b465ee728b) (PreviewImporter) -> (artifact id: 'eea91f23059bb6f14e47351bf554f3fa') in 0.0193976 seconds
Number of updated asset objects reloaded before import = 0Number of asset objects unloaded after import = 3

========================================================================
Received Import Request.
  Time since last request: 0.000035 seconds.
  path: Assets/New Asssets/Plant Animations/Plant 4/Plant4_00000.png
  artifactKey: Guid(dc89fe18566734543b501b6aee7650ef) Importer(815301076,1909f56bfc062723c751e8b465ee728b)
Start importing Assets/New Asssets/Plant Animations/Plant 4/Plant4_00000.png using Guid(dc89fe18566734543b501b6aee7650ef) Importer(815301076,1909f56bfc062723c751e8b465ee728b) (PreviewImporter) -> (artifact id: '643d281292494734cbe779a29f47b31e') in 0.0232773 seconds
Number of updated asset objects reloaded before import = 0Number of asset objects unloaded after import = 3

========================================================================
Received Import Request.
  Time since last request: 0.000036 seconds.
  path: Assets/New Asssets/Plant Animations/Plant 4/Plant4_00031.png
  artifactKey: Guid(6168f41e37009564ab9196ba42c55c15) Importer(815301076,1909f56bfc062723c751e8b465ee728b)
Start importing Assets/New Asssets/Plant Animations/Plant 4/Plant4_00031.png using Guid(6168f41e37009564ab9196ba42c55c15) Importer(815301076,1909f56bfc062723c751e8b465ee728b) (PreviewImporter) -> (artifact id: '65d1bbecab65a1ae1b8d5083d54a47b8') in 0.023569 seconds
Number of updated asset objects reloaded before import = 0Number of asset objects unloaded after import = 3

========================================================================
Received Import Request.
  Time since last request: 0.000028 seconds.
  path: Assets/New Asssets/Plant Animations/Plant 4/Plant4_00005.png
  artifactKey: Guid(53f9c0ce71a8a82438279cbf520c5df8) Importer(815301076,1909f56bfc062723c751e8b465ee728b)
Start importing Assets/New Asssets/Plant Animations/Plant 4/Plant4_00005.png using Guid(53f9c0ce71a8a82438279cbf520c5df8) Importer(815301076,1909f56bfc062723c751e8b465ee728b) (PreviewImporter) -> (artifact id: '7e3bb61374acd7cc64c3dd5c356477eb') in 0.0208009 seconds
Number of updated asset objects reloaded before import = 0Number of asset objects unloaded after import = 3

========================================================================
Received Import Request.
  Time since last request: 0.000036 seconds.
  path: Assets/New Asssets/Plant Animations/Plant 4/Plant4_00046.png
  artifactKey: Guid(772badaf31dd46745bc85029b1d30d13) Importer(815301076,1909f56bfc062723c751e8b465ee728b)
Start importing Assets/New Asssets/Plant Animations/Plant 4/Plant4_00046.png using Guid(772badaf31dd46745bc85029b1d30d13) Importer(815301076,1909f56bfc062723c751e8b465ee728b) (PreviewImporter) -> (artifact id: '799165a1418d9cbe3bbcd3b37fe5fe82') in 0.0214082 seconds
Number of updated asset objects reloaded before import = 0Number of asset objects unloaded after import = 3

========================================================================
Received Import Request.
  Time since last request: 0.000036 seconds.
  path: Assets/sprites/slime_green.png
  artifactKey: Guid(58e164d8fabd3374a8ecaecc181e1376) Importer(815301076,1909f56bfc062723c751e8b465ee728b)
Start importing Assets/sprites/slime_green.png using Guid(58e164d8fabd3374a8ecaecc181e1376) Importer(815301076,1909f56bfc062723c751e8b465ee728b) (PreviewImporter) -> (artifact id: '6ffa040eead4a282d04083a8be3651a7') in 0.0560744 seconds
Number of updated asset objects reloaded before import = 0Number of asset objects unloaded after import = 14

========================================================================
Received Import Request.
  Time since last request: 0.000046 seconds.
  path: Assets/New Asssets/SlimeOrange/SlimeOrange_00009.png
  artifactKey: Guid(5077f27cb88e2b54c94b84420ea3a989) Importer(815301076,1909f56bfc062723c751e8b465ee728b)
Start importing Assets/New Asssets/SlimeOrange/SlimeOrange_00009.png using Guid(5077f27cb88e2b54c94b84420ea3a989) Importer(815301076,1909f56bfc062723c751e8b465ee728b) (PreviewImporter) -> (artifact id: 'a067cfbac70d93923a4300c1aa13226a') in 0.0203993 seconds
Number of updated asset objects reloaded before import = 0Number of asset objects unloaded after import = 3

========================================================================
Received Import Request.
  Time since last request: 0.000024 seconds.
  path: Assets/New Asssets/SlimeOrange/SlimeOrange_00028.png
  artifactKey: Guid(afb5cdc6c0b439e498d6ca8872321f95) Importer(815301076,1909f56bfc062723c751e8b465ee728b)
Start importing Assets/New Asssets/SlimeOrange/SlimeOrange_00028.png using Guid(afb5cdc6c0b439e498d6ca8872321f95) Importer(815301076,1909f56bfc062723c751e8b465ee728b) (PreviewImporter) -> (artifact id: '08a0ad41372eddce6b87bb0c6c5b3286') in 0.0204349 seconds
Number of updated asset objects reloaded before import = 0Number of asset objects unloaded after import = 3

========================================================================
Received Import Request.
  Time since last request: 0.000023 seconds.
  path: Assets/New Asssets/Plant Animations/Plant 3/Plant3_00030.png
  artifactKey: Guid(367ac717dee3a564b97fff254448a786) Importer(815301076,1909f56bfc062723c751e8b465ee728b)
Start importing Assets/New Asssets/Plant Animations/Plant 3/Plant3_00030.png using Guid(367ac717dee3a564b97fff254448a786) Importer(815301076,1909f56bfc062723c751e8b465ee728b) (PreviewImporter) -> (artifact id: 'b0f6970121822c7a94bf77ae44055f5c') in 0.0215473 seconds
Number of updated asset objects reloaded before import = 0Number of asset objects unloaded after import = 4

========================================================================
Received Import Request.
  Time since last request: 0.000024 seconds.
  path: Assets/New Asssets/Plant Animations/Plant 3/Plant3_00022.png
  artifactKey: Guid(f588eaede75766c4a908310871691862) Importer(815301076,1909f56bfc062723c751e8b465ee728b)
Start importing Assets/New Asssets/Plant Animations/Plant 3/Plant3_00022.png using Guid(f588eaede75766c4a908310871691862) Importer(815301076,1909f56bfc062723c751e8b465ee728b) (PreviewImporter) -> (artifact id: 'b1ec816c37da5b9668f9668c2131038a') in 0.0204901 seconds
Number of updated asset objects reloaded before import = 0Number of asset objects unloaded after import = 4

========================================================================
Received Import Request.
  Time since last request: 0.000038 seconds.
  path: Assets/New Asssets/Plant Animations/Plant 3/Plant3_00016.png
  artifactKey: Guid(6b08d2f9b0af86e4aa967a6649a4f75d) Importer(815301076,1909f56bfc062723c751e8b465ee728b)
Start importing Assets/New Asssets/Plant Animations/Plant 3/Plant3_00016.png using Guid(6b08d2f9b0af86e4aa967a6649a4f75d) Importer(815301076,1909f56bfc062723c751e8b465ee728b) (PreviewImporter) -> (artifact id: 'c7c6d6056ac39cecb03023e75b125eba') in 0.0198703 seconds
Number of updated asset objects reloaded before import = 0Number of asset objects unloaded after import = 4

========================================================================
Received Import Request.
  Time since last request: 0.000034 seconds.
  path: Assets/New Asssets/Plant Animations/Plant 3/Plant3_00021.png
  artifactKey: Guid(678601ec3ca67db4aa84fe9eb87aa617) Importer(815301076,1909f56bfc062723c751e8b465ee728b)
Start importing Assets/New Asssets/Plant Animations/Plant 3/Plant3_00021.png using Guid(678601ec3ca67db4aa84fe9eb87aa617) Importer(815301076,1909f56bfc062723c751e8b465ee728b) (PreviewImporter) -> (artifact id: '8c23753ade6bd346a8a483f883de4040') in 0.0227586 seconds
Number of updated asset objects reloaded before import = 0Number of asset objects unloaded after import = 4

========================================================================
Received Import Request.
  Time since last request: 0.000023 seconds.
  path: Assets/New Asssets/Plant Animations/Plant 3/Plant3_00012.png
  artifactKey: Guid(2813b09ceb4bfff4fb864a100fda0eef) Importer(815301076,1909f56bfc062723c751e8b465ee728b)
Start importing Assets/New Asssets/Plant Animations/Plant 3/Plant3_00012.png using Guid(2813b09ceb4bfff4fb864a100fda0eef) Importer(815301076,1909f56bfc062723c751e8b465ee728b) (PreviewImporter) -> (artifact id: '23de04831f7ac4ac7ce6c83dd86ae541') in 0.0231346 seconds
Number of updated asset objects reloaded before import = 0Number of asset objects unloaded after import = 4

========================================================================
Received Import Request.
  Time since last request: 0.000031 seconds.
  path: Assets/New Asssets/Plant Animations/Plant 3/Plant3_00007.png
  artifactKey: Guid(f0a2dc89158c4704ebd98be22db7da59) Importer(815301076,1909f56bfc062723c751e8b465ee728b)
Start importing Assets/New Asssets/Plant Animations/Plant 3/Plant3_00007.png using Guid(f0a2dc89158c4704ebd98be22db7da59) Importer(815301076,1909f56bfc062723c751e8b465ee728b) (PreviewImporter) -> (artifact id: '571c6306add94b586bd7a60a82e4dfaf') in 0.0243286 seconds
Number of updated asset objects reloaded before import = 0Number of asset objects unloaded after import = 4

========================================================================
Received Import Request.
  Time since last request: 0.000024 seconds.
  path: Assets/New Asssets/Plant Animations/Plant 3/Plant3_00001.png
  artifactKey: Guid(e42e2854603d8b540a33db7ad7bbc452) Importer(815301076,1909f56bfc062723c751e8b465ee728b)
Start importing Assets/New Asssets/Plant Animations/Plant 3/Plant3_00001.png using Guid(e42e2854603d8b540a33db7ad7bbc452) Importer(815301076,1909f56bfc062723c751e8b465ee728b) (PreviewImporter) -> (artifact id: 'b6e1070cfbf87dbb421dfcf057977956') in 0.0210765 seconds
Number of updated asset objects reloaded before import = 0Number of asset objects unloaded after import = 4

========================================================================
Received Import Request.
  Time since last request: 0.000033 seconds.
  path: Assets/New Asssets/Plant Animations/Plant 3/Plant3_00025.png
  artifactKey: Guid(c503f17b149bd8c47a54b13d01ee4e83) Importer(815301076,1909f56bfc062723c751e8b465ee728b)
Start importing Assets/New Asssets/Plant Animations/Plant 3/Plant3_00025.png using Guid(c503f17b149bd8c47a54b13d01ee4e83) Importer(815301076,1909f56bfc062723c751e8b465ee728b) (PreviewImporter) -> (artifact id: '79b132ef7c7511276c317f3317c547a0') in 0.0207923 seconds
Number of updated asset objects reloaded before import = 0Number of asset objects unloaded after import = 4

========================================================================
Received Import Request.
  Time since last request: 0.000040 seconds.
  path: Assets/New Asssets/SlimeGreen/SlimeBasic_00022.png
  artifactKey: Guid(15fccf01669a31945a16e24d4e6e55c7) Importer(815301076,1909f56bfc062723c751e8b465ee728b)
Start importing Assets/New Asssets/SlimeGreen/SlimeBasic_00022.png using Guid(15fccf01669a31945a16e24d4e6e55c7) Importer(815301076,1909f56bfc062723c751e8b465ee728b) (PreviewImporter) -> (artifact id: 'b1f386b436d512872a87cd097462e396') in 0.0175296 seconds
Number of updated asset objects reloaded before import = 0Number of asset objects unloaded after import = 3

========================================================================
Received Import Request.
  Time since last request: 0.000029 seconds.
  path: Assets/New Asssets/Plant Animations/Plant 6/Plant6_00012.png
  artifactKey: Guid(39561728c5c404941bf9a8ed55ea0ddc) Importer(815301076,1909f56bfc062723c751e8b465ee728b)
Start importing Assets/New Asssets/Plant Animations/Plant 6/Plant6_00012.png using Guid(39561728c5c404941bf9a8ed55ea0ddc) Importer(815301076,1909f56bfc062723c751e8b465ee728b) (PreviewImporter) -> (artifact id: '09ca56ef1db7fbf7a10380e8cce4c25b') in 0.0166256 seconds
Number of updated asset objects reloaded before import = 0Number of asset objects unloaded after import = 3

========================================================================
Received Import Request.
  Time since last request: 0.000022 seconds.
  path: Assets/New Asssets/Plant Animations/Plant 6/Plant6_00000.png
  artifactKey: Guid(f57bd87dec3f25f44ba672d92e91a26e) Importer(815301076,1909f56bfc062723c751e8b465ee728b)
Start importing Assets/New Asssets/Plant Animations/Plant 6/Plant6_00000.png using Guid(f57bd87dec3f25f44ba672d92e91a26e) Importer(815301076,1909f56bfc062723c751e8b465ee728b) (PreviewImporter) -> (artifact id: '5ac831ea074c60bc5006176e3f81d4ff') in 0.0183502 seconds
Number of updated asset objects reloaded before import = 0Number of asset objects unloaded after import = 3

========================================================================
Received Import Request.
  Time since last request: 0.000030 seconds.
  path: Assets/New Asssets/Plant Animations/Plant 7/Plant7_00012.png
  artifactKey: Guid(52deca095871cc64080873a12adfd0be) Importer(815301076,1909f56bfc062723c751e8b465ee728b)
Start importing Assets/New Asssets/Plant Animations/Plant 7/Plant7_00012.png using Guid(52deca095871cc64080873a12adfd0be) Importer(815301076,1909f56bfc062723c751e8b465ee728b) (PreviewImporter) -> (artifact id: '412c9c0d11ac2efcdfae240169182b14') in 0.0187793 seconds
Number of updated asset objects reloaded before import = 0Number of asset objects unloaded after import = 3

========================================================================
Received Import Request.
  Time since last request: 0.000037 seconds.
  path: Assets/New Asssets/Plant Animations/Plant 3/Plant3_00027.png
  artifactKey: Guid(57fa86df31ba1fa42bf4af52c751a922) Importer(815301076,1909f56bfc062723c751e8b465ee728b)
Start importing Assets/New Asssets/Plant Animations/Plant 3/Plant3_00027.png using Guid(57fa86df31ba1fa42bf4af52c751a922) Importer(815301076,1909f56bfc062723c751e8b465ee728b) (PreviewImporter) -> (artifact id: '1ee35af2f8f846d51a4501dbf8714103') in 0.0252654 seconds
Number of updated asset objects reloaded before import = 0Number of asset objects unloaded after import = 4

========================================================================
Received Import Request.
  Time since last request: 0.000035 seconds.
  path: Assets/New Asssets/Plant Animations/Plant 6/Plant6_00056.png
  artifactKey: Guid(e77dfdc1fcd71d94b98363bf31f75367) Importer(815301076,1909f56bfc062723c751e8b465ee728b)
Start importing Assets/New Asssets/Plant Animations/Plant 6/Plant6_00056.png using Guid(e77dfdc1fcd71d94b98363bf31f75367) Importer(815301076,1909f56bfc062723c751e8b465ee728b) (PreviewImporter) -> (artifact id: 'db9354991deca5ea62ef2591a4a9d08e') in 0.0168546 seconds
Number of updated asset objects reloaded before import = 0Number of asset objects unloaded after import = 3

========================================================================
Received Import Request.
  Time since last request: 0.000029 seconds.
  path: Assets/New Asssets/SlimeGreen/SlimeBasic_00029.png
  artifactKey: Guid(d0165dbfbcbefa445a9d0351f33b8917) Importer(815301076,1909f56bfc062723c751e8b465ee728b)
Start importing Assets/New Asssets/SlimeGreen/SlimeBasic_00029.png using Guid(d0165dbfbcbefa445a9d0351f33b8917) Importer(815301076,1909f56bfc062723c751e8b465ee728b) (PreviewImporter) -> (artifact id: 'e42ce65e94295124d527f92b98f82ea6') in 0.0184238 seconds
Number of updated asset objects reloaded before import = 0Number of asset objects unloaded after import = 3

========================================================================
Received Import Request.
  Time since last request: 0.000022 seconds.
  path: Assets/New Asssets/Plant Animations/Plant 8 Poison/PlantPosion_00008.png
  artifactKey: Guid(bb571a7d755d7094ba592322e75a6adc) Importer(815301076,1909f56bfc062723c751e8b465ee728b)
Start importing Assets/New Asssets/Plant Animations/Plant 8 Poison/PlantPosion_00008.png using Guid(bb571a7d755d7094ba592322e75a6adc) Importer(815301076,1909f56bfc062723c751e8b465ee728b) (PreviewImporter) -> (artifact id: '4e18fd96a19cf7d36eb976a722b1f43f') in 0.0211529 seconds
Number of updated asset objects reloaded before import = 0Number of asset objects unloaded after import = 3

========================================================================
Received Import Request.
  Time since last request: 0.000023 seconds.
  path: Assets/New Asssets/Plant Animations/Plant 6/Plant6_00054.png
  artifactKey: Guid(08cbe9b335baf364c9cdf93f47a1ba1a) Importer(815301076,1909f56bfc062723c751e8b465ee728b)
Start importing Assets/New Asssets/Plant Animations/Plant 6/Plant6_00054.png using Guid(08cbe9b335baf364c9cdf93f47a1ba1a) Importer(815301076,1909f56bfc062723c751e8b465ee728b) (PreviewImporter) -> (artifact id: 'fe4f307c14218420971f8e5229dd921b') in 0.0172459 seconds
Number of updated asset objects reloaded before import = 0Number of asset objects unloaded after import = 3

========================================================================
Received Import Request.
  Time since last request: 0.000025 seconds.
  path: Assets/New Asssets/Plant Animations/Plant 2/Plant2_00087.png
  artifactKey: Guid(3d7a196b47631b04ca930a1f71c5431f) Importer(815301076,1909f56bfc062723c751e8b465ee728b)
Start importing Assets/New Asssets/Plant Animations/Plant 2/Plant2_00087.png using Guid(3d7a196b47631b04ca930a1f71c5431f) Importer(815301076,1909f56bfc062723c751e8b465ee728b) (PreviewImporter) -> (artifact id: 'ad8bf332b8fad5d6f05d7a2d99f21a93') in 0.0244489 seconds
Number of updated asset objects reloaded before import = 0Number of asset objects unloaded after import = 5

========================================================================
Received Import Request.
  Time since last request: 0.000035 seconds.
  path: Assets/New Asssets/Plant Animations/Plant 5/Plant5_00033.png
  artifactKey: Guid(5e547fc57e54abf4b96168209fc60528) Importer(815301076,1909f56bfc062723c751e8b465ee728b)
Start importing Assets/New Asssets/Plant Animations/Plant 5/Plant5_00033.png using Guid(5e547fc57e54abf4b96168209fc60528) Importer(815301076,1909f56bfc062723c751e8b465ee728b) (PreviewImporter) -> (artifact id: '1ca2a29f427ce5ba3ce6543628ec3aa5') in 0.0184249 seconds
Number of updated asset objects reloaded before import = 0Number of asset objects unloaded after import = 3

========================================================================
Received Import Request.
  Time since last request: 0.000028 seconds.
  path: Assets/New Asssets/Plant Animations/Plant 2/Plant2_00077.png
  artifactKey: Guid(7b66d5e3a9c02b14a9ba896cd9530707) Importer(815301076,1909f56bfc062723c751e8b465ee728b)
Start importing Assets/New Asssets/Plant Animations/Plant 2/Plant2_00077.png using Guid(7b66d5e3a9c02b14a9ba896cd9530707) Importer(815301076,1909f56bfc062723c751e8b465ee728b) (PreviewImporter) -> (artifact id: '2e931bf0fe9b4d47a4c9110fa7cd664a') in 0.0238489 seconds
Number of updated asset objects reloaded before import = 0Number of asset objects unloaded after import = 5

========================================================================
Received Import Request.
  Time since last request: 0.000042 seconds.
  path: Assets/New Asssets/Plant Animations/Plant 2/Plant2_00072.png
  artifactKey: Guid(278c12b0d646dd440ad040cf866d3336) Importer(815301076,1909f56bfc062723c751e8b465ee728b)
Start importing Assets/New Asssets/Plant Animations/Plant 2/Plant2_00072.png using Guid(278c12b0d646dd440ad040cf866d3336) Importer(815301076,1909f56bfc062723c751e8b465ee728b) (PreviewImporter) -> (artifact id: 'a3d79bc5db7bf2df654bc900ea6d2352') in 0.0250058 seconds
Number of updated asset objects reloaded before import = 0Number of asset objects unloaded after import = 5

========================================================================
Received Import Request.
  Time since last request: 0.000032 seconds.
  path: Assets/New Asssets/Plant Animations/Plant 2/Plant2_00076.png
  artifactKey: Guid(5d26caad9146d7e4fb1ec8dad7eaf1c9) Importer(815301076,1909f56bfc062723c751e8b465ee728b)
Start importing Assets/New Asssets/Plant Animations/Plant 2/Plant2_00076.png using Guid(5d26caad9146d7e4fb1ec8dad7eaf1c9) Importer(815301076,1909f56bfc062723c751e8b465ee728b) (PreviewImporter) -> (artifact id: '0a5b6d0091cb946f0ad6a30830cbc730') in 0.0224328 seconds
Number of updated asset objects reloaded before import = 0Number of asset objects unloaded after import = 5

========================================================================
Received Import Request.
  Time since last request: 0.000033 seconds.
  path: Assets/New Asssets/Plant Animations/Plant 6/Plant6_00044.png
  artifactKey: Guid(6afc81c38317e55419ff41fb9a26c4df) Importer(815301076,1909f56bfc062723c751e8b465ee728b)
Start importing Assets/New Asssets/Plant Animations/Plant 6/Plant6_00044.png using Guid(6afc81c38317e55419ff41fb9a26c4df) Importer(815301076,1909f56bfc062723c751e8b465ee728b) (PreviewImporter) -> (artifact id: 'f7905a0630d4c69f457f43954b44ddb2') in 0.0198372 seconds
Number of updated asset objects reloaded before import = 0Number of asset objects unloaded after import = 3

========================================================================
Received Import Request.
  Time since last request: 0.000038 seconds.
  path: Assets/New Asssets/Plant Animations/Plant 6/Plant6_00011.png
  artifactKey: Guid(6d0d96e74abc0134c8d881b48f3f3d94) Importer(815301076,1909f56bfc062723c751e8b465ee728b)
Start importing Assets/New Asssets/Plant Animations/Plant 6/Plant6_00011.png using Guid(6d0d96e74abc0134c8d881b48f3f3d94) Importer(815301076,1909f56bfc062723c751e8b465ee728b) (PreviewImporter) -> (artifact id: '46fa3dbcb5798135f4c0dfa3d1023e6b') in 0.0194903 seconds
Number of updated asset objects reloaded before import = 0Number of asset objects unloaded after import = 3

========================================================================
Received Import Request.
  Time since last request: 0.000032 seconds.
  path: Assets/New Asssets/Plant Animations/Plant 4/Plant4_00033.png
  artifactKey: Guid(12f1b9e1c97f3a34db4754d730600194) Importer(815301076,1909f56bfc062723c751e8b465ee728b)
Start importing Assets/New Asssets/Plant Animations/Plant 4/Plant4_00033.png using Guid(12f1b9e1c97f3a34db4754d730600194) Importer(815301076,1909f56bfc062723c751e8b465ee728b) (PreviewImporter) -> (artifact id: '9ff5e47b6c5142d98890c4fc7874faa3') in 0.017736 seconds
Number of updated asset objects reloaded before import = 0Number of asset objects unloaded after import = 3

========================================================================
Received Import Request.
  Time since last request: 0.000025 seconds.
  path: Assets/New Asssets/Plant Animations/Plant 6/Plant6_00051.png
  artifactKey: Guid(24b5084d9ec34214a8c770216d7a9ee5) Importer(815301076,1909f56bfc062723c751e8b465ee728b)
Start importing Assets/New Asssets/Plant Animations/Plant 6/Plant6_00051.png using Guid(24b5084d9ec34214a8c770216d7a9ee5) Importer(815301076,1909f56bfc062723c751e8b465ee728b) (PreviewImporter) -> (artifact id: 'b4e40a5d68d9be01205c89ed8fde87d3') in 0.0177076 seconds
Number of updated asset objects reloaded before import = 0Number of asset objects unloaded after import = 3

========================================================================
Received Import Request.
  Time since last request: 0.000029 seconds.
  path: Assets/New Asssets/Plant Animations/Plant 4/Plant4_00011.png
  artifactKey: Guid(6cad55e071fdcd5479fdc737f5ecb4be) Importer(815301076,1909f56bfc062723c751e8b465ee728b)
Start importing Assets/New Asssets/Plant Animations/Plant 4/Plant4_00011.png using Guid(6cad55e071fdcd5479fdc737f5ecb4be) Importer(815301076,1909f56bfc062723c751e8b465ee728b) (PreviewImporter) -> (artifact id: '34ac3e94ffc4ffe0b96aecc7c382971c') in 0.0181462 seconds
Number of updated asset objects reloaded before import = 0Number of asset objects unloaded after import = 3

========================================================================
Received Import Request.
  Time since last request: 0.000028 seconds.
  path: Assets/New Asssets/Plant Animations/Plant 2/Plant2_00069.png
  artifactKey: Guid(90a03aac54d25d045baef2bced1fdf24) Importer(815301076,1909f56bfc062723c751e8b465ee728b)
Start importing Assets/New Asssets/Plant Animations/Plant 2/Plant2_00069.png using Guid(90a03aac54d25d045baef2bced1fdf24) Importer(815301076,1909f56bfc062723c751e8b465ee728b) (PreviewImporter) -> (artifact id: '6dac06433511c178624c917b0982e030') in 0.0240516 seconds
Number of updated asset objects reloaded before import = 0Number of asset objects unloaded after import = 5

========================================================================
Received Import Request.
  Time since last request: 0.000049 seconds.
  path: Assets/New Asssets/Plant Animations/Plant 2/Plant2_00060.png
  artifactKey: Guid(4d724133fe43d9b4ca37d01943b5c413) Importer(815301076,1909f56bfc062723c751e8b465ee728b)
Start importing Assets/New Asssets/Plant Animations/Plant 2/Plant2_00060.png using Guid(4d724133fe43d9b4ca37d01943b5c413) Importer(815301076,1909f56bfc062723c751e8b465ee728b) (PreviewImporter) -> (artifact id: '53647ae3fd5f2f88afbf4ca7e9d1b6fd') in 0.0262849 seconds
Number of updated asset objects reloaded before import = 0Number of asset objects unloaded after import = 5

========================================================================
Received Import Request.
  Time since last request: 0.000029 seconds.
  path: Assets/New Asssets/Plant Animations/Plant 2/Plant2_00055.png
  artifactKey: Guid(c6cabef3ff377884d9fd9773f92570e5) Importer(815301076,1909f56bfc062723c751e8b465ee728b)
Start importing Assets/New Asssets/Plant Animations/Plant 2/Plant2_00055.png using Guid(c6cabef3ff377884d9fd9773f92570e5) Importer(815301076,1909f56bfc062723c751e8b465ee728b) (PreviewImporter) -> (artifact id: '8ccfecef0e52f96b9fb8d584b33e7f9c') in 0.022787 seconds
Number of updated asset objects reloaded before import = 0Number of asset objects unloaded after import = 5

========================================================================
Received Import Request.
  Time since last request: 0.000033 seconds.
  path: Assets/New Asssets/Plant Animations/Plant 2/Plant2_00053.png
  artifactKey: Guid(3d1c4eed8dec4274191722d100e916dc) Importer(815301076,1909f56bfc062723c751e8b465ee728b)
Start importing Assets/New Asssets/Plant Animations/Plant 2/Plant2_00053.png using Guid(3d1c4eed8dec4274191722d100e916dc) Importer(815301076,1909f56bfc062723c751e8b465ee728b) (PreviewImporter) -> (artifact id: 'db438294554657986c200c66bacbb263') in 0.0304577 seconds
Number of updated asset objects reloaded before import = 0Number of asset objects unloaded after import = 5

========================================================================
Received Import Request.
  Time since last request: 0.000061 seconds.
  path: Assets/New Asssets/Plant Animations/Plant 2/Plant2_00048.png
  artifactKey: Guid(ac0d9e40ce6d8554caa1c1bf161194f5) Importer(815301076,1909f56bfc062723c751e8b465ee728b)
Start importing Assets/New Asssets/Plant Animations/Plant 2/Plant2_00048.png using Guid(ac0d9e40ce6d8554caa1c1bf161194f5) Importer(815301076,1909f56bfc062723c751e8b465ee728b) (PreviewImporter) -> (artifact id: '3174145e5d9ad56e9ef2fd11580ef938') in 0.0255024 seconds
Number of updated asset objects reloaded before import = 0Number of asset objects unloaded after import = 5

========================================================================
Received Import Request.
  Time since last request: 0.000036 seconds.
  path: Assets/New Asssets/Plant Animations/Plant 2/Plant2_00050.png
  artifactKey: Guid(f8b7383117c5d404c9e7fdf4c9f17b12) Importer(815301076,1909f56bfc062723c751e8b465ee728b)
Start importing Assets/New Asssets/Plant Animations/Plant 2/Plant2_00050.png using Guid(f8b7383117c5d404c9e7fdf4c9f17b12) Importer(815301076,1909f56bfc062723c751e8b465ee728b) (PreviewImporter) -> (artifact id: '2062dbbe28c3d60e4f4400cce09ad4df') in 0.023525 seconds
Number of updated asset objects reloaded before import = 0Number of asset objects unloaded after import = 5

========================================================================
Received Import Request.
  Time since last request: 0.375400 seconds.
  path: Assets/New Asssets/Plant Animations/Plant 2/Plant2_00040.png
  artifactKey: Guid(5cd986d582c1a884ea570aceab1253ad) Importer(815301076,1909f56bfc062723c751e8b465ee728b)
Start importing Assets/New Asssets/Plant Animations/Plant 2/Plant2_00040.png using Guid(5cd986d582c1a884ea570aceab1253ad) Importer(815301076,1909f56bfc062723c751e8b465ee728b) (PreviewImporter) -> (artifact id: '15b574839e7b2cd6f2e3f2304a4a8bfd') in 0.0265932 seconds
Number of updated asset objects reloaded before import = 0Number of asset objects unloaded after import = 5

========================================================================
Received Import Request.
  Time since last request: 0.000023 seconds.
  path: Assets/New Asssets/Plant Animations/Plant 2/Plant2_00038.png
  artifactKey: Guid(7931eb2b40a74654d92e66f0a24f80f4) Importer(815301076,1909f56bfc062723c751e8b465ee728b)
Start importing Assets/New Asssets/Plant Animations/Plant 2/Plant2_00038.png using Guid(7931eb2b40a74654d92e66f0a24f80f4) Importer(815301076,1909f56bfc062723c751e8b465ee728b) (PreviewImporter) -> (artifact id: '920fcc0818dc0e4ad6cc9caf14419e8a') in 0.0269246 seconds
Number of updated asset objects reloaded before import = 0Number of asset objects unloaded after import = 5

========================================================================
Received Import Request.
  Time since last request: 0.000027 seconds.
  path: Assets/New Asssets/Plant Animations/Plant 2/Plant2_00027.png
  artifactKey: Guid(4c5400e231f3cf44f927a57af3e8cf3d) Importer(815301076,1909f56bfc062723c751e8b465ee728b)
Start importing Assets/New Asssets/Plant Animations/Plant 2/Plant2_00027.png using Guid(4c5400e231f3cf44f927a57af3e8cf3d) Importer(815301076,1909f56bfc062723c751e8b465ee728b) (PreviewImporter) -> (artifact id: '81c78dadf270e05f58b0ad0b9c0feb57') in 0.0234906 seconds
Number of updated asset objects reloaded before import = 0Number of asset objects unloaded after import = 5

========================================================================
Received Import Request.
  Time since last request: 0.000028 seconds.
  path: Assets/New Asssets/Plant Animations/Plant 2/Plant2_00030.png
  artifactKey: Guid(069017cac5a392b4bbc88a626c12265b) Importer(815301076,1909f56bfc062723c751e8b465ee728b)
Start importing Assets/New Asssets/Plant Animations/Plant 2/Plant2_00030.png using Guid(069017cac5a392b4bbc88a626c12265b) Importer(815301076,1909f56bfc062723c751e8b465ee728b) (PreviewImporter) -> (artifact id: 'f927c7450184a7e3e1776443f9b41ed1') in 0.0229328 seconds
Number of updated asset objects reloaded before import = 0Number of asset objects unloaded after import = 5

========================================================================
Received Import Request.
  Time since last request: 0.000041 seconds.
  path: Assets/New Asssets/Plant Animations/Plant 2/Plant2_00022.png
  artifactKey: Guid(b8587f38ccc4cb44cbcc8073ed848dd5) Importer(815301076,1909f56bfc062723c751e8b465ee728b)
Start importing Assets/New Asssets/Plant Animations/Plant 2/Plant2_00022.png using Guid(b8587f38ccc4cb44cbcc8073ed848dd5) Importer(815301076,1909f56bfc062723c751e8b465ee728b) (PreviewImporter) -> (artifact id: '86a660e2a14e0a7a74aae3019b87b073') in 0.0227797 seconds
Number of updated asset objects reloaded before import = 0Number of asset objects unloaded after import = 5

========================================================================
Received Import Request.
  Time since last request: 0.000043 seconds.
  path: Assets/New Asssets/Plant Animations/Plant 2/Plant2_00020.png
  artifactKey: Guid(d79b5e6580144c24f89a24b202cd80a0) Importer(815301076,1909f56bfc062723c751e8b465ee728b)
Start importing Assets/New Asssets/Plant Animations/Plant 2/Plant2_00020.png using Guid(d79b5e6580144c24f89a24b202cd80a0) Importer(815301076,1909f56bfc062723c751e8b465ee728b) (PreviewImporter) -> (artifact id: '675260df736b414cfa1e4eff0bbf1694') in 0.0219054 seconds
Number of updated asset objects reloaded before import = 0Number of asset objects unloaded after import = 5

========================================================================
Received Import Request.
  Time since last request: 0.073343 seconds.
  path: Assets/New Asssets/Plant Animations/Plant 2/Plant2_00016.png
  artifactKey: Guid(9f84372be894d934394c58d8ee7997df) Importer(815301076,1909f56bfc062723c751e8b465ee728b)
Start importing Assets/New Asssets/Plant Animations/Plant 2/Plant2_00016.png using Guid(9f84372be894d934394c58d8ee7997df) Importer(815301076,1909f56bfc062723c751e8b465ee728b) (PreviewImporter) -> (artifact id: 'd5d0b7efb5c19f7a3be50dcd967ccd98') in 0.0208032 seconds
Number of updated asset objects reloaded before import = 0Number of asset objects unloaded after import = 5

========================================================================
Received Import Request.
  Time since last request: 0.000033 seconds.
  path: Assets/New Asssets/Plant Animations/Plant 2/Plant2_00014.png
  artifactKey: Guid(5565d909cd68f3b4f92b32d7aa89cb02) Importer(815301076,1909f56bfc062723c751e8b465ee728b)
Start importing Assets/New Asssets/Plant Animations/Plant 2/Plant2_00014.png using Guid(5565d909cd68f3b4f92b32d7aa89cb02) Importer(815301076,1909f56bfc062723c751e8b465ee728b) (PreviewImporter) -> (artifact id: '70516ba91fb61bbc7e063e486cc2a731') in 0.020877 seconds
Number of updated asset objects reloaded before import = 0Number of asset objects unloaded after import = 5

========================================================================
Received Import Request.
  Time since last request: 0.000035 seconds.
  path: Assets/New Asssets/Plant Animations/Plant 2/Plant2_00013.png
  artifactKey: Guid(d1b62c306ea67214f9c5876234001226) Importer(815301076,1909f56bfc062723c751e8b465ee728b)
Start importing Assets/New Asssets/Plant Animations/Plant 2/Plant2_00013.png using Guid(d1b62c306ea67214f9c5876234001226) Importer(815301076,1909f56bfc062723c751e8b465ee728b) (PreviewImporter) -> (artifact id: '2831c7a7ec03a0ee721c9f30f8848a1c') in 0.0226095 seconds
Number of updated asset objects reloaded before import = 0Number of asset objects unloaded after import = 5

========================================================================
Received Import Request.
  Time since last request: 0.000022 seconds.
  path: Assets/New Asssets/Plant Animations/Plant 2/Plant2_00007.png
  artifactKey: Guid(41c8a7c54faa9ce4693626979a6d6c40) Importer(815301076,1909f56bfc062723c751e8b465ee728b)
Start importing Assets/New Asssets/Plant Animations/Plant 2/Plant2_00007.png using Guid(41c8a7c54faa9ce4693626979a6d6c40) Importer(815301076,1909f56bfc062723c751e8b465ee728b) (PreviewImporter) -> (artifact id: 'ac4c5920be40fdc4535759840e8d70e9') in 0.0217855 seconds
Number of updated asset objects reloaded before import = 0Number of asset objects unloaded after import = 5

========================================================================
Received Import Request.
  Time since last request: 0.000024 seconds.
  path: Assets/New Asssets/Plant Animations/Plant 2/Plant2_00002.png
  artifactKey: Guid(820241960a9d67d40b93903e08ac596f) Importer(815301076,1909f56bfc062723c751e8b465ee728b)
Start importing Assets/New Asssets/Plant Animations/Plant 2/Plant2_00002.png using Guid(820241960a9d67d40b93903e08ac596f) Importer(815301076,1909f56bfc062723c751e8b465ee728b) (PreviewImporter) -> (artifact id: '2fa5ea68c7a865e3f9a6421444690b6b') in 0.0218601 seconds
Number of updated asset objects reloaded before import = 0Number of asset objects unloaded after import = 5

========================================================================
Received Import Request.
  Time since last request: 0.000023 seconds.
  path: Assets/New Asssets/Plant Animations/Plant 1/Plant1_00078.png
  artifactKey: Guid(3928a307e790e1344a4e25ecd0ff3ff5) Importer(815301076,1909f56bfc062723c751e8b465ee728b)
Start importing Assets/New Asssets/Plant Animations/Plant 1/Plant1_00078.png using Guid(3928a307e790e1344a4e25ecd0ff3ff5) Importer(815301076,1909f56bfc062723c751e8b465ee728b) (PreviewImporter) -> (artifact id: '384e5ed3d4d72c46e60844550e75d99e') in 0.015964 seconds
Number of updated asset objects reloaded before import = 0Number of asset objects unloaded after import = 3

========================================================================
Received Import Request.
  Time since last request: 0.000029 seconds.
  path: Assets/New Asssets/Plant Animations/Plant 1/Plant1_00087.png
  artifactKey: Guid(a143c97ce63aa1d4db2441a1a3a728b2) Importer(815301076,1909f56bfc062723c751e8b465ee728b)
Start importing Assets/New Asssets/Plant Animations/Plant 1/Plant1_00087.png using Guid(a143c97ce63aa1d4db2441a1a3a728b2) Importer(815301076,1909f56bfc062723c751e8b465ee728b) (PreviewImporter) -> (artifact id: '42704c7639d06fe37460a10692f4a686') in 0.0195328 seconds
Number of updated asset objects reloaded before import = 0Number of asset objects unloaded after import = 3

========================================================================
Received Import Request.
  Time since last request: 0.000044 seconds.
  path: Assets/New Asssets/Plant Animations/Plant 1/Plant1_00079.png
  artifactKey: Guid(5e1de394e9481ba4eba455f1c499bfa6) Importer(815301076,1909f56bfc062723c751e8b465ee728b)
Start importing Assets/New Asssets/Plant Animations/Plant 1/Plant1_00079.png using Guid(5e1de394e9481ba4eba455f1c499bfa6) Importer(815301076,1909f56bfc062723c751e8b465ee728b) (PreviewImporter) -> (artifact id: '5a4f4da286a6c7fcfdf8358ae31b02bc') in 0.0240841 seconds
Number of updated asset objects reloaded before import = 0Number of asset objects unloaded after import = 3

========================================================================
Received Import Request.
  Time since last request: 0.000025 seconds.
  path: Assets/New Asssets/Plant Animations/Plant 1/Plant1_00039.png
  artifactKey: Guid(529c900fa4a897d44a4d33e173fd7b19) Importer(815301076,1909f56bfc062723c751e8b465ee728b)
Start importing Assets/New Asssets/Plant Animations/Plant 1/Plant1_00039.png using Guid(529c900fa4a897d44a4d33e173fd7b19) Importer(815301076,1909f56bfc062723c751e8b465ee728b) (PreviewImporter) -> (artifact id: 'da1e6d162c765cf536ecd67d7806ed12') in 0.0202073 seconds
Number of updated asset objects reloaded before import = 0Number of asset objects unloaded after import = 3

========================================================================
Received Import Request.
  Time since last request: 0.000025 seconds.
  path: Assets/New Asssets/Plant Animations/Plant 1/Plant1_00028.png
  artifactKey: Guid(58577f60e1ccda54d99c4f6e7df6b665) Importer(815301076,1909f56bfc062723c751e8b465ee728b)
Start importing Assets/New Asssets/Plant Animations/Plant 1/Plant1_00028.png using Guid(58577f60e1ccda54d99c4f6e7df6b665) Importer(815301076,1909f56bfc062723c751e8b465ee728b) (PreviewImporter) -> (artifact id: '6121daa15f1f322202f284917c198943') in 0.0178289 seconds
Number of updated asset objects reloaded before import = 0Number of asset objects unloaded after import = 3

========================================================================
Received Import Request.
  Time since last request: 0.000035 seconds.
  path: Assets/New Asssets/Plant Animations/Plant 1/Plant1_00019.png
  artifactKey: Guid(33a0e938f103d4a4c9532e957c3e8391) Importer(815301076,1909f56bfc062723c751e8b465ee728b)
Start importing Assets/New Asssets/Plant Animations/Plant 1/Plant1_00019.png using Guid(33a0e938f103d4a4c9532e957c3e8391) Importer(815301076,1909f56bfc062723c751e8b465ee728b) (PreviewImporter) -> (artifact id: 'fd78fd6a551a041ef99a8290d9dcd225') in 0.0193337 seconds
Number of updated asset objects reloaded before import = 0Number of asset objects unloaded after import = 3

========================================================================
Received Import Request.
  Time since last request: 0.000041 seconds.
  path: Assets/New Asssets/Plant Animations/Plant 1/Plant1_00000.png
  artifactKey: Guid(d85d212cb7dfdda4a914a70235a976a8) Importer(815301076,1909f56bfc062723c751e8b465ee728b)
Start importing Assets/New Asssets/Plant Animations/Plant 1/Plant1_00000.png using Guid(d85d212cb7dfdda4a914a70235a976a8) Importer(815301076,1909f56bfc062723c751e8b465ee728b) (PreviewImporter) -> (artifact id: 'c2620cf57134b8d60b157ef4d89889bd') in 0.0186826 seconds
Number of updated asset objects reloaded before import = 0Number of asset objects unloaded after import = 3

========================================================================
Received Import Request.
  Time since last request: 0.000046 seconds.
  path: Assets/New Asssets/Plant Animations/Plant 1/Plant1_00030.png
  artifactKey: Guid(7e591f8b8945de04f82c89fc8ec2f485) Importer(815301076,1909f56bfc062723c751e8b465ee728b)
Start importing Assets/New Asssets/Plant Animations/Plant 1/Plant1_00030.png using Guid(7e591f8b8945de04f82c89fc8ec2f485) Importer(815301076,1909f56bfc062723c751e8b465ee728b) (PreviewImporter) -> (artifact id: 'bbcade3c628dece3be10b79d8909d305') in 0.0163391 seconds
Number of updated asset objects reloaded before import = 0Number of asset objects unloaded after import = 3

========================================================================
Received Import Request.
  Time since last request: 0.000026 seconds.
  path: Assets/New Asssets/Plant Animations/Plant Wind 1/Plant Wind 1_00022.png
  artifactKey: Guid(7194761a4410b254390b00f5326c320e) Importer(815301076,1909f56bfc062723c751e8b465ee728b)
Start importing Assets/New Asssets/Plant Animations/Plant Wind 1/Plant Wind 1_00022.png using Guid(7194761a4410b254390b00f5326c320e) Importer(815301076,1909f56bfc062723c751e8b465ee728b) (PreviewImporter) -> (artifact id: '171bf1befa95af3994dcfacf7f1c2ed3') in 0.0186029 seconds
Number of updated asset objects reloaded before import = 0Number of asset objects unloaded after import = 3

========================================================================
Received Import Request.
  Time since last request: 0.000029 seconds.
  path: Assets/New Asssets/Plant Animations/Plant Wind 1/Plant Wind 1_00027.png
  artifactKey: Guid(1b8393e2690f3264684f0119c538f179) Importer(815301076,1909f56bfc062723c751e8b465ee728b)
Start importing Assets/New Asssets/Plant Animations/Plant Wind 1/Plant Wind 1_00027.png using Guid(1b8393e2690f3264684f0119c538f179) Importer(815301076,1909f56bfc062723c751e8b465ee728b) (PreviewImporter) -> (artifact id: '707755d57152ba35f5ed4ab32c3acb62') in 0.018113 seconds
Number of updated asset objects reloaded before import = 0Number of asset objects unloaded after import = 3

========================================================================
Received Import Request.
  Time since last request: 0.000025 seconds.
  path: Assets/New Asssets/Plant Animations/Plant Wind 1/Plant Wind 1_00024.png
  artifactKey: Guid(009c6082fc840774f8517755ea36b26c) Importer(815301076,1909f56bfc062723c751e8b465ee728b)
Start importing Assets/New Asssets/Plant Animations/Plant Wind 1/Plant Wind 1_00024.png using Guid(009c6082fc840774f8517755ea36b26c) Importer(815301076,1909f56bfc062723c751e8b465ee728b) (PreviewImporter) -> (artifact id: 'ded6740459cee734ea132f1598adf530') in 0.0231871 seconds
Number of updated asset objects reloaded before import = 0Number of asset objects unloaded after import = 3

========================================================================
Received Import Request.
  Time since last request: 0.000036 seconds.
  path: Assets/New Asssets/Plant Animations/Plant 1/Plant1_00042.png
  artifactKey: Guid(ce70e12e32c783e4bbebb762018b959b) Importer(815301076,1909f56bfc062723c751e8b465ee728b)
Start importing Assets/New Asssets/Plant Animations/Plant 1/Plant1_00042.png using Guid(ce70e12e32c783e4bbebb762018b959b) Importer(815301076,1909f56bfc062723c751e8b465ee728b) (PreviewImporter) -> (artifact id: 'ce5b8aad5a3f449a8c280dd10acfe4de') in 0.0182648 seconds
Number of updated asset objects reloaded before import = 0Number of asset objects unloaded after import = 3

========================================================================
Received Import Request.
  Time since last request: 0.000023 seconds.
  path: Assets/New Asssets/Plant Animations/Plant Wind 1/Plant Wind 1_00006.png
  artifactKey: Guid(efa5459b3875f6a41b267e68a6d7b638) Importer(815301076,1909f56bfc062723c751e8b465ee728b)
Start importing Assets/New Asssets/Plant Animations/Plant Wind 1/Plant Wind 1_00006.png using Guid(efa5459b3875f6a41b267e68a6d7b638) Importer(815301076,1909f56bfc062723c751e8b465ee728b) (PreviewImporter) -> (artifact id: '1130c1a2415ab296646ca8eeea2a1200') in 0.0198805 seconds
Number of updated asset objects reloaded before import = 0Number of asset objects unloaded after import = 3

========================================================================
Received Import Request.
  Time since last request: 0.000025 seconds.
  path: Assets/New Asssets/Plant Animations/Plant Wind 1/Plant Wind 1_00023.png
  artifactKey: Guid(2f42bee7baec98b45a6dd5908a09e431) Importer(815301076,1909f56bfc062723c751e8b465ee728b)
Start importing Assets/New Asssets/Plant Animations/Plant Wind 1/Plant Wind 1_00023.png using Guid(2f42bee7baec98b45a6dd5908a09e431) Importer(815301076,1909f56bfc062723c751e8b465ee728b) (PreviewImporter) -> (artifact id: 'da94acb5aa925ea9fcbe98809fa0b215') in 0.0209215 seconds
Number of updated asset objects reloaded before import = 0Number of asset objects unloaded after import = 3

========================================================================
Received Import Request.
  Time since last request: 0.000026 seconds.
  path: Assets/New Asssets/Plant Animations/Plant Wind 1/Plant Wind 1_00028.png
  artifactKey: Guid(619d81e17cbf7b04699d5f5fa7306113) Importer(815301076,1909f56bfc062723c751e8b465ee728b)
Start importing Assets/New Asssets/Plant Animations/Plant Wind 1/Plant Wind 1_00028.png using Guid(619d81e17cbf7b04699d5f5fa7306113) Importer(815301076,1909f56bfc062723c751e8b465ee728b) (PreviewImporter) -> (artifact id: '25dde5e9f7c027edc26d31839fa6c5cf') in 0.0187237 seconds
Number of updated asset objects reloaded before import = 0Number of asset objects unloaded after import = 3

========================================================================
Received Import Request.
  Time since last request: 0.000034 seconds.
  path: Assets/New Asssets/Plant Animations/Plant Wind 1/Plant Wind 1_00005.png
  artifactKey: Guid(e22b6d5e5592af243906e84fa884fbe4) Importer(815301076,1909f56bfc062723c751e8b465ee728b)
Start importing Assets/New Asssets/Plant Animations/Plant Wind 1/Plant Wind 1_00005.png using Guid(e22b6d5e5592af243906e84fa884fbe4) Importer(815301076,1909f56bfc062723c751e8b465ee728b) (PreviewImporter) -> (artifact id: '42c8bc2f2bfdcb0764509ce3c67e1ef9') in 0.0170003 seconds
Number of updated asset objects reloaded before import = 0Number of asset objects unloaded after import = 3

========================================================================
Received Import Request.
  Time since last request: 0.000034 seconds.
  path: Assets/New Asssets/Plant Animations/Plant 1/Plant1_00050.png
  artifactKey: Guid(fdb86bcc29feed541aff4d8f0d93e2c1) Importer(815301076,1909f56bfc062723c751e8b465ee728b)
Start importing Assets/New Asssets/Plant Animations/Plant 1/Plant1_00050.png using Guid(fdb86bcc29feed541aff4d8f0d93e2c1) Importer(815301076,1909f56bfc062723c751e8b465ee728b) (PreviewImporter) -> (artifact id: '1529885e90ed559d7d8f4d4d11ecc2a9') in 0.0178705 seconds
Number of updated asset objects reloaded before import = 0Number of asset objects unloaded after import = 3

========================================================================
Received Import Request.
  Time since last request: 0.000024 seconds.
  path: Assets/New Asssets/Plant Animations/Plant 1/Plant1_00009.png
  artifactKey: Guid(19d3ad52e84644447973bd5dd20da3ab) Importer(815301076,1909f56bfc062723c751e8b465ee728b)
Start importing Assets/New Asssets/Plant Animations/Plant 1/Plant1_00009.png using Guid(19d3ad52e84644447973bd5dd20da3ab) Importer(815301076,1909f56bfc062723c751e8b465ee728b) (PreviewImporter) -> (artifact id: '705fbcedef8f5dbf337eff21aaf8a4b3') in 0.0163781 seconds
Number of updated asset objects reloaded before import = 0Number of asset objects unloaded after import = 3

========================================================================
Received Import Request.
  Time since last request: 0.000025 seconds.
  path: Assets/New Asssets/Plant Animations/Plant 1/Plant1_00032.png
  artifactKey: Guid(e9e1966a593141146ae8eee6b2e48f21) Importer(815301076,1909f56bfc062723c751e8b465ee728b)
Start importing Assets/New Asssets/Plant Animations/Plant 1/Plant1_00032.png using Guid(e9e1966a593141146ae8eee6b2e48f21) Importer(815301076,1909f56bfc062723c751e8b465ee728b) (PreviewImporter) -> (artifact id: '6156d8d872aed5da2ea93fcd66fc9211') in 0.018391 seconds
Number of updated asset objects reloaded before import = 0Number of asset objects unloaded after import = 3

========================================================================
Received Import Request.
  Time since last request: 0.000028 seconds.
  path: Assets/New Asssets/Plant Animations/Plant Wind 1/Plant Wind 1_00014.png
  artifactKey: Guid(05c046f393e5e6d45b1763d00d00ca3c) Importer(815301076,1909f56bfc062723c751e8b465ee728b)
Start importing Assets/New Asssets/Plant Animations/Plant Wind 1/Plant Wind 1_00014.png using Guid(05c046f393e5e6d45b1763d00d00ca3c) Importer(815301076,1909f56bfc062723c751e8b465ee728b) (PreviewImporter) -> (artifact id: 'd41b40495406eea5972b49eec2d2fd4b') in 0.0194999 seconds
Number of updated asset objects reloaded before import = 0Number of asset objects unloaded after import = 3

========================================================================
Received Import Request.
  Time since last request: 0.000027 seconds.
  path: Assets/New Asssets/Plant Animations/Plant 1/Plant1_00001.png
  artifactKey: Guid(ef45896550fa03842a191e98ca55a5fd) Importer(815301076,1909f56bfc062723c751e8b465ee728b)
Start importing Assets/New Asssets/Plant Animations/Plant 1/Plant1_00001.png using Guid(ef45896550fa03842a191e98ca55a5fd) Importer(815301076,1909f56bfc062723c751e8b465ee728b) (PreviewImporter) -> (artifact id: '9cfb71f324f7969a82648ddf35313b92') in 0.0165563 seconds
Number of updated asset objects reloaded before import = 0Number of asset objects unloaded after import = 3

========================================================================
Received Import Request.
  Time since last request: 0.000042 seconds.
  path: Assets/New Asssets/Plant Animations/Plant 1/Plant1_00018.png
  artifactKey: Guid(8463aab75ee503342b21a012e3332f16) Importer(815301076,1909f56bfc062723c751e8b465ee728b)
Start importing Assets/New Asssets/Plant Animations/Plant 1/Plant1_00018.png using Guid(8463aab75ee503342b21a012e3332f16) Importer(815301076,1909f56bfc062723c751e8b465ee728b) (PreviewImporter) -> (artifact id: '88bdab4eb9efae8e294bfb05095cbd9b') in 0.0195627 seconds
Number of updated asset objects reloaded before import = 0Number of asset objects unloaded after import = 3

========================================================================
Received Import Request.
  Time since last request: 0.000034 seconds.
  path: Assets/New Asssets/Plant Animations/Plant 1/Plant1_00045.png
  artifactKey: Guid(5379efe95b66d1f45943b5e94d864ba3) Importer(815301076,1909f56bfc062723c751e8b465ee728b)
Start importing Assets/New Asssets/Plant Animations/Plant 1/Plant1_00045.png using Guid(5379efe95b66d1f45943b5e94d864ba3) Importer(815301076,1909f56bfc062723c751e8b465ee728b) (PreviewImporter) -> (artifact id: '9f5aefc8b43147b451429cd8b7727a2d') in 0.0197257 seconds
Number of updated asset objects reloaded before import = 0Number of asset objects unloaded after import = 3

========================================================================
Received Import Request.
  Time since last request: 0.000036 seconds.
  path: Assets/New Asssets/Plant Animations/Plant 1/Plant1_00002.png
  artifactKey: Guid(b260fde6e1a4f3c4fa1aeacaab587f28) Importer(815301076,1909f56bfc062723c751e8b465ee728b)
Start importing Assets/New Asssets/Plant Animations/Plant 1/Plant1_00002.png using Guid(b260fde6e1a4f3c4fa1aeacaab587f28) Importer(815301076,1909f56bfc062723c751e8b465ee728b) (PreviewImporter) -> (artifact id: '6f0127e04fefd3db1ba2ed01e41ed1e9') in 0.0173331 seconds
Number of updated asset objects reloaded before import = 0Number of asset objects unloaded after import = 3

========================================================================
Received Import Request.
  Time since last request: 0.000025 seconds.
  path: Assets/New Asssets/Plant Animations/Plant Wind 1/Plant Wind 1_00020.png
  artifactKey: Guid(0cf13de39d6bd4044b351ffc0e615817) Importer(815301076,1909f56bfc062723c751e8b465ee728b)
Start importing Assets/New Asssets/Plant Animations/Plant Wind 1/Plant Wind 1_00020.png using Guid(0cf13de39d6bd4044b351ffc0e615817) Importer(815301076,1909f56bfc062723c751e8b465ee728b) (PreviewImporter) -> (artifact id: '53f3f4b26bff51de960fd7a9bda4859b') in 0.0190011 seconds
Number of updated asset objects reloaded before import = 0Number of asset objects unloaded after import = 3

========================================================================
Received Import Request.
  Time since last request: 0.000048 seconds.
  path: Assets/New Asssets/Plant Animations/Plant 1/Plant1_00017.png
  artifactKey: Guid(23fcd060ce33c134abf91746f39d0a25) Importer(815301076,1909f56bfc062723c751e8b465ee728b)
Start importing Assets/New Asssets/Plant Animations/Plant 1/Plant1_00017.png using Guid(23fcd060ce33c134abf91746f39d0a25) Importer(815301076,1909f56bfc062723c751e8b465ee728b) (PreviewImporter) -> (artifact id: '21ca4606a1597548a77ce5ca9ff14826') in 0.0185214 seconds
Number of updated asset objects reloaded before import = 0Number of asset objects unloaded after import = 3

========================================================================
Received Import Request.
  Time since last request: 0.000024 seconds.
  path: Assets/New Asssets/Mossy Tileset/Mossy - TileSet.png
  artifactKey: Guid(30c71cf26c348d54a8900e1658e10428) Importer(815301076,1909f56bfc062723c751e8b465ee728b)
Start importing Assets/New Asssets/Mossy Tileset/Mossy - TileSet.png using Guid(30c71cf26c348d54a8900e1658e10428) Importer(815301076,1909f56bfc062723c751e8b465ee728b) (PreviewImporter) -> (artifact id: '850ee0d124612a57aefa2109beae69d7') in 0.0429505 seconds
Number of updated asset objects reloaded before import = 0Number of asset objects unloaded after import = 10

========================================================================
Received Import Request.
  Time since last request: 0.350438 seconds.
  path: Assets/New Asssets/Mossy Tileset/Mossy - BackgroundDecoration.png
  artifactKey: Guid(ca805c6cb4b2f5443a0286ccf44d2212) Importer(815301076,1909f56bfc062723c751e8b465ee728b)
Start importing Assets/New Asssets/Mossy Tileset/Mossy - BackgroundDecoration.png using Guid(ca805c6cb4b2f5443a0286ccf44d2212) Importer(815301076,1909f56bfc062723c751e8b465ee728b) (PreviewImporter) -> (artifact id: '8793516b501c616879859f06d0f9c933') in 0.0370032 seconds
Number of updated asset objects reloaded before import = 0Number of asset objects unloaded after import = 8

========================================================================
Received Import Request.
  Time since last request: 0.000092 seconds.
  path: Assets/New Asssets/Plant Animations/PlantJump/JumpPlant_00012.png
  artifactKey: Guid(c126babbd38856b4aa2a74d0b45d71f1) Importer(815301076,1909f56bfc062723c751e8b465ee728b)
Start importing Assets/New Asssets/Plant Animations/PlantJump/JumpPlant_00012.png using Guid(c126babbd38856b4aa2a74d0b45d71f1) Importer(815301076,1909f56bfc062723c751e8b465ee728b) (PreviewImporter) -> (artifact id: 'e77543efca9c630b57d21b9b10fbe65b') in 0.0196381 seconds
Number of updated asset objects reloaded before import = 0Number of asset objects unloaded after import = 3

========================================================================
Received Import Request.
  Time since last request: 0.000027 seconds.
  path: Assets/New Asssets/Plant Animations/PlantJump/JumpPlant_00018.png
  artifactKey: Guid(ba84da96d45dde848bcc5455dea52fb5) Importer(815301076,1909f56bfc062723c751e8b465ee728b)
Start importing Assets/New Asssets/Plant Animations/PlantJump/JumpPlant_00018.png using Guid(ba84da96d45dde848bcc5455dea52fb5) Importer(815301076,1909f56bfc062723c751e8b465ee728b) (PreviewImporter) -> (artifact id: '4476b2b70fc7409a0fe4c135ec25c405') in 0.0180804 seconds
Number of updated asset objects reloaded before import = 0Number of asset objects unloaded after import = 3

========================================================================
Received Import Request.
  Time since last request: 0.000039 seconds.
  path: Assets/New Asssets/Plant Animations/PlantJump/JumpPlant_00011.png
  artifactKey: Guid(7daf74595b7face42900d32ed18b2902) Importer(815301076,1909f56bfc062723c751e8b465ee728b)
Start importing Assets/New Asssets/Plant Animations/PlantJump/JumpPlant_00011.png using Guid(7daf74595b7face42900d32ed18b2902) Importer(815301076,1909f56bfc062723c751e8b465ee728b) (PreviewImporter) -> (artifact id: '20158fe9634f5f4cf2607bc4b83ca70a') in 0.0182718 seconds
Number of updated asset objects reloaded before import = 0Number of asset objects unloaded after import = 3

========================================================================
Received Import Request.
  Time since last request: 0.000021 seconds.
  path: Assets/New Asssets/Plant Animations/PlantJump2/JumpPlant 2_00016.png
  artifactKey: Guid(b2817525ca7762e4dbf0cc4be4ec4069) Importer(815301076,1909f56bfc062723c751e8b465ee728b)
Start importing Assets/New Asssets/Plant Animations/PlantJump2/JumpPlant 2_00016.png using Guid(b2817525ca7762e4dbf0cc4be4ec4069) Importer(815301076,1909f56bfc062723c751e8b465ee728b) (PreviewImporter) -> (artifact id: 'c55c3f618546a76e70ead10c32590980') in 0.0167577 seconds
Number of updated asset objects reloaded before import = 0Number of asset objects unloaded after import = 3

========================================================================
Received Import Request.
  Time since last request: 0.000024 seconds.
  path: Assets/sprites/fruit.png
  artifactKey: Guid(006a402c3e198a140b13b13789d3b2ab) Importer(815301076,1909f56bfc062723c751e8b465ee728b)
Start importing Assets/sprites/fruit.png using Guid(006a402c3e198a140b13b13789d3b2ab) Importer(815301076,1909f56bfc062723c751e8b465ee728b) (PreviewImporter) -> (artifact id: 'de8e86a8e077e17934e565d00765c8e8') in 0.040408 seconds
Number of updated asset objects reloaded before import = 0Number of asset objects unloaded after import = 11

========================================================================
Received Import Request.
  Time since last request: 0.000030 seconds.
  path: Assets/New Asssets/BlueWizard/2BlueWizardJump/Dash2/DashBlue_00013.png
  artifactKey: Guid(67caacf81656de042bc11d01566e0ce8) Importer(815301076,1909f56bfc062723c751e8b465ee728b)
Start importing Assets/New Asssets/BlueWizard/2BlueWizardJump/Dash2/DashBlue_00013.png using Guid(67caacf81656de042bc11d01566e0ce8) Importer(815301076,1909f56bfc062723c751e8b465ee728b) (PreviewImporter) -> (artifact id: 'c6aa6152a9f85ed91992d80079b0df93') in 0.0189304 seconds
Number of updated asset objects reloaded before import = 0Number of asset objects unloaded after import = 3

========================================================================
Received Import Request.
  Time since last request: 0.000048 seconds.
  path: Assets/New Asssets/BlueWizard/2BlueWizardJump/Dash3/Dash3_00005.png
  artifactKey: Guid(6d1591d03dc6a0047b92125467c77fe5) Importer(815301076,1909f56bfc062723c751e8b465ee728b)
Start importing Assets/New Asssets/BlueWizard/2BlueWizardJump/Dash3/Dash3_00005.png using Guid(6d1591d03dc6a0047b92125467c77fe5) Importer(815301076,1909f56bfc062723c751e8b465ee728b) (PreviewImporter) -> (artifact id: '916f72781cc66a5a082333195d1d7aa8') in 0.0199264 seconds
Number of updated asset objects reloaded before import = 0Number of asset objects unloaded after import = 3

========================================================================
Received Import Request.
  Time since last request: 0.000027 seconds.
  path: Assets/New Asssets/BlueWizard/2BlueWizardJump/Dash2/DashBlue_00010.png
  artifactKey: Guid(34bf400e6ea83e74e9fe3610378bf6d9) Importer(815301076,1909f56bfc062723c751e8b465ee728b)
Start importing Assets/New Asssets/BlueWizard/2BlueWizardJump/Dash2/DashBlue_00010.png using Guid(34bf400e6ea83e74e9fe3610378bf6d9) Importer(815301076,1909f56bfc062723c751e8b465ee728b) (PreviewImporter) -> (artifact id: '96cd99a64d84c446ea993700c3b4c644') in 0.0180653 seconds
Number of updated asset objects reloaded before import = 0Number of asset objects unloaded after import = 3

========================================================================
Received Import Request.
  Time since last request: 0.000025 seconds.
  path: Assets/New Asssets/BlueWizard/2BlueWizardJump/Dash3/Dash3_00014.png
  artifactKey: Guid(62ef69eb00df8fb44b97b3dc994a185d) Importer(815301076,1909f56bfc062723c751e8b465ee728b)
Start importing Assets/New Asssets/BlueWizard/2BlueWizardJump/Dash3/Dash3_00014.png using Guid(62ef69eb00df8fb44b97b3dc994a185d) Importer(815301076,1909f56bfc062723c751e8b465ee728b) (PreviewImporter) -> (artifact id: '70989950ac3db4596596683430bcb327') in 0.0194213 seconds
Number of updated asset objects reloaded before import = 0Number of asset objects unloaded after import = 3

========================================================================
Received Import Request.
  Time since last request: 0.000021 seconds.
  path: Assets/New Asssets/Plant Animations/PlantJump2/JumpPlant 2_00004.png
  artifactKey: Guid(cc46839e1e2a3dd418546bd7666980dd) Importer(815301076,1909f56bfc062723c751e8b465ee728b)
Start importing Assets/New Asssets/Plant Animations/PlantJump2/JumpPlant 2_00004.png using Guid(cc46839e1e2a3dd418546bd7666980dd) Importer(815301076,1909f56bfc062723c751e8b465ee728b) (PreviewImporter) -> (artifact id: 'd5dd3f4b8fb167a5455d41ab3b54e6e2') in 0.0194301 seconds
Number of updated asset objects reloaded before import = 0Number of asset objects unloaded after import = 3

========================================================================
Received Import Request.
  Time since last request: 0.000036 seconds.
  path: Assets/New Asssets/BlueWizard/2BlueWizardJump/Dash2/DashBlue_00005.png
  artifactKey: Guid(270f594cf0a4ce54d81b937aa17dd1f7) Importer(815301076,1909f56bfc062723c751e8b465ee728b)
Start importing Assets/New Asssets/BlueWizard/2BlueWizardJump/Dash2/DashBlue_00005.png using Guid(270f594cf0a4ce54d81b937aa17dd1f7) Importer(815301076,1909f56bfc062723c751e8b465ee728b) (PreviewImporter) -> (artifact id: '88b2d04b5ed832ae9569ae864528b693') in 0.0196913 seconds
Number of updated asset objects reloaded before import = 0Number of asset objects unloaded after import = 3

========================================================================
Received Import Request.
  Time since last request: 0.000040 seconds.
  path: Assets/New Asssets/Plant Animations/PlantJump2/JumpPlant 2_00006.png
  artifactKey: Guid(777532db162eb2748bf2cb87d145dabd) Importer(815301076,1909f56bfc062723c751e8b465ee728b)
Start importing Assets/New Asssets/Plant Animations/PlantJump2/JumpPlant 2_00006.png using Guid(777532db162eb2748bf2cb87d145dabd) Importer(815301076,1909f56bfc062723c751e8b465ee728b) (PreviewImporter) -> (artifact id: '35a8a4ea7b656b79dfc5cb10624a7da9') in 0.0179302 seconds
Number of updated asset objects reloaded before import = 0Number of asset objects unloaded after import = 3

========================================================================
Received Import Request.
  Time since last request: 0.000023 seconds.
  path: Assets/New Asssets/Plant Animations/PlantJump2/JumpPlant 2_00001.png
  artifactKey: Guid(482cf321603f8cd48934d9847d08c5c9) Importer(815301076,1909f56bfc062723c751e8b465ee728b)
Start importing Assets/New Asssets/Plant Animations/PlantJump2/JumpPlant 2_00001.png using Guid(482cf321603f8cd48934d9847d08c5c9) Importer(815301076,1909f56bfc062723c751e8b465ee728b) (PreviewImporter) -> (artifact id: '297283d71143c25fe04701b3097d0e26') in 0.0212789 seconds
Number of updated asset objects reloaded before import = 0Number of asset objects unloaded after import = 3

========================================================================
Received Import Request.
  Time since last request: 0.000019 seconds.
  path: Assets/New Asssets/Plant Animations/PlantJump/JumpPlant_00005.png
  artifactKey: Guid(b65945f1c9cf40c43b279c65b2af63f8) Importer(815301076,1909f56bfc062723c751e8b465ee728b)
Start importing Assets/New Asssets/Plant Animations/PlantJump/JumpPlant_00005.png using Guid(b65945f1c9cf40c43b279c65b2af63f8) Importer(815301076,1909f56bfc062723c751e8b465ee728b) (PreviewImporter) -> (artifact id: '9d040dc070b2525e1a1b2fefa5e9e5a6') in 0.0196998 seconds
Number of updated asset objects reloaded before import = 0Number of asset objects unloaded after import = 3

========================================================================
Received Import Request.
  Time since last request: 0.000032 seconds.
  path: Assets/New Asssets/Plant Animations/PlantJump2/JumpPlant 2_00005.png
  artifactKey: Guid(9ea1a2f2ab1ec8c4aa9ec48519a86621) Importer(815301076,1909f56bfc062723c751e8b465ee728b)
Start importing Assets/New Asssets/Plant Animations/PlantJump2/JumpPlant 2_00005.png using Guid(9ea1a2f2ab1ec8c4aa9ec48519a86621) Importer(815301076,1909f56bfc062723c751e8b465ee728b) (PreviewImporter) -> (artifact id: '355b075b5a083030dc985c8cbdacc2c1') in 0.0187679 seconds
Number of updated asset objects reloaded before import = 0Number of asset objects unloaded after import = 3

========================================================================
Received Import Request.
  Time since last request: 0.000025 seconds.
  path: Assets/New Asssets/Plant Animations/PlantJump/JumpPlant_00002.png
  artifactKey: Guid(3816a782ec834cd4eada4ec517a0f598) Importer(815301076,1909f56bfc062723c751e8b465ee728b)
Start importing Assets/New Asssets/Plant Animations/PlantJump/JumpPlant_00002.png using Guid(3816a782ec834cd4eada4ec517a0f598) Importer(815301076,1909f56bfc062723c751e8b465ee728b) (PreviewImporter) -> (artifact id: '1bfa65390ebf17939356b28d98d2f8af') in 0.0177668 seconds
Number of updated asset objects reloaded before import = 0Number of asset objects unloaded after import = 3

========================================================================
Received Import Request.
  Time since last request: 0.000043 seconds.
  path: Assets/New Asssets/Plant Animations/PlantJump/JumpPlant_00004.png
  artifactKey: Guid(d2f005ab40879c64983079953f444c9d) Importer(815301076,1909f56bfc062723c751e8b465ee728b)
Start importing Assets/New Asssets/Plant Animations/PlantJump/JumpPlant_00004.png using Guid(d2f005ab40879c64983079953f444c9d) Importer(815301076,1909f56bfc062723c751e8b465ee728b) (PreviewImporter) -> (artifact id: 'ebb15c11dd3dd5ea86bb415dd5aad084') in 0.0216993 seconds
Number of updated asset objects reloaded before import = 0Number of asset objects unloaded after import = 3

========================================================================
Received Import Request.
  Time since last request: 0.000023 seconds.
  path: Assets/New Asssets/Plant Animations/PlantJump2/JumpPlant 2_00019.png
  artifactKey: Guid(98a4cc054f268af4f8ee296058ba7f38) Importer(815301076,1909f56bfc062723c751e8b465ee728b)
Start importing Assets/New Asssets/Plant Animations/PlantJump2/JumpPlant 2_00019.png using Guid(98a4cc054f268af4f8ee296058ba7f38) Importer(815301076,1909f56bfc062723c751e8b465ee728b) (PreviewImporter) -> (artifact id: '4ec16a3c3f3590caab92d06bf684fd31') in 0.0200737 seconds
Number of updated asset objects reloaded before import = 0Number of asset objects unloaded after import = 3

========================================================================
Received Import Request.
  Time since last request: 0.000023 seconds.
  path: Assets/New Asssets/Plant Animations/PlantJump2/JumpPlant 2_00017.png
  artifactKey: Guid(673d6ee2ccbd9854f8c3c71120c1a5bb) Importer(815301076,1909f56bfc062723c751e8b465ee728b)
Start importing Assets/New Asssets/Plant Animations/PlantJump2/JumpPlant 2_00017.png using Guid(673d6ee2ccbd9854f8c3c71120c1a5bb) Importer(815301076,1909f56bfc062723c751e8b465ee728b) (PreviewImporter) -> (artifact id: 'c39b1ecd959a3b85941ca726009e38e9') in 0.01428 seconds
Number of updated asset objects reloaded before import = 0Number of asset objects unloaded after import = 3

========================================================================
Received Import Request.
  Time since last request: 0.000022 seconds.
  path: Assets/sprites/coin.png
  artifactKey: Guid(a10449234630fad4790d74202c5d59f0) Importer(815301076,1909f56bfc062723c751e8b465ee728b)
Start importing Assets/sprites/coin.png using Guid(a10449234630fad4790d74202c5d59f0) Importer(815301076,1909f56bfc062723c751e8b465ee728b) (PreviewImporter) -> (artifact id: 'dff904f168f9b29ff8a228d6ebc3b41f') in 0.0404224 seconds
Number of updated asset objects reloaded before import = 0Number of asset objects unloaded after import = 14

========================================================================
Received Import Request.
  Time since last request: 769.583459 seconds.
  path: Assets/New Asssets/BlueWizard/2BlueWizardJump/Dash3/Dash3_00000.png
  artifactKey: Guid(a8122139265e6c64cafa7840c8e00235) Importer(2089858483,b0f066a214c2f5e87bad3c948f4d605d)
Start importing Assets/New Asssets/BlueWizard/2BlueWizardJump/Dash3/Dash3_00000.png using Guid(a8122139265e6c64cafa7840c8e00235) Importer(2089858483,b0f066a214c2f5e87bad3c948f4d605d) (ScriptedImporter) -> (artifact id: '0a4515f00ea0e10e76d6a2bcc5289d22') in 0.0139949 seconds
Number of updated asset objects reloaded before import = 0Number of asset objects unloaded after import = 3

========================================================================
Received Import Request.
  Time since last request: 31.040398 seconds.
  path: Assets/New Asssets/BlueWizard/2BlueWizardJump/Dash3/Dash3_00000.png
  artifactKey: Guid(a8122139265e6c64cafa7840c8e00235) Importer(2089858483,b0f066a214c2f5e87bad3c948f4d605d)
Start importing Assets/New Asssets/BlueWizard/2BlueWizardJump/Dash3/Dash3_00000.png using Guid(a8122139265e6c64cafa7840c8e00235) Importer(2089858483,b0f066a214c2f5e87bad3c948f4d605d) (ScriptedImporter) -> (artifact id: '4e219065d8a2fa22bf2ff70b4756e2b2') in 0.0128357 seconds
Number of updated asset objects reloaded before import = 0Number of asset objects unloaded after import = 3

========================================================================
Received Import Request.
  Time since last request: 21.776158 seconds.
  path: Assets/New Asssets/BlueWizard/2BlueWizardJump/Dash3/Dash3_00000.png
  artifactKey: Guid(a8122139265e6c64cafa7840c8e00235) Importer(815301076,1909f56bfc062723c751e8b465ee728b)
Start importing Assets/New Asssets/BlueWizard/2BlueWizardJump/Dash3/Dash3_00000.png using Guid(a8122139265e6c64cafa7840c8e00235) Importer(815301076,1909f56bfc062723c751e8b465ee728b) (PreviewImporter) -> (artifact id: 'ae5dc70a914e75a0a8b81d3ac6fc1801') in 0.0166649 seconds
Number of updated asset objects reloaded before import = 0Number of asset objects unloaded after import = 3

========================================================================
Received Import Request.
  Time since last request: 4.686077 seconds.
  path: Assets/New Asssets/BlueWizard/2BlueWizardWalk/Chara_BlueWalk00019.png
  artifactKey: Guid(0a04498e1043bd543834ed9064a4aebe) Importer(815301076,1909f56bfc062723c751e8b465ee728b)
Start importing Assets/New Asssets/BlueWizard/2BlueWizardWalk/Chara_BlueWalk00019.png using Guid(0a04498e1043bd543834ed9064a4aebe) Importer(815301076,1909f56bfc062723c751e8b465ee728b) (PreviewImporter) -> (artifact id: '3e88200f4ed3b60f95af893a417877e9') in 0.0160252 seconds
Number of updated asset objects reloaded before import = 0Number of asset objects unloaded after import = 3

========================================================================
Received Import Request.
  Time since last request: 0.000029 seconds.
  path: Assets/New Asssets/BlueWizard/2BlueWizardWalk/Chara_BlueWalk00017.png
  artifactKey: Guid(e473159f92cee114e9a5390dd0e8786c) Importer(815301076,1909f56bfc062723c751e8b465ee728b)
Start importing Assets/New Asssets/BlueWizard/2BlueWizardWalk/Chara_BlueWalk00017.png using Guid(e473159f92cee114e9a5390dd0e8786c) Importer(815301076,1909f56bfc062723c751e8b465ee728b) (PreviewImporter) -> (artifact id: '9870d43df031a70da24d40ec5ad848a3') in 0.0196727 seconds
Number of updated asset objects reloaded before import = 0Number of asset objects unloaded after import = 3

========================================================================
Received Import Request.
  Time since last request: 0.000023 seconds.
  path: Assets/New Asssets/BlueWizard/2BlueWizardWalk/Chara_BlueWalk00015.png
  artifactKey: Guid(9626a80c761dc3a4f9d3ad08267dfd99) Importer(815301076,1909f56bfc062723c751e8b465ee728b)
Start importing Assets/New Asssets/BlueWizard/2BlueWizardWalk/Chara_BlueWalk00015.png using Guid(9626a80c761dc3a4f9d3ad08267dfd99) Importer(815301076,1909f56bfc062723c751e8b465ee728b) (PreviewImporter) -> (artifact id: '126ddeda8c924f2250f70bfd6ed80ea0') in 0.0160044 seconds
Number of updated asset objects reloaded before import = 0Number of asset objects unloaded after import = 3

========================================================================
Received Import Request.
  Time since last request: 0.426594 seconds.
  path: Assets/New Asssets/BlueWizard/2BlueWizardWalk/Chara_BlueWalk00013.png
  artifactKey: Guid(ffdbb5791db837a459ee94ed8536b026) Importer(815301076,1909f56bfc062723c751e8b465ee728b)
Start importing Assets/New Asssets/BlueWizard/2BlueWizardWalk/Chara_BlueWalk00013.png using Guid(ffdbb5791db837a459ee94ed8536b026) Importer(815301076,1909f56bfc062723c751e8b465ee728b) (PreviewImporter) -> (artifact id: '23e64b55f48ffe3f646f4bfa9e40ae15') in 0.0176237 seconds
Number of updated asset objects reloaded before import = 0Number of asset objects unloaded after import = 3

========================================================================
Received Import Request.
  Time since last request: 0.030493 seconds.
  path: Assets/New Asssets/BlueWizard/2BlueWizardWalk/Chara_BlueWalk00011.png
  artifactKey: Guid(42478a92e1027e1448a12967d75d6f29) Importer(815301076,1909f56bfc062723c751e8b465ee728b)
Start importing Assets/New Asssets/BlueWizard/2BlueWizardWalk/Chara_BlueWalk00011.png using Guid(42478a92e1027e1448a12967d75d6f29) Importer(815301076,1909f56bfc062723c751e8b465ee728b) (PreviewImporter) -> (artifact id: '3c91c1eff8d1e81383b31ce9feac80b1') in 0.0154869 seconds
Number of updated asset objects reloaded before import = 0Number of asset objects unloaded after import = 3

========================================================================
Received Import Request.
  Time since last request: 0.000024 seconds.
  path: Assets/New Asssets/BlueWizard/2BlueWizardWalk/Chara_BlueWalk00009.png
  artifactKey: Guid(04d8dfd415549954fa7871fa2a177b6c) Importer(815301076,1909f56bfc062723c751e8b465ee728b)
Start importing Assets/New Asssets/BlueWizard/2BlueWizardWalk/Chara_BlueWalk00009.png using Guid(04d8dfd415549954fa7871fa2a177b6c) Importer(815301076,1909f56bfc062723c751e8b465ee728b) (PreviewImporter) -> (artifact id: '9dc09804d6f672e533bba27036703ee1') in 0.0156351 seconds
Number of updated asset objects reloaded before import = 0Number of asset objects unloaded after import = 3

========================================================================
Received Import Request.
  Time since last request: 0.369365 seconds.
  path: Assets/New Asssets/BlueWizard/2BlueWizardWalk/Chara_BlueWalk00007.png
  artifactKey: Guid(990f52d96dd0a0b42b440ea0a16f3e1f) Importer(815301076,1909f56bfc062723c751e8b465ee728b)
Start importing Assets/New Asssets/BlueWizard/2BlueWizardWalk/Chara_BlueWalk00007.png using Guid(990f52d96dd0a0b42b440ea0a16f3e1f) Importer(815301076,1909f56bfc062723c751e8b465ee728b) (PreviewImporter) -> (artifact id: '74a60c1665773ab5478b0ad423e85f60') in 0.0177006 seconds
Number of updated asset objects reloaded before import = 0Number of asset objects unloaded after import = 3

========================================================================
Received Import Request.
  Time since last request: 0.000021 seconds.
  path: Assets/New Asssets/BlueWizard/2BlueWizardWalk/Chara_BlueWalk00005.png
  artifactKey: Guid(144f93205cacda947ba9fc8bdce20570) Importer(815301076,1909f56bfc062723c751e8b465ee728b)
Start importing Assets/New Asssets/BlueWizard/2BlueWizardWalk/Chara_BlueWalk00005.png using Guid(144f93205cacda947ba9fc8bdce20570) Importer(815301076,1909f56bfc062723c751e8b465ee728b) (PreviewImporter) -> (artifact id: 'eb3d4f4311f98b7857caa5299fd31292') in 0.0174548 seconds
Number of updated asset objects reloaded before import = 0Number of asset objects unloaded after import = 3

========================================================================
Received Import Request.
  Time since last request: 0.102499 seconds.
  path: Assets/New Asssets/BlueWizard/2BlueWizardWalk/Chara_BlueWalk00003.png
  artifactKey: Guid(0145107e00544ea48a5d9f8a892ada59) Importer(815301076,1909f56bfc062723c751e8b465ee728b)
Start importing Assets/New Asssets/BlueWizard/2BlueWizardWalk/Chara_BlueWalk00003.png using Guid(0145107e00544ea48a5d9f8a892ada59) Importer(815301076,1909f56bfc062723c751e8b465ee728b) (PreviewImporter) -> (artifact id: '73fb5ca5e303c8b9c31c862e83d8b220') in 0.0205746 seconds
Number of updated asset objects reloaded before import = 0Number of asset objects unloaded after import = 3

========================================================================
Received Import Request.
  Time since last request: 0.012003 seconds.
  path: Assets/New Asssets/BlueWizard/2BlueWizardWalk/Chara_BlueWalk00001.png
  artifactKey: Guid(a5b188ae3d59fce459b72e9993949f6a) Importer(815301076,1909f56bfc062723c751e8b465ee728b)
Start importing Assets/New Asssets/BlueWizard/2BlueWizardWalk/Chara_BlueWalk00001.png using Guid(a5b188ae3d59fce459b72e9993949f6a) Importer(815301076,1909f56bfc062723c751e8b465ee728b) (PreviewImporter) -> (artifact id: '9e9de7f00b16b66193eee485bbafc0da') in 0.0154292 seconds
Number of updated asset objects reloaded before import = 0Number of asset objects unloaded after import = 3

========================================================================
Received Import Request.
  Time since last request: 0.557102 seconds.
  path: Assets/New Asssets/BlueWizard/2BlueWizardWalk/Chara_BlueWalk00000.png
  artifactKey: Guid(8057c5605c5acdc4ba753d44bba72bf6) Importer(815301076,1909f56bfc062723c751e8b465ee728b)
Start importing Assets/New Asssets/BlueWizard/2BlueWizardWalk/Chara_BlueWalk00000.png using Guid(8057c5605c5acdc4ba753d44bba72bf6) Importer(815301076,1909f56bfc062723c751e8b465ee728b) (PreviewImporter) -> (artifact id: 'ff75b15d5ebf814bf410d9395e4c0a02') in 0.0166229 seconds
Number of updated asset objects reloaded before import = 0Number of asset objects unloaded after import = 3

========================================================================
Received Import Request.
  Time since last request: 195.694872 seconds.
  path: Assets/New Asssets/BlueWizard/2BlueWizardIdle/Chara - BlueIdle00000.png
  artifactKey: Guid(48b364215f7da314ca0bcc187031a318) Importer(815301076,1909f56bfc062723c751e8b465ee728b)
Start importing Assets/New Asssets/BlueWizard/2BlueWizardIdle/Chara - BlueIdle00000.png using Guid(48b364215f7da314ca0bcc187031a318) Importer(815301076,1909f56bfc062723c751e8b465ee728b) (PreviewImporter) -> (artifact id: '825d0057344d7dcbcfa3d7afa1c4533a') in 0.0219967 seconds
Number of updated asset objects reloaded before import = 0Number of asset objects unloaded after import = 3

========================================================================
Received Import Request.
  Time since last request: 0.902472 seconds.
  path: Assets/New Asssets/BlueWizard/2BlueWizardIdle/Chara - BlueIdle00000.png
  artifactKey: Guid(48b364215f7da314ca0bcc187031a318) Importer(2089858483,b0f066a214c2f5e87bad3c948f4d605d)
Start importing Assets/New Asssets/BlueWizard/2BlueWizardIdle/Chara - BlueIdle00000.png using Guid(48b364215f7da314ca0bcc187031a318) Importer(2089858483,b0f066a214c2f5e87bad3c948f4d605d) (ScriptedImporter) -> (artifact id: '98876a31abfe36622d1398518bc76140') in 0.0131727 seconds
Number of updated asset objects reloaded before import = 0Number of asset objects unloaded after import = 3

========================================================================
Received Prepare
Begin MonoManager ReloadAssembly
[Licensing::Client] Successfully resolved entitlement details
- Loaded All Assemblies, in  0.870 seconds
Refreshing native plugins compatible for Editor in 1.74 ms, found 4 plugins.
Native extension for Android target not found
Native extension for WindowsStandalone target not found
Native extension for WebGL target not found
[Package Manager] Failed to launch server process. Reason: Unity was launched with the -noUpm command-line argument
[Package Manager] Unable to send message (not connected to server process).
[Package Manager] Cannot connect to Unity Package Manager local server
Mono: successfully reloaded assembly
- Finished resetting the current domain, in  0.722 seconds
Domain Reload Profiling: 1590ms
	BeginReloadAssembly (292ms)
		ExecutionOrderSort (0ms)
		DisableScriptedObjects (31ms)
		BackupInstance (0ms)
		ReleaseScriptingObjects (1ms)
		CreateAndSetChildDomain (98ms)
	RebuildCommonClasses (34ms)
	RebuildNativeTypeToScriptingClass (12ms)
	initialDomainReloadingComplete (31ms)
	LoadAllAssembliesAndSetupDomain (497ms)
		LoadAssemblies (396ms)
		RebuildTransferFunctionScriptingTraits (0ms)
		AnalyzeDomain (202ms)
			TypeCache.Refresh (7ms)
				TypeCache.ScanAssembly (0ms)
			BuildScriptInfoCaches (177ms)
			ResolveRequiredComponents (11ms)
	FinalizeReload (723ms)
		ReleaseScriptCaches (0ms)
		RebuildScriptCaches (0ms)
		SetupLoadedEditorAssemblies (560ms)
			LogAssemblyErrors (0ms)
			InitializePlatformSupportModulesInManaged (10ms)
			SetLoadedEditorAssemblies (5ms)
			BeforeProcessingInitializeOnLoad (156ms)
			ProcessInitializeOnLoadAttributes (312ms)
			ProcessInitializeOnLoadMethodAttributes (69ms)
			AfterProcessingInitializeOnLoad (8ms)
			EditorAssembliesLoaded (0ms)
		ExecutionOrderSort2 (0ms)
		AwakeInstancesAfterBackupRestoration (15ms)
Refreshing native plugins compatible for Editor in 2.15 ms, found 4 plugins.
Preloading 0 native plugins for Editor in 0.00 ms.
Unloading 29 Unused Serialized files (Serialized files now loaded: 0)
Unloading 6885 unused Assets / (4.0 MB). Loaded Objects now: 8043.
Memory consumption went from 168.2 MB to 164.2 MB.
Total: 8.811200 ms (FindLiveObjects: 0.773400 ms CreateObjectMapping: 0.490700 ms MarkObjects: 5.466500 ms  DeleteObjects: 2.079400 ms)

Prepare: number of updated asset objects reloaded= 0
========================================================================
Received Prepare
Begin MonoManager ReloadAssembly
- Loaded All Assemblies, in  0.753 seconds
Refreshing native plugins compatible for Editor in 1.92 ms, found 4 plugins.
Native extension for Android target not found
Native extension for WindowsStandalone target not found
Native extension for WebGL target not found
[Package Manager] Failed to launch server process. Reason: Unity was launched with the -noUpm command-line argument
[Package Manager] Unable to send message (not connected to server process).
[Package Manager] Cannot connect to Unity Package Manager local server
Mono: successfully reloaded assembly
- Finished resetting the current domain, in  0.743 seconds
Domain Reload Profiling: 1493ms
	BeginReloadAssembly (210ms)
		ExecutionOrderSort (0ms)
		DisableScriptedObjects (14ms)
		BackupInstance (0ms)
		ReleaseScriptingObjects (0ms)
		CreateAndSetChildDomain (51ms)
	RebuildCommonClasses (33ms)
	RebuildNativeTypeToScriptingClass (12ms)
	initialDomainReloadingComplete (31ms)
	LoadAllAssembliesAndSetupDomain (464ms)
		LoadAssemblies (364ms)
		RebuildTransferFunctionScriptingTraits (0ms)
		AnalyzeDomain (190ms)
			TypeCache.Refresh (7ms)
				TypeCache.ScanAssembly (0ms)
			BuildScriptInfoCaches (169ms)
			ResolveRequiredComponents (9ms)
	FinalizeReload (744ms)
		ReleaseScriptCaches (0ms)
		RebuildScriptCaches (0ms)
		SetupLoadedEditorAssemblies (586ms)
			LogAssemblyErrors (0ms)
			InitializePlatformSupportModulesInManaged (10ms)
			SetLoadedEditorAssemblies (5ms)
			BeforeProcessingInitializeOnLoad (155ms)
			ProcessInitializeOnLoadAttributes (329ms)
			ProcessInitializeOnLoadMethodAttributes (78ms)
			AfterProcessingInitializeOnLoad (9ms)
			EditorAssembliesLoaded (0ms)
		ExecutionOrderSort2 (0ms)
		AwakeInstancesAfterBackupRestoration (16ms)
Refreshing native plugins compatible for Editor in 2.00 ms, found 4 plugins.
Preloading 0 native plugins for Editor in 0.00 ms.
Unloading 16 Unused Serialized files (Serialized files now loaded: 0)
Unloading 6874 unused Assets / (4.3 MB). Loaded Objects now: 8046.
Memory consumption went from 164.6 MB to 160.3 MB.
Total: 11.130000 ms (FindLiveObjects: 0.870500 ms CreateObjectMapping: 1.066800 ms MarkObjects: 6.556700 ms  DeleteObjects: 2.634700 ms)

Prepare: number of updated asset objects reloaded= 0
========================================================================
Received Import Request.
  Time since last request: 231.498622 seconds.
  path: Assets/New Asssets/Plant Animations/BlueFlower2/BluePlantClosed_00057.png
  artifactKey: Guid(2572e3a304365dd4db74ef8327e858e7) Importer(815301076,1909f56bfc062723c751e8b465ee728b)
Start importing Assets/New Asssets/Plant Animations/BlueFlower2/BluePlantClosed_00057.png using Guid(2572e3a304365dd4db74ef8327e858e7) Importer(815301076,1909f56bfc062723c751e8b465ee728b) (PreviewImporter) -> (artifact id: '350421f69171113358fb727df587031e') in 0.1448011 seconds
Number of updated asset objects reloaded before import = 0Number of asset objects unloaded after import = 8

========================================================================
Received Import Request.
  Time since last request: 0.000027 seconds.
  path: Assets/New Asssets/Plant Animations/BlueFlower2/BluePlantClosed_00023.png
  artifactKey: Guid(f51b997cb28542d4caffe4d9e3f48f55) Importer(815301076,1909f56bfc062723c751e8b465ee728b)
Start importing Assets/New Asssets/Plant Animations/BlueFlower2/BluePlantClosed_00023.png using Guid(f51b997cb28542d4caffe4d9e3f48f55) Importer(815301076,1909f56bfc062723c751e8b465ee728b) (PreviewImporter) -> (artifact id: '5b4cbc425fe7174c2e361cc9debdf3dc') in 0.0556274 seconds
Number of updated asset objects reloaded before import = 0Number of asset objects unloaded after import = 7

========================================================================
Received Import Request.
  Time since last request: 0.000029 seconds.
  path: Assets/New Asssets/Plant Animations/BlueFlower2/BluePlantClosed_00018.png
  artifactKey: Guid(ba8058e2a1eefe142884b91d61b5779b) Importer(815301076,1909f56bfc062723c751e8b465ee728b)
Start importing Assets/New Asssets/Plant Animations/BlueFlower2/BluePlantClosed_00018.png using Guid(ba8058e2a1eefe142884b91d61b5779b) Importer(815301076,1909f56bfc062723c751e8b465ee728b) (PreviewImporter) -> (artifact id: 'fd1e0a043e5774f2255104486541f847') in 0.0447716 seconds
Number of updated asset objects reloaded before import = 0Number of asset objects unloaded after import = 8

========================================================================
Received Import Request.
  Time since last request: 0.000033 seconds.
  path: Assets/New Asssets/Plant Animations/BlueFlower2/BluePlantClosed_00026.png
  artifactKey: Guid(785c8af046dffa04298eb76bd1fe9cd8) Importer(815301076,1909f56bfc062723c751e8b465ee728b)
Start importing Assets/New Asssets/Plant Animations/BlueFlower2/BluePlantClosed_00026.png using Guid(785c8af046dffa04298eb76bd1fe9cd8) Importer(815301076,1909f56bfc062723c751e8b465ee728b) (PreviewImporter) -> (artifact id: '81aeaa633750e2155dd94e1e024aa7ec') in 0.0394024 seconds
Number of updated asset objects reloaded before import = 0Number of asset objects unloaded after import = 7

========================================================================
Received Import Request.
  Time since last request: 0.000021 seconds.
  path: Assets/New Asssets/Plant Animations/BlueFlower2/BluePlantClosed_00009.png
  artifactKey: Guid(6e3887b41877e254791a24401878fc0b) Importer(815301076,1909f56bfc062723c751e8b465ee728b)
Start importing Assets/New Asssets/Plant Animations/BlueFlower2/BluePlantClosed_00009.png using Guid(6e3887b41877e254791a24401878fc0b) Importer(815301076,1909f56bfc062723c751e8b465ee728b) (PreviewImporter) -> (artifact id: 'd2c51537d5184ac7bc66d6c56b8c982c') in 0.0312712 seconds
Number of updated asset objects reloaded before import = 0Number of asset objects unloaded after import = 8

========================================================================
Received Import Request.
  Time since last request: 0.000022 seconds.
  path: Assets/New Asssets/Plant Animations/BlueFlower2/BluePlantClosed_00007.png
  artifactKey: Guid(a829d4727878849418a279e2715803ca) Importer(815301076,1909f56bfc062723c751e8b465ee728b)
Start importing Assets/New Asssets/Plant Animations/BlueFlower2/BluePlantClosed_00007.png using Guid(a829d4727878849418a279e2715803ca) Importer(815301076,1909f56bfc062723c751e8b465ee728b) (PreviewImporter) -> (artifact id: 'c27534f4d9c56729142e021ebbf26cc8') in 0.0347446 seconds
Number of updated asset objects reloaded before import = 0Number of asset objects unloaded after import = 8

========================================================================
Received Import Request.
  Time since last request: 0.000021 seconds.
  path: Assets/New Asssets/Plant Animations/BlueFlower2/BluePlantClosed_00000.png
  artifactKey: Guid(cb6de52942ebcb24ba90a6cea6944543) Importer(815301076,1909f56bfc062723c751e8b465ee728b)
Start importing Assets/New Asssets/Plant Animations/BlueFlower2/BluePlantClosed_00000.png using Guid(cb6de52942ebcb24ba90a6cea6944543) Importer(815301076,1909f56bfc062723c751e8b465ee728b) (PreviewImporter) -> (artifact id: '70075d1cb720e9dc11b87ad4114b8530') in 0.0368356 seconds
Number of updated asset objects reloaded before import = 0Number of asset objects unloaded after import = 8

========================================================================
Received Import Request.
  Time since last request: 0.000033 seconds.
  path: Assets/New Asssets/Plant Animations/BlueFlower1/BlueFlower_00057.png
  artifactKey: Guid(56431ff1de75aa84ba1f83c06c0b0ea9) Importer(815301076,1909f56bfc062723c751e8b465ee728b)
Start importing Assets/New Asssets/Plant Animations/BlueFlower1/BlueFlower_00057.png using Guid(56431ff1de75aa84ba1f83c06c0b0ea9) Importer(815301076,1909f56bfc062723c751e8b465ee728b) (PreviewImporter) -> (artifact id: 'f37ea88cd1509fea70bd5b01f33dbee9') in 0.0211036 seconds
Number of updated asset objects reloaded before import = 0Number of asset objects unloaded after import = 3

========================================================================
Received Import Request.
  Time since last request: 0.000018 seconds.
  path: Assets/New Asssets/Plant Animations/BlueFlower2/BluePlantClosed_00010.png
  artifactKey: Guid(d8103822017c6fc429d1a770addb57db) Importer(815301076,1909f56bfc062723c751e8b465ee728b)
Start importing Assets/New Asssets/Plant Animations/BlueFlower2/BluePlantClosed_00010.png using Guid(d8103822017c6fc429d1a770addb57db) Importer(815301076,1909f56bfc062723c751e8b465ee728b) (PreviewImporter) -> (artifact id: '9c7a538148607c03898177c3bc32317c') in 0.0333564 seconds
Number of updated asset objects reloaded before import = 0Number of asset objects unloaded after import = 8

========================================================================
Received Import Request.
  Time since last request: 0.000023 seconds.
  path: Assets/New Asssets/Plant Animations/BlueFlower1/BlueFlower_00047.png
  artifactKey: Guid(d8ba833a698676c498cf8149359ab85c) Importer(815301076,1909f56bfc062723c751e8b465ee728b)
Start importing Assets/New Asssets/Plant Animations/BlueFlower1/BlueFlower_00047.png using Guid(d8ba833a698676c498cf8149359ab85c) Importer(815301076,1909f56bfc062723c751e8b465ee728b) (PreviewImporter) -> (artifact id: '9a03b89107dfd89d8451c026a3f92139') in 0.0209487 seconds
Number of updated asset objects reloaded before import = 0Number of asset objects unloaded after import = 3

========================================================================
Received Import Request.
  Time since last request: 0.000026 seconds.
  path: Assets/New Asssets/Plant Animations/BlueFlower2/BluePlantClosed_00015.png
  artifactKey: Guid(a6968a2ffa00a3a46b62ba36651df64b) Importer(815301076,1909f56bfc062723c751e8b465ee728b)
Start importing Assets/New Asssets/Plant Animations/BlueFlower2/BluePlantClosed_00015.png using Guid(a6968a2ffa00a3a46b62ba36651df64b) Importer(815301076,1909f56bfc062723c751e8b465ee728b) (PreviewImporter) -> (artifact id: '7dd430aa36113ed41d0255988c690f18') in 0.0364833 seconds
Number of updated asset objects reloaded before import = 0Number of asset objects unloaded after import = 8

========================================================================
Received Import Request.
  Time since last request: 0.000035 seconds.
  path: Assets/New Asssets/Plant Animations/BlueFlower2/BluePlantClosed_00024.png
  artifactKey: Guid(a5d1b2fb707e79f4c9fc2a066a231cb6) Importer(815301076,1909f56bfc062723c751e8b465ee728b)
Start importing Assets/New Asssets/Plant Animations/BlueFlower2/BluePlantClosed_00024.png using Guid(a5d1b2fb707e79f4c9fc2a066a231cb6) Importer(815301076,1909f56bfc062723c751e8b465ee728b) (PreviewImporter) -> (artifact id: '467fb0e748a1c4f9a25202c28e6398f1') in 0.0260809 seconds
Number of updated asset objects reloaded before import = 0Number of asset objects unloaded after import = 7

========================================================================
Received Import Request.
  Time since last request: 0.000017 seconds.
  path: Assets/New Asssets/Plant Animations/BlueFlower2/BluePlantClosed_00012.png
  artifactKey: Guid(39f785b1108f9894db3efd08009c1462) Importer(815301076,1909f56bfc062723c751e8b465ee728b)
Start importing Assets/New Asssets/Plant Animations/BlueFlower2/BluePlantClosed_00012.png using Guid(39f785b1108f9894db3efd08009c1462) Importer(815301076,1909f56bfc062723c751e8b465ee728b) (PreviewImporter) -> (artifact id: '3a0f89e22ae0c21830ff1eab04f3d240') in 0.0282871 seconds
Number of updated asset objects reloaded before import = 0Number of asset objects unloaded after import = 8

========================================================================
Received Import Request.
  Time since last request: 0.000022 seconds.
  path: Assets/New Asssets/Plant Animations/BlueFlower1/BlueFlower_00015.png
  artifactKey: Guid(a5a05ccd930903b4288855819ab3deab) Importer(815301076,1909f56bfc062723c751e8b465ee728b)
Start importing Assets/New Asssets/Plant Animations/BlueFlower1/BlueFlower_00015.png using Guid(a5a05ccd930903b4288855819ab3deab) Importer(815301076,1909f56bfc062723c751e8b465ee728b) (PreviewImporter) -> (artifact id: 'c28e942c3b0df49e55112a6a02617557') in 0.0167585 seconds
Number of updated asset objects reloaded before import = 0Number of asset objects unloaded after import = 3

========================================================================
Received Import Request.
  Time since last request: 0.000020 seconds.
  path: Assets/New Asssets/Plant Animations/BlueFlower2/BluePlantClosed_00003.png
  artifactKey: Guid(9928afadbd90671448af13ebf3ddc1e2) Importer(815301076,1909f56bfc062723c751e8b465ee728b)
Start importing Assets/New Asssets/Plant Animations/BlueFlower2/BluePlantClosed_00003.png using Guid(9928afadbd90671448af13ebf3ddc1e2) Importer(815301076,1909f56bfc062723c751e8b465ee728b) (PreviewImporter) -> (artifact id: '6271f64d46a2bb3b280fc0a3b69b6ae9') in 0.0300768 seconds
Number of updated asset objects reloaded before import = 0Number of asset objects unloaded after import = 8

========================================================================
Received Import Request.
  Time since last request: 0.000026 seconds.
  path: Assets/New Asssets/Plant Animations/BlueFlower2/BluePlantClosed_00040.png
  artifactKey: Guid(63a430b8decfdc747b5724849f19f782) Importer(815301076,1909f56bfc062723c751e8b465ee728b)
Start importing Assets/New Asssets/Plant Animations/BlueFlower2/BluePlantClosed_00040.png using Guid(63a430b8decfdc747b5724849f19f782) Importer(815301076,1909f56bfc062723c751e8b465ee728b) (PreviewImporter) -> (artifact id: '18606fa3d7d1b3b1256dfe12407799c2') in 0.0252922 seconds
Number of updated asset objects reloaded before import = 0Number of asset objects unloaded after import = 7

========================================================================
Received Import Request.
  Time since last request: 0.000019 seconds.
  path: Assets/New Asssets/Plant Animations/BlueFlower1/BlueFlower_00053.png
  artifactKey: Guid(0982ceb444013d947be6c3ddad50bda7) Importer(815301076,1909f56bfc062723c751e8b465ee728b)
Start importing Assets/New Asssets/Plant Animations/BlueFlower1/BlueFlower_00053.png using Guid(0982ceb444013d947be6c3ddad50bda7) Importer(815301076,1909f56bfc062723c751e8b465ee728b) (PreviewImporter) -> (artifact id: '80741ab11e46ea267e3551d1aaf546e9') in 0.0188515 seconds
Number of updated asset objects reloaded before import = 0Number of asset objects unloaded after import = 3

========================================================================
Received Import Request.
  Time since last request: 0.000016 seconds.
  path: Assets/New Asssets/Plant Animations/BlueFlower2/BluePlantClosed_00041.png
  artifactKey: Guid(7f81befe38797ff499e4b6be6417014e) Importer(815301076,1909f56bfc062723c751e8b465ee728b)
Start importing Assets/New Asssets/Plant Animations/BlueFlower2/BluePlantClosed_00041.png using Guid(7f81befe38797ff499e4b6be6417014e) Importer(815301076,1909f56bfc062723c751e8b465ee728b) (PreviewImporter) -> (artifact id: '8416bfc58429989c15ffc0f76fe0db43') in 0.0286926 seconds
Number of updated asset objects reloaded before import = 0Number of asset objects unloaded after import = 8

========================================================================
Received Import Request.
  Time since last request: 0.000018 seconds.
  path: Assets/New Asssets/Plant Animations/BlueFlower1/BlueFlower_00016.png
  artifactKey: Guid(3e27906e85849e54c9489cd13e15fb66) Importer(815301076,1909f56bfc062723c751e8b465ee728b)
Start importing Assets/New Asssets/Plant Animations/BlueFlower1/BlueFlower_00016.png using Guid(3e27906e85849e54c9489cd13e15fb66) Importer(815301076,1909f56bfc062723c751e8b465ee728b) (PreviewImporter) -> (artifact id: '228f3614c3d3eb46df4015e52a208e60') in 0.0175514 seconds
Number of updated asset objects reloaded before import = 0Number of asset objects unloaded after import = 3

========================================================================
Received Import Request.
  Time since last request: 0.000030 seconds.
  path: Assets/New Asssets/Plant Animations/BlueFlower1/BlueFlower_00012.png
  artifactKey: Guid(e22a3aa8a1794384aa860776d229ef09) Importer(815301076,1909f56bfc062723c751e8b465ee728b)
Start importing Assets/New Asssets/Plant Animations/BlueFlower1/BlueFlower_00012.png using Guid(e22a3aa8a1794384aa860776d229ef09) Importer(815301076,1909f56bfc062723c751e8b465ee728b) (PreviewImporter) -> (artifact id: 'f3d87849a5c55f4b3a5025171da661d6') in 0.0184083 seconds
Number of updated asset objects reloaded before import = 0Number of asset objects unloaded after import = 3

========================================================================
Received Import Request.
  Time since last request: 0.000016 seconds.
  path: Assets/New Asssets/Plant Animations/BlueFlower1/BlueFlower_00045.png
  artifactKey: Guid(a1ac2edd3439c0941817ce66994cfaae) Importer(815301076,1909f56bfc062723c751e8b465ee728b)
Start importing Assets/New Asssets/Plant Animations/BlueFlower1/BlueFlower_00045.png using Guid(a1ac2edd3439c0941817ce66994cfaae) Importer(815301076,1909f56bfc062723c751e8b465ee728b) (PreviewImporter) -> (artifact id: 'a33560a7ac5ef9dfd4ee408ee6b12e91') in 0.0177371 seconds
Number of updated asset objects reloaded before import = 0Number of asset objects unloaded after import = 3

========================================================================
Received Import Request.
  Time since last request: 0.000035 seconds.
  path: Assets/New Asssets/Plant Animations/BlueFlower1/BlueFlower_00052.png
  artifactKey: Guid(0381d01306e88414c82f7ad06bdca2e5) Importer(815301076,1909f56bfc062723c751e8b465ee728b)
Start importing Assets/New Asssets/Plant Animations/BlueFlower1/BlueFlower_00052.png using Guid(0381d01306e88414c82f7ad06bdca2e5) Importer(815301076,1909f56bfc062723c751e8b465ee728b) (PreviewImporter) -> (artifact id: 'd8f6cb2b7a0fe7a731c81c92581acf31') in 0.0174016 seconds
Number of updated asset objects reloaded before import = 0Number of asset objects unloaded after import = 3

========================================================================
Received Import Request.
  Time since last request: 0.000025 seconds.
  path: Assets/New Asssets/Plant Animations/BlueFlower1/BlueFlower_00058.png
  artifactKey: Guid(402d22cac4889ec4d837f39313fb9359) Importer(815301076,1909f56bfc062723c751e8b465ee728b)
Start importing Assets/New Asssets/Plant Animations/BlueFlower1/BlueFlower_00058.png using Guid(402d22cac4889ec4d837f39313fb9359) Importer(815301076,1909f56bfc062723c751e8b465ee728b) (PreviewImporter) -> (artifact id: '6def8d50413c7845230bb699a78e277b') in 0.0183657 seconds
Number of updated asset objects reloaded before import = 0Number of asset objects unloaded after import = 3

========================================================================
Received Import Request.
  Time since last request: 0.000021 seconds.
  path: Assets/New Asssets/Plant Animations/BlueFlower1/BlueFlower_00042.png
  artifactKey: Guid(82353ef54993a4843af972bd68a86f41) Importer(815301076,1909f56bfc062723c751e8b465ee728b)
Start importing Assets/New Asssets/Plant Animations/BlueFlower1/BlueFlower_00042.png using Guid(82353ef54993a4843af972bd68a86f41) Importer(815301076,1909f56bfc062723c751e8b465ee728b) (PreviewImporter) -> (artifact id: '62acdd67b3312fae05d58e7ab543c109') in 0.0190464 seconds
Number of updated asset objects reloaded before import = 0Number of asset objects unloaded after import = 3

========================================================================
Received Import Request.
  Time since last request: 0.000030 seconds.
  path: Assets/New Asssets/Plant Animations/BlueFlower1/BlueFlower_00037.png
  artifactKey: Guid(ae2f19b603b6813479184d77842b2a3c) Importer(815301076,1909f56bfc062723c751e8b465ee728b)
Start importing Assets/New Asssets/Plant Animations/BlueFlower1/BlueFlower_00037.png using Guid(ae2f19b603b6813479184d77842b2a3c) Importer(815301076,1909f56bfc062723c751e8b465ee728b) (PreviewImporter) -> (artifact id: '354fa049d76d0223c9a1811b6e73f3bd') in 0.0179562 seconds
Number of updated asset objects reloaded before import = 0Number of asset objects unloaded after import = 3

========================================================================
Received Import Request.
  Time since last request: 0.000017 seconds.
  path: Assets/New Asssets/Plant Animations/BlueFlower1/BlueFlower_00010.png
  artifactKey: Guid(d4181d45742d27646ab4cf6141cb491e) Importer(815301076,1909f56bfc062723c751e8b465ee728b)
Start importing Assets/New Asssets/Plant Animations/BlueFlower1/BlueFlower_00010.png using Guid(d4181d45742d27646ab4cf6141cb491e) Importer(815301076,1909f56bfc062723c751e8b465ee728b) (PreviewImporter) -> (artifact id: 'ed12e26b3a16deee20252a064814f842') in 0.0205759 seconds
Number of updated asset objects reloaded before import = 0Number of asset objects unloaded after import = 3

========================================================================
Received Import Request.
  Time since last request: 0.000025 seconds.
  path: Assets/New Asssets/Plant Animations/BlueFlower2/BluePlantClosed_00021.png
  artifactKey: Guid(7e22a331885e5074a9092d88b53b6da8) Importer(815301076,1909f56bfc062723c751e8b465ee728b)
Start importing Assets/New Asssets/Plant Animations/BlueFlower2/BluePlantClosed_00021.png using Guid(7e22a331885e5074a9092d88b53b6da8) Importer(815301076,1909f56bfc062723c751e8b465ee728b) (PreviewImporter) -> (artifact id: '3d0c2b105b9be1ba1ee6103072572539') in 0.0286702 seconds
Number of updated asset objects reloaded before import = 0Number of asset objects unloaded after import = 7

========================================================================
Received Import Request.
  Time since last request: 0.000019 seconds.
  path: Assets/New Asssets/Plant Animations/BlueFlower2/BluePlantClosed_00004.png
  artifactKey: Guid(e064377f7a66959499b9c07515f8f4e1) Importer(815301076,1909f56bfc062723c751e8b465ee728b)
Start importing Assets/New Asssets/Plant Animations/BlueFlower2/BluePlantClosed_00004.png using Guid(e064377f7a66959499b9c07515f8f4e1) Importer(815301076,1909f56bfc062723c751e8b465ee728b) (PreviewImporter) -> (artifact id: 'db6e01ca6be5b304a710b0000623f0d8') in 0.0285429 seconds
Number of updated asset objects reloaded before import = 0Number of asset objects unloaded after import = 8

========================================================================
Received Import Request.
  Time since last request: 0.000030 seconds.
  path: Assets/New Asssets/Plant Animations/BlueFlower2/BluePlantClosed_00019.png
  artifactKey: Guid(61be233e615fded44a6d697a57b18d22) Importer(815301076,1909f56bfc062723c751e8b465ee728b)
Start importing Assets/New Asssets/Plant Animations/BlueFlower2/BluePlantClosed_00019.png using Guid(61be233e615fded44a6d697a57b18d22) Importer(815301076,1909f56bfc062723c751e8b465ee728b) (PreviewImporter) -> (artifact id: 'e29a5cdaab2102eac9c4f9e5e6d80ba1') in 0.0299832 seconds
Number of updated asset objects reloaded before import = 0Number of asset objects unloaded after import = 8

========================================================================
Received Import Request.
  Time since last request: 0.000018 seconds.
  path: Assets/New Asssets/Plant Animations/BlueFlower1/BlueFlower_00036.png
  artifactKey: Guid(98afd0a4ad999a1419fc2c12f9967e37) Importer(815301076,1909f56bfc062723c751e8b465ee728b)
Start importing Assets/New Asssets/Plant Animations/BlueFlower1/BlueFlower_00036.png using Guid(98afd0a4ad999a1419fc2c12f9967e37) Importer(815301076,1909f56bfc062723c751e8b465ee728b) (PreviewImporter) -> (artifact id: '914ffbbdddcd9c44414850a1041257bf') in 0.0212795 seconds
Number of updated asset objects reloaded before import = 0Number of asset objects unloaded after import = 3

========================================================================
Received Import Request.
  Time since last request: 0.000019 seconds.
  path: Assets/New Asssets/Plant Animations/BlueFlower1/BlueFlower_00046.png
  artifactKey: Guid(d01a8a56e1d9225469ca7924aa99a499) Importer(815301076,1909f56bfc062723c751e8b465ee728b)
Start importing Assets/New Asssets/Plant Animations/BlueFlower1/BlueFlower_00046.png using Guid(d01a8a56e1d9225469ca7924aa99a499) Importer(815301076,1909f56bfc062723c751e8b465ee728b) (PreviewImporter) -> (artifact id: '46c3a8b24a607ec834f9a09891797aef') in 0.0164562 seconds
Number of updated asset objects reloaded before import = 0Number of asset objects unloaded after import = 3

========================================================================
Received Import Request.
  Time since last request: 0.000020 seconds.
  path: Assets/New Asssets/Plant Animations/BlueFlower1/BlueFlower_00033.png
  artifactKey: Guid(20560809317316c489b46fb612df779d) Importer(815301076,1909f56bfc062723c751e8b465ee728b)
Start importing Assets/New Asssets/Plant Animations/BlueFlower1/BlueFlower_00033.png using Guid(20560809317316c489b46fb612df779d) Importer(815301076,1909f56bfc062723c751e8b465ee728b) (PreviewImporter) -> (artifact id: 'a63d02db284859c80d0e133d51ae5b6e') in 0.0173917 seconds
Number of updated asset objects reloaded before import = 0Number of asset objects unloaded after import = 3

========================================================================
Received Import Request.
  Time since last request: 0.000025 seconds.
  path: Assets/New Asssets/Plant Animations/BlueFlower1/BlueFlower_00035.png
  artifactKey: Guid(9a339f7fe1df0fe41be45d4f79013909) Importer(815301076,1909f56bfc062723c751e8b465ee728b)
Start importing Assets/New Asssets/Plant Animations/BlueFlower1/BlueFlower_00035.png using Guid(9a339f7fe1df0fe41be45d4f79013909) Importer(815301076,1909f56bfc062723c751e8b465ee728b) (PreviewImporter) -> (artifact id: '079c732241d63c47f8b8e70d6bb254bb') in 0.0170674 seconds
Number of updated asset objects reloaded before import = 0Number of asset objects unloaded after import = 3

========================================================================
Received Import Request.
  Time since last request: 0.074693 seconds.
  path: Assets/New Asssets/Plant Animations/BlueFlower1/BlueFlower_00001.png
  artifactKey: Guid(c3c6555fb6d69944fa18f2d4640abf37) Importer(815301076,1909f56bfc062723c751e8b465ee728b)
Start importing Assets/New Asssets/Plant Animations/BlueFlower1/BlueFlower_00001.png using Guid(c3c6555fb6d69944fa18f2d4640abf37) Importer(815301076,1909f56bfc062723c751e8b465ee728b) (PreviewImporter) -> (artifact id: '6c0ca7e4967a8db094bfdfb9d624287a') in 0.0175987 seconds
Number of updated asset objects reloaded before import = 0Number of asset objects unloaded after import = 3

========================================================================
Received Import Request.
  Time since last request: 0.000018 seconds.
  path: Assets/New Asssets/Plant Animations/BlueFlower1/BlueFlower_00006.png
  artifactKey: Guid(782fc70f4ad1e08459469fe6b8413933) Importer(815301076,1909f56bfc062723c751e8b465ee728b)
Start importing Assets/New Asssets/Plant Animations/BlueFlower1/BlueFlower_00006.png using Guid(782fc70f4ad1e08459469fe6b8413933) Importer(815301076,1909f56bfc062723c751e8b465ee728b) (PreviewImporter) -> (artifact id: '79a1e3324c4e1ccb4fe160fe115398d0') in 0.0180459 seconds
Number of updated asset objects reloaded before import = 0Number of asset objects unloaded after import = 3

========================================================================
Received Import Request.
  Time since last request: 0.000018 seconds.
  path: Assets/New Asssets/Plant Animations/BlueFlower1/BlueFlower_00004.png
  artifactKey: Guid(c398664cc7310a94d889ca9c909d8627) Importer(815301076,1909f56bfc062723c751e8b465ee728b)
Start importing Assets/New Asssets/Plant Animations/BlueFlower1/BlueFlower_00004.png using Guid(c398664cc7310a94d889ca9c909d8627) Importer(815301076,1909f56bfc062723c751e8b465ee728b) (PreviewImporter) -> (artifact id: '96478d42be993f3ff825a7fe8724a81f') in 0.0198416 seconds
Number of updated asset objects reloaded before import = 0Number of asset objects unloaded after import = 3

========================================================================
Received Import Request.
  Time since last request: 0.000026 seconds.
  path: Assets/New Asssets/Plant Animations/BlueFlower1/BlueFlower_00003.png
  artifactKey: Guid(5ee361aad4b3fa745aa8d9ef33de30c0) Importer(815301076,1909f56bfc062723c751e8b465ee728b)
Start importing Assets/New Asssets/Plant Animations/BlueFlower1/BlueFlower_00003.png using Guid(5ee361aad4b3fa745aa8d9ef33de30c0) Importer(815301076,1909f56bfc062723c751e8b465ee728b) (PreviewImporter) -> (artifact id: '181d9be2dd62f0fd951bd0b33538ecd7') in 0.0173623 seconds
Number of updated asset objects reloaded before import = 0Number of asset objects unloaded after import = 3

========================================================================
Received Import Request.
  Time since last request: 0.000027 seconds.
  path: Assets/New Asssets/Plant Animations/BlueFlower1/BlueFlower_00007.png
  artifactKey: Guid(35b891aaabb3f374980182d8f265f903) Importer(815301076,1909f56bfc062723c751e8b465ee728b)
Start importing Assets/New Asssets/Plant Animations/BlueFlower1/BlueFlower_00007.png using Guid(35b891aaabb3f374980182d8f265f903) Importer(815301076,1909f56bfc062723c751e8b465ee728b) (PreviewImporter) -> (artifact id: '7b6f13e0456904335c803ead8701fdea') in 0.0155112 seconds
Number of updated asset objects reloaded before import = 0Number of asset objects unloaded after import = 3

========================================================================
Received Import Request.
  Time since last request: 1.883572 seconds.
  path: Assets/New Asssets/Plant Animations/BlueFlower1/BlueFlower_00018.png
  artifactKey: Guid(b999e318dac091043963e0d140356eb6) Importer(815301076,1909f56bfc062723c751e8b465ee728b)
Start importing Assets/New Asssets/Plant Animations/BlueFlower1/BlueFlower_00018.png using Guid(b999e318dac091043963e0d140356eb6) Importer(815301076,1909f56bfc062723c751e8b465ee728b) (PreviewImporter) -> (artifact id: 'a36cf7e9aa907323db7e991505cfd8ca') in 0.0217005 seconds
Number of updated asset objects reloaded before import = 0Number of asset objects unloaded after import = 3

========================================================================
Received Import Request.
  Time since last request: 0.000016 seconds.
  path: Assets/New Asssets/Plant Animations/BlueFlower1/BlueFlower_00020.png
  artifactKey: Guid(69f57944d68911c43958e46cfd3ab871) Importer(815301076,1909f56bfc062723c751e8b465ee728b)
Start importing Assets/New Asssets/Plant Animations/BlueFlower1/BlueFlower_00020.png using Guid(69f57944d68911c43958e46cfd3ab871) Importer(815301076,1909f56bfc062723c751e8b465ee728b) (PreviewImporter) -> (artifact id: '7ce2b3c768930b95aa5dfa5f2cf86364') in 0.0185739 seconds
Number of updated asset objects reloaded before import = 0Number of asset objects unloaded after import = 3

========================================================================
Received Import Request.
  Time since last request: 0.222736 seconds.
  path: Assets/New Asssets/Plant Animations/BlueFlower1/BlueFlower_00022.png
  artifactKey: Guid(e2598dce833393f4aa6aae970872cd5d) Importer(815301076,1909f56bfc062723c751e8b465ee728b)
Start importing Assets/New Asssets/Plant Animations/BlueFlower1/BlueFlower_00022.png using Guid(e2598dce833393f4aa6aae970872cd5d) Importer(815301076,1909f56bfc062723c751e8b465ee728b) (PreviewImporter) -> (artifact id: 'db073e044098e36aacaacca0f5c6dd6d') in 0.0232199 seconds
Number of updated asset objects reloaded before import = 0Number of asset objects unloaded after import = 3

========================================================================
Received Import Request.
  Time since last request: 0.000022 seconds.
  path: Assets/New Asssets/Plant Animations/BlueFlower1/BlueFlower_00026.png
  artifactKey: Guid(ffcbc3652bcbe1f4c96704cca51ba655) Importer(815301076,1909f56bfc062723c751e8b465ee728b)
Start importing Assets/New Asssets/Plant Animations/BlueFlower1/BlueFlower_00026.png using Guid(ffcbc3652bcbe1f4c96704cca51ba655) Importer(815301076,1909f56bfc062723c751e8b465ee728b) (PreviewImporter) -> (artifact id: '5f0288736ffd0b8fc8d4d46b15981d83') in 0.0179631 seconds
Number of updated asset objects reloaded before import = 0Number of asset objects unloaded after import = 3

========================================================================
Received Import Request.
  Time since last request: 0.000017 seconds.
  path: Assets/New Asssets/Plant Animations/BlueFlower1/BlueFlower_00029.png
  artifactKey: Guid(ccfc72e066cc30441b903db69acedefe) Importer(815301076,1909f56bfc062723c751e8b465ee728b)
Start importing Assets/New Asssets/Plant Animations/BlueFlower1/BlueFlower_00029.png using Guid(ccfc72e066cc30441b903db69acedefe) Importer(815301076,1909f56bfc062723c751e8b465ee728b) (PreviewImporter) -> (artifact id: '019037db3a27304fe0b423451a95b8d4') in 0.0158561 seconds
Number of updated asset objects reloaded before import = 0Number of asset objects unloaded after import = 3

========================================================================
Received Import Request.
  Time since last request: 0.154243 seconds.
  path: Assets/New Asssets/Plant Animations/BlueFlower1/BlueFlower_00030.png
  artifactKey: Guid(3a73a36bc0525a143b542f48d80ca7eb) Importer(815301076,1909f56bfc062723c751e8b465ee728b)
Start importing Assets/New Asssets/Plant Animations/BlueFlower1/BlueFlower_00030.png using Guid(3a73a36bc0525a143b542f48d80ca7eb) Importer(815301076,1909f56bfc062723c751e8b465ee728b) (PreviewImporter) -> (artifact id: '0ae22dbc4d456788c9741d16c3fac4ec') in 0.0149546 seconds
Number of updated asset objects reloaded before import = 0Number of asset objects unloaded after import = 3

========================================================================
Received Import Request.
  Time since last request: 0.000015 seconds.
  path: Assets/New Asssets/Plant Animations/BlueFlower1/BlueFlower_00032.png
  artifactKey: Guid(9b2205b36f0159840b966b79951efa34) Importer(815301076,1909f56bfc062723c751e8b465ee728b)
Start importing Assets/New Asssets/Plant Animations/BlueFlower1/BlueFlower_00032.png using Guid(9b2205b36f0159840b966b79951efa34) Importer(815301076,1909f56bfc062723c751e8b465ee728b) (PreviewImporter) -> (artifact id: '52deee9d0b137ac4fc9aa1b83326e03a') in 0.0170546 seconds
Number of updated asset objects reloaded before import = 0Number of asset objects unloaded after import = 3

========================================================================
Received Import Request.
  Time since last request: 3.303107 seconds.
  path: Assets/New Asssets/Plant Animations/BlueFlower2/BluePlantClosed_00005.png
  artifactKey: Guid(ede18a5e6c24b174683049c236eec32e) Importer(815301076,1909f56bfc062723c751e8b465ee728b)
Start importing Assets/New Asssets/Plant Animations/BlueFlower2/BluePlantClosed_00005.png using Guid(ede18a5e6c24b174683049c236eec32e) Importer(815301076,1909f56bfc062723c751e8b465ee728b) (PreviewImporter) -> (artifact id: '2d531e4c56248bc6f32ceb47f12cfdc0') in 0.0660083 seconds
Number of updated asset objects reloaded before import = 0Number of asset objects unloaded after import = 7

========================================================================
Received Import Request.
  Time since last request: 5.767322 seconds.
  path: Assets/New Asssets/Plant Animations/BlueFlower2/BluePlantClosed_00016.png
  artifactKey: Guid(7f1fb11f23057d744964546e36f8f2d9) Importer(815301076,1909f56bfc062723c751e8b465ee728b)
Start importing Assets/New Asssets/Plant Animations/BlueFlower2/BluePlantClosed_00016.png using Guid(7f1fb11f23057d744964546e36f8f2d9) Importer(815301076,1909f56bfc062723c751e8b465ee728b) (PreviewImporter) -> (artifact id: 'ab7bf91f5dfce386ea31fe984115a1df') in 0.0643195 seconds
Number of updated asset objects reloaded before import = 0Number of asset objects unloaded after import = 8

========================================================================
Received Import Request.
  Time since last request: 0.014259 seconds.
  path: Assets/New Asssets/Plant Animations/BlueFlower2/BluePlantClosed_00017.png
  artifactKey: Guid(7f963f0d2f23c164b9f7d2621695d458) Importer(815301076,1909f56bfc062723c751e8b465ee728b)
Start importing Assets/New Asssets/Plant Animations/BlueFlower2/BluePlantClosed_00017.png using Guid(7f963f0d2f23c164b9f7d2621695d458) Importer(815301076,1909f56bfc062723c751e8b465ee728b) (PreviewImporter) -> (artifact id: 'e71dff2f97446595a4f4cb7d690f7726') in 0.0512829 seconds
Number of updated asset objects reloaded before import = 0Number of asset objects unloaded after import = 8

========================================================================
Received Import Request.
  Time since last request: 4.141510 seconds.
  path: Assets/New Asssets/Plant Animations/BlueFlower2/BluePlantClosed_00025.png
  artifactKey: Guid(b4493fe6bd79d704191e97beb10acd73) Importer(815301076,1909f56bfc062723c751e8b465ee728b)
Start importing Assets/New Asssets/Plant Animations/BlueFlower2/BluePlantClosed_00025.png using Guid(b4493fe6bd79d704191e97beb10acd73) Importer(815301076,1909f56bfc062723c751e8b465ee728b) (PreviewImporter) -> (artifact id: '9f0379efe8b8733a1851286152ae3398') in 0.0526948 seconds
Number of updated asset objects reloaded before import = 0Number of asset objects unloaded after import = 7

========================================================================
Received Import Request.
  Time since last request: 2.241698 seconds.
  path: Assets/New Asssets/Plant Animations/BlueFlower2/BluePlantClosed_00028.png
  artifactKey: Guid(5778a47f8a258684e97c3b5c49768109) Importer(815301076,1909f56bfc062723c751e8b465ee728b)
Start importing Assets/New Asssets/Plant Animations/BlueFlower2/BluePlantClosed_00028.png using Guid(5778a47f8a258684e97c3b5c49768109) Importer(815301076,1909f56bfc062723c751e8b465ee728b) (PreviewImporter) -> (artifact id: 'cab542623541ecaf0b913f2688648ba7') in 0.0394671 seconds
Number of updated asset objects reloaded before import = 0Number of asset objects unloaded after import = 7

========================================================================
Received Import Request.
  Time since last request: 0.182733 seconds.
  path: Assets/New Asssets/Plant Animations/BlueFlower2/BluePlantClosed_00029.png
  artifactKey: Guid(fc90955d6b06ab44281cf00c0a445497) Importer(815301076,1909f56bfc062723c751e8b465ee728b)
Start importing Assets/New Asssets/Plant Animations/BlueFlower2/BluePlantClosed_00029.png using Guid(fc90955d6b06ab44281cf00c0a445497) Importer(815301076,1909f56bfc062723c751e8b465ee728b) (PreviewImporter) -> (artifact id: 'e726f18514b5330394726aec39e0c3ca') in 0.0407172 seconds
Number of updated asset objects reloaded before import = 0Number of asset objects unloaded after import = 7

========================================================================
Received Import Request.
  Time since last request: 0.000019 seconds.
  path: Assets/New Asssets/Plant Animations/BlueFlower2/BluePlantClosed_00030.png
  artifactKey: Guid(7ec1ade08732bcf4890da4989238453a) Importer(815301076,1909f56bfc062723c751e8b465ee728b)
Start importing Assets/New Asssets/Plant Animations/BlueFlower2/BluePlantClosed_00030.png using Guid(7ec1ade08732bcf4890da4989238453a) Importer(815301076,1909f56bfc062723c751e8b465ee728b) (PreviewImporter) -> (artifact id: 'd9c90496ccade67e4319af99bc58ba59') in 0.037882 seconds
Number of updated asset objects reloaded before import = 0Number of asset objects unloaded after import = 7

========================================================================
Received Import Request.
  Time since last request: 0.199860 seconds.
  path: Assets/New Asssets/Plant Animations/BlueFlower2/BluePlantClosed_00031.png
  artifactKey: Guid(5c8453994e91cda479a5fe3a22274caa) Importer(815301076,1909f56bfc062723c751e8b465ee728b)
Start importing Assets/New Asssets/Plant Animations/BlueFlower2/BluePlantClosed_00031.png using Guid(5c8453994e91cda479a5fe3a22274caa) Importer(815301076,1909f56bfc062723c751e8b465ee728b) (PreviewImporter) -> (artifact id: '032493ea3f552c2b10425a4fa8ee6e7d') in 0.0450921 seconds
Number of updated asset objects reloaded before import = 0Number of asset objects unloaded after import = 7

========================================================================
Received Import Request.
  Time since last request: 0.215363 seconds.
  path: Assets/New Asssets/Plant Animations/BlueFlower2/BluePlantClosed_00033.png
  artifactKey: Guid(bf110fafbd83fbc45b7e5ba5dc79d899) Importer(815301076,1909f56bfc062723c751e8b465ee728b)
Start importing Assets/New Asssets/Plant Animations/BlueFlower2/BluePlantClosed_00033.png using Guid(bf110fafbd83fbc45b7e5ba5dc79d899) Importer(815301076,1909f56bfc062723c751e8b465ee728b) (PreviewImporter) -> (artifact id: '85591b1d6e6081e9220704ecda3731bb') in 0.0358021 seconds
Number of updated asset objects reloaded before import = 0Number of asset objects unloaded after import = 7

========================================================================
Received Import Request.
  Time since last request: 0.000015 seconds.
  path: Assets/New Asssets/Plant Animations/BlueFlower2/BluePlantClosed_00034.png
  artifactKey: Guid(bd14d666e3588ca4aa3a1bb5b3bcf3ff) Importer(815301076,1909f56bfc062723c751e8b465ee728b)
Start importing Assets/New Asssets/Plant Animations/BlueFlower2/BluePlantClosed_00034.png using Guid(bd14d666e3588ca4aa3a1bb5b3bcf3ff) Importer(815301076,1909f56bfc062723c751e8b465ee728b) (PreviewImporter) -> (artifact id: '62c24885f6eeb3452481f08918e88920') in 0.0383012 seconds
Number of updated asset objects reloaded before import = 0Number of asset objects unloaded after import = 7

========================================================================
Received Import Request.
  Time since last request: 0.167085 seconds.
  path: Assets/New Asssets/Plant Animations/BlueFlower2/BluePlantClosed_00035.png
  artifactKey: Guid(4bc0ac33f6a49d94780b345357da8c78) Importer(815301076,1909f56bfc062723c751e8b465ee728b)
Start importing Assets/New Asssets/Plant Animations/BlueFlower2/BluePlantClosed_00035.png using Guid(4bc0ac33f6a49d94780b345357da8c78) Importer(815301076,1909f56bfc062723c751e8b465ee728b) (PreviewImporter) -> (artifact id: 'b301d24a8a8da3ac0144260711a5c128') in 0.0212843 seconds
Number of updated asset objects reloaded before import = 0Number of asset objects unloaded after import = 7

========================================================================
Received Import Request.
  Time since last request: 0.840538 seconds.
  path: Assets/New Asssets/Plant Animations/BlueFlower2/BluePlantClosed_00036.png
  artifactKey: Guid(4cfbaa8abaa783b43923ab179d91c8c3) Importer(815301076,1909f56bfc062723c751e8b465ee728b)
Start importing Assets/New Asssets/Plant Animations/BlueFlower2/BluePlantClosed_00036.png using Guid(4cfbaa8abaa783b43923ab179d91c8c3) Importer(815301076,1909f56bfc062723c751e8b465ee728b) (PreviewImporter) -> (artifact id: '6fca27de48363b320858a439980e7e2a') in 0.0279899 seconds
Number of updated asset objects reloaded before import = 0Number of asset objects unloaded after import = 8

========================================================================
Received Import Request.
  Time since last request: 0.006608 seconds.
  path: Assets/New Asssets/Plant Animations/BlueFlower2/BluePlantClosed_00042.png
  artifactKey: Guid(c7fbb65f2ef622a4b971bd45f9234861) Importer(815301076,1909f56bfc062723c751e8b465ee728b)
Start importing Assets/New Asssets/Plant Animations/BlueFlower2/BluePlantClosed_00042.png using Guid(c7fbb65f2ef622a4b971bd45f9234861) Importer(815301076,1909f56bfc062723c751e8b465ee728b) (PreviewImporter) -> (artifact id: 'a90bfec3f2166f749a15f4bb9915901f') in 0.025539 seconds
Number of updated asset objects reloaded before import = 0Number of asset objects unloaded after import = 8

========================================================================
Received Import Request.
  Time since last request: 0.212006 seconds.
  path: Assets/New Asssets/Plant Animations/BlueFlower2/BluePlantClosed_00043.png
  artifactKey: Guid(0a7d010747e332c4ebc1e19b479df7b4) Importer(815301076,1909f56bfc062723c751e8b465ee728b)
Start importing Assets/New Asssets/Plant Animations/BlueFlower2/BluePlantClosed_00043.png using Guid(0a7d010747e332c4ebc1e19b479df7b4) Importer(815301076,1909f56bfc062723c751e8b465ee728b) (PreviewImporter) -> (artifact id: 'df1ca9ef21247cd6214f32ab2f5feeec') in 0.0269697 seconds
Number of updated asset objects reloaded before import = 0Number of asset objects unloaded after import = 8

========================================================================
Received Import Request.
  Time since last request: 0.109564 seconds.
  path: Assets/New Asssets/Plant Animations/BlueFlower2/BluePlantClosed_00048.png
  artifactKey: Guid(32450f5b87a7f2f458bc14e723eeaaef) Importer(815301076,1909f56bfc062723c751e8b465ee728b)
Start importing Assets/New Asssets/Plant Animations/BlueFlower2/BluePlantClosed_00048.png using Guid(32450f5b87a7f2f458bc14e723eeaaef) Importer(815301076,1909f56bfc062723c751e8b465ee728b) (PreviewImporter) -> (artifact id: 'f909a1ad93d8265f6ef076f61c5716b3') in 0.0243742 seconds
Number of updated asset objects reloaded before import = 0Number of asset objects unloaded after import = 8

========================================================================
Received Import Request.
  Time since last request: 0.000019 seconds.
  path: Assets/New Asssets/Plant Animations/BlueFlower2/BluePlantClosed_00051.png
  artifactKey: Guid(f38769fbfdde9704d900da2bfe956487) Importer(815301076,1909f56bfc062723c751e8b465ee728b)
Start importing Assets/New Asssets/Plant Animations/BlueFlower2/BluePlantClosed_00051.png using Guid(f38769fbfdde9704d900da2bfe956487) Importer(815301076,1909f56bfc062723c751e8b465ee728b) (PreviewImporter) -> (artifact id: 'b1db3ffcdce43ceb77e7a2ab5cc761d0') in 0.0250828 seconds
Number of updated asset objects reloaded before import = 0Number of asset objects unloaded after import = 8

========================================================================
Received Import Request.
  Time since last request: 0.000021 seconds.
  path: Assets/New Asssets/Plant Animations/BlueFlower2/BluePlantClosed_00055.png
  artifactKey: Guid(225f9c3dd9ac1ea439a849c6367a522c) Importer(815301076,1909f56bfc062723c751e8b465ee728b)
Start importing Assets/New Asssets/Plant Animations/BlueFlower2/BluePlantClosed_00055.png using Guid(225f9c3dd9ac1ea439a849c6367a522c) Importer(815301076,1909f56bfc062723c751e8b465ee728b) (PreviewImporter) -> (artifact id: '16a440063718c9ca355bec71e3ba3f91') in 0.0251965 seconds
Number of updated asset objects reloaded before import = 0Number of asset objects unloaded after import = 7

========================================================================
Received Import Request.
  Time since last request: 0.469163 seconds.
  path: Assets/New Asssets/Plant Animations/BlueFlower2/BluePlantClosed_00059.png
  artifactKey: Guid(8c1f059330d19054eaffe33089af985f) Importer(815301076,1909f56bfc062723c751e8b465ee728b)
Start importing Assets/New Asssets/Plant Animations/BlueFlower2/BluePlantClosed_00059.png using Guid(8c1f059330d19054eaffe33089af985f) Importer(815301076,1909f56bfc062723c751e8b465ee728b) (PreviewImporter) -> (artifact id: '583ef7b38a92c0cc350cf8bcb917bf10') in 0.0309918 seconds
Number of updated asset objects reloaded before import = 0Number of asset objects unloaded after import = 8

========================================================================
Received Import Request.
  Time since last request: 0.000021 seconds.
  path: Assets/New Asssets/BlueWizard/2BlueWizardJump/DashEffect/BlueWizardDash_00005.png
  artifactKey: Guid(2c6358b7f88ab414b830a1b5f960331c) Importer(815301076,1909f56bfc062723c751e8b465ee728b)
Start importing Assets/New Asssets/BlueWizard/2BlueWizardJump/DashEffect/BlueWizardDash_00005.png using Guid(2c6358b7f88ab414b830a1b5f960331c) Importer(815301076,1909f56bfc062723c751e8b465ee728b) (PreviewImporter) -> (artifact id: '4f6e58668f96023b3c1175329119d3bc') in 0.0202307 seconds
Number of updated asset objects reloaded before import = 0Number of asset objects unloaded after import = 3

========================================================================
Received Import Request.
  Time since last request: 0.000021 seconds.
  path: Assets/New Asssets/BlueWizard/2BlueWizardJump/DashEffect/BlueWizardDash_00006.png
  artifactKey: Guid(1bfac4640dcc42d40a891d4b4dfa665f) Importer(815301076,1909f56bfc062723c751e8b465ee728b)
Start importing Assets/New Asssets/BlueWizard/2BlueWizardJump/DashEffect/BlueWizardDash_00006.png using Guid(1bfac4640dcc42d40a891d4b4dfa665f) Importer(815301076,1909f56bfc062723c751e8b465ee728b) (PreviewImporter) -> (artifact id: 'e5f983283b75db954bb8d070b486d1a4') in 0.0182885 seconds
Number of updated asset objects reloaded before import = 0Number of asset objects unloaded after import = 3

========================================================================
Received Import Request.
  Time since last request: 0.000029 seconds.
  path: Assets/New Asssets/BlueWizard/2BlueWizardJump/DashEffect/BlueWizardDash_00014.png
  artifactKey: Guid(0bb268baa4488b24f99c8d55e1123833) Importer(815301076,1909f56bfc062723c751e8b465ee728b)
Start importing Assets/New Asssets/BlueWizard/2BlueWizardJump/DashEffect/BlueWizardDash_00014.png using Guid(0bb268baa4488b24f99c8d55e1123833) Importer(815301076,1909f56bfc062723c751e8b465ee728b) (PreviewImporter) -> (artifact id: 'a306a74821e016d8db96d9765898b121') in 0.0199048 seconds
Number of updated asset objects reloaded before import = 0Number of asset objects unloaded after import = 3

========================================================================
Received Import Request.
  Time since last request: 0.000017 seconds.
  path: Assets/New Asssets/BlueWizard/2BlueWizardJump/DashEffect/BlueWizardDash_00012.png
  artifactKey: Guid(a0830fb7c083ef74bbd256b892d1534a) Importer(815301076,1909f56bfc062723c751e8b465ee728b)
Start importing Assets/New Asssets/BlueWizard/2BlueWizardJump/DashEffect/BlueWizardDash_00012.png using Guid(a0830fb7c083ef74bbd256b892d1534a) Importer(815301076,1909f56bfc062723c751e8b465ee728b) (PreviewImporter) -> (artifact id: '4363e1a7bfddca9b7de196dcc459a881') in 0.0153732 seconds
Number of updated asset objects reloaded before import = 0Number of asset objects unloaded after import = 3

========================================================================
Received Import Request.
  Time since last request: 14.342571 seconds.
  path: Assets/New Asssets/Plant Animations/Plant 2/Plant2_00031.png
  artifactKey: Guid(7433e95fb3579454f8be3f4ad09a252a) Importer(815301076,1909f56bfc062723c751e8b465ee728b)
Start importing Assets/New Asssets/Plant Animations/Plant 2/Plant2_00031.png using Guid(7433e95fb3579454f8be3f4ad09a252a) Importer(815301076,1909f56bfc062723c751e8b465ee728b) (PreviewImporter) -> (artifact id: '775a9960339b4105fab7a5dd7235e546') in 0.0242938 seconds
Number of updated asset objects reloaded before import = 0Number of asset objects unloaded after import = 5

========================================================================
Received Import Request.
  Time since last request: 0.018800 seconds.
  path: Assets/New Asssets/Plant Animations/Plant 2/Plant2_00062.png
  artifactKey: Guid(8bbd54f796ad33a41a43b2a11884285e) Importer(815301076,1909f56bfc062723c751e8b465ee728b)
Start importing Assets/New Asssets/Plant Animations/Plant 2/Plant2_00062.png using Guid(8bbd54f796ad33a41a43b2a11884285e) Importer(815301076,1909f56bfc062723c751e8b465ee728b) (PreviewImporter) -> (artifact id: 'c093cde26053100382776ab74f874b3e') in 0.0218234 seconds
Number of updated asset objects reloaded before import = 0Number of asset objects unloaded after import = 5

========================================================================
Received Import Request.
  Time since last request: 0.156060 seconds.
  path: Assets/New Asssets/Plant Animations/Plant 3/Plant3_00082.png
  artifactKey: Guid(6f196a2fc1556b247a3e03c15274d975) Importer(815301076,1909f56bfc062723c751e8b465ee728b)
Start importing Assets/New Asssets/Plant Animations/Plant 3/Plant3_00082.png using Guid(6f196a2fc1556b247a3e03c15274d975) Importer(815301076,1909f56bfc062723c751e8b465ee728b) (PreviewImporter) -> (artifact id: '9aba65c12279a5bab9dfd2c9cbf197a8') in 0.0189938 seconds
Number of updated asset objects reloaded before import = 0Number of asset objects unloaded after import = 4

========================================================================
Received Import Request.
  Time since last request: 0.010101 seconds.
  path: Assets/New Asssets/Plant Animations/Plant 4/Plant4_00023.png
  artifactKey: Guid(3415bf9a29e183f49b7a42b2c6263e25) Importer(815301076,1909f56bfc062723c751e8b465ee728b)
Start importing Assets/New Asssets/Plant Animations/Plant 4/Plant4_00023.png using Guid(3415bf9a29e183f49b7a42b2c6263e25) Importer(815301076,1909f56bfc062723c751e8b465ee728b) (PreviewImporter) -> (artifact id: 'bf25baecf474d6fb6f620a979661755e') in 0.0183678 seconds
Number of updated asset objects reloaded before import = 0Number of asset objects unloaded after import = 3

========================================================================
Received Import Request.
  Time since last request: 0.114388 seconds.
  path: Assets/New Asssets/Plant Animations/Plant 4/Plant4_00027.png
  artifactKey: Guid(2ff6b761fff12694dad2f4edb48d2706) Importer(815301076,1909f56bfc062723c751e8b465ee728b)
Start importing Assets/New Asssets/Plant Animations/Plant 4/Plant4_00027.png using Guid(2ff6b761fff12694dad2f4edb48d2706) Importer(815301076,1909f56bfc062723c751e8b465ee728b) (PreviewImporter) -> (artifact id: 'a7af8faa0d4d3dd7be469bf9b05b80f3') in 0.0159709 seconds
Number of updated asset objects reloaded before import = 0Number of asset objects unloaded after import = 3

========================================================================
Received Import Request.
  Time since last request: 0.000020 seconds.
  path: Assets/New Asssets/Plant Animations/Plant 4/Plant4_00042.png
  artifactKey: Guid(038db20361f3d944ca7d4aaa2030f783) Importer(815301076,1909f56bfc062723c751e8b465ee728b)
Start importing Assets/New Asssets/Plant Animations/Plant 4/Plant4_00042.png using Guid(038db20361f3d944ca7d4aaa2030f783) Importer(815301076,1909f56bfc062723c751e8b465ee728b) (PreviewImporter) -> (artifact id: 'eb27f46c83f9640b02beced364f1832a') in 0.0152526 seconds
Number of updated asset objects reloaded before import = 0Number of asset objects unloaded after import = 3

========================================================================
Received Import Request.
  Time since last request: 0.000027 seconds.
  path: Assets/New Asssets/Plant Animations/Plant 4/Plant4_00059.png
  artifactKey: Guid(5cdcb97579c76e54ea641cb3a442cd1b) Importer(815301076,1909f56bfc062723c751e8b465ee728b)
Start importing Assets/New Asssets/Plant Animations/Plant 4/Plant4_00059.png using Guid(5cdcb97579c76e54ea641cb3a442cd1b) Importer(815301076,1909f56bfc062723c751e8b465ee728b) (PreviewImporter) -> (artifact id: '0c319f30705c2a6750a5e88c959fa040') in 0.0163297 seconds
Number of updated asset objects reloaded before import = 0Number of asset objects unloaded after import = 3

========================================================================
Received Import Request.
  Time since last request: 0.000020 seconds.
  path: Assets/New Asssets/Plant Animations/Plant 4/Plant4_00045.png
  artifactKey: Guid(bc44a05b632f2244488ed580fbee389e) Importer(815301076,1909f56bfc062723c751e8b465ee728b)
Start importing Assets/New Asssets/Plant Animations/Plant 4/Plant4_00045.png using Guid(bc44a05b632f2244488ed580fbee389e) Importer(815301076,1909f56bfc062723c751e8b465ee728b) (PreviewImporter) -> (artifact id: 'bd0e4056bf0438eb8db084c3c33ac5b0') in 0.0158258 seconds
Number of updated asset objects reloaded before import = 0Number of asset objects unloaded after import = 3

========================================================================
Received Import Request.
  Time since last request: 0.000020 seconds.
  path: Assets/New Asssets/Plant Animations/Plant 5/Plant5_00017.png
  artifactKey: Guid(f93c5ce13e0007949abad7112ec5a841) Importer(815301076,1909f56bfc062723c751e8b465ee728b)
Start importing Assets/New Asssets/Plant Animations/Plant 5/Plant5_00017.png using Guid(f93c5ce13e0007949abad7112ec5a841) Importer(815301076,1909f56bfc062723c751e8b465ee728b) (PreviewImporter) -> (artifact id: 'd4c87e3c9fd4566210617c69662001bb') in 0.0182609 seconds
Number of updated asset objects reloaded before import = 0Number of asset objects unloaded after import = 3

========================================================================
Received Import Request.
  Time since last request: 0.000018 seconds.
  path: Assets/New Asssets/Plant Animations/Plant 5/Plant5_00016.png
  artifactKey: Guid(9a0a16e23e6e7414793f9c5d26b533ed) Importer(815301076,1909f56bfc062723c751e8b465ee728b)
Start importing Assets/New Asssets/Plant Animations/Plant 5/Plant5_00016.png using Guid(9a0a16e23e6e7414793f9c5d26b533ed) Importer(815301076,1909f56bfc062723c751e8b465ee728b) (PreviewImporter) -> (artifact id: '7692da3a907cb0a72222e9fa776383f7') in 0.0180474 seconds
Number of updated asset objects reloaded before import = 0Number of asset objects unloaded after import = 3

========================================================================
Received Import Request.
  Time since last request: 0.000025 seconds.
  path: Assets/New Asssets/Plant Animations/Plant 6/Plant6_00026.png
  artifactKey: Guid(d4c8705b0529d4040aba7a9b1e0318a9) Importer(815301076,1909f56bfc062723c751e8b465ee728b)
Start importing Assets/New Asssets/Plant Animations/Plant 6/Plant6_00026.png using Guid(d4c8705b0529d4040aba7a9b1e0318a9) Importer(815301076,1909f56bfc062723c751e8b465ee728b) (PreviewImporter) -> (artifact id: '0702ac9f08cfcc63fa10ee6ea60d887b') in 0.0171411 seconds
Number of updated asset objects reloaded before import = 0Number of asset objects unloaded after import = 3

========================================================================
Received Import Request.
  Time since last request: 0.278229 seconds.
  path: Assets/New Asssets/Plant Animations/Plant 6/Plant6_00023.png
  artifactKey: Guid(7e1f940886b609f45b10287f395408c9) Importer(815301076,1909f56bfc062723c751e8b465ee728b)
Start importing Assets/New Asssets/Plant Animations/Plant 6/Plant6_00023.png using Guid(7e1f940886b609f45b10287f395408c9) Importer(815301076,1909f56bfc062723c751e8b465ee728b) (PreviewImporter) -> (artifact id: '519e4773de960a09d564456e0696380a') in 0.0180321 seconds
Number of updated asset objects reloaded before import = 0Number of asset objects unloaded after import = 3

========================================================================
Received Import Request.
  Time since last request: 0.074399 seconds.
  path: Assets/New Asssets/Plant Animations/Plant 1/Plant1_00072.png
  artifactKey: Guid(e7b2570ce441d3c408692a0fc1af5b69) Importer(815301076,1909f56bfc062723c751e8b465ee728b)
Start importing Assets/New Asssets/Plant Animations/Plant 1/Plant1_00072.png using Guid(e7b2570ce441d3c408692a0fc1af5b69) Importer(815301076,1909f56bfc062723c751e8b465ee728b) (PreviewImporter) -> (artifact id: '86f353ea8ef0273d71bc1d8e60989192') in 0.0159337 seconds
Number of updated asset objects reloaded before import = 0Number of asset objects unloaded after import = 3

========================================================================
Received Import Request.
  Time since last request: 0.000023 seconds.
  path: Assets/New Asssets/Plant Animations/Plant 1/Plant1_00062.png
  artifactKey: Guid(1027e450bea659d4c9aa5f6920974eb7) Importer(815301076,1909f56bfc062723c751e8b465ee728b)
Start importing Assets/New Asssets/Plant Animations/Plant 1/Plant1_00062.png using Guid(1027e450bea659d4c9aa5f6920974eb7) Importer(815301076,1909f56bfc062723c751e8b465ee728b) (PreviewImporter) -> (artifact id: 'd047921df04bc396841e9978c9a5c20d') in 0.0173999 seconds
Number of updated asset objects reloaded before import = 0Number of asset objects unloaded after import = 3

========================================================================
Received Import Request.
  Time since last request: 0.000046 seconds.
  path: Assets/New Asssets/Plant Animations/Plant 1/Plant1_00058.png
  artifactKey: Guid(067b1d20187725441afff5d65f3e68e5) Importer(815301076,1909f56bfc062723c751e8b465ee728b)
Start importing Assets/New Asssets/Plant Animations/Plant 1/Plant1_00058.png using Guid(067b1d20187725441afff5d65f3e68e5) Importer(815301076,1909f56bfc062723c751e8b465ee728b) (PreviewImporter) -> (artifact id: 'c5ba9389d63565d1deea382fe3f10639') in 0.0190493 seconds
Number of updated asset objects reloaded before import = 0Number of asset objects unloaded after import = 3

========================================================================
Received Import Request.
  Time since last request: 24.649135 seconds.
  path: Assets/New Asssets/Plant Animations/Plant 1/Plant1_00065.png
  artifactKey: Guid(a87cd289fd1e4674c944a73de07418f9) Importer(815301076,1909f56bfc062723c751e8b465ee728b)
Start importing Assets/New Asssets/Plant Animations/Plant 1/Plant1_00065.png using Guid(a87cd289fd1e4674c944a73de07418f9) Importer(815301076,1909f56bfc062723c751e8b465ee728b) (PreviewImporter) -> (artifact id: 'c544f17363346c9245e1c94129cec487') in 0.0170149 seconds
Number of updated asset objects reloaded before import = 0Number of asset objects unloaded after import = 3

========================================================================
Received Import Request.
  Time since last request: 0.000017 seconds.
  path: Assets/New Asssets/Plant Animations/Plant 1/Plant1_00054.png
  artifactKey: Guid(3a97780aca1a69f45945a309dbcc63cc) Importer(815301076,1909f56bfc062723c751e8b465ee728b)
Start importing Assets/New Asssets/Plant Animations/Plant 1/Plant1_00054.png using Guid(3a97780aca1a69f45945a309dbcc63cc) Importer(815301076,1909f56bfc062723c751e8b465ee728b) (PreviewImporter) -> (artifact id: '4e6a3d68721bd7152a6b35940187fd77') in 0.0155805 seconds
Number of updated asset objects reloaded before import = 0Number of asset objects unloaded after import = 3

========================================================================
Received Import Request.
  Time since last request: 0.000018 seconds.
  path: Assets/New Asssets/Plant Animations/Plant 1/Plant1_00069.png
  artifactKey: Guid(d29847c19fee1174d91801f6860f40f3) Importer(815301076,1909f56bfc062723c751e8b465ee728b)
Start importing Assets/New Asssets/Plant Animations/Plant 1/Plant1_00069.png using Guid(d29847c19fee1174d91801f6860f40f3) Importer(815301076,1909f56bfc062723c751e8b465ee728b) (PreviewImporter) -> (artifact id: '6601cf8f0369f76d014ec1635eb4d21e') in 0.0151074 seconds
Number of updated asset objects reloaded before import = 0Number of asset objects unloaded after import = 3

========================================================================
Received Prepare
Begin MonoManager ReloadAssembly
[Licensing::Client] Successfully resolved entitlement details
- Loaded All Assemblies, in  0.852 seconds
Refreshing native plugins compatible for Editor in 1.76 ms, found 4 plugins.
Native extension for Android target not found
Native extension for WindowsStandalone target not found
Native extension for WebGL target not found
[Package Manager] Failed to launch server process. Reason: Unity was launched with the -noUpm command-line argument
[Package Manager] Unable to send message (not connected to server process).
[Package Manager] Cannot connect to Unity Package Manager local server
Mono: successfully reloaded assembly
- Finished resetting the current domain, in  0.718 seconds
Domain Reload Profiling: 1567ms
	BeginReloadAssembly (241ms)
		ExecutionOrderSort (0ms)
		DisableScriptedObjects (15ms)
		BackupInstance (0ms)
		ReleaseScriptingObjects (0ms)
		CreateAndSetChildDomain (68ms)
	RebuildCommonClasses (34ms)
	RebuildNativeTypeToScriptingClass (12ms)
	initialDomainReloadingComplete (32ms)
	LoadAllAssembliesAndSetupDomain (530ms)
		LoadAssemblies (431ms)
		RebuildTransferFunctionScriptingTraits (0ms)
		AnalyzeDomain (197ms)
			TypeCache.Refresh (7ms)
				TypeCache.ScanAssembly (0ms)
			BuildScriptInfoCaches (176ms)
			ResolveRequiredComponents (9ms)
	FinalizeReload (719ms)
		ReleaseScriptCaches (0ms)
		RebuildScriptCaches (0ms)
		SetupLoadedEditorAssemblies (564ms)
			LogAssemblyErrors (0ms)
			InitializePlatformSupportModulesInManaged (10ms)
			SetLoadedEditorAssemblies (5ms)
			BeforeProcessingInitializeOnLoad (154ms)
			ProcessInitializeOnLoadAttributes (317ms)
			ProcessInitializeOnLoadMethodAttributes (69ms)
			AfterProcessingInitializeOnLoad (9ms)
			EditorAssembliesLoaded (0ms)
		ExecutionOrderSort2 (0ms)
		AwakeInstancesAfterBackupRestoration (15ms)
Refreshing native plugins compatible for Editor in 2.10 ms, found 4 plugins.
Preloading 0 native plugins for Editor in 0.00 ms.
Unloading 16 Unused Serialized files (Serialized files now loaded: 0)
Unloading 6874 unused Assets / (5.1 MB). Loaded Objects now: 8195.
Memory consumption went from 165.0 MB to 159.9 MB.
Total: 12.301100 ms (FindLiveObjects: 0.860300 ms CreateObjectMapping: 1.093900 ms MarkObjects: 6.757600 ms  DeleteObjects: 3.587700 ms)

Prepare: number of updated asset objects reloaded= 0
========================================================================
Received Import Request.
  Time since last request: 98.067436 seconds.
  path: Assets/sprites
  artifactKey: Guid(3aacdd3f4aa9e1e4db4231cbfd2ea70c) Importer(815301076,1909f56bfc062723c751e8b465ee728b)
Start importing Assets/sprites using Guid(3aacdd3f4aa9e1e4db4231cbfd2ea70c) Importer(815301076,1909f56bfc062723c751e8b465ee728b) (PreviewImporter) -> (artifact id: 'a1b70cdc446d502da673d970aab1323f') in 0.0089109 seconds
Number of updated asset objects reloaded before import = 0Number of asset objects unloaded after import = 0

========================================================================
Received Import Request.
  Time since last request: 48.005584 seconds.
  path: Assets/New Asssets/BlueWizard/2BlueWizardWalk
  artifactKey: Guid(b76689e3f849d4949860ede8e517643c) Importer(815301076,1909f56bfc062723c751e8b465ee728b)
Start importing Assets/New Asssets/BlueWizard/2BlueWizardWalk using Guid(b76689e3f849d4949860ede8e517643c) Importer(815301076,1909f56bfc062723c751e8b465ee728b) (PreviewImporter) -> (artifact id: '7f486566dc410b1b68d305b433371ada') in 0.0007279 seconds
Number of updated asset objects reloaded before import = 0Number of asset objects unloaded after import = 0

========================================================================
Received Import Request.
  Time since last request: 7.884663 seconds.
  path: Assets/New Asssets/SlimeGreen
  artifactKey: Guid(6216f1ce8b89a5b4b8509d1ecf610f36) Importer(815301076,1909f56bfc062723c751e8b465ee728b)
Start importing Assets/New Asssets/SlimeGreen using Guid(6216f1ce8b89a5b4b8509d1ecf610f36) Importer(815301076,1909f56bfc062723c751e8b465ee728b) (PreviewImporter) -> (artifact id: 'e34691e901620861b51149f7726b2e00') in 0.0006637 seconds
Number of updated asset objects reloaded before import = 0Number of asset objects unloaded after import = 0

========================================================================
Received Import Request.
  Time since last request: 5.742364 seconds.
  path: Assets/New Asssets/SlimeOrange
  artifactKey: Guid(df1ba167d0e83de488042230fe73152e) Importer(815301076,1909f56bfc062723c751e8b465ee728b)
Start importing Assets/New Asssets/SlimeOrange using Guid(df1ba167d0e83de488042230fe73152e) Importer(815301076,1909f56bfc062723c751e8b465ee728b) (PreviewImporter) -> (artifact id: '947228f57cf2d6b7206aca953fbe8915') in 0.0007919 seconds
Number of updated asset objects reloaded before import = 0Number of asset objects unloaded after import = 0

========================================================================
Received Import Request.
  Time since last request: 3.934763 seconds.
  path: Assets/New Asssets/Plant Animations
  artifactKey: Guid(795524b8829be074f983cff6917f2be7) Importer(815301076,1909f56bfc062723c751e8b465ee728b)
Start importing Assets/New Asssets/Plant Animations using Guid(795524b8829be074f983cff6917f2be7) Importer(815301076,1909f56bfc062723c751e8b465ee728b) (PreviewImporter) -> (artifact id: '106e2f0dfb5157b2394c1b445365434b') in 0.0008212 seconds
Number of updated asset objects reloaded before import = 0Number of asset objects unloaded after import = 0

========================================================================
Received Import Request.
  Time since last request: 2.136088 seconds.
  path: Assets/New Asssets/Plant Animations/BlueFlower1
  artifactKey: Guid(e9a34902408ecab4b99e85bc120ede21) Importer(815301076,1909f56bfc062723c751e8b465ee728b)
Start importing Assets/New Asssets/Plant Animations/BlueFlower1 using Guid(e9a34902408ecab4b99e85bc120ede21) Importer(815301076,1909f56bfc062723c751e8b465ee728b) (PreviewImporter) -> (artifact id: '8dd6d4bfa05a5492dc4ef120666e2ee7') in 0.0007037 seconds
Number of updated asset objects reloaded before import = 0Number of asset objects unloaded after import = 0

========================================================================
Received Import Request.
  Time since last request: 4.457287 seconds.
  path: Assets/New Asssets/Plant Animations/BlueFlower2
  artifactKey: Guid(e41599317c59b6b4aaa35eb3c38d4e4c) Importer(815301076,1909f56bfc062723c751e8b465ee728b)
Start importing Assets/New Asssets/Plant Animations/BlueFlower2 using Guid(e41599317c59b6b4aaa35eb3c38d4e4c) Importer(815301076,1909f56bfc062723c751e8b465ee728b) (PreviewImporter) -> (artifact id: 'c07e7073fe297013ebba1abc1d320d26') in 0.0006559 seconds
Number of updated asset objects reloaded before import = 0Number of asset objects unloaded after import = 0

========================================================================
Received Import Request.
  Time since last request: 7.147669 seconds.
  path: Assets/New Asssets/Plant Animations/Plant 1
  artifactKey: Guid(2ecf1671557d1944d85d31b1b61e9fb2) Importer(815301076,1909f56bfc062723c751e8b465ee728b)
Start importing Assets/New Asssets/Plant Animations/Plant 1 using Guid(2ecf1671557d1944d85d31b1b61e9fb2) Importer(815301076,1909f56bfc062723c751e8b465ee728b) (PreviewImporter) -> (artifact id: '515df9d3b0950ab2588d195628e4052b') in 0.0007435 seconds
Number of updated asset objects reloaded before import = 0Number of asset objects unloaded after import = 0

========================================================================
Received Import Request.
  Time since last request: 1.468506 seconds.
  path: Assets/New Asssets/Plant Animations/Plant 2
  artifactKey: Guid(3e6e85456e9000641ab8c6d166eeb8f3) Importer(815301076,1909f56bfc062723c751e8b465ee728b)
Start importing Assets/New Asssets/Plant Animations/Plant 2 using Guid(3e6e85456e9000641ab8c6d166eeb8f3) Importer(815301076,1909f56bfc062723c751e8b465ee728b) (PreviewImporter) -> (artifact id: '271ca6f9568bffd2b1961a88abdaa6e6') in 0.000661 seconds
Number of updated asset objects reloaded before import = 0Number of asset objects unloaded after import = 0

========================================================================
Received Import Request.
  Time since last request: 1.270162 seconds.
  path: Assets/New Asssets/Plant Animations/Plant 3
  artifactKey: Guid(d738fddb87479c2449dddec6f7ab66a8) Importer(815301076,1909f56bfc062723c751e8b465ee728b)
Start importing Assets/New Asssets/Plant Animations/Plant 3 using Guid(d738fddb87479c2449dddec6f7ab66a8) Importer(815301076,1909f56bfc062723c751e8b465ee728b) (PreviewImporter) -> (artifact id: '0f17c1c62323b9e65a0f06cfc9f00467') in 0.0006825 seconds
Number of updated asset objects reloaded before import = 0Number of asset objects unloaded after import = 0

========================================================================
Received Import Request.
  Time since last request: 1.337995 seconds.
  path: Assets/New Asssets/Plant Animations/Plant 4
  artifactKey: Guid(9be6b0d3bb62058449e4b806fd2fd753) Importer(815301076,1909f56bfc062723c751e8b465ee728b)
Start importing Assets/New Asssets/Plant Animations/Plant 4 using Guid(9be6b0d3bb62058449e4b806fd2fd753) Importer(815301076,1909f56bfc062723c751e8b465ee728b) (PreviewImporter) -> (artifact id: '811fa19a63ed7245af6a096f331559f7') in 0.0007263 seconds
Number of updated asset objects reloaded before import = 0Number of asset objects unloaded after import = 0

========================================================================
Received Import Request.
  Time since last request: 1.849481 seconds.
  path: Assets/New Asssets/Plant Animations/Plant 5
  artifactKey: Guid(a3451d7a0a053394d82e39898ab9c6de) Importer(815301076,1909f56bfc062723c751e8b465ee728b)
Start importing Assets/New Asssets/Plant Animations/Plant 5 using Guid(a3451d7a0a053394d82e39898ab9c6de) Importer(815301076,1909f56bfc062723c751e8b465ee728b) (PreviewImporter) -> (artifact id: '03d5d50a6f235b06ef47ddaabcb868a1') in 0.0007115 seconds
Number of updated asset objects reloaded before import = 0Number of asset objects unloaded after import = 0

========================================================================
Received Import Request.
  Time since last request: 1.356815 seconds.
  path: Assets/New Asssets/Plant Animations/Plant 6
  artifactKey: Guid(06ed9f646e566c940b288ea5f173449d) Importer(815301076,1909f56bfc062723c751e8b465ee728b)
Start importing Assets/New Asssets/Plant Animations/Plant 6 using Guid(06ed9f646e566c940b288ea5f173449d) Importer(815301076,1909f56bfc062723c751e8b465ee728b) (PreviewImporter) -> (artifact id: 'fc8617c84b20f33113e2c93fc4274d60') in 0.0006938 seconds
Number of updated asset objects reloaded before import = 0Number of asset objects unloaded after import = 0

========================================================================
Received Import Request.
  Time since last request: 1.618082 seconds.
  path: Assets/New Asssets/Plant Animations/Plant 7
  artifactKey: Guid(c4311e980ba52bd41bded9b355cb436f) Importer(815301076,1909f56bfc062723c751e8b465ee728b)
Start importing Assets/New Asssets/Plant Animations/Plant 7 using Guid(c4311e980ba52bd41bded9b355cb436f) Importer(815301076,1909f56bfc062723c751e8b465ee728b) (PreviewImporter) -> (artifact id: 'd70cde470f6a2e3f4a3b09bd1e9d4228') in 0.0007199 seconds
Number of updated asset objects reloaded before import = 0Number of asset objects unloaded after import = 0

========================================================================
Received Import Request.
  Time since last request: 1.938155 seconds.
  path: Assets/New Asssets/Plant Animations/Plant 8 Poison
  artifactKey: Guid(a645f473b9d3ce64fb10972657829c4e) Importer(815301076,1909f56bfc062723c751e8b465ee728b)
Start importing Assets/New Asssets/Plant Animations/Plant 8 Poison using Guid(a645f473b9d3ce64fb10972657829c4e) Importer(815301076,1909f56bfc062723c751e8b465ee728b) (PreviewImporter) -> (artifact id: 'f4fa4dd31ce918296eed0a439fa14c54') in 0.0006902 seconds
Number of updated asset objects reloaded before import = 0Number of asset objects unloaded after import = 0

========================================================================
Received Import Request.
  Time since last request: 2.307261 seconds.
  path: Assets/New Asssets/Plant Animations/Plant Wind 1
  artifactKey: Guid(0bcd73b03bee3e94797c498916271565) Importer(815301076,1909f56bfc062723c751e8b465ee728b)
Start importing Assets/New Asssets/Plant Animations/Plant Wind 1 using Guid(0bcd73b03bee3e94797c498916271565) Importer(815301076,1909f56bfc062723c751e8b465ee728b) (PreviewImporter) -> (artifact id: '75c475624cb135166d641fa70fe89153') in 0.0006745 seconds
Number of updated asset objects reloaded before import = 0Number of asset objects unloaded after import = 0

========================================================================
Received Import Request.
  Time since last request: 3.568638 seconds.
  path: Assets/New Asssets/Plant Animations/PlantJump
  artifactKey: Guid(ca74f20309a6af947a687dfc75c782d0) Importer(815301076,1909f56bfc062723c751e8b465ee728b)
Start importing Assets/New Asssets/Plant Animations/PlantJump using Guid(ca74f20309a6af947a687dfc75c782d0) Importer(815301076,1909f56bfc062723c751e8b465ee728b) (PreviewImporter) -> (artifact id: '138b74e86484d68ee2b72b469c1ee950') in 0.0006635 seconds
Number of updated asset objects reloaded before import = 0Number of asset objects unloaded after import = 0

========================================================================
Received Import Request.
  Time since last request: 1.910085 seconds.
  path: Assets/New Asssets/Plant Animations/PlantJump2
  artifactKey: Guid(7bb1a815997186c48a7811767b5ad465) Importer(815301076,1909f56bfc062723c751e8b465ee728b)
Start importing Assets/New Asssets/Plant Animations/PlantJump2 using Guid(7bb1a815997186c48a7811767b5ad465) Importer(815301076,1909f56bfc062723c751e8b465ee728b) (PreviewImporter) -> (artifact id: '841afbec54c99e07b7cb6062eacb0e19') in 0.0007049 seconds
Number of updated asset objects reloaded before import = 0Number of asset objects unloaded after import = 0

========================================================================
Received Import Request.
  Time since last request: 108.730563 seconds.
  path: Assets/New Asssets/BlueWizard/2BlueWizardIdle/Chara - BlueIdle00001.png
  artifactKey: Guid(0541ba2f3cdd4794eb6e3b0bb3add9eb) Importer(815301076,1909f56bfc062723c751e8b465ee728b)
Start importing Assets/New Asssets/BlueWizard/2BlueWizardIdle/Chara - BlueIdle00001.png using Guid(0541ba2f3cdd4794eb6e3b0bb3add9eb) Importer(815301076,1909f56bfc062723c751e8b465ee728b) (PreviewImporter) -> (artifact id: '582d1268b01750fe6931e4b586199934') in 0.0741378 seconds
Number of updated asset objects reloaded before import = 0Number of asset objects unloaded after import = 3

========================================================================
Received Import Request.
  Time since last request: 9.125533 seconds.
  path: Assets/New Asssets/BlueWizard/2BlueWizardIdle/Chara - BlueIdle00002.png
  artifactKey: Guid(393e9c9e6d53f634d8ecd16090e15741) Importer(815301076,1909f56bfc062723c751e8b465ee728b)
Start importing Assets/New Asssets/BlueWizard/2BlueWizardIdle/Chara - BlueIdle00002.png using Guid(393e9c9e6d53f634d8ecd16090e15741) Importer(815301076,1909f56bfc062723c751e8b465ee728b) (PreviewImporter) -> (artifact id: 'd0d71a997d4d7cedfa9463a85f3d595e') in 0.0227642 seconds
Number of updated asset objects reloaded before import = 0Number of asset objects unloaded after import = 3

========================================================================
Received Import Request.
  Time since last request: 7.087840 seconds.
  path: Assets/New Asssets/BlueWizard/2BlueWizardIdle/Chara - BlueIdle00003.png
  artifactKey: Guid(1973f76caa1c31b49b5e52259affdacf) Importer(815301076,1909f56bfc062723c751e8b465ee728b)
Start importing Assets/New Asssets/BlueWizard/2BlueWizardIdle/Chara - BlueIdle00003.png using Guid(1973f76caa1c31b49b5e52259affdacf) Importer(815301076,1909f56bfc062723c751e8b465ee728b) (PreviewImporter) -> (artifact id: '7a5550d86dcfaa0826cc70d615de3b6e') in 0.0214415 seconds
Number of updated asset objects reloaded before import = 0Number of asset objects unloaded after import = 3

========================================================================
Received Import Request.
  Time since last request: 4.701881 seconds.
  path: Assets/New Asssets/BlueWizard/2BlueWizardIdle/Chara - BlueIdle00004.png
  artifactKey: Guid(347f3bb8715221a47ac24d03595a968f) Importer(815301076,1909f56bfc062723c751e8b465ee728b)
Start importing Assets/New Asssets/BlueWizard/2BlueWizardIdle/Chara - BlueIdle00004.png using Guid(347f3bb8715221a47ac24d03595a968f) Importer(815301076,1909f56bfc062723c751e8b465ee728b) (PreviewImporter) -> (artifact id: '95625e2979528576586a5a300ec6635f') in 0.0165035 seconds
Number of updated asset objects reloaded before import = 0Number of asset objects unloaded after import = 3

========================================================================
Received Import Request.
  Time since last request: 3.960644 seconds.
  path: Assets/New Asssets/BlueWizard/2BlueWizardIdle/Chara - BlueIdle00005.png
  artifactKey: Guid(72005f76df9c217429809fd53ff06729) Importer(815301076,1909f56bfc062723c751e8b465ee728b)
Start importing Assets/New Asssets/BlueWizard/2BlueWizardIdle/Chara - BlueIdle00005.png using Guid(72005f76df9c217429809fd53ff06729) Importer(815301076,1909f56bfc062723c751e8b465ee728b) (PreviewImporter) -> (artifact id: 'f48ebdbcc2cde082dbcca82fa63b8431') in 0.0179108 seconds
Number of updated asset objects reloaded before import = 0Number of asset objects unloaded after import = 3

========================================================================
Received Import Request.
  Time since last request: 3.929459 seconds.
  path: Assets/New Asssets/BlueWizard/2BlueWizardIdle/Chara - BlueIdle00006.png
  artifactKey: Guid(4681a80c79c001748bc5d592bbd02c7f) Importer(815301076,1909f56bfc062723c751e8b465ee728b)
Start importing Assets/New Asssets/BlueWizard/2BlueWizardIdle/Chara - BlueIdle00006.png using Guid(4681a80c79c001748bc5d592bbd02c7f) Importer(815301076,1909f56bfc062723c751e8b465ee728b) (PreviewImporter) -> (artifact id: '9c708df1bb9c42ca9e62fc876915d1c2') in 0.0190865 seconds
Number of updated asset objects reloaded before import = 0Number of asset objects unloaded after import = 3

========================================================================
Received Import Request.
  Time since last request: 3.196090 seconds.
  path: Assets/New Asssets/BlueWizard/2BlueWizardIdle/Chara - BlueIdle00007.png
  artifactKey: Guid(4318e55b556abb1478ff90ef0dd81624) Importer(815301076,1909f56bfc062723c751e8b465ee728b)
Start importing Assets/New Asssets/BlueWizard/2BlueWizardIdle/Chara - BlueIdle00007.png using Guid(4318e55b556abb1478ff90ef0dd81624) Importer(815301076,1909f56bfc062723c751e8b465ee728b) (PreviewImporter) -> (artifact id: '35d27dc186ad2ab4e2d1671965bf78ba') in 0.0147163 seconds
Number of updated asset objects reloaded before import = 0Number of asset objects unloaded after import = 3

========================================================================
Received Import Request.
  Time since last request: 4.532930 seconds.
  path: Assets/New Asssets/BlueWizard/2BlueWizardIdle/Chara - BlueIdle00008.png
  artifactKey: Guid(9f06efe705db1c641886663f8d086618) Importer(815301076,1909f56bfc062723c751e8b465ee728b)
Start importing Assets/New Asssets/BlueWizard/2BlueWizardIdle/Chara - BlueIdle00008.png using Guid(9f06efe705db1c641886663f8d086618) Importer(815301076,1909f56bfc062723c751e8b465ee728b) (PreviewImporter) -> (artifact id: 'c23f4d881ce48f35efae7aa4bf135b31') in 0.0168777 seconds
Number of updated asset objects reloaded before import = 0Number of asset objects unloaded after import = 3

========================================================================
Received Import Request.
  Time since last request: 3.712688 seconds.
  path: Assets/New Asssets/BlueWizard/2BlueWizardIdle/Chara - BlueIdle00009.png
  artifactKey: Guid(39975adace83839428ef69ab8b2bb375) Importer(815301076,1909f56bfc062723c751e8b465ee728b)
Start importing Assets/New Asssets/BlueWizard/2BlueWizardIdle/Chara - BlueIdle00009.png using Guid(39975adace83839428ef69ab8b2bb375) Importer(815301076,1909f56bfc062723c751e8b465ee728b) (PreviewImporter) -> (artifact id: '2f0b2accd8af107a713d1d1cd54509d8') in 0.0157776 seconds
Number of updated asset objects reloaded before import = 0Number of asset objects unloaded after import = 3

========================================================================
Received Import Request.
  Time since last request: 3.581767 seconds.
  path: Assets/New Asssets/BlueWizard/2BlueWizardIdle/Chara - BlueIdle00010.png
  artifactKey: Guid(d52b067a651358e4a85203e57c3604b2) Importer(815301076,1909f56bfc062723c751e8b465ee728b)
Start importing Assets/New Asssets/BlueWizard/2BlueWizardIdle/Chara - BlueIdle00010.png using Guid(d52b067a651358e4a85203e57c3604b2) Importer(815301076,1909f56bfc062723c751e8b465ee728b) (PreviewImporter) -> (artifact id: '97ead503e17216a4bec0e0f3d20e01ea') in 0.019874 seconds
Number of updated asset objects reloaded before import = 0Number of asset objects unloaded after import = 3

========================================================================
Received Import Request.
  Time since last request: 3.627807 seconds.
  path: Assets/New Asssets/BlueWizard/2BlueWizardIdle/Chara - BlueIdle00011.png
  artifactKey: Guid(0f42a31a03d84ac47bd4db3720d8eb42) Importer(815301076,1909f56bfc062723c751e8b465ee728b)
Start importing Assets/New Asssets/BlueWizard/2BlueWizardIdle/Chara - BlueIdle00011.png using Guid(0f42a31a03d84ac47bd4db3720d8eb42) Importer(815301076,1909f56bfc062723c751e8b465ee728b) (PreviewImporter) -> (artifact id: 'cae535417352006ef8618d0595814a91') in 0.0183445 seconds
Number of updated asset objects reloaded before import = 0Number of asset objects unloaded after import = 3

========================================================================
Received Import Request.
  Time since last request: 3.553890 seconds.
  path: Assets/New Asssets/BlueWizard/2BlueWizardIdle/Chara - BlueIdle00012.png
  artifactKey: Guid(0489f823eff8b084b8e302b7e419e4a9) Importer(815301076,1909f56bfc062723c751e8b465ee728b)
Start importing Assets/New Asssets/BlueWizard/2BlueWizardIdle/Chara - BlueIdle00012.png using Guid(0489f823eff8b084b8e302b7e419e4a9) Importer(815301076,1909f56bfc062723c751e8b465ee728b) (PreviewImporter) -> (artifact id: '726c7c37fb74ca3a23806d0d59b005c1') in 0.0188181 seconds
Number of updated asset objects reloaded before import = 0Number of asset objects unloaded after import = 3

========================================================================
Received Import Request.
  Time since last request: 3.838645 seconds.
  path: Assets/New Asssets/BlueWizard/2BlueWizardIdle/Chara - BlueIdle00013.png
  artifactKey: Guid(6d19729b662733249ae94b6e77c9cab0) Importer(815301076,1909f56bfc062723c751e8b465ee728b)
Start importing Assets/New Asssets/BlueWizard/2BlueWizardIdle/Chara - BlueIdle00013.png using Guid(6d19729b662733249ae94b6e77c9cab0) Importer(815301076,1909f56bfc062723c751e8b465ee728b) (PreviewImporter) -> (artifact id: 'a9cf1eac5b2c5219fc68b0c7c1c89bd2') in 0.0248012 seconds
Number of updated asset objects reloaded before import = 0Number of asset objects unloaded after import = 3

========================================================================
Received Import Request.
  Time since last request: 4.644022 seconds.
  path: Assets/New Asssets/BlueWizard/2BlueWizardIdle/Chara - BlueIdle00014.png
  artifactKey: Guid(e70f554c1bf9906438b75c9e5fc3cec9) Importer(815301076,1909f56bfc062723c751e8b465ee728b)
Start importing Assets/New Asssets/BlueWizard/2BlueWizardIdle/Chara - BlueIdle00014.png using Guid(e70f554c1bf9906438b75c9e5fc3cec9) Importer(815301076,1909f56bfc062723c751e8b465ee728b) (PreviewImporter) -> (artifact id: 'd824b8129f281ec77e0c17b7ef1fc20b') in 0.0212298 seconds
Number of updated asset objects reloaded before import = 0Number of asset objects unloaded after import = 3

========================================================================
Received Import Request.
  Time since last request: 3.891061 seconds.
  path: Assets/New Asssets/BlueWizard/2BlueWizardIdle/Chara - BlueIdle00015.png
  artifactKey: Guid(e648dadac27ba354a88f63704d34dfbd) Importer(815301076,1909f56bfc062723c751e8b465ee728b)
Start importing Assets/New Asssets/BlueWizard/2BlueWizardIdle/Chara - BlueIdle00015.png using Guid(e648dadac27ba354a88f63704d34dfbd) Importer(815301076,1909f56bfc062723c751e8b465ee728b) (PreviewImporter) -> (artifact id: '0fdd5514a920ae44bb6dd7098dcd365d') in 0.059095 seconds
Number of updated asset objects reloaded before import = 0Number of asset objects unloaded after import = 3

========================================================================
Received Import Request.
  Time since last request: 4.242114 seconds.
  path: Assets/New Asssets/BlueWizard/2BlueWizardIdle/Chara - BlueIdle00016.png
  artifactKey: Guid(ece0e50493100224894d81ffb97d9e49) Importer(815301076,1909f56bfc062723c751e8b465ee728b)
Start importing Assets/New Asssets/BlueWizard/2BlueWizardIdle/Chara - BlueIdle00016.png using Guid(ece0e50493100224894d81ffb97d9e49) Importer(815301076,1909f56bfc062723c751e8b465ee728b) (PreviewImporter) -> (artifact id: 'd953100596a2887e1e49a7adbd9fa3e3') in 0.0261051 seconds
Number of updated asset objects reloaded before import = 0Number of asset objects unloaded after import = 3

========================================================================
Received Import Request.
  Time since last request: 4.038405 seconds.
  path: Assets/New Asssets/BlueWizard/2BlueWizardIdle/Chara - BlueIdle00017.png
  artifactKey: Guid(df8da1384c9354a4581e57f91247a3c6) Importer(815301076,1909f56bfc062723c751e8b465ee728b)
Start importing Assets/New Asssets/BlueWizard/2BlueWizardIdle/Chara - BlueIdle00017.png using Guid(df8da1384c9354a4581e57f91247a3c6) Importer(815301076,1909f56bfc062723c751e8b465ee728b) (PreviewImporter) -> (artifact id: '819f6a5ea21125289df5507c7ffae426') in 0.0235119 seconds
Number of updated asset objects reloaded before import = 0Number of asset objects unloaded after import = 3

========================================================================
Received Import Request.
  Time since last request: 4.014739 seconds.
  path: Assets/New Asssets/BlueWizard/2BlueWizardIdle/Chara - BlueIdle00018.png
  artifactKey: Guid(4805539174fbcee48af8ea16750c6260) Importer(815301076,1909f56bfc062723c751e8b465ee728b)
Start importing Assets/New Asssets/BlueWizard/2BlueWizardIdle/Chara - BlueIdle00018.png using Guid(4805539174fbcee48af8ea16750c6260) Importer(815301076,1909f56bfc062723c751e8b465ee728b) (PreviewImporter) -> (artifact id: '31d72dacdf2aa63976b3c1df881f5ab8') in 0.0167265 seconds
Number of updated asset objects reloaded before import = 0Number of asset objects unloaded after import = 3

========================================================================
Received Import Request.
  Time since last request: 3.488834 seconds.
  path: Assets/New Asssets/BlueWizard/2BlueWizardIdle/Chara - BlueIdle00019.png
  artifactKey: Guid(a32cbd258c0c12c4a95c238711da4697) Importer(815301076,1909f56bfc062723c751e8b465ee728b)
Start importing Assets/New Asssets/BlueWizard/2BlueWizardIdle/Chara - BlueIdle00019.png using Guid(a32cbd258c0c12c4a95c238711da4697) Importer(815301076,1909f56bfc062723c751e8b465ee728b) (PreviewImporter) -> (artifact id: '1ff584aa30234346837e85955e9ff04d') in 0.0558822 seconds
Number of updated asset objects reloaded before import = 0Number of asset objects unloaded after import = 3

========================================================================
Received Import Request.
  Time since last request: 434.596258 seconds.
  path: Assets/New Asssets/Mossy Tileset
  artifactKey: Guid(d20a77ab2631dc54ab6d9fa3dd95bc39) Importer(815301076,1909f56bfc062723c751e8b465ee728b)
Start importing Assets/New Asssets/Mossy Tileset using Guid(d20a77ab2631dc54ab6d9fa3dd95bc39) Importer(815301076,1909f56bfc062723c751e8b465ee728b) (PreviewImporter) -> (artifact id: '7ce177048c907fc0aa0e60e9100b0e85') in 0.0008965 seconds
Number of updated asset objects reloaded before import = 0Number of asset objects unloaded after import = 0

========================================================================
Received Prepare
Begin MonoManager ReloadAssembly
[Licensing::Client] Successfully resolved entitlement details
- Loaded All Assemblies, in  0.830 seconds
Refreshing native plugins compatible for Editor in 2.49 ms, found 4 plugins.
Native extension for Android target not found
Native extension for WindowsStandalone target not found
Native extension for WebGL target not found
[Package Manager] Failed to launch server process. Reason: Unity was launched with the -noUpm command-line argument
[Package Manager] Unable to send message (not connected to server process).
[Package Manager] Cannot connect to Unity Package Manager local server
Mono: successfully reloaded assembly
- Finished resetting the current domain, in  0.906 seconds
Domain Reload Profiling: 1734ms
	BeginReloadAssembly (249ms)
		ExecutionOrderSort (0ms)
		DisableScriptedObjects (18ms)
		BackupInstance (0ms)
		ReleaseScriptingObjects (0ms)
		CreateAndSetChildDomain (62ms)
	RebuildCommonClasses (35ms)
	RebuildNativeTypeToScriptingClass (12ms)
	initialDomainReloadingComplete (32ms)
	LoadAllAssembliesAndSetupDomain (499ms)
		LoadAssemblies (413ms)
		RebuildTransferFunctionScriptingTraits (0ms)
		AnalyzeDomain (194ms)
			TypeCache.Refresh (8ms)
				TypeCache.ScanAssembly (0ms)
			BuildScriptInfoCaches (171ms)
			ResolveRequiredComponents (10ms)
	FinalizeReload (907ms)
		ReleaseScriptCaches (0ms)
		RebuildScriptCaches (0ms)
		SetupLoadedEditorAssemblies (712ms)
			LogAssemblyErrors (0ms)
			InitializePlatformSupportModulesInManaged (11ms)
			SetLoadedEditorAssemblies (6ms)
			BeforeProcessingInitializeOnLoad (195ms)
			ProcessInitializeOnLoadAttributes (377ms)
			ProcessInitializeOnLoadMethodAttributes (109ms)
			AfterProcessingInitializeOnLoad (14ms)
			EditorAssembliesLoaded (1ms)
		ExecutionOrderSort2 (0ms)
		AwakeInstancesAfterBackupRestoration (22ms)
Refreshing native plugins compatible for Editor in 2.32 ms, found 4 plugins.
Preloading 0 native plugins for Editor in 0.00 ms.
Unloading 16 Unused Serialized files (Serialized files now loaded: 0)
Unloading 6874 unused Assets / (5.3 MB). Loaded Objects now: 8198.
Memory consumption went from 163.7 MB to 158.4 MB.
Total: 18.861600 ms (FindLiveObjects: 1.055000 ms CreateObjectMapping: 1.354900 ms MarkObjects: 10.704300 ms  DeleteObjects: 5.745200 ms)

Prepare: number of updated asset objects reloaded= 0
========================================================================
Received Prepare
Begin MonoManager ReloadAssembly
[Licensing::Client] Successfully resolved entitlement details
- Loaded All Assemblies, in  0.809 seconds
Refreshing native plugins compatible for Editor in 1.87 ms, found 4 plugins.
Native extension for Android target not found
Native extension for WindowsStandalone target not found
Native extension for WebGL target not found
[Package Manager] Failed to launch server process. Reason: Unity was launched with the -noUpm command-line argument
[Package Manager] Unable to send message (not connected to server process).
[Package Manager] Cannot connect to Unity Package Manager local server
Mono: successfully reloaded assembly
- Finished resetting the current domain, in  0.766 seconds
Domain Reload Profiling: 1571ms
	BeginReloadAssembly (232ms)
		ExecutionOrderSort (0ms)
		DisableScriptedObjects (16ms)
		BackupInstance (0ms)
		ReleaseScriptingObjects (0ms)
		CreateAndSetChildDomain (59ms)
	RebuildCommonClasses (35ms)
	RebuildNativeTypeToScriptingClass (12ms)
	initialDomainReloadingComplete (33ms)
	LoadAllAssembliesAndSetupDomain (493ms)
		LoadAssemblies (404ms)
		RebuildTransferFunctionScriptingTraits (0ms)
		AnalyzeDomain (185ms)
			TypeCache.Refresh (8ms)
				TypeCache.ScanAssembly (0ms)
			BuildScriptInfoCaches (163ms)
			ResolveRequiredComponents (9ms)
	FinalizeReload (766ms)
		ReleaseScriptCaches (0ms)
		RebuildScriptCaches (0ms)
		SetupLoadedEditorAssemblies (600ms)
			LogAssemblyErrors (0ms)
			InitializePlatformSupportModulesInManaged (10ms)
			SetLoadedEditorAssemblies (5ms)
			BeforeProcessingInitializeOnLoad (170ms)
			ProcessInitializeOnLoadAttributes (335ms)
			ProcessInitializeOnLoadMethodAttributes (71ms)
			AfterProcessingInitializeOnLoad (9ms)
			EditorAssembliesLoaded (0ms)
		ExecutionOrderSort2 (0ms)
		AwakeInstancesAfterBackupRestoration (16ms)
Refreshing native plugins compatible for Editor in 2.44 ms, found 4 plugins.
Preloading 0 native plugins for Editor in 0.00 ms.
Unloading 16 Unused Serialized files (Serialized files now loaded: 0)
Unloading 6874 unused Assets / (4.7 MB). Loaded Objects now: 8201.
Memory consumption went from 163.8 MB to 159.1 MB.
Total: 13.169800 ms (FindLiveObjects: 0.900500 ms CreateObjectMapping: 1.294200 ms MarkObjects: 7.701300 ms  DeleteObjects: 3.271800 ms)

Prepare: number of updated asset objects reloaded= 0
========================================================================
Received Prepare
Begin MonoManager ReloadAssembly
- Loaded All Assemblies, in  0.769 seconds
Refreshing native plugins compatible for Editor in 1.83 ms, found 4 plugins.
Native extension for Android target not found
Native extension for WindowsStandalone target not found
Native extension for WebGL target not found
[Package Manager] Failed to launch server process. Reason: Unity was launched with the -noUpm command-line argument
[Package Manager] Unable to send message (not connected to server process).
[Package Manager] Cannot connect to Unity Package Manager local server
Mono: successfully reloaded assembly
- Finished resetting the current domain, in  0.738 seconds
Domain Reload Profiling: 1504ms
	BeginReloadAssembly (227ms)
		ExecutionOrderSort (0ms)
		DisableScriptedObjects (16ms)
		BackupInstance (0ms)
		ReleaseScriptingObjects (0ms)
		CreateAndSetChildDomain (54ms)
	RebuildCommonClasses (33ms)
	RebuildNativeTypeToScriptingClass (13ms)
	initialDomainReloadingComplete (32ms)
	LoadAllAssembliesAndSetupDomain (461ms)
		LoadAssemblies (369ms)
		RebuildTransferFunctionScriptingTraits (0ms)
		AnalyzeDomain (186ms)
			TypeCache.Refresh (7ms)
				TypeCache.ScanAssembly (0ms)
			BuildScriptInfoCaches (165ms)
			ResolveRequiredComponents (9ms)
	FinalizeReload (738ms)
		ReleaseScriptCaches (0ms)
		RebuildScriptCaches (0ms)
		SetupLoadedEditorAssemblies (570ms)
			LogAssemblyErrors (0ms)
			InitializePlatformSupportModulesInManaged (14ms)
			SetLoadedEditorAssemblies (6ms)
			BeforeProcessingInitializeOnLoad (156ms)
			ProcessInitializeOnLoadAttributes (317ms)
			ProcessInitializeOnLoadMethodAttributes (69ms)
			AfterProcessingInitializeOnLoad (8ms)
			EditorAssembliesLoaded (0ms)
		ExecutionOrderSort2 (0ms)
		AwakeInstancesAfterBackupRestoration (14ms)
Refreshing native plugins compatible for Editor in 2.25 ms, found 4 plugins.
Preloading 0 native plugins for Editor in 0.00 ms.
Unloading 16 Unused Serialized files (Serialized files now loaded: 0)
Unloading 6874 unused Assets / (4.7 MB). Loaded Objects now: 8204.
Memory consumption went from 163.8 MB to 159.1 MB.
Total: 12.426500 ms (FindLiveObjects: 0.958900 ms CreateObjectMapping: 1.345400 ms MarkObjects: 7.001600 ms  DeleteObjects: 3.119100 ms)

Prepare: number of updated asset objects reloaded= 0
========================================================================
Received Prepare
Begin MonoManager ReloadAssembly
[Licensing::Client] Successfully resolved entitlement details
- Loaded All Assemblies, in  0.753 seconds
Refreshing native plugins compatible for Editor in 1.86 ms, found 4 plugins.
Native extension for Android target not found
Native extension for WindowsStandalone target not found
Native extension for WebGL target not found
[Package Manager] Failed to launch server process. Reason: Unity was launched with the -noUpm command-line argument
[Package Manager] Unable to send message (not connected to server process).
[Package Manager] Cannot connect to Unity Package Manager local server
Mono: successfully reloaded assembly
- Finished resetting the current domain, in  0.706 seconds
Domain Reload Profiling: 1456ms
	BeginReloadAssembly (220ms)
		ExecutionOrderSort (0ms)
		DisableScriptedObjects (14ms)
		BackupInstance (0ms)
		ReleaseScriptingObjects (0ms)
		CreateAndSetChildDomain (52ms)
	RebuildCommonClasses (33ms)
	RebuildNativeTypeToScriptingClass (11ms)
	initialDomainReloadingComplete (31ms)
	LoadAllAssembliesAndSetupDomain (454ms)
		LoadAssemblies (369ms)
		RebuildTransferFunctionScriptingTraits (0ms)
		AnalyzeDomain (180ms)
			TypeCache.Refresh (7ms)
				TypeCache.ScanAssembly (0ms)
			BuildScriptInfoCaches (159ms)
			ResolveRequiredComponents (9ms)
	FinalizeReload (707ms)
		ReleaseScriptCaches (0ms)
		RebuildScriptCaches (0ms)
		SetupLoadedEditorAssemblies (548ms)
			LogAssemblyErrors (0ms)
			InitializePlatformSupportModulesInManaged (10ms)
			SetLoadedEditorAssemblies (6ms)
			BeforeProcessingInitializeOnLoad (150ms)
			ProcessInitializeOnLoadAttributes (307ms)
			ProcessInitializeOnLoadMethodAttributes (65ms)
			AfterProcessingInitializeOnLoad (8ms)
			EditorAssembliesLoaded (0ms)
		ExecutionOrderSort2 (0ms)
		AwakeInstancesAfterBackupRestoration (16ms)
Refreshing native plugins compatible for Editor in 2.19 ms, found 4 plugins.
Preloading 0 native plugins for Editor in 0.00 ms.
Unloading 16 Unused Serialized files (Serialized files now loaded: 0)
Unloading 6874 unused Assets / (4.5 MB). Loaded Objects now: 8207.
Memory consumption went from 163.9 MB to 159.3 MB.
Total: 11.837100 ms (FindLiveObjects: 0.847000 ms CreateObjectMapping: 0.710600 ms MarkObjects: 7.416600 ms  DeleteObjects: 2.861200 ms)

Prepare: number of updated asset objects reloaded= 0
========================================================================
Received Prepare
Begin MonoManager ReloadAssembly
[Licensing::Client] Successfully resolved entitlement details
- Loaded All Assemblies, in  0.752 seconds
Refreshing native plugins compatible for Editor in 1.82 ms, found 4 plugins.
Native extension for Android target not found
Native extension for WindowsStandalone target not found
Native extension for WebGL target not found
[Package Manager] Failed to launch server process. Reason: Unity was launched with the -noUpm command-line argument
[Package Manager] Unable to send message (not connected to server process).
[Package Manager] Cannot connect to Unity Package Manager local server
Mono: successfully reloaded assembly
- Finished resetting the current domain, in  0.723 seconds
Domain Reload Profiling: 1472ms
	BeginReloadAssembly (211ms)
		ExecutionOrderSort (0ms)
		DisableScriptedObjects (14ms)
		BackupInstance (0ms)
		ReleaseScriptingObjects (0ms)
		CreateAndSetChildDomain (50ms)
	RebuildCommonClasses (33ms)
	RebuildNativeTypeToScriptingClass (16ms)
	initialDomainReloadingComplete (32ms)
	LoadAllAssembliesAndSetupDomain (456ms)
		LoadAssemblies (362ms)
		RebuildTransferFunctionScriptingTraits (0ms)
		AnalyzeDomain (183ms)
			TypeCache.Refresh (7ms)
				TypeCache.ScanAssembly (0ms)
			BuildScriptInfoCaches (161ms)
			ResolveRequiredComponents (10ms)
	FinalizeReload (724ms)
		ReleaseScriptCaches (0ms)
		RebuildScriptCaches (0ms)
		SetupLoadedEditorAssemblies (564ms)
			LogAssemblyErrors (0ms)
			InitializePlatformSupportModulesInManaged (10ms)
			SetLoadedEditorAssemblies (5ms)
			BeforeProcessingInitializeOnLoad (153ms)
			ProcessInitializeOnLoadAttributes (313ms)
			ProcessInitializeOnLoadMethodAttributes (74ms)
			AfterProcessingInitializeOnLoad (8ms)
			EditorAssembliesLoaded (0ms)
		ExecutionOrderSort2 (0ms)
		AwakeInstancesAfterBackupRestoration (15ms)
Refreshing native plugins compatible for Editor in 2.20 ms, found 4 plugins.
Preloading 0 native plugins for Editor in 0.00 ms.
Unloading 16 Unused Serialized files (Serialized files now loaded: 0)
Unloading 6874 unused Assets / (4.8 MB). Loaded Objects now: 8210.
Memory consumption went from 163.9 MB to 159.2 MB.
Total: 12.257200 ms (FindLiveObjects: 0.884400 ms CreateObjectMapping: 1.373100 ms MarkObjects: 6.712800 ms  DeleteObjects: 3.285400 ms)

Prepare: number of updated asset objects reloaded= 0
========================================================================
Received Import Request.
  Time since last request: 1126.886896 seconds.
  path: Assets/Animations/Idle.anim
  artifactKey: Guid(9b64f685453ce184baa2cde266d62343) Importer(815301076,1909f56bfc062723c751e8b465ee728b)
Start importing Assets/Animations/Idle.anim using Guid(9b64f685453ce184baa2cde266d62343) Importer(815301076,1909f56bfc062723c751e8b465ee728b) (PreviewImporter) -> (artifact id: '95871d4d1204a902840f910293726fe9') in 0.0652186 seconds
Number of updated asset objects reloaded before import = 0Number of asset objects unloaded after import = 1

========================================================================
Received Import Request.
  Time since last request: 7.900919 seconds.
  path: Assets/Animations/Player.controller
  artifactKey: Guid(a44aac0157cc6c84a884fef8c17f8aaf) Importer(815301076,1909f56bfc062723c751e8b465ee728b)
Start importing Assets/Animations/Player.controller using Guid(a44aac0157cc6c84a884fef8c17f8aaf) Importer(815301076,1909f56bfc062723c751e8b465ee728b) (PreviewImporter) -> (artifact id: '4ddc86aa5cebf983eb3742a18a94c067') in 0.0034017 seconds
Number of updated asset objects reloaded before import = 0Number of asset objects unloaded after import = 8

========================================================================
Received Import Request.
  Time since last request: 79.057427 seconds.
  path: Assets/New Asssets/BlueWizard/2BlueWizardJump/Dash3
  artifactKey: Guid(351bcd509ff656b4ea5f7c2e109851b1) Importer(815301076,1909f56bfc062723c751e8b465ee728b)
Start importing Assets/New Asssets/BlueWizard/2BlueWizardJump/Dash3 using Guid(351bcd509ff656b4ea5f7c2e109851b1) Importer(815301076,1909f56bfc062723c751e8b465ee728b) (PreviewImporter) -> (artifact id: '658fc8d095937f787b036ea5cf41f855') in 0.0006439 seconds
Number of updated asset objects reloaded before import = 0Number of asset objects unloaded after import = 0

========================================================================
Received Import Request.
  Time since last request: 1.426299 seconds.
  path: Assets/New Asssets/BlueWizard/2BlueWizardJump/DashEffect
  artifactKey: Guid(9ebde4b3b024fe14fb6cea3d0d3c5059) Importer(815301076,1909f56bfc062723c751e8b465ee728b)
Start importing Assets/New Asssets/BlueWizard/2BlueWizardJump/DashEffect using Guid(9ebde4b3b024fe14fb6cea3d0d3c5059) Importer(815301076,1909f56bfc062723c751e8b465ee728b) (PreviewImporter) -> (artifact id: '5b76cf8a2b2bc1d2b441e75a13e47bcd') in 0.0006814 seconds
Number of updated asset objects reloaded before import = 0Number of asset objects unloaded after import = 0

========================================================================
Received Import Request.
  Time since last request: 1.258964 seconds.
  path: Assets/New Asssets/BlueWizard/2BlueWizardJump/Dash2
  artifactKey: Guid(21d11ddf1682b504faa8fbdfa376f373) Importer(815301076,1909f56bfc062723c751e8b465ee728b)
Start importing Assets/New Asssets/BlueWizard/2BlueWizardJump/Dash2 using Guid(21d11ddf1682b504faa8fbdfa376f373) Importer(815301076,1909f56bfc062723c751e8b465ee728b) (PreviewImporter) -> (artifact id: 'fde75a319c6ea4beec26fbff4a617be2') in 0.0007185 seconds
Number of updated asset objects reloaded before import = 0Number of asset objects unloaded after import = 0

========================================================================
Received Import Request.
  Time since last request: 138.097368 seconds.
  path: Assets/Scripts
  artifactKey: Guid(5bf8e7e070c6f0d4898a9155b21f6371) Importer(815301076,1909f56bfc062723c751e8b465ee728b)
Start importing Assets/Scripts using Guid(5bf8e7e070c6f0d4898a9155b21f6371) Importer(815301076,1909f56bfc062723c751e8b465ee728b) (PreviewImporter) -> (artifact id: 'a1fc8cd2fe14da01e01700c7fa83d862') in 0.0007437 seconds
Number of updated asset objects reloaded before import = 0Number of asset objects unloaded after import = 0

========================================================================
Received Import Request.
  Time since last request: 1.430941 seconds.
  path: Assets/Scripts/PlayerMovement.cs
  artifactKey: Guid(4507a922a745f5b46a1175a85be14231) Importer(815301076,1909f56bfc062723c751e8b465ee728b)
Start importing Assets/Scripts/PlayerMovement.cs using Guid(4507a922a745f5b46a1175a85be14231) Importer(815301076,1909f56bfc062723c751e8b465ee728b) (PreviewImporter) -> (artifact id: '4f601f2b69031b4c79e75e8f73067c45') in 0.0007466 seconds
Number of updated asset objects reloaded before import = 0Number of asset objects unloaded after import = 0

========================================================================
Received Import Request.
  Time since last request: 0.360583 seconds.
  path: Assets/Scripts/ScoreSystem.cs
  artifactKey: Guid(9dad824b68b03074a9d5bd74a1c8ac70) Importer(815301076,1909f56bfc062723c751e8b465ee728b)
Start importing Assets/Scripts/ScoreSystem.cs using Guid(9dad824b68b03074a9d5bd74a1c8ac70) Importer(815301076,1909f56bfc062723c751e8b465ee728b) (PreviewImporter) -> (artifact id: 'b239a0a9b9505378cd966835b96e8e61') in 0.0007088 seconds
Number of updated asset objects reloaded before import = 0Number of asset objects unloaded after import = 0

========================================================================
Received Import Request.
  Time since last request: 0.806744 seconds.
  path: Assets/Scripts/AudioManager.cs
  artifactKey: Guid(1be9681dd13eb1d47811385a1a0f6acd) Importer(815301076,1909f56bfc062723c751e8b465ee728b)
Start importing Assets/Scripts/AudioManager.cs using Guid(1be9681dd13eb1d47811385a1a0f6acd) Importer(815301076,1909f56bfc062723c751e8b465ee728b) (PreviewImporter) -> (artifact id: '8dec3e2f46b745f526a0ed33c7bddbd1') in 0.0007634 seconds
Number of updated asset objects reloaded before import = 0Number of asset objects unloaded after import = 0

========================================================================
Received Import Request.
  Time since last request: 47.472705 seconds.
  path: Assets/Scripts/Coin.cs
  artifactKey: Guid(2ee405ef99deb1c45b3aae623d793b21) Importer(815301076,1909f56bfc062723c751e8b465ee728b)
Start importing Assets/Scripts/Coin.cs using Guid(2ee405ef99deb1c45b3aae623d793b21) Importer(815301076,1909f56bfc062723c751e8b465ee728b) (PreviewImporter) -> (artifact id: '7873b0cd98abf0d23738806071456c3c') in 0.0008684 seconds
Number of updated asset objects reloaded before import = 0Number of asset objects unloaded after import = 0

========================================================================
Received Prepare
Begin MonoManager ReloadAssembly
[Licensing::Client] Successfully resolved entitlement details
- Loaded All Assemblies, in  0.773 seconds
Refreshing native plugins compatible for Editor in 1.81 ms, found 4 plugins.
Native extension for Android target not found
Native extension for WindowsStandalone target not found
Native extension for WebGL target not found
[Package Manager] Failed to launch server process. Reason: Unity was launched with the -noUpm command-line argument
[Package Manager] Unable to send message (not connected to server process).
[Package Manager] Cannot connect to Unity Package Manager local server
Mono: successfully reloaded assembly
- Finished resetting the current domain, in  0.745 seconds
Domain Reload Profiling: 1516ms
	BeginReloadAssembly (227ms)
		ExecutionOrderSort (0ms)
		DisableScriptedObjects (17ms)
		BackupInstance (0ms)
		ReleaseScriptingObjects (0ms)
		CreateAndSetChildDomain (58ms)
	RebuildCommonClasses (34ms)
	RebuildNativeTypeToScriptingClass (12ms)
	initialDomainReloadingComplete (30ms)
	LoadAllAssembliesAndSetupDomain (468ms)
		LoadAssemblies (375ms)
		RebuildTransferFunctionScriptingTraits (0ms)
		AnalyzeDomain (186ms)
			TypeCache.Refresh (7ms)
				TypeCache.ScanAssembly (0ms)
			BuildScriptInfoCaches (165ms)
			ResolveRequiredComponents (10ms)
	FinalizeReload (746ms)
		ReleaseScriptCaches (0ms)
		RebuildScriptCaches (0ms)
		SetupLoadedEditorAssemblies (588ms)
			LogAssemblyErrors (0ms)
			InitializePlatformSupportModulesInManaged (10ms)
			SetLoadedEditorAssemblies (6ms)
			BeforeProcessingInitializeOnLoad (157ms)
			ProcessInitializeOnLoadAttributes (330ms)
			ProcessInitializeOnLoadMethodAttributes (75ms)
			AfterProcessingInitializeOnLoad (9ms)
			EditorAssembliesLoaded (0ms)
		ExecutionOrderSort2 (0ms)
		AwakeInstancesAfterBackupRestoration (17ms)
Refreshing native plugins compatible for Editor in 2.26 ms, found 4 plugins.
Preloading 0 native plugins for Editor in 0.00 ms.
Unloading 16 Unused Serialized files (Serialized files now loaded: 0)
Unloading 6874 unused Assets / (4.7 MB). Loaded Objects now: 8213.
Memory consumption went from 164.0 MB to 159.3 MB.
Total: 12.810200 ms (FindLiveObjects: 0.954600 ms CreateObjectMapping: 1.205600 ms MarkObjects: 7.177700 ms  DeleteObjects: 3.471200 ms)

Prepare: number of updated asset objects reloaded= 0
========================================================================
Received Prepare
Refreshing native plugins compatible for Editor in 2.98 ms, found 4 plugins.
Preloading 0 native plugins for Editor in 0.00 ms.
Unloading 16 Unused Serialized files (Serialized files now loaded: 0)
Unloading 6864 unused Assets / (4.8 MB). Loaded Objects now: 8213.
Memory consumption went from 164.1 MB to 159.3 MB.
Total: 13.908700 ms (FindLiveObjects: 0.928000 ms CreateObjectMapping: 0.925200 ms MarkObjects: 8.597100 ms  DeleteObjects: 3.456600 ms)

Prepare: number of updated asset objects reloaded= 0
========================================================================
Received Prepare
Begin MonoManager ReloadAssembly
[Licensing::Client] Successfully resolved entitlement details
- Loaded All Assemblies, in  1.214 seconds
Refreshing native plugins compatible for Editor in 1.82 ms, found 4 plugins.
Native extension for Android target not found
Native extension for WindowsStandalone target not found
Native extension for WebGL target not found
[Package Manager] Failed to launch server process. Reason: Unity was launched with the -noUpm command-line argument
[Package Manager] Unable to send message (not connected to server process).
[Package Manager] Cannot connect to Unity Package Manager local server
Mono: successfully reloaded assembly
- Finished resetting the current domain, in  0.741 seconds
Domain Reload Profiling: 1947ms
	BeginReloadAssembly (328ms)
		ExecutionOrderSort (0ms)
		DisableScriptedObjects (27ms)
		BackupInstance (0ms)
		ReleaseScriptingObjects (0ms)
		CreateAndSetChildDomain (74ms)
	RebuildCommonClasses (68ms)
	RebuildNativeTypeToScriptingClass (22ms)
	initialDomainReloadingComplete (44ms)
	LoadAllAssembliesAndSetupDomain (744ms)
		LoadAssemblies (596ms)
		RebuildTransferFunctionScriptingTraits (0ms)
		AnalyzeDomain (299ms)
			TypeCache.Refresh (14ms)
				TypeCache.ScanAssembly (1ms)
			BuildScriptInfoCaches (271ms)
			ResolveRequiredComponents (10ms)
	FinalizeReload (742ms)
		ReleaseScriptCaches (0ms)
		RebuildScriptCaches (0ms)
		SetupLoadedEditorAssemblies (581ms)
			LogAssemblyErrors (0ms)
			InitializePlatformSupportModulesInManaged (11ms)
			SetLoadedEditorAssemblies (6ms)
			BeforeProcessingInitializeOnLoad (173ms)
			ProcessInitializeOnLoadAttributes (312ms)
			ProcessInitializeOnLoadMethodAttributes (71ms)
			AfterProcessingInitializeOnLoad (8ms)
			EditorAssembliesLoaded (0ms)
		ExecutionOrderSort2 (0ms)
		AwakeInstancesAfterBackupRestoration (15ms)
Refreshing native plugins compatible for Editor in 1.77 ms, found 4 plugins.
Preloading 0 native plugins for Editor in 0.00 ms.
Unloading 16 Unused Serialized files (Serialized files now loaded: 0)
Unloading 6874 unused Assets / (4.3 MB). Loaded Objects now: 8216.
Memory consumption went from 164.0 MB to 159.7 MB.
Total: 9.582600 ms (FindLiveObjects: 0.758500 ms CreateObjectMapping: 0.941000 ms MarkObjects: 5.353800 ms  DeleteObjects: 2.528300 ms)

Prepare: number of updated asset objects reloaded= 0
========================================================================
Received Prepare
Begin MonoManager ReloadAssembly
- Loaded All Assemblies, in  0.762 seconds
Refreshing native plugins compatible for Editor in 1.83 ms, found 4 plugins.
Native extension for Android target not found
Native extension for WindowsStandalone target not found
Native extension for WebGL target not found
[Package Manager] Failed to launch server process. Reason: Unity was launched with the -noUpm command-line argument
[Package Manager] Unable to send message (not connected to server process).
[Package Manager] Cannot connect to Unity Package Manager local server
Mono: successfully reloaded assembly
- Finished resetting the current domain, in  0.727 seconds
Domain Reload Profiling: 1486ms
	BeginReloadAssembly (221ms)
		ExecutionOrderSort (0ms)
		DisableScriptedObjects (14ms)
		BackupInstance (0ms)
		ReleaseScriptingObjects (0ms)
		CreateAndSetChildDomain (55ms)
	RebuildCommonClasses (33ms)
	RebuildNativeTypeToScriptingClass (11ms)
	initialDomainReloadingComplete (31ms)
	LoadAllAssembliesAndSetupDomain (462ms)
		LoadAssemblies (375ms)
		RebuildTransferFunctionScriptingTraits (0ms)
		AnalyzeDomain (182ms)
			TypeCache.Refresh (7ms)
				TypeCache.ScanAssembly (0ms)
			BuildScriptInfoCaches (161ms)
			ResolveRequiredComponents (9ms)
	FinalizeReload (728ms)
		ReleaseScriptCaches (0ms)
		RebuildScriptCaches (0ms)
		SetupLoadedEditorAssemblies (571ms)
			LogAssemblyErrors (0ms)
			InitializePlatformSupportModulesInManaged (10ms)
			SetLoadedEditorAssemblies (6ms)
			BeforeProcessingInitializeOnLoad (154ms)
			ProcessInitializeOnLoadAttributes (314ms)
			ProcessInitializeOnLoadMethodAttributes (78ms)
			AfterProcessingInitializeOnLoad (8ms)
			EditorAssembliesLoaded (0ms)
		ExecutionOrderSort2 (0ms)
		AwakeInstancesAfterBackupRestoration (15ms)
Refreshing native plugins compatible for Editor in 2.27 ms, found 4 plugins.
Preloading 0 native plugins for Editor in 0.00 ms.
Unloading 16 Unused Serialized files (Serialized files now loaded: 0)
Unloading 6874 unused Assets / (4.7 MB). Loaded Objects now: 8219.
Memory consumption went from 164.0 MB to 159.3 MB.
Total: 11.929000 ms (FindLiveObjects: 0.936800 ms CreateObjectMapping: 1.033000 ms MarkObjects: 6.880600 ms  DeleteObjects: 3.077100 ms)

Prepare: number of updated asset objects reloaded= 0
========================================================================
Received Prepare
Begin MonoManager ReloadAssembly
[Licensing::Client] Successfully resolved entitlement details
- Loaded All Assemblies, in  0.788 seconds
Refreshing native plugins compatible for Editor in 1.70 ms, found 4 plugins.
Native extension for Android target not found
Native extension for WindowsStandalone target not found
Native extension for WebGL target not found
[Package Manager] Failed to launch server process. Reason: Unity was launched with the -noUpm command-line argument
[Package Manager] Unable to send message (not connected to server process).
[Package Manager] Cannot connect to Unity Package Manager local server
Mono: successfully reloaded assembly
- Finished resetting the current domain, in  0.746 seconds
Domain Reload Profiling: 1531ms
	BeginReloadAssembly (227ms)
		ExecutionOrderSort (0ms)
		DisableScriptedObjects (15ms)
		BackupInstance (0ms)
		ReleaseScriptingObjects (0ms)
		CreateAndSetChildDomain (54ms)
	RebuildCommonClasses (36ms)
	RebuildNativeTypeToScriptingClass (12ms)
	initialDomainReloadingComplete (33ms)
	LoadAllAssembliesAndSetupDomain (476ms)
		LoadAssemblies (389ms)
		RebuildTransferFunctionScriptingTraits (0ms)
		AnalyzeDomain (186ms)
			TypeCache.Refresh (7ms)
				TypeCache.ScanAssembly (0ms)
			BuildScriptInfoCaches (166ms)
			ResolveRequiredComponents (9ms)
	FinalizeReload (746ms)
		ReleaseScriptCaches (0ms)
		RebuildScriptCaches (0ms)
		SetupLoadedEditorAssemblies (587ms)
			LogAssemblyErrors (0ms)
			InitializePlatformSupportModulesInManaged (10ms)
			SetLoadedEditorAssemblies (6ms)
			BeforeProcessingInitializeOnLoad (159ms)
			ProcessInitializeOnLoadAttributes (326ms)
			ProcessInitializeOnLoadMethodAttributes (77ms)
			AfterProcessingInitializeOnLoad (9ms)
			EditorAssembliesLoaded (0ms)
		ExecutionOrderSort2 (0ms)
		AwakeInstancesAfterBackupRestoration (16ms)
Refreshing native plugins compatible for Editor in 2.23 ms, found 4 plugins.
Preloading 0 native plugins for Editor in 0.00 ms.
Unloading 16 Unused Serialized files (Serialized files now loaded: 0)
Unloading 6874 unused Assets / (4.7 MB). Loaded Objects now: 8222.
Memory consumption went from 164.1 MB to 159.4 MB.
Total: 11.911500 ms (FindLiveObjects: 0.850000 ms CreateObjectMapping: 1.009300 ms MarkObjects: 6.913200 ms  DeleteObjects: 3.137700 ms)

Prepare: number of updated asset objects reloaded= 0
========================================================================
Received Prepare
Refreshing native plugins compatible for Editor in 3.63 ms, found 4 plugins.
Preloading 0 native plugins for Editor in 0.00 ms.
Unloading 16 Unused Serialized files (Serialized files now loaded: 0)
Unloading 6864 unused Assets / (5.0 MB). Loaded Objects now: 8222.
Memory consumption went from 164.3 MB to 159.3 MB.
Total: 17.411200 ms (FindLiveObjects: 1.567800 ms CreateObjectMapping: 2.214600 ms MarkObjects: 9.431000 ms  DeleteObjects: 4.196200 ms)

Prepare: number of updated asset objects reloaded= 0
========================================================================
Received Prepare
Begin MonoManager ReloadAssembly
- Loaded All Assemblies, in  1.078 seconds
Refreshing native plugins compatible for Editor in 1.89 ms, found 4 plugins.
Native extension for Android target not found
Native extension for WindowsStandalone target not found
Native extension for WebGL target not found
[Package Manager] Failed to launch server process. Reason: Unity was launched with the -noUpm command-line argument
[Package Manager] Unable to send message (not connected to server process).
[Package Manager] Cannot connect to Unity Package Manager local server
Mono: successfully reloaded assembly
- Finished resetting the current domain, in  0.759 seconds
Domain Reload Profiling: 1830ms
	BeginReloadAssembly (319ms)
		ExecutionOrderSort (0ms)
		DisableScriptedObjects (22ms)
		BackupInstance (0ms)
		ReleaseScriptingObjects (0ms)
		CreateAndSetChildDomain (69ms)
	RebuildCommonClasses (60ms)
	RebuildNativeTypeToScriptingClass (22ms)
	initialDomainReloadingComplete (47ms)
	LoadAllAssembliesAndSetupDomain (622ms)
		LoadAssemblies (577ms)
		RebuildTransferFunctionScriptingTraits (0ms)
		AnalyzeDomain (198ms)
			TypeCache.Refresh (13ms)
				TypeCache.ScanAssembly (1ms)
			BuildScriptInfoCaches (171ms)
			ResolveRequiredComponents (9ms)
	FinalizeReload (760ms)
		ReleaseScriptCaches (0ms)
		RebuildScriptCaches (0ms)
		SetupLoadedEditorAssemblies (604ms)
			LogAssemblyErrors (0ms)
			InitializePlatformSupportModulesInManaged (9ms)
			SetLoadedEditorAssemblies (5ms)
			BeforeProcessingInitializeOnLoad (169ms)
			ProcessInitializeOnLoadAttributes (346ms)
			ProcessInitializeOnLoadMethodAttributes (66ms)
			AfterProcessingInitializeOnLoad (8ms)
			EditorAssembliesLoaded (0ms)
		ExecutionOrderSort2 (0ms)
		AwakeInstancesAfterBackupRestoration (14ms)
Refreshing native plugins compatible for Editor in 1.95 ms, found 4 plugins.
Preloading 0 native plugins for Editor in 0.00 ms.
Unloading 16 Unused Serialized files (Serialized files now loaded: 0)
Unloading 6874 unused Assets / (4.0 MB). Loaded Objects now: 8225.
Memory consumption went from 166.1 MB to 162.1 MB.
Total: 10.352300 ms (FindLiveObjects: 0.856500 ms CreateObjectMapping: 0.639200 ms MarkObjects: 6.293100 ms  DeleteObjects: 2.562400 ms)

Prepare: number of updated asset objects reloaded= 0
========================================================================
Received Prepare
Begin MonoManager ReloadAssembly
[Licensing::Client] Successfully resolved entitlement details
- Loaded All Assemblies, in  0.756 seconds
Refreshing native plugins compatible for Editor in 2.59 ms, found 4 plugins.
Native extension for Android target not found
Native extension for WindowsStandalone target not found
Native extension for WebGL target not found
[Package Manager] Failed to launch server process. Reason: Unity was launched with the -noUpm command-line argument
[Package Manager] Unable to send message (not connected to server process).
[Package Manager] Cannot connect to Unity Package Manager local server
Mono: successfully reloaded assembly
- Finished resetting the current domain, in  0.728 seconds
Domain Reload Profiling: 1480ms
	BeginReloadAssembly (220ms)
		ExecutionOrderSort (0ms)
		DisableScriptedObjects (14ms)
		BackupInstance (0ms)
		ReleaseScriptingObjects (0ms)
		CreateAndSetChildDomain (53ms)
	RebuildCommonClasses (33ms)
	RebuildNativeTypeToScriptingClass (11ms)
	initialDomainReloadingComplete (31ms)
	LoadAllAssembliesAndSetupDomain (456ms)
		LoadAssemblies (371ms)
		RebuildTransferFunctionScriptingTraits (0ms)
		AnalyzeDomain (180ms)
			TypeCache.Refresh (8ms)
				TypeCache.ScanAssembly (0ms)
			BuildScriptInfoCaches (159ms)
			ResolveRequiredComponents (9ms)
	FinalizeReload (728ms)
		ReleaseScriptCaches (0ms)
		RebuildScriptCaches (0ms)
		SetupLoadedEditorAssemblies (573ms)
			LogAssemblyErrors (0ms)
			InitializePlatformSupportModulesInManaged (9ms)
			SetLoadedEditorAssemblies (5ms)
			BeforeProcessingInitializeOnLoad (162ms)
			ProcessInitializeOnLoadAttributes (318ms)
			ProcessInitializeOnLoadMethodAttributes (70ms)
			AfterProcessingInitializeOnLoad (8ms)
			EditorAssembliesLoaded (0ms)
		ExecutionOrderSort2 (0ms)
		AwakeInstancesAfterBackupRestoration (14ms)
Refreshing native plugins compatible for Editor in 2.14 ms, found 4 plugins.
Preloading 0 native plugins for Editor in 0.00 ms.
Unloading 16 Unused Serialized files (Serialized files now loaded: 0)
Unloading 6874 unused Assets / (4.4 MB). Loaded Objects now: 8228.
Memory consumption went from 166.2 MB to 161.8 MB.
Total: 12.055100 ms (FindLiveObjects: 0.868600 ms CreateObjectMapping: 1.309000 ms MarkObjects: 7.218900 ms  DeleteObjects: 2.657500 ms)

Prepare: number of updated asset objects reloaded= 0
========================================================================
Received Prepare
Refreshing native plugins compatible for Editor in 3.27 ms, found 4 plugins.
Preloading 0 native plugins for Editor in 0.00 ms.
Unloading 16 Unused Serialized files (Serialized files now loaded: 0)
Unloading 6864 unused Assets / (4.7 MB). Loaded Objects now: 8228.
Memory consumption went from 166.3 MB to 161.6 MB.
Total: 17.494200 ms (FindLiveObjects: 1.264500 ms CreateObjectMapping: 0.994700 ms MarkObjects: 11.103600 ms  DeleteObjects: 4.128900 ms)

Prepare: number of updated asset objects reloaded= 0
========================================================================
Received Prepare
Begin MonoManager ReloadAssembly
[Licensing::Client] Successfully resolved entitlement details
- Loaded All Assemblies, in  1.200 seconds
Refreshing native plugins compatible for Editor in 2.52 ms, found 4 plugins.
Native extension for Android target not found
Native extension for WindowsStandalone target not found
Native extension for WebGL target not found
[Package Manager] Failed to launch server process. Reason: Unity was launched with the -noUpm command-line argument
[Package Manager] Unable to send message (not connected to server process).
[Package Manager] Cannot connect to Unity Package Manager local server
Mono: successfully reloaded assembly
- Finished resetting the current domain, in  1.189 seconds
Domain Reload Profiling: 2383ms
	BeginReloadAssembly (334ms)
		ExecutionOrderSort (0ms)
		DisableScriptedObjects (23ms)
		BackupInstance (0ms)
		ReleaseScriptingObjects (0ms)
		CreateAndSetChildDomain (67ms)
	RebuildCommonClasses (71ms)
	RebuildNativeTypeToScriptingClass (23ms)
	initialDomainReloadingComplete (47ms)
	LoadAllAssembliesAndSetupDomain (718ms)
		LoadAssemblies (582ms)
		RebuildTransferFunctionScriptingTraits (0ms)
		AnalyzeDomain (289ms)
			TypeCache.Refresh (11ms)
				TypeCache.ScanAssembly (0ms)
			BuildScriptInfoCaches (254ms)
			ResolveRequiredComponents (17ms)
	FinalizeReload (1189ms)
		ReleaseScriptCaches (0ms)
		RebuildScriptCaches (0ms)
		SetupLoadedEditorAssemblies (917ms)
			LogAssemblyErrors (0ms)
			InitializePlatformSupportModulesInManaged (16ms)
			SetLoadedEditorAssemblies (8ms)
			BeforeProcessingInitializeOnLoad (299ms)
			ProcessInitializeOnLoadAttributes (474ms)
			ProcessInitializeOnLoadMethodAttributes (105ms)
			AfterProcessingInitializeOnLoad (14ms)
			EditorAssembliesLoaded (1ms)
		ExecutionOrderSort2 (0ms)
		AwakeInstancesAfterBackupRestoration (27ms)
Refreshing native plugins compatible for Editor in 2.61 ms, found 4 plugins.
Preloading 0 native plugins for Editor in 0.00 ms.
Unloading 16 Unused Serialized files (Serialized files now loaded: 0)
Unloading 6874 unused Assets / (4.5 MB). Loaded Objects now: 8231.
Memory consumption went from 166.2 MB to 161.7 MB.
Total: 14.588800 ms (FindLiveObjects: 0.815800 ms CreateObjectMapping: 0.516600 ms MarkObjects: 9.604900 ms  DeleteObjects: 3.650000 ms)

Prepare: number of updated asset objects reloaded= 0
========================================================================
Received Prepare
Refreshing native plugins compatible for Editor in 3.90 ms, found 4 plugins.
Preloading 0 native plugins for Editor in 0.00 ms.
Unloading 16 Unused Serialized files (Serialized files now loaded: 0)
Unloading 6864 unused Assets / (4.7 MB). Loaded Objects now: 8231.
Memory consumption went from 166.3 MB to 161.6 MB.
Total: 17.885900 ms (FindLiveObjects: 1.397700 ms CreateObjectMapping: 1.214800 ms MarkObjects: 11.217200 ms  DeleteObjects: 4.054900 ms)

Prepare: number of updated asset objects reloaded= 0
========================================================================
Received Prepare
Begin MonoManager ReloadAssembly
- Loaded All Assemblies, in  1.036 seconds
Refreshing native plugins compatible for Editor in 1.71 ms, found 4 plugins.
Native extension for Android target not found
Native extension for WindowsStandalone target not found
Native extension for WebGL target not found
[Package Manager] Failed to launch server process. Reason: Unity was launched with the -noUpm command-line argument
[Package Manager] Unable to send message (not connected to server process).
[Package Manager] Cannot connect to Unity Package Manager local server
Mono: successfully reloaded assembly
- Finished resetting the current domain, in  0.696 seconds
Domain Reload Profiling: 1723ms
	BeginReloadAssembly (311ms)
		ExecutionOrderSort (0ms)
		DisableScriptedObjects (19ms)
		BackupInstance (0ms)
		ReleaseScriptingObjects (0ms)
		CreateAndSetChildDomain (65ms)
	RebuildCommonClasses (59ms)
	RebuildNativeTypeToScriptingClass (18ms)
	initialDomainReloadingComplete (54ms)
	LoadAllAssembliesAndSetupDomain (585ms)
		LoadAssemblies (539ms)
		RebuildTransferFunctionScriptingTraits (0ms)
		AnalyzeDomain (194ms)
			TypeCache.Refresh (12ms)
				TypeCache.ScanAssembly (1ms)
			BuildScriptInfoCaches (168ms)
			ResolveRequiredComponents (9ms)
	FinalizeReload (696ms)
		ReleaseScriptCaches (0ms)
		RebuildScriptCaches (0ms)
		SetupLoadedEditorAssemblies (543ms)
			LogAssemblyErrors (0ms)
			InitializePlatformSupportModulesInManaged (10ms)
			SetLoadedEditorAssemblies (6ms)
			BeforeProcessingInitializeOnLoad (155ms)
			ProcessInitializeOnLoadAttributes (298ms)
			ProcessInitializeOnLoadMethodAttributes (66ms)
			AfterProcessingInitializeOnLoad (9ms)
			EditorAssembliesLoaded (0ms)
		ExecutionOrderSort2 (0ms)
		AwakeInstancesAfterBackupRestoration (14ms)
Refreshing native plugins compatible for Editor in 1.79 ms, found 4 plugins.
Preloading 0 native plugins for Editor in 0.00 ms.
Unloading 16 Unused Serialized files (Serialized files now loaded: 0)
Unloading 6874 unused Assets / (4.7 MB). Loaded Objects now: 8234.
Memory consumption went from 166.2 MB to 161.5 MB.
Total: 10.676100 ms (FindLiveObjects: 0.837700 ms CreateObjectMapping: 0.986700 ms MarkObjects: 5.945300 ms  DeleteObjects: 2.905200 ms)

Prepare: number of updated asset objects reloaded= 0
========================================================================
Received Prepare
Begin MonoManager ReloadAssembly
[Licensing::Client] Successfully resolved entitlement details
- Loaded All Assemblies, in  0.769 seconds
Refreshing native plugins compatible for Editor in 1.94 ms, found 4 plugins.
Native extension for Android target not found
Native extension for WindowsStandalone target not found
Native extension for WebGL target not found
[Package Manager] Failed to launch server process. Reason: Unity was launched with the -noUpm command-line argument
[Package Manager] Unable to send message (not connected to server process).
[Package Manager] Cannot connect to Unity Package Manager local server
Mono: successfully reloaded assembly
- Finished resetting the current domain, in  0.711 seconds
Domain Reload Profiling: 1478ms
	BeginReloadAssembly (217ms)
		ExecutionOrderSort (0ms)
		DisableScriptedObjects (15ms)
		BackupInstance (0ms)
		ReleaseScriptingObjects (0ms)
		CreateAndSetChildDomain (52ms)
	RebuildCommonClasses (33ms)
	RebuildNativeTypeToScriptingClass (12ms)
	initialDomainReloadingComplete (30ms)
	LoadAllAssembliesAndSetupDomain (475ms)
		LoadAssemblies (373ms)
		RebuildTransferFunctionScriptingTraits (0ms)
		AnalyzeDomain (192ms)
			TypeCache.Refresh (7ms)
				TypeCache.ScanAssembly (0ms)
			BuildScriptInfoCaches (170ms)
			ResolveRequiredComponents (10ms)
	FinalizeReload (711ms)
		ReleaseScriptCaches (0ms)
		RebuildScriptCaches (0ms)
		SetupLoadedEditorAssemblies (555ms)
			LogAssemblyErrors (0ms)
			InitializePlatformSupportModulesInManaged (10ms)
			SetLoadedEditorAssemblies (5ms)
			BeforeProcessingInitializeOnLoad (152ms)
			ProcessInitializeOnLoadAttributes (309ms)
			ProcessInitializeOnLoadMethodAttributes (70ms)
			AfterProcessingInitializeOnLoad (8ms)
			EditorAssembliesLoaded (0ms)
		ExecutionOrderSort2 (0ms)
		AwakeInstancesAfterBackupRestoration (16ms)
Refreshing native plugins compatible for Editor in 2.47 ms, found 4 plugins.
Preloading 0 native plugins for Editor in 0.00 ms.
Unloading 16 Unused Serialized files (Serialized files now loaded: 0)
Unloading 6874 unused Assets / (4.9 MB). Loaded Objects now: 8237.
Memory consumption went from 166.3 MB to 161.4 MB.
Total: 11.760500 ms (FindLiveObjects: 0.842500 ms CreateObjectMapping: 0.974400 ms MarkObjects: 6.720800 ms  DeleteObjects: 3.221800 ms)

Prepare: number of updated asset objects reloaded= 0
========================================================================
Received Prepare
Refreshing native plugins compatible for Editor in 3.21 ms, found 4 plugins.
Preloading 0 native plugins for Editor in 0.00 ms.
Unloading 16 Unused Serialized files (Serialized files now loaded: 0)
Unloading 6864 unused Assets / (5.4 MB). Loaded Objects now: 8237.
Memory consumption went from 166.4 MB to 161.1 MB.
Total: 17.779900 ms (FindLiveObjects: 1.266800 ms CreateObjectMapping: 1.631600 ms MarkObjects: 10.528600 ms  DeleteObjects: 4.351500 ms)

Prepare: number of updated asset objects reloaded= 0
========================================================================
Received Prepare
Begin MonoManager ReloadAssembly
[Licensing::Client] Successfully resolved entitlement details
- Loaded All Assemblies, in  1.230 seconds
Refreshing native plugins compatible for Editor in 3.29 ms, found 4 plugins.
Native extension for Android target not found
Native extension for WindowsStandalone target not found
Native extension for WebGL target not found
[Package Manager] Failed to launch server process. Reason: Unity was launched with the -noUpm command-line argument
[Package Manager] Unable to send message (not connected to server process).
[Package Manager] Cannot connect to Unity Package Manager local server
Mono: successfully reloaded assembly
- Finished resetting the current domain, in  1.160 seconds
Domain Reload Profiling: 2383ms
	BeginReloadAssembly (343ms)
		ExecutionOrderSort (0ms)
		DisableScriptedObjects (22ms)
		BackupInstance (0ms)
		ReleaseScriptingObjects (0ms)
		CreateAndSetChildDomain (66ms)
	RebuildCommonClasses (67ms)
	RebuildNativeTypeToScriptingClass (18ms)
	initialDomainReloadingComplete (55ms)
	LoadAllAssembliesAndSetupDomain (739ms)
		LoadAssemblies (581ms)
		RebuildTransferFunctionScriptingTraits (0ms)
		AnalyzeDomain (324ms)
			TypeCache.Refresh (16ms)
				TypeCache.ScanAssembly (1ms)
			BuildScriptInfoCaches (288ms)
			ResolveRequiredComponents (14ms)
	FinalizeReload (1161ms)
		ReleaseScriptCaches (0ms)
		RebuildScriptCaches (0ms)
		SetupLoadedEditorAssemblies (923ms)
			LogAssemblyErrors (0ms)
			InitializePlatformSupportModulesInManaged (19ms)
			SetLoadedEditorAssemblies (10ms)
			BeforeProcessingInitializeOnLoad (298ms)
			ProcessInitializeOnLoadAttributes (474ms)
			ProcessInitializeOnLoadMethodAttributes (108ms)
			AfterProcessingInitializeOnLoad (13ms)
			EditorAssembliesLoaded (1ms)
		ExecutionOrderSort2 (0ms)
		AwakeInstancesAfterBackupRestoration (29ms)
Refreshing native plugins compatible for Editor in 2.67 ms, found 4 plugins.
Preloading 0 native plugins for Editor in 0.00 ms.
Unloading 16 Unused Serialized files (Serialized files now loaded: 0)
Unloading 6874 unused Assets / (4.3 MB). Loaded Objects now: 8240.
Memory consumption went from 166.3 MB to 162.0 MB.
Total: 11.878800 ms (FindLiveObjects: 0.979800 ms CreateObjectMapping: 0.857400 ms MarkObjects: 6.874900 ms  DeleteObjects: 3.165800 ms)

Prepare: number of updated asset objects reloaded= 0
========================================================================
Received Prepare
Refreshing native plugins compatible for Editor in 3.83 ms, found 4 plugins.
Preloading 0 native plugins for Editor in 0.00 ms.
Unloading 16 Unused Serialized files (Serialized files now loaded: 0)
Unloading 6864 unused Assets / (4.7 MB). Loaded Objects now: 8240.
Memory consumption went from 166.5 MB to 161.8 MB.
Total: 16.417100 ms (FindLiveObjects: 1.005200 ms CreateObjectMapping: 0.861400 ms MarkObjects: 10.729700 ms  DeleteObjects: 3.819300 ms)

Prepare: number of updated asset objects reloaded= 0
========================================================================
Received Prepare
Begin MonoManager ReloadAssembly
[Licensing::Client] Successfully resolved entitlement details
- Loaded All Assemblies, in  0.754 seconds
Refreshing native plugins compatible for Editor in 1.99 ms, found 4 plugins.
Native extension for Android target not found
Native extension for WindowsStandalone target not found
Native extension for WebGL target not found
[Package Manager] Failed to launch server process. Reason: Unity was launched with the -noUpm command-line argument
[Package Manager] Unable to send message (not connected to server process).
[Package Manager] Cannot connect to Unity Package Manager local server
Mono: successfully reloaded assembly
- Finished resetting the current domain, in  0.741 seconds
Domain Reload Profiling: 1492ms
	BeginReloadAssembly (219ms)
		ExecutionOrderSort (0ms)
		DisableScriptedObjects (14ms)
		BackupInstance (0ms)
		ReleaseScriptingObjects (0ms)
		CreateAndSetChildDomain (52ms)
	RebuildCommonClasses (33ms)
	RebuildNativeTypeToScriptingClass (12ms)
	initialDomainReloadingComplete (31ms)
	LoadAllAssembliesAndSetupDomain (455ms)
		LoadAssemblies (364ms)
		RebuildTransferFunctionScriptingTraits (0ms)
		AnalyzeDomain (181ms)
			TypeCache.Refresh (10ms)
				TypeCache.ScanAssembly (0ms)
			BuildScriptInfoCaches (157ms)
			ResolveRequiredComponents (9ms)
	FinalizeReload (741ms)
		ReleaseScriptCaches (0ms)
		RebuildScriptCaches (0ms)
		SetupLoadedEditorAssemblies (580ms)
			LogAssemblyErrors (0ms)
			InitializePlatformSupportModulesInManaged (10ms)
			SetLoadedEditorAssemblies (5ms)
			BeforeProcessingInitializeOnLoad (161ms)
			ProcessInitializeOnLoadAttributes (324ms)
			ProcessInitializeOnLoadMethodAttributes (71ms)
			AfterProcessingInitializeOnLoad (9ms)
			EditorAssembliesLoaded (0ms)
		ExecutionOrderSort2 (0ms)
		AwakeInstancesAfterBackupRestoration (16ms)
Refreshing native plugins compatible for Editor in 2.16 ms, found 4 plugins.
Preloading 0 native plugins for Editor in 0.00 ms.
Unloading 16 Unused Serialized files (Serialized files now loaded: 0)
Unloading 6874 unused Assets / (4.4 MB). Loaded Objects now: 8243.
Memory consumption went from 166.4 MB to 161.9 MB.
Total: 11.418300 ms (FindLiveObjects: 0.838400 ms CreateObjectMapping: 1.136700 ms MarkObjects: 6.645900 ms  DeleteObjects: 2.796000 ms)

Prepare: number of updated asset objects reloaded= 0
========================================================================
Received Prepare
Begin MonoManager ReloadAssembly
- Loaded All Assemblies, in  0.767 seconds
Refreshing native plugins compatible for Editor in 1.80 ms, found 4 plugins.
Native extension for Android target not found
Native extension for WindowsStandalone target not found
Native extension for WebGL target not found
[Package Manager] Failed to launch server process. Reason: Unity was launched with the -noUpm command-line argument
[Package Manager] Unable to send message (not connected to server process).
[Package Manager] Cannot connect to Unity Package Manager local server
Mono: successfully reloaded assembly
- Finished resetting the current domain, in  0.720 seconds
Domain Reload Profiling: 1484ms
	BeginReloadAssembly (222ms)
		ExecutionOrderSort (0ms)
		DisableScriptedObjects (14ms)
		BackupInstance (0ms)
		ReleaseScriptingObjects (0ms)
		CreateAndSetChildDomain (52ms)
	RebuildCommonClasses (39ms)
	RebuildNativeTypeToScriptingClass (12ms)
	initialDomainReloadingComplete (30ms)
	LoadAllAssembliesAndSetupDomain (461ms)
		LoadAssemblies (377ms)
		RebuildTransferFunctionScriptingTraits (0ms)
		AnalyzeDomain (183ms)
			TypeCache.Refresh (8ms)
				TypeCache.ScanAssembly (0ms)
			BuildScriptInfoCaches (160ms)
			ResolveRequiredComponents (9ms)
	FinalizeReload (720ms)
		ReleaseScriptCaches (0ms)
		RebuildScriptCaches (0ms)
		SetupLoadedEditorAssemblies (567ms)
			LogAssemblyErrors (0ms)
			InitializePlatformSupportModulesInManaged (10ms)
			SetLoadedEditorAssemblies (5ms)
			BeforeProcessingInitializeOnLoad (153ms)
			ProcessInitializeOnLoadAttributes (316ms)
			ProcessInitializeOnLoadMethodAttributes (74ms)
			AfterProcessingInitializeOnLoad (8ms)
			EditorAssembliesLoaded (0ms)
		ExecutionOrderSort2 (0ms)
		AwakeInstancesAfterBackupRestoration (15ms)
Refreshing native plugins compatible for Editor in 1.95 ms, found 4 plugins.
Preloading 0 native plugins for Editor in 0.00 ms.
Unloading 16 Unused Serialized files (Serialized files now loaded: 0)
Unloading 6874 unused Assets / (4.2 MB). Loaded Objects now: 8246.
Memory consumption went from 166.4 MB to 162.2 MB.
Total: 10.568000 ms (FindLiveObjects: 0.780000 ms CreateObjectMapping: 0.840400 ms MarkObjects: 6.415900 ms  DeleteObjects: 2.530100 ms)

Prepare: number of updated asset objects reloaded= 0
========================================================================
Received Prepare
Refreshing native plugins compatible for Editor in 2.72 ms, found 4 plugins.
Preloading 0 native plugins for Editor in 0.00 ms.
Unloading 16 Unused Serialized files (Serialized files now loaded: 0)
Unloading 6864 unused Assets / (4.3 MB). Loaded Objects now: 8246.
Memory consumption went from 166.6 MB to 162.3 MB.
Total: 13.830100 ms (FindLiveObjects: 0.882400 ms CreateObjectMapping: 1.133200 ms MarkObjects: 7.918500 ms  DeleteObjects: 3.894300 ms)

Prepare: number of updated asset objects reloaded= 0
========================================================================
Received Prepare
Begin MonoManager ReloadAssembly
[Licensing::Client] Successfully resolved entitlement details
- Loaded All Assemblies, in  1.251 seconds
Refreshing native plugins compatible for Editor in 2.68 ms, found 4 plugins.
Native extension for Android target not found
Native extension for WindowsStandalone target not found
Native extension for WebGL target not found
[Package Manager] Failed to launch server process. Reason: Unity was launched with the -noUpm command-line argument
[Package Manager] Unable to send message (not connected to server process).
[Package Manager] Cannot connect to Unity Package Manager local server
Mono: successfully reloaded assembly
- Finished resetting the current domain, in  1.201 seconds
Domain Reload Profiling: 2445ms
	BeginReloadAssembly (330ms)
		ExecutionOrderSort (0ms)
		DisableScriptedObjects (23ms)
		BackupInstance (0ms)
		ReleaseScriptingObjects (0ms)
		CreateAndSetChildDomain (72ms)
	RebuildCommonClasses (67ms)
	RebuildNativeTypeToScriptingClass (20ms)
	initialDomainReloadingComplete (53ms)
	LoadAllAssembliesAndSetupDomain (774ms)
		LoadAssemblies (592ms)
		RebuildTransferFunctionScriptingTraits (0ms)
		AnalyzeDomain (326ms)
			TypeCache.Refresh (15ms)
				TypeCache.ScanAssembly (1ms)
			BuildScriptInfoCaches (292ms)
			ResolveRequiredComponents (13ms)
	FinalizeReload (1202ms)
		ReleaseScriptCaches (0ms)
		RebuildScriptCaches (0ms)
		SetupLoadedEditorAssemblies (951ms)
			LogAssemblyErrors (0ms)
			InitializePlatformSupportModulesInManaged (16ms)
			SetLoadedEditorAssemblies (9ms)
			BeforeProcessingInitializeOnLoad (290ms)
			ProcessInitializeOnLoadAttributes (518ms)
			ProcessInitializeOnLoadMethodAttributes (106ms)
			AfterProcessingInitializeOnLoad (11ms)
			EditorAssembliesLoaded (0ms)
		ExecutionOrderSort2 (0ms)
		AwakeInstancesAfterBackupRestoration (22ms)
Refreshing native plugins compatible for Editor in 2.58 ms, found 4 plugins.
Preloading 0 native plugins for Editor in 0.00 ms.
Unloading 16 Unused Serialized files (Serialized files now loaded: 0)
Unloading 6874 unused Assets / (4.2 MB). Loaded Objects now: 8249.
Memory consumption went from 166.4 MB to 162.2 MB.
Total: 12.140800 ms (FindLiveObjects: 0.932500 ms CreateObjectMapping: 0.926400 ms MarkObjects: 7.176100 ms  DeleteObjects: 3.104600 ms)

Prepare: number of updated asset objects reloaded= 0
========================================================================
Received Prepare
Begin MonoManager ReloadAssembly
- Loaded All Assemblies, in  0.773 seconds
Refreshing native plugins compatible for Editor in 1.84 ms, found 4 plugins.
Native extension for Android target not found
Native extension for WindowsStandalone target not found
Native extension for WebGL target not found
[Package Manager] Failed to launch server process. Reason: Unity was launched with the -noUpm command-line argument
[Package Manager] Unable to send message (not connected to server process).
[Package Manager] Cannot connect to Unity Package Manager local server
Mono: successfully reloaded assembly
- Finished resetting the current domain, in  0.733 seconds
Domain Reload Profiling: 1503ms
	BeginReloadAssembly (217ms)
		ExecutionOrderSort (0ms)
		DisableScriptedObjects (14ms)
		BackupInstance (0ms)
		ReleaseScriptingObjects (0ms)
		CreateAndSetChildDomain (54ms)
	RebuildCommonClasses (40ms)
	RebuildNativeTypeToScriptingClass (12ms)
	initialDomainReloadingComplete (31ms)
	LoadAllAssembliesAndSetupDomain (471ms)
		LoadAssemblies (375ms)
		RebuildTransferFunctionScriptingTraits (0ms)
		AnalyzeDomain (187ms)
			TypeCache.Refresh (10ms)
				TypeCache.ScanAssembly (0ms)
			BuildScriptInfoCaches (163ms)
			ResolveRequiredComponents (9ms)
	FinalizeReload (734ms)
		ReleaseScriptCaches (0ms)
		RebuildScriptCaches (0ms)
		SetupLoadedEditorAssemblies (577ms)
			LogAssemblyErrors (0ms)
			InitializePlatformSupportModulesInManaged (10ms)
			SetLoadedEditorAssemblies (5ms)
			BeforeProcessingInitializeOnLoad (158ms)
			ProcessInitializeOnLoadAttributes (327ms)
			ProcessInitializeOnLoadMethodAttributes (67ms)
			AfterProcessingInitializeOnLoad (8ms)
			EditorAssembliesLoaded (0ms)
		ExecutionOrderSort2 (0ms)
		AwakeInstancesAfterBackupRestoration (15ms)
Refreshing native plugins compatible for Editor in 2.02 ms, found 4 plugins.
Preloading 0 native plugins for Editor in 0.00 ms.
Unloading 16 Unused Serialized files (Serialized files now loaded: 0)
Unloading 6874 unused Assets / (3.9 MB). Loaded Objects now: 8252.
Memory consumption went from 166.5 MB to 162.6 MB.
Total: 9.578500 ms (FindLiveObjects: 0.779100 ms CreateObjectMapping: 0.537500 ms MarkObjects: 5.920500 ms  DeleteObjects: 2.340700 ms)

Prepare: number of updated asset objects reloaded= 0
========================================================================
Received Prepare
Begin MonoManager ReloadAssembly
- Loaded All Assemblies, in  0.790 seconds
Refreshing native plugins compatible for Editor in 2.24 ms, found 4 plugins.
Native extension for Android target not found
Native extension for WindowsStandalone target not found
Native extension for WebGL target not found
[Package Manager] Failed to launch server process. Reason: Unity was launched with the -noUpm command-line argument
[Package Manager] Unable to send message (not connected to server process).
[Package Manager] Cannot connect to Unity Package Manager local server
Mono: successfully reloaded assembly
- Finished resetting the current domain, in  0.727 seconds
Domain Reload Profiling: 1515ms
	BeginReloadAssembly (219ms)
		ExecutionOrderSort (0ms)
		DisableScriptedObjects (13ms)
		BackupInstance (0ms)
		ReleaseScriptingObjects (0ms)
		CreateAndSetChildDomain (50ms)
	RebuildCommonClasses (36ms)
	RebuildNativeTypeToScriptingClass (14ms)
	initialDomainReloadingComplete (34ms)
	LoadAllAssembliesAndSetupDomain (483ms)
		LoadAssemblies (383ms)
		RebuildTransferFunctionScriptingTraits (0ms)
		AnalyzeDomain (197ms)
			TypeCache.Refresh (6ms)
				TypeCache.ScanAssembly (0ms)
			BuildScriptInfoCaches (174ms)
			ResolveRequiredComponents (12ms)
	FinalizeReload (728ms)
		ReleaseScriptCaches (0ms)
		RebuildScriptCaches (0ms)
		SetupLoadedEditorAssemblies (570ms)
			LogAssemblyErrors (0ms)
			InitializePlatformSupportModulesInManaged (9ms)
			SetLoadedEditorAssemblies (5ms)
			BeforeProcessingInitializeOnLoad (155ms)
			ProcessInitializeOnLoadAttributes (324ms)
			ProcessInitializeOnLoadMethodAttributes (68ms)
			AfterProcessingInitializeOnLoad (8ms)
			EditorAssembliesLoaded (0ms)
		ExecutionOrderSort2 (0ms)
		AwakeInstancesAfterBackupRestoration (15ms)
Refreshing native plugins compatible for Editor in 1.83 ms, found 4 plugins.
Preloading 0 native plugins for Editor in 0.00 ms.
Unloading 16 Unused Serialized files (Serialized files now loaded: 0)
Unloading 6874 unused Assets / (4.9 MB). Loaded Objects now: 8255.
Memory consumption went from 166.5 MB to 161.6 MB.
Total: 11.609300 ms (FindLiveObjects: 0.887600 ms CreateObjectMapping: 0.873900 ms MarkObjects: 6.648700 ms  DeleteObjects: 3.197700 ms)

Prepare: number of updated asset objects reloaded= 0
========================================================================
Received Prepare
Refreshing native plugins compatible for Editor in 3.58 ms, found 4 plugins.
Preloading 0 native plugins for Editor in 0.00 ms.
Unloading 16 Unused Serialized files (Serialized files now loaded: 0)
Unloading 6864 unused Assets / (4.6 MB). Loaded Objects now: 8255.
Memory consumption went from 166.7 MB to 162.1 MB.
Total: 18.293700 ms (FindLiveObjects: 1.396000 ms CreateObjectMapping: 1.591300 ms MarkObjects: 11.374300 ms  DeleteObjects: 3.930600 ms)

Prepare: number of updated asset objects reloaded= 0
========================================================================
Received Prepare
Begin MonoManager ReloadAssembly
- Loaded All Assemblies, in  1.225 seconds
Refreshing native plugins compatible for Editor in 2.62 ms, found 4 plugins.
Native extension for Android target not found
Native extension for WindowsStandalone target not found
Native extension for WebGL target not found
[Package Manager] Failed to launch server process. Reason: Unity was launched with the -noUpm command-line argument
[Package Manager] Unable to send message (not connected to server process).
[Package Manager] Cannot connect to Unity Package Manager local server
Mono: successfully reloaded assembly
- Finished resetting the current domain, in  0.962 seconds
Domain Reload Profiling: 2179ms
	BeginReloadAssembly (342ms)
		ExecutionOrderSort (0ms)
		DisableScriptedObjects (22ms)
		BackupInstance (0ms)
		ReleaseScriptingObjects (0ms)
		CreateAndSetChildDomain (74ms)
	RebuildCommonClasses (54ms)
	RebuildNativeTypeToScriptingClass (26ms)
	initialDomainReloadingComplete (51ms)
	LoadAllAssembliesAndSetupDomain (743ms)
		LoadAssemblies (580ms)
		RebuildTransferFunctionScriptingTraits (0ms)
		AnalyzeDomain (319ms)
			TypeCache.Refresh (14ms)
				TypeCache.ScanAssembly (1ms)
			BuildScriptInfoCaches (279ms)
			ResolveRequiredComponents (18ms)
	FinalizeReload (963ms)
		ReleaseScriptCaches (0ms)
		RebuildScriptCaches (0ms)
		SetupLoadedEditorAssemblies (701ms)
			LogAssemblyErrors (0ms)
			InitializePlatformSupportModulesInManaged (18ms)
			SetLoadedEditorAssemblies (10ms)
			BeforeProcessingInitializeOnLoad (269ms)
			ProcessInitializeOnLoadAttributes (319ms)
			ProcessInitializeOnLoadMethodAttributes (76ms)
			AfterProcessingInitializeOnLoad (10ms)
			EditorAssembliesLoaded (0ms)
		ExecutionOrderSort2 (0ms)
		AwakeInstancesAfterBackupRestoration (17ms)
Refreshing native plugins compatible for Editor in 1.81 ms, found 4 plugins.
Preloading 0 native plugins for Editor in 0.00 ms.
Unloading 16 Unused Serialized files (Serialized files now loaded: 0)
Unloading 6874 unused Assets / (4.7 MB). Loaded Objects now: 8258.
Memory consumption went from 166.6 MB to 161.8 MB.
Total: 11.178800 ms (FindLiveObjects: 0.773400 ms CreateObjectMapping: 1.065400 ms MarkObjects: 6.701500 ms  DeleteObjects: 2.637000 ms)

Prepare: number of updated asset objects reloaded= 0
========================================================================
Received Import Request.
  Time since last request: 1770.917206 seconds.
  path: Assets/New Asssets/Mossy Tileset/Mossy - BackgroundDecoration.png
  artifactKey: Guid(ca805c6cb4b2f5443a0286ccf44d2212) Importer(815301076,1909f56bfc062723c751e8b465ee728b)
Start importing Assets/New Asssets/Mossy Tileset/Mossy - BackgroundDecoration.png using Guid(ca805c6cb4b2f5443a0286ccf44d2212) Importer(815301076,1909f56bfc062723c751e8b465ee728b) (PreviewImporter) -> (artifact id: 'f0fda03dd7ac8646f2bc13f97b1b885e') in 0.374032 seconds
Number of updated asset objects reloaded before import = 0Number of asset objects unloaded after import = 8

========================================================================
Received Import Request.
  Time since last request: 13.040290 seconds.
  path: Assets/New Asssets/Mossy Tileset/Mossy - Decorations&Hazards.png
  artifactKey: Guid(d8e24151775fb244888f66acef9683ff) Importer(815301076,1909f56bfc062723c751e8b465ee728b)
Start importing Assets/New Asssets/Mossy Tileset/Mossy - Decorations&Hazards.png using Guid(d8e24151775fb244888f66acef9683ff) Importer(815301076,1909f56bfc062723c751e8b465ee728b) (PreviewImporter) -> (artifact id: '4a847b724c0ff3208a0fdda175565145') in 0.2278218 seconds
Number of updated asset objects reloaded before import = 0Number of asset objects unloaded after import = 37

========================================================================
Received Import Request.
  Time since last request: 5.172781 seconds.
  path: Assets/New Asssets/Mossy Tileset/Mossy - FloatingPlatforms.png
  artifactKey: Guid(69329dbc1b1386e4bb4ff58e47ecf094) Importer(815301076,1909f56bfc062723c751e8b465ee728b)
Start importing Assets/New Asssets/Mossy Tileset/Mossy - FloatingPlatforms.png using Guid(69329dbc1b1386e4bb4ff58e47ecf094) Importer(815301076,1909f56bfc062723c751e8b465ee728b) (PreviewImporter) -> (artifact id: '0b81572685af59fb42d898ead198200c') in 0.054387 seconds
Number of updated asset objects reloaded before import = 0Number of asset objects unloaded after import = 12

========================================================================
Received Import Request.
  Time since last request: 4.340871 seconds.
  path: Assets/New Asssets/Mossy Tileset/Mossy - Hanging Plants.png
  artifactKey: Guid(2a8dcaf3ee3f698409215c709d121a6f) Importer(815301076,1909f56bfc062723c751e8b465ee728b)
Start importing Assets/New Asssets/Mossy Tileset/Mossy - Hanging Plants.png using Guid(2a8dcaf3ee3f698409215c709d121a6f) Importer(815301076,1909f56bfc062723c751e8b465ee728b) (PreviewImporter) -> (artifact id: 'fb2a8a684cbe6ea661facb87dbd7e84c') in 0.1216314 seconds
Number of updated asset objects reloaded before import = 0Number of asset objects unloaded after import = 12

========================================================================
Received Import Request.
  Time since last request: 4.582694 seconds.
  path: Assets/New Asssets/Mossy Tileset/Mossy - MossyHills.png
  artifactKey: Guid(175816b25ca55ea49a7dc103e8d17369) Importer(815301076,1909f56bfc062723c751e8b465ee728b)
Start importing Assets/New Asssets/Mossy Tileset/Mossy - MossyHills.png using Guid(175816b25ca55ea49a7dc103e8d17369) Importer(815301076,1909f56bfc062723c751e8b465ee728b) (PreviewImporter) -> (artifact id: '1009abedbc00f38e2dd24e8f7b0a3845') in 0.0437152 seconds
Number of updated asset objects reloaded before import = 0Number of asset objects unloaded after import = 13

========================================================================
Received Import Request.
  Time since last request: 4.757152 seconds.
  path: Assets/New Asssets/Mossy Tileset/Mossy - TileSet.png
  artifactKey: Guid(30c71cf26c348d54a8900e1658e10428) Importer(815301076,1909f56bfc062723c751e8b465ee728b)
Start importing Assets/New Asssets/Mossy Tileset/Mossy - TileSet.png using Guid(30c71cf26c348d54a8900e1658e10428) Importer(815301076,1909f56bfc062723c751e8b465ee728b) (PreviewImporter) -> (artifact id: 'ad3840c9ae9f807af10b671e7e6760de') in 0.1111956 seconds
Number of updated asset objects reloaded before import = 0Number of asset objects unloaded after import = 10

========================================================================
Received Import Request.
  Time since last request: 117.569986 seconds.
  path: Assets/New Asssets/Mossy Tileset/Mossy - TileSet.png
  artifactKey: Guid(30c71cf26c348d54a8900e1658e10428) Importer(815301076,1909f56bfc062723c751e8b465ee728b)
Start importing Assets/New Asssets/Mossy Tileset/Mossy - TileSet.png using Guid(30c71cf26c348d54a8900e1658e10428) Importer(815301076,1909f56bfc062723c751e8b465ee728b) (PreviewImporter) -> (artifact id: '404d9114386feddf785009fc8645514c') in 0.1360948 seconds
Number of updated asset objects reloaded before import = 0Number of asset objects unloaded after import = 13

========================================================================
Received Import Request.
  Time since last request: 257.329960 seconds.
  path: Assets/New Asssets/Mossy Tileset/Screenshot 2026-04-17 222613.png
  artifactKey: Guid(babf6ee6b71864b4da605cf861aa6712) Importer(815301076,1909f56bfc062723c751e8b465ee728b)
Start importing Assets/New Asssets/Mossy Tileset/Screenshot 2026-04-17 222613.png using Guid(babf6ee6b71864b4da605cf861aa6712) Importer(815301076,1909f56bfc062723c751e8b465ee728b) (PreviewImporter) -> (artifact id: 'e6bd18aba3346b25c8df2fe6dd849f52') in 0.0184087 seconds
Number of updated asset objects reloaded before import = 0Number of asset objects unloaded after import = 3

========================================================================
Received Import Request.
  Time since last request: 395.701648 seconds.
  path: Assets/New Asssets/Mossy Tileset/Mossy - TileSet.png
  artifactKey: Guid(30c71cf26c348d54a8900e1658e10428) Importer(815301076,1909f56bfc062723c751e8b465ee728b)
Start importing Assets/New Asssets/Mossy Tileset/Mossy - TileSet.png using Guid(30c71cf26c348d54a8900e1658e10428) Importer(815301076,1909f56bfc062723c751e8b465ee728b) (PreviewImporter) -> (artifact id: '5839ba23f8d4a8b4d3a88ede4870b277') in 0.1706063 seconds
Number of updated asset objects reloaded before import = 0Number of asset objects unloaded after import = 13

========================================================================
Received Import Request.
  Time since last request: 174.879448 seconds.
  path: Assets/New Asssets/Mossy Tileset/Mossy - TileSet.png
  artifactKey: Guid(30c71cf26c348d54a8900e1658e10428) Importer(815301076,1909f56bfc062723c751e8b465ee728b)
Start importing Assets/New Asssets/Mossy Tileset/Mossy - TileSet.png using Guid(30c71cf26c348d54a8900e1658e10428) Importer(815301076,1909f56bfc062723c751e8b465ee728b) (PreviewImporter) -> (artifact id: '066df61f334a04e0dbbbbbade3dcaa7d') in 0.0463587 seconds
Number of updated asset objects reloaded before import = 0Number of asset objects unloaded after import = 13

========================================================================
Received Import Request.
  Time since last request: 133.404243 seconds.
  path: Assets/New Asssets/Mossy Tileset/Mossy - TileSet.png
  artifactKey: Guid(30c71cf26c348d54a8900e1658e10428) Importer(815301076,1909f56bfc062723c751e8b465ee728b)
Start importing Assets/New Asssets/Mossy Tileset/Mossy - TileSet.png using Guid(30c71cf26c348d54a8900e1658e10428) Importer(815301076,1909f56bfc062723c751e8b465ee728b) (PreviewImporter) -> (artifact id: 'e307465e151cdf040f1820e5890ae3ad') in 0.0854635 seconds
Number of updated asset objects reloaded before import = 0Number of asset objects unloaded after import = 13

========================================================================
Received Import Request.
  Time since last request: 326.337615 seconds.
  path: Assets/New Asssets/Backround.prefab
  artifactKey: Guid(0dc66dde3bc55f74a8e0d7919c80455e) Importer(815301076,1909f56bfc062723c751e8b465ee728b)
Start importing Assets/New Asssets/Backround.prefab using Guid(0dc66dde3bc55f74a8e0d7919c80455e) Importer(815301076,1909f56bfc062723c751e8b465ee728b) (PreviewImporter) -> (artifact id: '27787a2d4fd0669bf61dc9fb5e078fc7') in 0.3261994 seconds
Number of updated asset objects reloaded before import = 0Number of asset objects unloaded after import = 10

========================================================================
Received Import Request.
  Time since last request: 46.634730 seconds.
  path: Assets/New Asssets/Mossy Tileset/Mossy - TileSet_0.asset
  artifactKey: Guid(171be81d16ccd674b8fd3b24093ac016) Importer(815301076,1909f56bfc062723c751e8b465ee728b)
Start importing Assets/New Asssets/Mossy Tileset/Mossy - TileSet_0.asset using Guid(171be81d16ccd674b8fd3b24093ac016) Importer(815301076,1909f56bfc062723c751e8b465ee728b) (PreviewImporter) -> (artifact id: '247063d4409046d44137f44d070996b9') in 0.048692 seconds
Number of updated asset objects reloaded before import = 0Number of asset objects unloaded after import = 3

========================================================================
Received Import Request.
  Time since last request: 10.997394 seconds.
  path: Assets/New Asssets/Mossy Tileset/Mossy - TileSet_1.asset
  artifactKey: Guid(70338929d7ed7454d8d82de817c6de81) Importer(815301076,1909f56bfc062723c751e8b465ee728b)
Start importing Assets/New Asssets/Mossy Tileset/Mossy - TileSet_1.asset using Guid(70338929d7ed7454d8d82de817c6de81) Importer(815301076,1909f56bfc062723c751e8b465ee728b) (PreviewImporter) -> (artifact id: 'cef027ab64ec31b6d7a9fe8d4b0f7274') in 0.0141505 seconds
Number of updated asset objects reloaded before import = 0Number of asset objects unloaded after import = 3

========================================================================
Received Import Request.
  Time since last request: 6.306723 seconds.
  path: Assets/New Asssets/Mossy Tileset/Mossy - TileSet_2.asset
  artifactKey: Guid(ddcb38f9bbc03b348b6ee0941a18bda9) Importer(815301076,1909f56bfc062723c751e8b465ee728b)
Start importing Assets/New Asssets/Mossy Tileset/Mossy - TileSet_2.asset using Guid(ddcb38f9bbc03b348b6ee0941a18bda9) Importer(815301076,1909f56bfc062723c751e8b465ee728b) (PreviewImporter) -> (artifact id: '5571d1540200d5543034acab24fc77bc') in 0.0146328 seconds
Number of updated asset objects reloaded before import = 0Number of asset objects unloaded after import = 3

========================================================================
Received Import Request.
  Time since last request: 7.534718 seconds.
  path: Assets/New Asssets/Mossy Tileset/Mossy - TileSet_3.asset
  artifactKey: Guid(75d5e412ac620834c831be9a668aac0e) Importer(815301076,1909f56bfc062723c751e8b465ee728b)
Start importing Assets/New Asssets/Mossy Tileset/Mossy - TileSet_3.asset using Guid(75d5e412ac620834c831be9a668aac0e) Importer(815301076,1909f56bfc062723c751e8b465ee728b) (PreviewImporter) -> (artifact id: '6597ecf2c87314c3f147450e71c7c565') in 0.0142237 seconds
Number of updated asset objects reloaded before import = 0Number of asset objects unloaded after import = 3

========================================================================
Received Import Request.
  Time since last request: 7.104837 seconds.
  path: Assets/New Asssets/Mossy Tileset/Mossy - TileSet_6.asset
  artifactKey: Guid(430fcab5aa09e9e4faa4949071878761) Importer(815301076,1909f56bfc062723c751e8b465ee728b)
Start importing Assets/New Asssets/Mossy Tileset/Mossy - TileSet_6.asset using Guid(430fcab5aa09e9e4faa4949071878761) Importer(815301076,1909f56bfc062723c751e8b465ee728b) (PreviewImporter) -> (artifact id: 'e344bc72285b0fc73909e789fbfd59ff') in 0.0147808 seconds
Number of updated asset objects reloaded before import = 0Number of asset objects unloaded after import = 3

========================================================================
Received Import Request.
  Time since last request: 2.689753 seconds.
  path: Assets/New Asssets/Mossy Tileset/Mossy - TileSet_7.asset
  artifactKey: Guid(add0b9ad7e3857e48afb7cfb44fe8907) Importer(815301076,1909f56bfc062723c751e8b465ee728b)
Start importing Assets/New Asssets/Mossy Tileset/Mossy - TileSet_7.asset using Guid(add0b9ad7e3857e48afb7cfb44fe8907) Importer(815301076,1909f56bfc062723c751e8b465ee728b) (PreviewImporter) -> (artifact id: '428c5387a5bbcc3e0e9f200234f8b80e') in 0.0164365 seconds
Number of updated asset objects reloaded before import = 0Number of asset objects unloaded after import = 3

========================================================================
Received Import Request.
  Time since last request: 4.627533 seconds.
  path: Assets/New Asssets/Mossy Tileset/Mossy - TileSet_8.asset
  artifactKey: Guid(45cbcdde19384584497ca0314bf1e723) Importer(815301076,1909f56bfc062723c751e8b465ee728b)
Start importing Assets/New Asssets/Mossy Tileset/Mossy - TileSet_8.asset using Guid(45cbcdde19384584497ca0314bf1e723) Importer(815301076,1909f56bfc062723c751e8b465ee728b) (PreviewImporter) -> (artifact id: '6cc2cd7a14c68c2924369b5ec42d3fa9') in 0.0185244 seconds
Number of updated asset objects reloaded before import = 0Number of asset objects unloaded after import = 3

========================================================================
Received Import Request.
  Time since last request: 16.925137 seconds.
  path: Assets/New Asssets/Mossy Tileset/Mossy - TileSet_9.asset
  artifactKey: Guid(e590b2f0218e5f146afce62422f69b8e) Importer(815301076,1909f56bfc062723c751e8b465ee728b)
Start importing Assets/New Asssets/Mossy Tileset/Mossy - TileSet_9.asset using Guid(e590b2f0218e5f146afce62422f69b8e) Importer(815301076,1909f56bfc062723c751e8b465ee728b) (PreviewImporter) -> (artifact id: '12925091be352572fad240ea87976a1c') in 0.0148805 seconds
Number of updated asset objects reloaded before import = 0Number of asset objects unloaded after import = 3

========================================================================
Received Import Request.
  Time since last request: 4.161501 seconds.
  path: Assets/New Asssets/Mossy Tileset/Mossy - TileSet_10.asset
  artifactKey: Guid(864a69fe2b2cb134d8a3690ba00bce30) Importer(815301076,1909f56bfc062723c751e8b465ee728b)
Start importing Assets/New Asssets/Mossy Tileset/Mossy - TileSet_10.asset using Guid(864a69fe2b2cb134d8a3690ba00bce30) Importer(815301076,1909f56bfc062723c751e8b465ee728b) (PreviewImporter) -> (artifact id: '7b5b8fb302d79ceaa20f0abfd31bc185') in 0.0151794 seconds
Number of updated asset objects reloaded before import = 0Number of asset objects unloaded after import = 3

========================================================================
Received Import Request.
  Time since last request: 125.361073 seconds.
  path: Assets/New Asssets/Backround.prefab
  artifactKey: Guid(0dc66dde3bc55f74a8e0d7919c80455e) Importer(815301076,1909f56bfc062723c751e8b465ee728b)
Start importing Assets/New Asssets/Backround.prefab using Guid(0dc66dde3bc55f74a8e0d7919c80455e) Importer(815301076,1909f56bfc062723c751e8b465ee728b) (PreviewImporter) -> (artifact id: '93fab800625ae535652296cb22ee6bdd') in 0.0218989 seconds
Number of updated asset objects reloaded before import = 0Number of asset objects unloaded after import = 29

========================================================================
Received Import Request.
  Time since last request: 587.382166 seconds.
  path: Assets/sprites/Mossy Tileset/Mossy - TileSet.png
  artifactKey: Guid(30c71cf26c348d54a8900e1658e10428) Importer(815301076,1909f56bfc062723c751e8b465ee728b)
Start importing Assets/sprites/Mossy Tileset/Mossy - TileSet.png using Guid(30c71cf26c348d54a8900e1658e10428) Importer(815301076,1909f56bfc062723c751e8b465ee728b) (PreviewImporter) -> (artifact id: '710b5fcd58a5c7a8e20508cf9952fa51') in 0.1635466 seconds
Number of updated asset objects reloaded before import = 0Number of asset objects unloaded after import = 13

========================================================================
Received Import Request.
  Time since last request: 0.000068 seconds.
  path: Assets/sprites/Mossy Tileset/Mossy - TileSet_7.asset
  artifactKey: Guid(add0b9ad7e3857e48afb7cfb44fe8907) Importer(815301076,1909f56bfc062723c751e8b465ee728b)
Start importing Assets/sprites/Mossy Tileset/Mossy - TileSet_7.asset using Guid(add0b9ad7e3857e48afb7cfb44fe8907) Importer(815301076,1909f56bfc062723c751e8b465ee728b) (PreviewImporter) -> (artifact id: '6942145819a8bc94be967f0473237f1c') in 0.028977 seconds
Number of updated asset objects reloaded before import = 0Number of asset objects unloaded after import = 3

========================================================================
Received Import Request.
  Time since last request: 0.000037 seconds.
  path: Assets/sprites/Mossy Tileset/Mossy - TileSet_6.asset
  artifactKey: Guid(430fcab5aa09e9e4faa4949071878761) Importer(815301076,1909f56bfc062723c751e8b465ee728b)
Start importing Assets/sprites/Mossy Tileset/Mossy - TileSet_6.asset using Guid(430fcab5aa09e9e4faa4949071878761) Importer(815301076,1909f56bfc062723c751e8b465ee728b) (PreviewImporter) -> (artifact id: '1c796e811f11fc27834dbc9cf8a49b31') in 0.0254509 seconds
Number of updated asset objects reloaded before import = 0Number of asset objects unloaded after import = 3

========================================================================
Received Import Request.
  Time since last request: 0.000026 seconds.
  path: Assets/sprites/Mossy Tileset/Mossy - TileSet_2.asset
  artifactKey: Guid(ddcb38f9bbc03b348b6ee0941a18bda9) Importer(815301076,1909f56bfc062723c751e8b465ee728b)
Start importing Assets/sprites/Mossy Tileset/Mossy - TileSet_2.asset using Guid(ddcb38f9bbc03b348b6ee0941a18bda9) Importer(815301076,1909f56bfc062723c751e8b465ee728b) (PreviewImporter) -> (artifact id: '9127db24ceb67e58a805e5be188d4e22') in 0.0249985 seconds
Number of updated asset objects reloaded before import = 0Number of asset objects unloaded after import = 3

========================================================================
Received Import Request.
  Time since last request: 0.000061 seconds.
  path: Assets/sprites/Mossy Tileset/Mossy - TileSet_9.asset
  artifactKey: Guid(e590b2f0218e5f146afce62422f69b8e) Importer(815301076,1909f56bfc062723c751e8b465ee728b)
Start importing Assets/sprites/Mossy Tileset/Mossy - TileSet_9.asset using Guid(e590b2f0218e5f146afce62422f69b8e) Importer(815301076,1909f56bfc062723c751e8b465ee728b) (PreviewImporter) -> (artifact id: '9bb673a0f79753d0cda4bd111aea6645') in 0.030352 seconds
Number of updated asset objects reloaded before import = 0Number of asset objects unloaded after import = 3

========================================================================
Received Import Request.
  Time since last request: 0.000048 seconds.
  path: Assets/sprites/Mossy Tileset/Mossy - TileSet_10.asset
  artifactKey: Guid(864a69fe2b2cb134d8a3690ba00bce30) Importer(815301076,1909f56bfc062723c751e8b465ee728b)
Start importing Assets/sprites/Mossy Tileset/Mossy - TileSet_10.asset using Guid(864a69fe2b2cb134d8a3690ba00bce30) Importer(815301076,1909f56bfc062723c751e8b465ee728b) (PreviewImporter) -> (artifact id: 'f80eb5246c820e203c66420cc4ceba9c') in 0.0276441 seconds
Number of updated asset objects reloaded before import = 0Number of asset objects unloaded after import = 3

========================================================================
Received Import Request.
  Time since last request: 0.000053 seconds.
  path: Assets/sprites/Mossy Tileset/Mossy - TileSet_8.asset
  artifactKey: Guid(45cbcdde19384584497ca0314bf1e723) Importer(815301076,1909f56bfc062723c751e8b465ee728b)
Start importing Assets/sprites/Mossy Tileset/Mossy - TileSet_8.asset using Guid(45cbcdde19384584497ca0314bf1e723) Importer(815301076,1909f56bfc062723c751e8b465ee728b) (PreviewImporter) -> (artifact id: '32311a91c90a39127db4ac073edc02ce') in 0.0253184 seconds
Number of updated asset objects reloaded before import = 0Number of asset objects unloaded after import = 3

========================================================================
Received Import Request.
  Time since last request: 0.000033 seconds.
  path: Assets/sprites/Mossy Tileset/Mossy - TileSet_1.asset
  artifactKey: Guid(70338929d7ed7454d8d82de817c6de81) Importer(815301076,1909f56bfc062723c751e8b465ee728b)
Start importing Assets/sprites/Mossy Tileset/Mossy - TileSet_1.asset using Guid(70338929d7ed7454d8d82de817c6de81) Importer(815301076,1909f56bfc062723c751e8b465ee728b) (PreviewImporter) -> (artifact id: '07fda1061b2a572dabac019fbd983813') in 0.0263764 seconds
Number of updated asset objects reloaded before import = 0Number of asset objects unloaded after import = 3

========================================================================
Received Import Request.
  Time since last request: 0.000036 seconds.
  path: Assets/sprites/Mossy Tileset/Mossy - TileSet_3.asset
  artifactKey: Guid(75d5e412ac620834c831be9a668aac0e) Importer(815301076,1909f56bfc062723c751e8b465ee728b)
Start importing Assets/sprites/Mossy Tileset/Mossy - TileSet_3.asset using Guid(75d5e412ac620834c831be9a668aac0e) Importer(815301076,1909f56bfc062723c751e8b465ee728b) (PreviewImporter) -> (artifact id: '9a3d4ae8b4b01fd7fbb377a5ba193974') in 0.0276721 seconds
Number of updated asset objects reloaded before import = 0Number of asset objects unloaded after import = 3

Editor requested this worker to shutdown with reason: Scaling down because of idle timeout
AssetImportWorker is now disconnected from the server
Process exiting
Exiting without the bug reporter. Application will terminate with return code 0