[Licensing::Module] Trying to connect to existing licensing client channel...
Built from '6000.3/respin/6000.3.1f1-f56f53296c2c' branch; Version is '6000.3.1f1 (37142da19a94) revision 3609645'; Using compiler version '194234433'; Build Type 'Release'
OS: 'Windows 11  (10.0.26200) 64bit Professional' Language: 'en' Physical Memory: 16200 MB
[Licensing::IpcConnector] Successfully connected to: "LicenseClient-Huseyn" at "2026-04-17T16:34:00.3239469Z"
BatchMode: 1, IsHumanControllingUs: 0, StartBugReporterOnCrash: 0, Is64bit: 1
Date: 2026-04-17T16:34:00Z

COMMAND LINE ARGUMENTS:
C:\Program Files\Unity\Hub\Editor\6000.3.1f1\Editor\Unity.exe
-adb2
-batchMode
-noUpm
-name
AssetImportWorker0
-projectPath
C:/Users/Huseyn/Desktop/New folder (2)/PlatformGameForLesson
-logFile
Logs/AssetImportWorker0.log
-srvPort
52413
-licensingIpc
LicenseClient-Huseyn
-job-worker-count
7
-background-job-worker-count
8
-gc-helper-count
1
-name
AssetImport
Successfully changed project path to: C:/Users/Huseyn/Desktop/New folder (2)/PlatformGameForLesson
C:/Users/Huseyn/Desktop/New folder (2)/PlatformGameForLesson
[UnityMemory] Configuration Parameters - Can be set up in boot.config
    "memorysetup-temp-allocator-size-nav-mesh-worker=65536"
    "memorysetup-temp-allocator-size-audio-worker=65536"
    "memorysetup-temp-allocator-size-gfx=262144"
    "memorysetup-allocator-temp-initial-block-size-main=262144"
    "memorysetup-allocator-temp-initial-block-size-worker=262144"
    "memorysetup-temp-allocator-size-background-worker=32768"
    "memorysetup-temp-allocator-size-job-worker=262144"
    "memorysetup-temp-allocator-size-preload-manager=33554432"
    "memorysetup-temp-allocator-size-gi-baking-worker=262144"
    "memorysetup-temp-allocator-size-gi-baking-worker=262144"
    "memorysetup-temp-allocator-size-gi-baking-worker=262144"
    "memorysetup-temp-allocator-size-gi-baking-worker=262144"
    "memorysetup-temp-allocator-size-gi-baking-worker=262144"
    "memorysetup-bucket-allocator-granularity=16"
    "memorysetup-bucket-allocator-bucket-count=8"
    "memorysetup-bucket-allocator-block-size=33554432"
    "memorysetup-bucket-allocator-block-count=8"
    "memorysetup-main-allocator-block-size=16777216"
    "memorysetup-thread-allocator-block-size=16777216"
    "memorysetup-gfx-main-allocator-block-size=16777216"
    "memorysetup-gfx-thread-allocator-block-size=16777216"
    "memorysetup-cache-allocator-block-size=4194304"
    "memorysetup-typetree-allocator-block-size=2097152"
    "memorysetup-profiler-bucket-allocator-granularity=16"
    "memorysetup-profiler-bucket-allocator-bucket-count=8"
    "memorysetup-profiler-bucket-allocator-block-size=33554432"
    "memorysetup-profiler-bucket-allocator-block-count=8"
    "memorysetup-profiler-allocator-block-size=16777216"
    "memorysetup-profiler-editor-allocator-block-size=1048576"
    "memorysetup-temp-allocator-size-main=16777216"
    "memorysetup-job-temp-allocator-block-size=2097152"
    "memorysetup-job-temp-allocator-block-size-background=1048576"
    "memorysetup-job-temp-allocator-reduction-small-platforms=262144"
    "memorysetup-temp-allocator-size-cloud-worker=32768"
Player connection [31204]  Target information:

Player connection [31204]  * "[IP] 192.168.56.1 [Port] 0 [Flags] 2 [Guid] 2157646135 [EditorId] 2157646135 [Version] 1048832 [Id] WindowsEditor(7,DESKTOP-P8DN92Q) [Debug] 1 [PackageName] WindowsEditor [ProjectName] Editor" 

Player connection [31204]  * "[IP] 192.168.0.200 [Port] 0 [Flags] 2 [Guid] 2157646135 [EditorId] 2157646135 [Version] 1048832 [Id] WindowsEditor(7,DESKTOP-P8DN92Q) [Debug] 1 [PackageName] WindowsEditor [ProjectName] Editor" 

Player connection [31204] Host joined multi-casting on [225.0.0.222:54997]...
Player connection [31204] Host joined alternative multi-casting on [225.0.0.222:34997]...
JobSystem: Creating JobQueue using job-worker-count value 7
Input System module state changed to: Initialized.
[Physics::Module] Initialized fallback backend.
[Physics::Module] Id: 0xdecafbad
Library Redirect Path: Library/
[Physics::Module] Selected backend.
[Physics::Module] Name: PhysX
[Physics::Module] Id: 0xf2b8ea05
[Physics::Module] SDK Version: 4.1.2
[Physics::Module] Integration Version: 1.0.0
[Physics::Module] Threading Mode: Multi-Threaded
Refreshing native plugins compatible for Editor in 3.88 ms, found 4 plugins.
Preloading 0 native plugins for Editor in 0.00 ms.
Initialize engine version: 6000.3.1f1 (37142da19a94)
[Subsystems] Discovering subsystems at path C:/Program Files/Unity/Hub/Editor/6000.3.1f1/Editor/Data/Resources/UnitySubsystems
[Subsystems] Discovering subsystems at path C:/Users/Huseyn/Desktop/New folder (2)/PlatformGameForLesson/Assets
GfxDevice: creating device client; kGfxThreadingModeNonThreaded
Direct3D:
    Version:  Direct3D 11.0 [level 11.1]
    Renderer: NVIDIA GeForce RTX 3050 Laptop GPU (ID=0x25a2)
    Vendor:   NVIDIA
    VRAM:     3962 MB
    Driver:   32.0.15.9186
Initialize mono
Mono path[0] = 'C:/Program Files/Unity/Hub/Editor/6000.3.1f1/Editor/Data/Managed'
Mono path[1] = 'C:/Program Files/Unity/Hub/Editor/6000.3.1f1/Editor/Data/MonoBleedingEdge/lib/mono/unityjit-win32'
Mono config path = 'C:/Program Files/Unity/Hub/Editor/6000.3.1f1/Editor/Data/MonoBleedingEdge/etc'
Using monoOptions --debugger-agent=transport=dt_socket,embedding=1,server=y,suspend=n,address=127.0.0.1:56888
Begin MonoManager ReloadAssembly
Registering precompiled unity dll's ...
Register platform support module: C:/Program Files/Unity/Hub/Editor/6000.3.1f1/Editor/Data/PlaybackEngines/WebGLSupport/UnityEditor.WebGL.Extensions.dll
Register platform support module: C:/Program Files/Unity/Hub/Editor/6000.3.1f1/Editor/Data/PlaybackEngines/WindowsStandaloneSupport/UnityEditor.WindowsStandalone.Extensions.dll
[Licensing::Module] Licensing is not yet initialized.
[Licensing::Client] Handshaking with LicensingClient:
  Version:                 1.17.4+4293ba1
  Session Id:              4647c34235c94113ad835763be819359
  Correlation Id:          b6c0715d3a820be36b2f7da351ade35c
  External correlation Id: 5210653982181709304
  Machine Id:              tv/gQBm3jDMfnTwrqsG2ELGBXbM=
[Licensing::Module] Successfully connected to LicensingClient on channel: "LicenseClient-Huseyn" (connect: 0.00s, validation: 0.00s, handshake: 1.27s)
[Licensing::IpcConnector] Successfully connected to: "LicenseClient-Huseyn-notifications" at "2026-04-17T16:34:01.598278Z"
[Licensing::Module] Licensing Background thread has ended after 1.27s
[Licensing::Module] Licensing is initialized (took 0.33s).
[Licensing::Client] Successfully resolved entitlement details
[Licensing::Module] License group:
  Id: 18966791570336-UnityPersXXXX
  Product: Unity Personal
  Type: Assigned
  Expiration: Unlimited
Register platform support module: C:/Program Files/Unity/Hub/Editor/6000.3.1f1/Editor/Data/PlaybackEngines/AndroidPlayer/UnityEditor.Android.Extensions.dll
Registered in 0.338438 seconds.
- Loaded All Assemblies, in  0.962 seconds
Native extension for Android target not found
Android Extension - Scanning For ADB Devices 832 ms
Native extension for WindowsStandalone target not found
Native extension for WebGL target not found
Mono: successfully reloaded assembly
- Finished resetting the current domain, in  1.513 seconds
Domain Reload Profiling: 2469ms
	BeginReloadAssembly (146ms)
		ExecutionOrderSort (0ms)
		DisableScriptedObjects (0ms)
		BackupInstance (0ms)
		ReleaseScriptingObjects (0ms)
		CreateAndSetChildDomain (1ms)
	RebuildCommonClasses (43ms)
	RebuildNativeTypeToScriptingClass (14ms)
	initialDomainReloadingComplete (421ms)
	LoadAllAssembliesAndSetupDomain (332ms)
		LoadAssemblies (144ms)
		RebuildTransferFunctionScriptingTraits (0ms)
		AnalyzeDomain (323ms)
			TypeCache.Refresh (320ms)
				TypeCache.ScanAssembly (294ms)
			BuildScriptInfoCaches (0ms)
			ResolveRequiredComponents (1ms)
	FinalizeReload (1514ms)
		ReleaseScriptCaches (0ms)
		RebuildScriptCaches (0ms)
		SetupLoadedEditorAssemblies (1423ms)
			LogAssemblyErrors (0ms)
			InitializePlatformSupportModulesInManaged (982ms)
			SetLoadedEditorAssemblies (5ms)
			BeforeProcessingInitializeOnLoad (122ms)
			ProcessInitializeOnLoadAttributes (197ms)
			ProcessInitializeOnLoadMethodAttributes (117ms)
			AfterProcessingInitializeOnLoad (0ms)
			EditorAssembliesLoaded (0ms)
		ExecutionOrderSort2 (0ms)
		AwakeInstancesAfterBackupRestoration (0ms)
========================================================================
Worker process is ready to serve import requests
Import Worker Mode flag is 0x00
Begin MonoManager ReloadAssembly
[Licensing::Client] Successfully resolved entitlement details
- Loaded All Assemblies, in  1.225 seconds
Refreshing native plugins compatible for Editor in 2.39 ms, found 4 plugins.
Native extension for Android target not found
Native extension for WindowsStandalone target not found
Native extension for WebGL target not found
Package Manager log level set to [2]
[Package Manager] Failed to launch server process. Reason: Unity was launched with the -noUpm command-line argument
[Package Manager] Unable to send message (not connected to server process).
[Package Manager] Cannot connect to Unity Package Manager local server
Mono: successfully reloaded assembly
- Finished resetting the current domain, in  1.207 seconds
Domain Reload Profiling: 2421ms
	BeginReloadAssembly (269ms)
		ExecutionOrderSort (0ms)
		DisableScriptedObjects (10ms)
		BackupInstance (0ms)
		ReleaseScriptingObjects (0ms)
		CreateAndSetChildDomain (56ms)
	RebuildCommonClasses (51ms)
	RebuildNativeTypeToScriptingClass (13ms)
	initialDomainReloadingComplete (54ms)
	LoadAllAssembliesAndSetupDomain (827ms)
		LoadAssemblies (542ms)
		RebuildTransferFunctionScriptingTraits (0ms)
		AnalyzeDomain (419ms)
			TypeCache.Refresh (302ms)
				TypeCache.ScanAssembly (276ms)
			BuildScriptInfoCaches (97ms)
			ResolveRequiredComponents (14ms)
	FinalizeReload (1207ms)
		ReleaseScriptCaches (0ms)
		RebuildScriptCaches (0ms)
		SetupLoadedEditorAssemblies (997ms)
			LogAssemblyErrors (0ms)
			InitializePlatformSupportModulesInManaged (15ms)
			SetLoadedEditorAssemblies (8ms)
			BeforeProcessingInitializeOnLoad (238ms)
			ProcessInitializeOnLoadAttributes (534ms)
			ProcessInitializeOnLoadMethodAttributes (192ms)
			AfterProcessingInitializeOnLoad (11ms)
			EditorAssembliesLoaded (0ms)
		ExecutionOrderSort2 (0ms)
		AwakeInstancesAfterBackupRestoration (8ms)
Launched and connected shader compiler UnityShaderCompiler.exe after 0.02 seconds
Refreshing native plugins compatible for Editor in 2.64 ms, found 4 plugins.
Preloading 0 native plugins for Editor in 0.00 ms.
Unloading 16 Unused Serialized files (Serialized files now loaded: 0)
Unloading 6876 unused Assets / (4.7 MB). Loaded Objects now: 7709.
Memory consumption went from 153.6 MB to 148.9 MB.
Total: 13.541900 ms (FindLiveObjects: 0.890000 ms CreateObjectMapping: 1.194700 ms MarkObjects: 7.798100 ms  DeleteObjects: 3.657700 ms)

========================================================================
Received Import Request.
  Time since last request: 16458.382483 seconds.
  path: Assets/Animations/Coin.controller
  artifactKey: Guid(e92672023439b4746991b8a7a3f47797) Importer(2089858483,b0f066a214c2f5e87bad3c948f4d605d)
Start importing Assets/Animations/Coin.controller using Guid(e92672023439b4746991b8a7a3f47797) Importer(2089858483,b0f066a214c2f5e87bad3c948f4d605d) (ScriptedImporter) -> (artifact id: '18489cae5f8024a766f24aaa78b8c160') in 0.097621 seconds
Number of updated asset objects reloaded before import = 0Number of asset objects unloaded after import = 4

========================================================================
Received Import Request.
  Time since last request: 0.000018 seconds.
  path: Assets/Animations/Idle.anim
  artifactKey: Guid(9b64f685453ce184baa2cde266d62343) Importer(2089858483,b0f066a214c2f5e87bad3c948f4d605d)
Start importing Assets/Animations/Idle.anim using Guid(9b64f685453ce184baa2cde266d62343) Importer(2089858483,b0f066a214c2f5e87bad3c948f4d605d) (ScriptedImporter) -> (artifact id: '43e90173273319e66a1bc4c3f1553fe7') in 0.0513548 seconds
Number of updated asset objects reloaded before import = 0Number of asset objects unloaded after import = 1

========================================================================
Received Import Request.
  Time since last request: 0.000028 seconds.
  path: Assets/TextMesh Pro/Shaders/TMP_SDF.shader
  artifactKey: Guid(68e6db2ebdc24f95958faec2be5558d6) Importer(2089858483,b0f066a214c2f5e87bad3c948f4d605d)
Start importing Assets/TextMesh Pro/Shaders/TMP_SDF.shader using Guid(68e6db2ebdc24f95958faec2be5558d6) Importer(2089858483,b0f066a214c2f5e87bad3c948f4d605d) (ScriptedImporter) -> (artifact id: 'cf93373885453856e63ba2c392bc9172') in 0.023993 seconds
Number of updated asset objects reloaded before import = 0Number of asset objects unloaded after import = 1

========================================================================
Received Import Request.
  Time since last request: 0.000033 seconds.
  path: Assets/TextMesh Pro/Fonts/LiberationSans.ttf
  artifactKey: Guid(e3265ab4bf004d28a9537516768c1c75) Importer(2089858483,b0f066a214c2f5e87bad3c948f4d605d)
Start importing Assets/TextMesh Pro/Fonts/LiberationSans.ttf using Guid(e3265ab4bf004d28a9537516768c1c75) Importer(2089858483,b0f066a214c2f5e87bad3c948f4d605d) (ScriptedImporter) -> (artifact id: 'e7efbc1b65a379ff09a4a66cc442d236') in 0.0379273 seconds
Number of updated asset objects reloaded before import = 0Number of asset objects unloaded after import = 3

========================================================================
Received Import Request.
  Time since last request: 0.000033 seconds.
  path: Assets/TextMesh Pro/Resources/Fonts & Materials/LiberationSans SDF - Fallback.asset
  artifactKey: Guid(2e498d1c8094910479dc3e1b768306a4) Importer(2089858483,b0f066a214c2f5e87bad3c948f4d605d)
Start importing Assets/TextMesh Pro/Resources/Fonts & Materials/LiberationSans SDF - Fallback.asset using Guid(2e498d1c8094910479dc3e1b768306a4) Importer(2089858483,b0f066a214c2f5e87bad3c948f4d605d) (ScriptedImporter) -> (artifact id: '977d68467396d6f87411173457344200') in 0.063701 seconds
Number of updated asset objects reloaded before import = 0Number of asset objects unloaded after import = 5

========================================================================
Received Import Request.
  Time since last request: 0.000027 seconds.
  path: Assets/TextMesh Pro/Resources/Fonts & Materials/LiberationSans SDF.asset
  artifactKey: Guid(8f586378b4e144a9851e7b34d9b748ee) Importer(2089858483,b0f066a214c2f5e87bad3c948f4d605d)
Start importing Assets/TextMesh Pro/Resources/Fonts & Materials/LiberationSans SDF.asset using Guid(8f586378b4e144a9851e7b34d9b748ee) Importer(2089858483,b0f066a214c2f5e87bad3c948f4d605d) (ScriptedImporter) -> (artifact id: 'c4926d2d6000a4582121fabe41fbf227') in 0.0503522 seconds
Number of updated asset objects reloaded before import = 0Number of asset objects unloaded after import = 8

========================================================================
Received Import Request.
  Time since last request: 0.000040 seconds.
  path: Assets/sounds/hurt.wav
  artifactKey: Guid(74d59b29e88435643894f0af1d5b2607) Importer(2089858483,b0f066a214c2f5e87bad3c948f4d605d)
Start importing Assets/sounds/hurt.wav using Guid(74d59b29e88435643894f0af1d5b2607) Importer(2089858483,b0f066a214c2f5e87bad3c948f4d605d) (ScriptedImporter) -> (artifact id: '27d6a3b4ef6fefd2015a0097e3b56f31') in 0.0315872 seconds
Number of updated asset objects reloaded before import = 0Number of asset objects unloaded after import = 1

========================================================================
Received Import Request.
  Time since last request: 0.000023 seconds.
  path: Assets/TextMesh Pro/Fonts/LiberationSans - OFL.txt
  artifactKey: Guid(6e59c59b81ab47f9b6ec5781fa725d2c) Importer(2089858483,b0f066a214c2f5e87bad3c948f4d605d)
Start importing Assets/TextMesh Pro/Fonts/LiberationSans - OFL.txt using Guid(6e59c59b81ab47f9b6ec5781fa725d2c) Importer(2089858483,b0f066a214c2f5e87bad3c948f4d605d) (ScriptedImporter) -> (artifact id: '156b5e83b1b5e7b5ff2518f4c16783b9') in 0.0134475 seconds
Number of updated asset objects reloaded before import = 0Number of asset objects unloaded after import = 1

========================================================================
Received Import Request.
  Time since last request: 0.000018 seconds.
  path: Assets/fonts/PixelOperator8-Bold.ttf
  artifactKey: Guid(e3f9c68eb78fecf499cc7dce7bc8b897) Importer(2089858483,b0f066a214c2f5e87bad3c948f4d605d)
Start importing Assets/fonts/PixelOperator8-Bold.ttf using Guid(e3f9c68eb78fecf499cc7dce7bc8b897) Importer(2089858483,b0f066a214c2f5e87bad3c948f4d605d) (ScriptedImporter) -> (artifact id: 'c1deb09b622bb1ddf50041f71e15c44c') in 0.0145426 seconds
Number of updated asset objects reloaded before import = 0Number of asset objects unloaded after import = 3

========================================================================
Received Import Request.
  Time since last request: 0.000022 seconds.
  path: Assets/Scenes/SampleScene.unity
  artifactKey: Guid(8c9cfa26abfee488c85f1582747f6a02) Importer(2089858483,b0f066a214c2f5e87bad3c948f4d605d)
Start importing Assets/Scenes/SampleScene.unity using Guid(8c9cfa26abfee488c85f1582747f6a02) Importer(2089858483,b0f066a214c2f5e87bad3c948f4d605d) (ScriptedImporter) -> (artifact id: '4e73c193bdd267bb847fc1a3376b6614') in 0.0153472 seconds
Number of updated asset objects reloaded before import = 0Number of asset objects unloaded after import = 1

========================================================================
Received Import Request.
  Time since last request: 0.000021 seconds.
  path: Assets/TextMesh Pro/Shaders/TMP_SDF-Mobile-2-Pass.shader
  artifactKey: Guid(0178fcb869bafef4690d177d31d17db8) Importer(2089858483,b0f066a214c2f5e87bad3c948f4d605d)
Start importing Assets/TextMesh Pro/Shaders/TMP_SDF-Mobile-2-Pass.shader using Guid(0178fcb869bafef4690d177d31d17db8) Importer(2089858483,b0f066a214c2f5e87bad3c948f4d605d) (ScriptedImporter) -> (artifact id: '998eece46a698a06a84f91daa2f015bc') in 0.0146883 seconds
Number of updated asset objects reloaded before import = 0Number of asset objects unloaded after import = 1

========================================================================
Received Import Request.
  Time since last request: 0.000031 seconds.
  path: Assets/sounds/explosion.wav
  artifactKey: Guid(e8b0b3677dee253498a2ef032da9f34f) Importer(2089858483,b0f066a214c2f5e87bad3c948f4d605d)
Start importing Assets/sounds/explosion.wav using Guid(e8b0b3677dee253498a2ef032da9f34f) Importer(2089858483,b0f066a214c2f5e87bad3c948f4d605d) (ScriptedImporter) -> (artifact id: '90481dcb632cef916e70e5df3d0037a3') in 0.0248224 seconds
Number of updated asset objects reloaded before import = 0Number of asset objects unloaded after import = 1

========================================================================
Received Import Request.
  Time since last request: 0.000027 seconds.
  path: Assets/Animations/Run.anim
  artifactKey: Guid(c9c65355bc1a7b042b21c389738787c6) Importer(2089858483,b0f066a214c2f5e87bad3c948f4d605d)
Start importing Assets/Animations/Run.anim using Guid(c9c65355bc1a7b042b21c389738787c6) Importer(2089858483,b0f066a214c2f5e87bad3c948f4d605d) (ScriptedImporter) -> (artifact id: '005f829e1f78fa97ad30a972972786d0') in 0.0163491 seconds
Number of updated asset objects reloaded before import = 0Number of asset objects unloaded after import = 1

========================================================================
Received Import Request.
  Time since last request: 0.000018 seconds.
  path: Assets/sounds/footsteps.mp3
  artifactKey: Guid(4bdb3296a280b494880adb07bb2abb90) Importer(2089858483,b0f066a214c2f5e87bad3c948f4d605d)
Start importing Assets/sounds/footsteps.mp3 using Guid(4bdb3296a280b494880adb07bb2abb90) Importer(2089858483,b0f066a214c2f5e87bad3c948f4d605d) (ScriptedImporter) -> (artifact id: '09b1267b34c33fb02b829777d34a18ca') in 0.0241428 seconds
Number of updated asset objects reloaded before import = 0Number of asset objects unloaded after import = 1

========================================================================
Received Import Request.
  Time since last request: 0.000027 seconds.
  path: Assets/TextMesh Pro/Shaders/TMPro_Properties.cginc
  artifactKey: Guid(3997e2241185407d80309a82f9148466) Importer(2089858483,b0f066a214c2f5e87bad3c948f4d605d)
Start importing Assets/TextMesh Pro/Shaders/TMPro_Properties.cginc using Guid(3997e2241185407d80309a82f9148466) Importer(2089858483,b0f066a214c2f5e87bad3c948f4d605d) (ScriptedImporter) -> (artifact id: 'e6a86a3fde0093d0692e6bc51d7e3cb9') in 0.0143923 seconds
Number of updated asset objects reloaded before import = 0Number of asset objects unloaded after import = 1

========================================================================
Received Import Request.
  Time since last request: 0.000030 seconds.
  path: Assets/sounds/power_up.wav
  artifactKey: Guid(98e51423743f18344b2c15e5735c60ce) Importer(2089858483,b0f066a214c2f5e87bad3c948f4d605d)
Start importing Assets/sounds/power_up.wav using Guid(98e51423743f18344b2c15e5735c60ce) Importer(2089858483,b0f066a214c2f5e87bad3c948f4d605d) (ScriptedImporter) -> (artifact id: 'b65ac96a90793f5e15d17d15e0f57ba8') in 0.0306754 seconds
Number of updated asset objects reloaded before import = 0Number of asset objects unloaded after import = 1

========================================================================
Received Import Request.
  Time since last request: 0.000017 seconds.
  path: Assets/TextMesh Pro/Shaders/TMP_Bitmap-Mobile.shader
  artifactKey: Guid(1e3b057af24249748ff873be7fafee47) Importer(2089858483,b0f066a214c2f5e87bad3c948f4d605d)
Start importing Assets/TextMesh Pro/Shaders/TMP_Bitmap-Mobile.shader using Guid(1e3b057af24249748ff873be7fafee47) Importer(2089858483,b0f066a214c2f5e87bad3c948f4d605d) (ScriptedImporter) -> (artifact id: 'fa6bcca2203f7f9d05e080fac1f6f33c') in 0.0166793 seconds
Number of updated asset objects reloaded before import = 0Number of asset objects unloaded after import = 1

========================================================================
Received Import Request.
  Time since last request: 0.000018 seconds.
  path: Assets/TextMesh Pro/Resources/Style Sheets/Default Style Sheet.asset
  artifactKey: Guid(f952c082cb03451daed3ee968ac6c63e) Importer(2089858483,b0f066a214c2f5e87bad3c948f4d605d)
Start importing Assets/TextMesh Pro/Resources/Style Sheets/Default Style Sheet.asset using Guid(f952c082cb03451daed3ee968ac6c63e) Importer(2089858483,b0f066a214c2f5e87bad3c948f4d605d) (ScriptedImporter) -> (artifact id: 'b2245c8c5b654f312495a39894c8d54f') in 0.0139165 seconds
Number of updated asset objects reloaded before import = 0Number of asset objects unloaded after import = 1

========================================================================
Received Import Request.
  Time since last request: 0.000017 seconds.
  path: Assets/fonts/PixelOperator8.ttf
  artifactKey: Guid(bf51ac0bd08f4e24e8eb0f539d251792) Importer(2089858483,b0f066a214c2f5e87bad3c948f4d605d)
Start importing Assets/fonts/PixelOperator8.ttf using Guid(bf51ac0bd08f4e24e8eb0f539d251792) Importer(2089858483,b0f066a214c2f5e87bad3c948f4d605d) (ScriptedImporter) -> (artifact id: '2d8a338f654fab5d12abbc2ecafcd08f') in 0.0185221 seconds
Number of updated asset objects reloaded before import = 0Number of asset objects unloaded after import = 3

========================================================================
Received Import Request.
  Time since last request: 0.000028 seconds.
  path: Assets/Settings/Renderer2D.asset
  artifactKey: Guid(424799608f7334c24bf367e4bbfa7f9a) Importer(2089858483,b0f066a214c2f5e87bad3c948f4d605d)
Start importing Assets/Settings/Renderer2D.asset using Guid(424799608f7334c24bf367e4bbfa7f9a) Importer(2089858483,b0f066a214c2f5e87bad3c948f4d605d) (ScriptedImporter) -> (artifact id: 'f96cd3b544240370683c9725b81a23b5') in 0.0402679 seconds
Number of updated asset objects reloaded before import = 0Number of asset objects unloaded after import = 1

========================================================================
Received Import Request.
  Time since last request: 0.000037 seconds.
  path: Assets/TextMesh Pro/Shaders/TMP_SDF-Mobile.shader
  artifactKey: Guid(fe393ace9b354375a9cb14cdbbc28be4) Importer(2089858483,b0f066a214c2f5e87bad3c948f4d605d)
Start importing Assets/TextMesh Pro/Shaders/TMP_SDF-Mobile.shader using Guid(fe393ace9b354375a9cb14cdbbc28be4) Importer(2089858483,b0f066a214c2f5e87bad3c948f4d605d) (ScriptedImporter) -> (artifact id: 'cca0b194fc947cb69ac2b838dabb9261') in 0.0152787 seconds
Number of updated asset objects reloaded before import = 0Number of asset objects unloaded after import = 1

========================================================================
Received Import Request.
  Time since last request: 0.000021 seconds.
  path: Assets/TextMesh Pro/Shaders/TMP_Bitmap.shader
  artifactKey: Guid(128e987d567d4e2c824d754223b3f3b0) Importer(2089858483,b0f066a214c2f5e87bad3c948f4d605d)
Start importing Assets/TextMesh Pro/Shaders/TMP_Bitmap.shader using Guid(128e987d567d4e2c824d754223b3f3b0) Importer(2089858483,b0f066a214c2f5e87bad3c948f4d605d) (ScriptedImporter) -> (artifact id: '4e62d9b70da4fae1b0859746899b25b5') in 0.015507 seconds
Number of updated asset objects reloaded before import = 0Number of asset objects unloaded after import = 1

========================================================================
Received Import Request.
  Time since last request: 0.000026 seconds.
  path: Assets/TextMesh Pro/Shaders/TMP_SDF-URP Unlit.shadergraph
  artifactKey: Guid(124c112a6e8f1a54e8b0870e881b56d8) Importer(2089858483,b0f066a214c2f5e87bad3c948f4d605d)
Start importing Assets/TextMesh Pro/Shaders/TMP_SDF-URP Unlit.shadergraph using Guid(124c112a6e8f1a54e8b0870e881b56d8) Importer(2089858483,b0f066a214c2f5e87bad3c948f4d605d) (ScriptedImporter) -> (artifact id: 'a0d31008dd5a110c45c823d9ab658593') in 0.0410307 seconds
Number of updated asset objects reloaded before import = 0Number of asset objects unloaded after import = 4

========================================================================
Received Import Request.
  Time since last request: 0.000022 seconds.
  path: Assets/TextMesh Pro/Shaders/SDFFunctions.hlsl
  artifactKey: Guid(96de908384869cd409c75efa351d5edf) Importer(2089858483,b0f066a214c2f5e87bad3c948f4d605d)
Start importing Assets/TextMesh Pro/Shaders/SDFFunctions.hlsl using Guid(96de908384869cd409c75efa351d5edf) Importer(2089858483,b0f066a214c2f5e87bad3c948f4d605d) (ScriptedImporter) -> (artifact id: '13fdc01b776769f19d03bbb0a85eff17') in 0.0134942 seconds
Number of updated asset objects reloaded before import = 0Number of asset objects unloaded after import = 1

========================================================================
Received Import Request.
  Time since last request: 0.000032 seconds.
  path: Assets/UniversalRenderPipelineGlobalSettings.asset
  artifactKey: Guid(93b439a37f63240aca3dd4e01d978a9f) Importer(2089858483,b0f066a214c2f5e87bad3c948f4d605d)
Start importing Assets/UniversalRenderPipelineGlobalSettings.asset using Guid(93b439a37f63240aca3dd4e01d978a9f) Importer(2089858483,b0f066a214c2f5e87bad3c948f4d605d) (ScriptedImporter) -> (artifact id: 'ad12a3b82311fdf8cbb3579ca16450b5') in 0.0698647 seconds
Number of updated asset objects reloaded before import = 0Number of asset objects unloaded after import = 0

========================================================================
Received Import Request.
  Time since last request: 31.197891 seconds.
  path: Assets/InputSystem_Actions.inputactions
  artifactKey: Guid(2bcd2660ca9b64942af0de543d8d7100) Importer(815301076,1909f56bfc062723c751e8b465ee728b)
Start importing Assets/InputSystem_Actions.inputactions using Guid(2bcd2660ca9b64942af0de543d8d7100) Importer(815301076,1909f56bfc062723c751e8b465ee728b) (PreviewImporter) -> (artifact id: '36e45a0fb6a4a6c42b384b4dda3e6dd1') in 0.0180882 seconds
Number of updated asset objects reloaded before import = 0Number of asset objects unloaded after import = 19

========================================================================
Received Import Request.
  Time since last request: 10.403710 seconds.
  path: Assets/sounds/explosion.wav
  artifactKey: Guid(e8b0b3677dee253498a2ef032da9f34f) Importer(815301076,1909f56bfc062723c751e8b465ee728b)
Start importing Assets/sounds/explosion.wav using Guid(e8b0b3677dee253498a2ef032da9f34f) Importer(815301076,1909f56bfc062723c751e8b465ee728b) (PreviewImporter) -> (artifact id: '97ce3cca4332631c6a9f042ecb5a22a6') in 0.073228 seconds
Number of updated asset objects reloaded before import = 0Number of asset objects unloaded after import = 2

========================================================================
Received Import Request.
  Time since last request: 0.000024 seconds.
  path: Assets/sounds/tap.wav
  artifactKey: Guid(138340faa6bccc74f87aeaaa3b7bd899) Importer(815301076,1909f56bfc062723c751e8b465ee728b)
Start importing Assets/sounds/tap.wav using Guid(138340faa6bccc74f87aeaaa3b7bd899) Importer(815301076,1909f56bfc062723c751e8b465ee728b) (PreviewImporter) -> (artifact id: '18a4ece6ca488e929f58ab6bd85a231e') in 0.0136997 seconds
Number of updated asset objects reloaded before import = 0Number of asset objects unloaded after import = 2

========================================================================
Received Import Request.
  Time since last request: 0.367344 seconds.
  path: Assets/Settings/Renderer2D.asset
  artifactKey: Guid(424799608f7334c24bf367e4bbfa7f9a) Importer(815301076,1909f56bfc062723c751e8b465ee728b)
Start importing Assets/Settings/Renderer2D.asset using Guid(424799608f7334c24bf367e4bbfa7f9a) Importer(815301076,1909f56bfc062723c751e8b465ee728b) (PreviewImporter) -> (artifact id: '4f133c080beaa387166695725f96a81c') in 0.0009181 seconds
Number of updated asset objects reloaded before import = 0Number of asset objects unloaded after import = 0

========================================================================
Received Import Request.
  Time since last request: 1.692503 seconds.
  path: Assets/fonts/PixelOperator8-Bold.ttf
  artifactKey: Guid(e3f9c68eb78fecf499cc7dce7bc8b897) Importer(815301076,1909f56bfc062723c751e8b465ee728b)
Start importing Assets/fonts/PixelOperator8-Bold.ttf using Guid(e3f9c68eb78fecf499cc7dce7bc8b897) Importer(815301076,1909f56bfc062723c751e8b465ee728b) (PreviewImporter) -> (artifact id: 'e5b12fa54d0ef1920fb4004f16b7b99b') in 0.3557783 seconds
Number of updated asset objects reloaded before import = 0Number of asset objects unloaded after import = 4

========================================================================
Received Import Request.
  Time since last request: 400.954952 seconds.
  path: Assets/New Asssets/Plant Animations/BlueFlower2/BluePlantClosed_00042.png
  artifactKey: Guid(c7fbb65f2ef622a4b971bd45f9234861) Importer(2089858483,b0f066a214c2f5e87bad3c948f4d605d)
Start importing Assets/New Asssets/Plant Animations/BlueFlower2/BluePlantClosed_00042.png using Guid(c7fbb65f2ef622a4b971bd45f9234861) Importer(2089858483,b0f066a214c2f5e87bad3c948f4d605d) (ScriptedImporter)[Licensing::Client] Successfully resolved entitlement details
 -> (artifact id: '46a2cab342d56cf98eeae0e3e53fea1d') in 0.0813043 seconds
Number of updated asset objects reloaded before import = 0Number of asset objects unloaded after import = 8

========================================================================
Received Import Request.
  Time since last request: 0.000043 seconds.
  path: Assets/New Asssets/Mossy Tileset
  artifactKey: Guid(d20a77ab2631dc54ab6d9fa3dd95bc39) Importer(2089858483,b0f066a214c2f5e87bad3c948f4d605d)
Start importing Assets/New Asssets/Mossy Tileset using Guid(d20a77ab2631dc54ab6d9fa3dd95bc39) Importer(2089858483,b0f066a214c2f5e87bad3c948f4d605d) (ScriptedImporter) -> (artifact id: '2b5e5f360fd57cc3b60f0765a359e363') in 0.0135971 seconds
Number of updated asset objects reloaded before import = 0Number of asset objects unloaded after import = 1

========================================================================
Received Import Request.
  Time since last request: 0.000036 seconds.
  path: Assets/New Asssets/Plant Animations/Plant 5/Plant5_00030.png
  artifactKey: Guid(39077c66aadbc894fab044730cb59034) Importer(2089858483,b0f066a214c2f5e87bad3c948f4d605d)
Start importing Assets/New Asssets/Plant Animations/Plant 5/Plant5_00030.png using Guid(39077c66aadbc894fab044730cb59034) Importer(2089858483,b0f066a214c2f5e87bad3c948f4d605d) (ScriptedImporter) -> (artifact id: '83bd083eba1b01b49ca82396646a3c6a') in 0.0226488 seconds
Number of updated asset objects reloaded before import = 0Number of asset objects unloaded after import = 3

========================================================================
Received Import Request.
  Time since last request: 0.000052 seconds.
  path: Assets/New Asssets/Plant Animations/Plant 5/Plant5_00022.png
  artifactKey: Guid(87e9185d19dab8a48aaf5fcddda140ff) Importer(2089858483,b0f066a214c2f5e87bad3c948f4d605d)
Start importing Assets/New Asssets/Plant Animations/Plant 5/Plant5_00022.png using Guid(87e9185d19dab8a48aaf5fcddda140ff) Importer(2089858483,b0f066a214c2f5e87bad3c948f4d605d) (ScriptedImporter) -> (artifact id: '79b10389567964cf3344a22d5d5ea80a') in 0.023364 seconds
Number of updated asset objects reloaded before import = 0Number of asset objects unloaded after import = 3

========================================================================
Received Import Request.
  Time since last request: 0.000039 seconds.
  path: Assets/New Asssets/Plant Animations/Plant 2/Plant2_00029.png
  artifactKey: Guid(34306d4acb28cec4a8b3c6b71f757f5b) Importer(2089858483,b0f066a214c2f5e87bad3c948f4d605d)
Start importing Assets/New Asssets/Plant Animations/Plant 2/Plant2_00029.png using Guid(34306d4acb28cec4a8b3c6b71f757f5b) Importer(2089858483,b0f066a214c2f5e87bad3c948f4d605d) (ScriptedImporter) -> (artifact id: '1b33646cd0867b7bf7eccdb8981be0bf') in 0.0190506 seconds
Number of updated asset objects reloaded before import = 0Number of asset objects unloaded after import = 5

========================================================================
Received Import Request.
  Time since last request: 0.000032 seconds.
  path: Assets/New Asssets/Plant Animations/Plant 3/Plant3_00021.png
  artifactKey: Guid(678601ec3ca67db4aa84fe9eb87aa617) Importer(2089858483,b0f066a214c2f5e87bad3c948f4d605d)
Start importing Assets/New Asssets/Plant Animations/Plant 3/Plant3_00021.png using Guid(678601ec3ca67db4aa84fe9eb87aa617) Importer(2089858483,b0f066a214c2f5e87bad3c948f4d605d) (ScriptedImporter) -> (artifact id: '9d6eb877d913b539551a977f91283f1c') in 0.0191537 seconds
Number of updated asset objects reloaded before import = 0Number of asset objects unloaded after import = 4

========================================================================
Received Import Request.
  Time since last request: 0.000034 seconds.
  path: Assets/New Asssets/Plant Animations/Plant 7/Plant7_00013.png
  artifactKey: Guid(61c2fdad8c98e1444bab075d7e69b511) Importer(2089858483,b0f066a214c2f5e87bad3c948f4d605d)
Start importing Assets/New Asssets/Plant Animations/Plant 7/Plant7_00013.png using Guid(61c2fdad8c98e1444bab075d7e69b511) Importer(2089858483,b0f066a214c2f5e87bad3c948f4d605d) (ScriptedImporter) -> (artifact id: '5ff76f45dc243bfaf2f09363ec2c1891') in 0.0207642 seconds
Number of updated asset objects reloaded before import = 0Number of asset objects unloaded after import = 3

========================================================================
Received Import Request.
  Time since last request: 0.000058 seconds.
  path: Assets/New Asssets/BlueWizard/2BlueWizardJump/Dash2/DashBlue_00005.png
  artifactKey: Guid(270f594cf0a4ce54d81b937aa17dd1f7) Importer(2089858483,b0f066a214c2f5e87bad3c948f4d605d)
Start importing Assets/New Asssets/BlueWizard/2BlueWizardJump/Dash2/DashBlue_00005.png using Guid(270f594cf0a4ce54d81b937aa17dd1f7) Importer(2089858483,b0f066a214c2f5e87bad3c948f4d605d) (ScriptedImporter) -> (artifact id: '56c666c452eb490faea7328995de2152') in 0.0169515 seconds
Number of updated asset objects reloaded before import = 0Number of asset objects unloaded after import = 3

========================================================================
Received Import Request.
  Time since last request: 0.000030 seconds.
  path: Assets/New Asssets/BlueWizard/2BlueWizardIdle/Chara - BlueIdle00010.png
  artifactKey: Guid(d52b067a651358e4a85203e57c3604b2) Importer(2089858483,b0f066a214c2f5e87bad3c948f4d605d)
Start importing Assets/New Asssets/BlueWizard/2BlueWizardIdle/Chara - BlueIdle00010.png using Guid(d52b067a651358e4a85203e57c3604b2) Importer(2089858483,b0f066a214c2f5e87bad3c948f4d605d) (ScriptedImporter) -> (artifact id: '9ec6dd0287138c18ef9201b8b7b50ce6') in 0.0216918 seconds
Number of updated asset objects reloaded before import = 0Number of asset objects unloaded after import = 3

========================================================================
Received Import Request.
  Time since last request: 0.000042 seconds.
  path: Assets/New Asssets/BlueWizard/2BlueWizardJump/CharaWizardJump_00007.png
  artifactKey: Guid(d9082cab965f4034c8d5b6545a30ea3a) Importer(2089858483,b0f066a214c2f5e87bad3c948f4d605d)
Start importing Assets/New Asssets/BlueWizard/2BlueWizardJump/CharaWizardJump_00007.png using Guid(d9082cab965f4034c8d5b6545a30ea3a) Importer(2089858483,b0f066a214c2f5e87bad3c948f4d605d) (ScriptedImporter) -> (artifact id: '1c038f2b475a479b5a1c125513c2dd2d') in 0.019866 seconds
Number of updated asset objects reloaded before import = 0Number of asset objects unloaded after import = 3

========================================================================
Received Import Request.
  Time since last request: 0.000035 seconds.
  path: Assets/New Asssets/Plant Animations/Plant 2/Plant2_00039.png
  artifactKey: Guid(d0aa04ef704fd5f4f903b2e4fde2ab2f) Importer(2089858483,b0f066a214c2f5e87bad3c948f4d605d)
Start importing Assets/New Asssets/Plant Animations/Plant 2/Plant2_00039.png using Guid(d0aa04ef704fd5f4f903b2e4fde2ab2f) Importer(2089858483,b0f066a214c2f5e87bad3c948f4d605d) (ScriptedImporter) -> (artifact id: '610e55f6117e76cd6b3a9a8312fc2c36') in 0.0248617 seconds
Number of updated asset objects reloaded before import = 0Number of asset objects unloaded after import = 5

========================================================================
Received Import Request.
  Time since last request: 0.000055 seconds.
  path: Assets/New Asssets/Plant Animations/Plant 2/Plant2_00058.png
  artifactKey: Guid(3a40d71e15709aa4f865fa4caa3c4b7b) Importer(2089858483,b0f066a214c2f5e87bad3c948f4d605d)
Start importing Assets/New Asssets/Plant Animations/Plant 2/Plant2_00058.png using Guid(3a40d71e15709aa4f865fa4caa3c4b7b) Importer(2089858483,b0f066a214c2f5e87bad3c948f4d605d) (ScriptedImporter) -> (artifact id: '76633a821b4922f9417854a060664a4e') in 0.0255109 seconds
Number of updated asset objects reloaded before import = 0Number of asset objects unloaded after import = 5

========================================================================
Received Import Request.
  Time since last request: 0.000039 seconds.
  path: Assets/New Asssets/Plant Animations/Plant 1/Plant1_00040.png
  artifactKey: Guid(064d46438f1098d4e9ea19ec4dace004) Importer(2089858483,b0f066a214c2f5e87bad3c948f4d605d)
Start importing Assets/New Asssets/Plant Animations/Plant 1/Plant1_00040.png using Guid(064d46438f1098d4e9ea19ec4dace004) Importer(2089858483,b0f066a214c2f5e87bad3c948f4d605d) (ScriptedImporter) -> (artifact id: '2e8e02eb7b551d2ece1123932645b17c') in 0.0188381 seconds
Number of updated asset objects reloaded before import = 0Number of asset objects unloaded after import = 3

========================================================================
Received Import Request.
  Time since last request: 0.000025 seconds.
  path: Assets/New Asssets/Plant Animations/Plant 4/Plant4_00005.png
  artifactKey: Guid(53f9c0ce71a8a82438279cbf520c5df8) Importer(2089858483,b0f066a214c2f5e87bad3c948f4d605d)
Start importing Assets/New Asssets/Plant Animations/Plant 4/Plant4_00005.png using Guid(53f9c0ce71a8a82438279cbf520c5df8) Importer(2089858483,b0f066a214c2f5e87bad3c948f4d605d) (ScriptedImporter) -> (artifact id: 'eff1b2d07cfb6ddb94bc63e0b85e42a6') in 0.0157906 seconds
Number of updated asset objects reloaded before import = 0Number of asset objects unloaded after import = 3

========================================================================
Received Import Request.
  Time since last request: 0.000036 seconds.
  path: Assets/New Asssets/Plant Animations/Plant 3/Plant3_00039.png
  artifactKey: Guid(6ab9d821014354f4aab7b8d586b63a1d) Importer(2089858483,b0f066a214c2f5e87bad3c948f4d605d)
Start importing Assets/New Asssets/Plant Animations/Plant 3/Plant3_00039.png using Guid(6ab9d821014354f4aab7b8d586b63a1d) Importer(2089858483,b0f066a214c2f5e87bad3c948f4d605d) (ScriptedImporter) -> (artifact id: 'cac9ce9424f4f0e2e8798560d54b71c7') in 0.0208907 seconds
Number of updated asset objects reloaded before import = 0Number of asset objects unloaded after import = 4

========================================================================
Received Import Request.
  Time since last request: 0.000035 seconds.
  path: Assets/New Asssets/Plant Animations/Plant 4/Plant4_00046.png
  artifactKey: Guid(772badaf31dd46745bc85029b1d30d13) Importer(2089858483,b0f066a214c2f5e87bad3c948f4d605d)
Start importing Assets/New Asssets/Plant Animations/Plant 4/Plant4_00046.png using Guid(772badaf31dd46745bc85029b1d30d13) Importer(2089858483,b0f066a214c2f5e87bad3c948f4d605d) (ScriptedImporter) -> (artifact id: 'e96b6715b5d1900fdf89367645c061f2') in 0.0189887 seconds
Number of updated asset objects reloaded before import = 0Number of asset objects unloaded after import = 3

========================================================================
Received Import Request.
  Time since last request: 0.000037 seconds.
  path: Assets/New Asssets/Plant Animations/Plant 2/Plant2_00077.png
  artifactKey: Guid(7b66d5e3a9c02b14a9ba896cd9530707) Importer(2089858483,b0f066a214c2f5e87bad3c948f4d605d)
Start importing Assets/New Asssets/Plant Animations/Plant 2/Plant2_00077.png using Guid(7b66d5e3a9c02b14a9ba896cd9530707) Importer(2089858483,b0f066a214c2f5e87bad3c948f4d605d) (ScriptedImporter) -> (artifact id: 'd440b1ceacbc8341d3e2f7c01bae5571') in 0.0208532 seconds
Number of updated asset objects reloaded before import = 0Number of asset objects unloaded after import = 5

========================================================================
Received Import Request.
  Time since last request: 0.000032 seconds.
  path: Assets/New Asssets/Plant Animations/Plant 5/Plant5_00051.png
  artifactKey: Guid(62c51db2148ed1449804c8578465bb4f) Importer(2089858483,b0f066a214c2f5e87bad3c948f4d605d)
Start importing Assets/New Asssets/Plant Animations/Plant 5/Plant5_00051.png using Guid(62c51db2148ed1449804c8578465bb4f) Importer(2089858483,b0f066a214c2f5e87bad3c948f4d605d) (ScriptedImporter) -> (artifact id: '998a92d28b48aa635d32631dee73f3f5') in 0.0181088 seconds
Number of updated asset objects reloaded before import = 0Number of asset objects unloaded after import = 3

========================================================================
Received Import Request.
  Time since last request: 0.000035 seconds.
  path: Assets/New Asssets/Plant Animations/BlueFlower1/BlueFlower_00022.png
  artifactKey: Guid(e2598dce833393f4aa6aae970872cd5d) Importer(2089858483,b0f066a214c2f5e87bad3c948f4d605d)
Start importing Assets/New Asssets/Plant Animations/BlueFlower1/BlueFlower_00022.png using Guid(e2598dce833393f4aa6aae970872cd5d) Importer(2089858483,b0f066a214c2f5e87bad3c948f4d605d) (ScriptedImporter) -> (artifact id: '2eff9d3c164b260e9e7ba8b1a89fece6') in 0.018818 seconds
Number of updated asset objects reloaded before import = 0Number of asset objects unloaded after import = 3

========================================================================
Received Import Request.
  Time since last request: 0.000051 seconds.
  path: Assets/New Asssets/Plant Animations/Plant Wind 1/Plant Wind 1_00008.png
  artifactKey: Guid(7ef00697e0e02b548bc7d194adce176f) Importer(2089858483,b0f066a214c2f5e87bad3c948f4d605d)
Start importing Assets/New Asssets/Plant Animations/Plant Wind 1/Plant Wind 1_00008.png using Guid(7ef00697e0e02b548bc7d194adce176f) Importer(2089858483,b0f066a214c2f5e87bad3c948f4d605d) (ScriptedImporter) -> (artifact id: 'eef99389b19c163a6d6a6cd8a0dd8545') in 0.0174987 seconds
Number of updated asset objects reloaded before import = 0Number of asset objects unloaded after import = 3

========================================================================
Received Import Request.
  Time since last request: 0.000030 seconds.
  path: Assets/New Asssets/Plant Animations/PlantJump/JumpPlant_00012.png
  artifactKey: Guid(c126babbd38856b4aa2a74d0b45d71f1) Importer(2089858483,b0f066a214c2f5e87bad3c948f4d605d)
Start importing Assets/New Asssets/Plant Animations/PlantJump/JumpPlant_00012.png using Guid(c126babbd38856b4aa2a74d0b45d71f1) Importer(2089858483,b0f066a214c2f5e87bad3c948f4d605d) (ScriptedImporter) -> (artifact id: '813395569c8ad120cc973714353aa4d5') in 0.0162032 seconds
Number of updated asset objects reloaded before import = 0Number of asset objects unloaded after import = 3

========================================================================
Received Import Request.
  Time since last request: 0.000042 seconds.
  path: Assets/New Asssets/Plant Animations/Plant 2/Plant2_00045.png
  artifactKey: Guid(9e019c76a11fda44fab26a352f1d81f1) Importer(2089858483,b0f066a214c2f5e87bad3c948f4d605d)
Start importing Assets/New Asssets/Plant Animations/Plant 2/Plant2_00045.png using Guid(9e019c76a11fda44fab26a352f1d81f1) Importer(2089858483,b0f066a214c2f5e87bad3c948f4d605d) (ScriptedImporter) -> (artifact id: '88bff61075b998897194edc098a73b4f') in 0.0238634 seconds
Number of updated asset objects reloaded before import = 0Number of asset objects unloaded after import = 5

========================================================================
Received Import Request.
  Time since last request: 0.000037 seconds.
  path: Assets/New Asssets/Plant Animations/BlueFlower1/BlueFlower_00032.png
  artifactKey: Guid(9b2205b36f0159840b966b79951efa34) Importer(2089858483,b0f066a214c2f5e87bad3c948f4d605d)
Start importing Assets/New Asssets/Plant Animations/BlueFlower1/BlueFlower_00032.png using Guid(9b2205b36f0159840b966b79951efa34) Importer(2089858483,b0f066a214c2f5e87bad3c948f4d605d) (ScriptedImporter) -> (artifact id: '2b5e99ed48565854808671166f9fb54d') in 0.0189291 seconds
Number of updated asset objects reloaded before import = 0Number of asset objects unloaded after import = 3

========================================================================
Received Import Request.
  Time since last request: 0.000044 seconds.
  path: Assets/New Asssets/Plant Animations/Plant 3/Plant3_00030.png
  artifactKey: Guid(367ac717dee3a564b97fff254448a786) Importer(2089858483,b0f066a214c2f5e87bad3c948f4d605d)
Start importing Assets/New Asssets/Plant Animations/Plant 3/Plant3_00030.png using Guid(367ac717dee3a564b97fff254448a786) Importer(2089858483,b0f066a214c2f5e87bad3c948f4d605d) (ScriptedImporter) -> (artifact id: 'a49f611f0b4d19155e79e94eb4c8f794') in 0.0225266 seconds
Number of updated asset objects reloaded before import = 0Number of asset objects unloaded after import = 4

========================================================================
Received Import Request.
  Time since last request: 0.000041 seconds.
  path: Assets/New Asssets/Plant Animations/Plant 4/Plant4_00050.png
  artifactKey: Guid(2fc0161a4874ba449a0ff4051181e743) Importer(2089858483,b0f066a214c2f5e87bad3c948f4d605d)
Start importing Assets/New Asssets/Plant Animations/Plant 4/Plant4_00050.png using Guid(2fc0161a4874ba449a0ff4051181e743) Importer(2089858483,b0f066a214c2f5e87bad3c948f4d605d) (ScriptedImporter) -> (artifact id: '1e19c0137d95a339b9d119c6c687a89b') in 0.0211792 seconds
Number of updated asset objects reloaded before import = 0Number of asset objects unloaded after import = 3

========================================================================
Received Import Request.
  Time since last request: 0.000030 seconds.
  path: Assets/New Asssets/Plant Animations/Plant 6/Plant6_00033.png
  artifactKey: Guid(2aa449463fcd25e499466d8948f9bea6) Importer(2089858483,b0f066a214c2f5e87bad3c948f4d605d)
Start importing Assets/New Asssets/Plant Animations/Plant 6/Plant6_00033.png using Guid(2aa449463fcd25e499466d8948f9bea6) Importer(2089858483,b0f066a214c2f5e87bad3c948f4d605d) (ScriptedImporter) -> (artifact id: '26cf0c3d747abfcb728a89d37a69d999') in 0.0168183 seconds
Number of updated asset objects reloaded before import = 0Number of asset objects unloaded after import = 3

========================================================================
Received Import Request.
  Time since last request: 0.000030 seconds.
  path: Assets/New Asssets/Plant Animations/Plant 3/Plant3_00025.png
  artifactKey: Guid(c503f17b149bd8c47a54b13d01ee4e83) Importer(2089858483,b0f066a214c2f5e87bad3c948f4d605d)
Start importing Assets/New Asssets/Plant Animations/Plant 3/Plant3_00025.png using Guid(c503f17b149bd8c47a54b13d01ee4e83) Importer(2089858483,b0f066a214c2f5e87bad3c948f4d605d) (ScriptedImporter) -> (artifact id: 'e7e379a96f003fb67cc00841da12e2b0') in 0.020474 seconds
Number of updated asset objects reloaded before import = 0Number of asset objects unloaded after import = 4

========================================================================
Received Import Request.
  Time since last request: 0.000044 seconds.
  path: Assets/New Asssets/Plant Animations/PlantJump
  artifactKey: Guid(ca74f20309a6af947a687dfc75c782d0) Importer(2089858483,b0f066a214c2f5e87bad3c948f4d605d)
Start importing Assets/New Asssets/Plant Animations/PlantJump using Guid(ca74f20309a6af947a687dfc75c782d0) Importer(2089858483,b0f066a214c2f5e87bad3c948f4d605d) (ScriptedImporter) -> (artifact id: 'f789f660b9d4a1eb8fc075778c69b46c') in 0.0117587 seconds
Number of updated asset objects reloaded before import = 0Number of asset objects unloaded after import = 1

========================================================================
Received Import Request.
  Time since last request: 0.000036 seconds.
  path: Assets/New Asssets/Plant Animations/Plant 2/Plant2_00046.png
  artifactKey: Guid(cd2b7f8b76a6e6e43b4db4acd108eea5) Importer(2089858483,b0f066a214c2f5e87bad3c948f4d605d)
Start importing Assets/New Asssets/Plant Animations/Plant 2/Plant2_00046.png using Guid(cd2b7f8b76a6e6e43b4db4acd108eea5) Importer(2089858483,b0f066a214c2f5e87bad3c948f4d605d) (ScriptedImporter) -> (artifact id: '3cd97e7b05f4ce852145b1e67109a977') in 0.0176803 seconds
Number of updated asset objects reloaded before import = 0Number of asset objects unloaded after import = 5

========================================================================
Received Import Request.
  Time since last request: 0.000029 seconds.
  path: Assets/New Asssets/Plant Animations/BlueFlower1/BlueFlower_00028.png
  artifactKey: Guid(d8cf8d3ea32dd464cb1e5b10cd295bfe) Importer(2089858483,b0f066a214c2f5e87bad3c948f4d605d)
Start importing Assets/New Asssets/Plant Animations/BlueFlower1/BlueFlower_00028.png using Guid(d8cf8d3ea32dd464cb1e5b10cd295bfe) Importer(2089858483,b0f066a214c2f5e87bad3c948f4d605d) (ScriptedImporter) -> (artifact id: '1fc022b7733f187ebca770cca30d893c') in 0.0202124 seconds
Number of updated asset objects reloaded before import = 0Number of asset objects unloaded after import = 3

========================================================================
Received Import Request.
  Time since last request: 0.000031 seconds.
  path: Assets/New Asssets/Plant Animations/Plant 1/Plant1_00069.png
  artifactKey: Guid(d29847c19fee1174d91801f6860f40f3) Importer(2089858483,b0f066a214c2f5e87bad3c948f4d605d)
Start importing Assets/New Asssets/Plant Animations/Plant 1/Plant1_00069.png using Guid(d29847c19fee1174d91801f6860f40f3) Importer(2089858483,b0f066a214c2f5e87bad3c948f4d605d) (ScriptedImporter) -> (artifact id: '35b7ec0a8e3cf874fd8de63652e2f2e6') in 0.0168499 seconds
Number of updated asset objects reloaded before import = 0Number of asset objects unloaded after import = 3

========================================================================
Received Import Request.
  Time since last request: 0.000044 seconds.
  path: Assets/New Asssets/Mossy Tileset/Mossy - BackgroundDecoration.png
  artifactKey: Guid(ca805c6cb4b2f5443a0286ccf44d2212) Importer(2089858483,b0f066a214c2f5e87bad3c948f4d605d)
Start importing Assets/New Asssets/Mossy Tileset/Mossy - BackgroundDecoration.png using Guid(ca805c6cb4b2f5443a0286ccf44d2212) Importer(2089858483,b0f066a214c2f5e87bad3c948f4d605d) (ScriptedImporter) -> (artifact id: '41718609e4983a1eee8753cb54c9f709') in 0.0349169 seconds
Number of updated asset objects reloaded before import = 0Number of asset objects unloaded after import = 8

========================================================================
Received Import Request.
  Time since last request: 0.000031 seconds.
  path: Assets/New Asssets/Plant Animations/PlantJump2/JumpPlant 2_00013.png
  artifactKey: Guid(57f92839900a1064f8976935c1b5dc8f) Importer(2089858483,b0f066a214c2f5e87bad3c948f4d605d)
Start importing Assets/New Asssets/Plant Animations/PlantJump2/JumpPlant 2_00013.png using Guid(57f92839900a1064f8976935c1b5dc8f) Importer(2089858483,b0f066a214c2f5e87bad3c948f4d605d) (ScriptedImporter) -> (artifact id: '95cf99c2c4a2b0eba890c9a0a30f7575') in 0.0217522 seconds
Number of updated asset objects reloaded before import = 0Number of asset objects unloaded after import = 3

========================================================================
Received Import Request.
  Time since last request: 0.000034 seconds.
  path: Assets/New Asssets/Plant Animations/Plant 2/Plant2_00081.png
  artifactKey: Guid(bf5b1da5bf4c5af4d884700031dcf66f) Importer(2089858483,b0f066a214c2f5e87bad3c948f4d605d)
Start importing Assets/New Asssets/Plant Animations/Plant 2/Plant2_00081.png using Guid(bf5b1da5bf4c5af4d884700031dcf66f) Importer(2089858483,b0f066a214c2f5e87bad3c948f4d605d) (ScriptedImporter) -> (artifact id: 'cde4a491dd5574ea72c10f807e7c51fd') in 0.0192455 seconds
Number of updated asset objects reloaded before import = 0Number of asset objects unloaded after import = 5

========================================================================
Received Import Request.
  Time since last request: 0.000024 seconds.
  path: Assets/New Asssets/Plant Animations/Plant 5/Plant5_00059.png
  artifactKey: Guid(75a8f6a2bf55d884f82cadca92488222) Importer(2089858483,b0f066a214c2f5e87bad3c948f4d605d)
Start importing Assets/New Asssets/Plant Animations/Plant 5/Plant5_00059.png using Guid(75a8f6a2bf55d884f82cadca92488222) Importer(2089858483,b0f066a214c2f5e87bad3c948f4d605d) (ScriptedImporter) -> (artifact id: '3b95dd004b8419e5c5d7354a0d7b6c72') in 0.0192926 seconds
Number of updated asset objects reloaded before import = 0Number of asset objects unloaded after import = 3

========================================================================
Received Import Request.
  Time since last request: 0.000037 seconds.
  path: Assets/New Asssets/Plant Animations/Plant 4/Plant4_00047.png
  artifactKey: Guid(99ed8ddcb7df01f479700b78d2934983) Importer(2089858483,b0f066a214c2f5e87bad3c948f4d605d)
Start importing Assets/New Asssets/Plant Animations/Plant 4/Plant4_00047.png using Guid(99ed8ddcb7df01f479700b78d2934983) Importer(2089858483,b0f066a214c2f5e87bad3c948f4d605d) (ScriptedImporter) -> (artifact id: '6861bba7bfa9c7daf10a48cf5ace5b3c') in 0.021023 seconds
Number of updated asset objects reloaded before import = 0Number of asset objects unloaded after import = 3

========================================================================
Received Import Request.
  Time since last request: 0.000038 seconds.
  path: Assets/New Asssets/Plant Animations/Plant 5/Plant5_00042.png
  artifactKey: Guid(19e6302a52ccc8e4bbe6ffb53d895779) Importer(2089858483,b0f066a214c2f5e87bad3c948f4d605d)
Start importing Assets/New Asssets/Plant Animations/Plant 5/Plant5_00042.png using Guid(19e6302a52ccc8e4bbe6ffb53d895779) Importer(2089858483,b0f066a214c2f5e87bad3c948f4d605d) (ScriptedImporter) -> (artifact id: '82f8b18006e551e0b2a4944dfe7dcccd') in 0.0239045 seconds
Number of updated asset objects reloaded before import = 0Number of asset objects unloaded after import = 3

========================================================================
Received Import Request.
  Time since last request: 0.000034 seconds.
  path: Assets/New Asssets/Plant Animations/Plant 6/Plant6_00053.png
  artifactKey: Guid(d276817522d43d243ae0dd0892fdc7a6) Importer(2089858483,b0f066a214c2f5e87bad3c948f4d605d)
Start importing Assets/New Asssets/Plant Animations/Plant 6/Plant6_00053.png using Guid(d276817522d43d243ae0dd0892fdc7a6) Importer(2089858483,b0f066a214c2f5e87bad3c948f4d605d) (ScriptedImporter) -> (artifact id: '02be32760a651813c5d17283710d0a2d') in 0.0202261 seconds
Number of updated asset objects reloaded before import = 0Number of asset objects unloaded after import = 3

========================================================================
Received Import Request.
  Time since last request: 0.000035 seconds.
  path: Assets/New Asssets/Plant Animations/Plant 2/Plant2_00047.png
  artifactKey: Guid(f6667b8fa8fba5340872fbb3fb05bc8d) Importer(2089858483,b0f066a214c2f5e87bad3c948f4d605d)
Start importing Assets/New Asssets/Plant Animations/Plant 2/Plant2_00047.png using Guid(f6667b8fa8fba5340872fbb3fb05bc8d) Importer(2089858483,b0f066a214c2f5e87bad3c948f4d605d) (ScriptedImporter) -> (artifact id: 'eaf57326274add0f1e8270f0897f4a7c') in 0.0217657 seconds
Number of updated asset objects reloaded before import = 0Number of asset objects unloaded after import = 5

========================================================================
Received Import Request.
  Time since last request: 0.000038 seconds.
  path: Assets/New Asssets/Plant Animations/Plant 4/Plant4_00055.png
  artifactKey: Guid(36d3f5ccbc7ad4746a4a2b68a9e01c7d) Importer(2089858483,b0f066a214c2f5e87bad3c948f4d605d)
Start importing Assets/New Asssets/Plant Animations/Plant 4/Plant4_00055.png using Guid(36d3f5ccbc7ad4746a4a2b68a9e01c7d) Importer(2089858483,b0f066a214c2f5e87bad3c948f4d605d) (ScriptedImporter) -> (artifact id: 'e402d8c57d5d6b83f1c9839aac8cadbd') in 0.0217656 seconds
Number of updated asset objects reloaded before import = 0Number of asset objects unloaded after import = 3

========================================================================
Received Import Request.
  Time since last request: 0.000035 seconds.
  path: Assets/New Asssets/Plant Animations/Plant 6/Plant6_00058.png
  artifactKey: Guid(5403da2ec5709af48ab6b6838866ab67) Importer(2089858483,b0f066a214c2f5e87bad3c948f4d605d)
Start importing Assets/New Asssets/Plant Animations/Plant 6/Plant6_00058.png using Guid(5403da2ec5709af48ab6b6838866ab67) Importer(2089858483,b0f066a214c2f5e87bad3c948f4d605d) (ScriptedImporter) -> (artifact id: '51256cb6b28483873950dafcbdfbb6ca') in 0.0146718 seconds
Number of updated asset objects reloaded before import = 0Number of asset objects unloaded after import = 3

========================================================================
Received Import Request.
  Time since last request: 0.000030 seconds.
  path: Assets/New Asssets/Plant Animations/Plant 1/Plant1_00085.png
  artifactKey: Guid(cbb8febc7531eff4b8d98c1bc3810720) Importer(2089858483,b0f066a214c2f5e87bad3c948f4d605d)
Start importing Assets/New Asssets/Plant Animations/Plant 1/Plant1_00085.png using Guid(cbb8febc7531eff4b8d98c1bc3810720) Importer(2089858483,b0f066a214c2f5e87bad3c948f4d605d) (ScriptedImporter) -> (artifact id: 'f521e2287278a1dbbbdf58db48d6010a') in 0.0166132 seconds
Number of updated asset objects reloaded before import = 0Number of asset objects unloaded after import = 3

========================================================================
Received Import Request.
  Time since last request: 0.000034 seconds.
  path: Assets/New Asssets/Plant Animations/Plant 7/Plant7_00004.png
  artifactKey: Guid(02fef6b966069df438329d0226e9c6fe) Importer(2089858483,b0f066a214c2f5e87bad3c948f4d605d)
Start importing Assets/New Asssets/Plant Animations/Plant 7/Plant7_00004.png using Guid(02fef6b966069df438329d0226e9c6fe) Importer(2089858483,b0f066a214c2f5e87bad3c948f4d605d) (ScriptedImporter) -> (artifact id: '494d6b43a3c255e73a7589251a3cc58f') in 0.0230204 seconds
Number of updated asset objects reloaded before import = 0Number of asset objects unloaded after import = 3

========================================================================
Received Import Request.
  Time since last request: 0.000059 seconds.
  path: Assets/New Asssets/Plant Animations/BlueFlower1/BlueFlower_00019.png
  artifactKey: Guid(b88d144da72be9f449c30ab6f395e3f1) Importer(2089858483,b0f066a214c2f5e87bad3c948f4d605d)
Start importing Assets/New Asssets/Plant Animations/BlueFlower1/BlueFlower_00019.png using Guid(b88d144da72be9f449c30ab6f395e3f1) Importer(2089858483,b0f066a214c2f5e87bad3c948f4d605d) (ScriptedImporter) -> (artifact id: '76f1f8c7013552ff2c6a775131878d49') in 0.0191259 seconds
Number of updated asset objects reloaded before import = 0Number of asset objects unloaded after import = 3

========================================================================
Received Import Request.
  Time since last request: 0.000044 seconds.
  path: Assets/New Asssets/Plant Animations/BlueFlower2/BluePlantClosed_00016.png
  artifactKey: Guid(7f1fb11f23057d744964546e36f8f2d9) Importer(2089858483,b0f066a214c2f5e87bad3c948f4d605d)
Start importing Assets/New Asssets/Plant Animations/BlueFlower2/BluePlantClosed_00016.png using Guid(7f1fb11f23057d744964546e36f8f2d9) Importer(2089858483,b0f066a214c2f5e87bad3c948f4d605d) (ScriptedImporter) -> (artifact id: '7b03521536bae1e549ad5997467f30c7') in 0.0307971 seconds
Number of updated asset objects reloaded before import = 0Number of asset objects unloaded after import = 8

========================================================================
Received Import Request.
  Time since last request: 0.000037 seconds.
  path: Assets/New Asssets/Plant Animations/Plant 2/Plant2_00054.png
  artifactKey: Guid(da1c09f9530767642871c34825817553) Importer(2089858483,b0f066a214c2f5e87bad3c948f4d605d)
Start importing Assets/New Asssets/Plant Animations/Plant 2/Plant2_00054.png using Guid(da1c09f9530767642871c34825817553) Importer(2089858483,b0f066a214c2f5e87bad3c948f4d605d) (ScriptedImporter) -> (artifact id: 'bd5be8e17054d1fd68c491298261c3bf') in 0.0210719 seconds
Number of updated asset objects reloaded before import = 0Number of asset objects unloaded after import = 5

========================================================================
Received Import Request.
  Time since last request: 0.000033 seconds.
  path: Assets/New Asssets/BlueWizard/2BlueWizardJump/DashEffect/BlueWizardDash_00015.png
  artifactKey: Guid(e8a574decb2d83b4fb713bbd103c59f4) Importer(2089858483,b0f066a214c2f5e87bad3c948f4d605d)
Start importing Assets/New Asssets/BlueWizard/2BlueWizardJump/DashEffect/BlueWizardDash_00015.png using Guid(e8a574decb2d83b4fb713bbd103c59f4) Importer(2089858483,b0f066a214c2f5e87bad3c948f4d605d) (ScriptedImporter) -> (artifact id: '261df611406a776fe0df8a05f431b182') in 0.0222046 seconds
Number of updated asset objects reloaded before import = 0Number of asset objects unloaded after import = 3

========================================================================
Received Import Request.
  Time since last request: 0.000051 seconds.
  path: Assets/New Asssets/BlueWizard/2BlueWizardJump/Dash2/DashBlue_00000.png
  artifactKey: Guid(d49ec5f9f03d37a489702a894e6ba022) Importer(2089858483,b0f066a214c2f5e87bad3c948f4d605d)
Start importing Assets/New Asssets/BlueWizard/2BlueWizardJump/Dash2/DashBlue_00000.png using Guid(d49ec5f9f03d37a489702a894e6ba022) Importer(2089858483,b0f066a214c2f5e87bad3c948f4d605d) (ScriptedImporter) -> (artifact id: '49cc65b017b6fe0accb510db0dc9be96') in 0.019617 seconds
Number of updated asset objects reloaded before import = 0Number of asset objects unloaded after import = 3

========================================================================
Received Import Request.
  Time since last request: 0.000025 seconds.
  path: Assets/New Asssets/Plant Animations/Plant 1/Plant1_00073.png
  artifactKey: Guid(680963c2bff23ef4aaa390ec3dcb2698) Importer(2089858483,b0f066a214c2f5e87bad3c948f4d605d)
Start importing Assets/New Asssets/Plant Animations/Plant 1/Plant1_00073.png using Guid(680963c2bff23ef4aaa390ec3dcb2698) Importer(2089858483,b0f066a214c2f5e87bad3c948f4d605d) (ScriptedImporter) -> (artifact id: '681751e70f4d0da159eb4ff1053ced81') in 0.0184699 seconds
Number of updated asset objects reloaded before import = 0Number of asset objects unloaded after import = 3

========================================================================
Received Import Request.
  Time since last request: 0.000038 seconds.
  path: Assets/New Asssets/Plant Animations/Plant 3/Plant3_00042.png
  artifactKey: Guid(ea45706c700ce69408bdd35921ec681a) Importer(2089858483,b0f066a214c2f5e87bad3c948f4d605d)
Start importing Assets/New Asssets/Plant Animations/Plant 3/Plant3_00042.png using Guid(ea45706c700ce69408bdd35921ec681a) Importer(2089858483,b0f066a214c2f5e87bad3c948f4d605d) (ScriptedImporter) -> (artifact id: '165f7bab5db2e7e7c420f5050c9628cf') in 0.0205432 seconds
Number of updated asset objects reloaded before import = 0Number of asset objects unloaded after import = 4

========================================================================
Received Import Request.
  Time since last request: 0.000025 seconds.
  path: Assets/New Asssets/Plant Animations/Plant 2/Plant2_00018.png
  artifactKey: Guid(4e844bb313e926d408f9c6ec02da1282) Importer(2089858483,b0f066a214c2f5e87bad3c948f4d605d)
Start importing Assets/New Asssets/Plant Animations/Plant 2/Plant2_00018.png using Guid(4e844bb313e926d408f9c6ec02da1282) Importer(2089858483,b0f066a214c2f5e87bad3c948f4d605d) (ScriptedImporter) -> (artifact id: 'cb830511672c454303b74ac4ad52947a') in 0.0198622 seconds
Number of updated asset objects reloaded before import = 0Number of asset objects unloaded after import = 5

========================================================================
Received Import Request.
  Time since last request: 0.000046 seconds.
  path: Assets/New Asssets/Plant Animations/Plant 6/Plant6_00040.png
  artifactKey: Guid(beaae6d3cc1124643ac192b30a8f7bc9) Importer(2089858483,b0f066a214c2f5e87bad3c948f4d605d)
Start importing Assets/New Asssets/Plant Animations/Plant 6/Plant6_00040.png using Guid(beaae6d3cc1124643ac192b30a8f7bc9) Importer(2089858483,b0f066a214c2f5e87bad3c948f4d605d) (ScriptedImporter) -> (artifact id: 'd3a90750d0529945012f2f81d654b4fa') in 0.0194261 seconds
Number of updated asset objects reloaded before import = 0Number of asset objects unloaded after import = 3

========================================================================
Received Import Request.
  Time since last request: 0.000024 seconds.
  path: Assets/New Asssets/Plant Animations/Plant 3/Plant3_00044.png
  artifactKey: Guid(2e0360d69c9275b4fa9e99ee32dad16d) Importer(2089858483,b0f066a214c2f5e87bad3c948f4d605d)
Start importing Assets/New Asssets/Plant Animations/Plant 3/Plant3_00044.png using Guid(2e0360d69c9275b4fa9e99ee32dad16d) Importer(2089858483,b0f066a214c2f5e87bad3c948f4d605d) (ScriptedImporter) -> (artifact id: '51b52751659a00f7dab5c2dadab0c919') in 0.0232072 seconds
Number of updated asset objects reloaded before import = 0Number of asset objects unloaded after import = 4

========================================================================
Received Import Request.
  Time since last request: 0.000029 seconds.
  path: Assets/New Asssets/Plant Animations/Plant 3/Plant3_00019.png
  artifactKey: Guid(b3b3b9fa1ddbb5940b5c1cebe6cda323) Importer(2089858483,b0f066a214c2f5e87bad3c948f4d605d)
Start importing Assets/New Asssets/Plant Animations/Plant 3/Plant3_00019.png using Guid(b3b3b9fa1ddbb5940b5c1cebe6cda323) Importer(2089858483,b0f066a214c2f5e87bad3c948f4d605d) (ScriptedImporter) -> (artifact id: '477c95d81bd449abeb74092d5adf6bfa') in 0.0237657 seconds
Number of updated asset objects reloaded before import = 0Number of asset objects unloaded after import = 4

========================================================================
Received Import Request.
  Time since last request: 0.000027 seconds.
  path: Assets/New Asssets/Plant Animations/Plant 3/Plant3_00043.png
  artifactKey: Guid(ef95fb9a365dece46a3443f168a1e8b7) Importer(2089858483,b0f066a214c2f5e87bad3c948f4d605d)
Start importing Assets/New Asssets/Plant Animations/Plant 3/Plant3_00043.png using Guid(ef95fb9a365dece46a3443f168a1e8b7) Importer(2089858483,b0f066a214c2f5e87bad3c948f4d605d) (ScriptedImporter) -> (artifact id: '84e66db052d816447fbb8a5357c746b3') in 0.0197778 seconds
Number of updated asset objects reloaded before import = 0Number of asset objects unloaded after import = 4

========================================================================
Received Import Request.
  Time since last request: 0.000033 seconds.
  path: Assets/New Asssets/BlueWizard/2BlueWizardJump/Dash3/Dash3_00010.png
  artifactKey: Guid(4c25ac7f2a0b75e4fbeb66da384c67ce) Importer(2089858483,b0f066a214c2f5e87bad3c948f4d605d)
Start importing Assets/New Asssets/BlueWizard/2BlueWizardJump/Dash3/Dash3_00010.png using Guid(4c25ac7f2a0b75e4fbeb66da384c67ce) Importer(2089858483,b0f066a214c2f5e87bad3c948f4d605d) (ScriptedImporter) -> (artifact id: '4bbbf45b7f98e929d2c499418d5f04d4') in 0.0256505 seconds
Number of updated asset objects reloaded before import = 0Number of asset objects unloaded after import = 3

========================================================================
Received Import Request.
  Time since last request: 0.000025 seconds.
  path: Assets/New Asssets/Plant Animations/Plant 2/Plant2_00062.png
  artifactKey: Guid(8bbd54f796ad33a41a43b2a11884285e) Importer(2089858483,b0f066a214c2f5e87bad3c948f4d605d)
Start importing Assets/New Asssets/Plant Animations/Plant 2/Plant2_00062.png using Guid(8bbd54f796ad33a41a43b2a11884285e) Importer(2089858483,b0f066a214c2f5e87bad3c948f4d605d) (ScriptedImporter) -> (artifact id: '71088f85d8f0fc15e8c48f2fbe7a474b') in 0.0187695 seconds
Number of updated asset objects reloaded before import = 0Number of asset objects unloaded after import = 5

========================================================================
Received Import Request.
  Time since last request: 1.602611 seconds.
  path: Assets/New Asssets/Plant Animations/BlueFlower1/BlueFlower_00048.png
  artifactKey: Guid(d188d4e6127ed8844ad3285390e0d20e) Importer(2089858483,b0f066a214c2f5e87bad3c948f4d605d)
Start importing Assets/New Asssets/Plant Animations/BlueFlower1/BlueFlower_00048.png using Guid(d188d4e6127ed8844ad3285390e0d20e) Importer(2089858483,b0f066a214c2f5e87bad3c948f4d605d) (ScriptedImporter) -> (artifact id: '012d1bdfe73b070c4880358fb9bd0fc6') in 0.0216448 seconds
Number of updated asset objects reloaded before import = 0Number of asset objects unloaded after import = 3

========================================================================
Received Import Request.
  Time since last request: 0.000023 seconds.
  path: Assets/New Asssets/Plant Animations/Plant 6/Plant6_00050.png
  artifactKey: Guid(700c50c6a2d4ee44a8da359a6070882a) Importer(2089858483,b0f066a214c2f5e87bad3c948f4d605d)
Start importing Assets/New Asssets/Plant Animations/Plant 6/Plant6_00050.png using Guid(700c50c6a2d4ee44a8da359a6070882a) Importer(2089858483,b0f066a214c2f5e87bad3c948f4d605d) (ScriptedImporter) -> (artifact id: 'fc80af6e6f5b877775e2deb3a7c816bb') in 0.0171532 seconds
Number of updated asset objects reloaded before import = 0Number of asset objects unloaded after import = 3

========================================================================
Received Import Request.
  Time since last request: 0.000022 seconds.
  path: Assets/New Asssets/Plant Animations/Plant 3/Plant3_00071.png
  artifactKey: Guid(d01d47f1001d5d542b0bc35d40a6f67d) Importer(2089858483,b0f066a214c2f5e87bad3c948f4d605d)
Start importing Assets/New Asssets/Plant Animations/Plant 3/Plant3_00071.png using Guid(d01d47f1001d5d542b0bc35d40a6f67d) Importer(2089858483,b0f066a214c2f5e87bad3c948f4d605d) (ScriptedImporter) -> (artifact id: 'c4d3c2c2230e5c627ea22c7e5468a9cf') in 0.0195166 seconds
Number of updated asset objects reloaded before import = 0Number of asset objects unloaded after import = 4

========================================================================
Received Import Request.
  Time since last request: 0.000033 seconds.
  path: Assets/New Asssets/Plant Animations/Plant 5/Plant5_00016.png
  artifactKey: Guid(9a0a16e23e6e7414793f9c5d26b533ed) Importer(2089858483,b0f066a214c2f5e87bad3c948f4d605d)
Start importing Assets/New Asssets/Plant Animations/Plant 5/Plant5_00016.png using Guid(9a0a16e23e6e7414793f9c5d26b533ed) Importer(2089858483,b0f066a214c2f5e87bad3c948f4d605d) (ScriptedImporter) -> (artifact id: '3ef0ff26f98b1c8aba2d16ca231dd898') in 0.0174618 seconds
Number of updated asset objects reloaded before import = 0Number of asset objects unloaded after import = 3

========================================================================
Received Import Request.
  Time since last request: 0.472795 seconds.
  path: Assets/New Asssets/Plant Animations/PlantJump/JumpPlant_00016.png
  artifactKey: Guid(de6cc24e09b22a94bac8e8c980e61f1d) Importer(2089858483,b0f066a214c2f5e87bad3c948f4d605d)
Start importing Assets/New Asssets/Plant Animations/PlantJump/JumpPlant_00016.png using Guid(de6cc24e09b22a94bac8e8c980e61f1d) Importer(2089858483,b0f066a214c2f5e87bad3c948f4d605d) (ScriptedImporter) -> (artifact id: '1d9b341272ed9ac2ab2e8aeb5d507475') in 0.0177182 seconds
Number of updated asset objects reloaded before import = 0Number of asset objects unloaded after import = 3

========================================================================
Received Import Request.
  Time since last request: 0.000025 seconds.
  path: Assets/New Asssets/Plant Animations/Plant 7/Plant7_00056.png
  artifactKey: Guid(0ebc1bb2504d07c48ab32331403a0f76) Importer(2089858483,b0f066a214c2f5e87bad3c948f4d605d)
Start importing Assets/New Asssets/Plant Animations/Plant 7/Plant7_00056.png using Guid(0ebc1bb2504d07c48ab32331403a0f76) Importer(2089858483,b0f066a214c2f5e87bad3c948f4d605d) (ScriptedImporter) -> (artifact id: 'd16a9f21714c49db8660ac21080e761a') in 0.0177172 seconds
Number of updated asset objects reloaded before import = 0Number of asset objects unloaded after import = 3

========================================================================
Received Import Request.
  Time since last request: 0.000028 seconds.
  path: Assets/New Asssets/Plant Animations/BlueFlower2/BluePlantClosed_00035.png
  artifactKey: Guid(4bc0ac33f6a49d94780b345357da8c78) Importer(2089858483,b0f066a214c2f5e87bad3c948f4d605d)
Start importing Assets/New Asssets/Plant Animations/BlueFlower2/BluePlantClosed_00035.png using Guid(4bc0ac33f6a49d94780b345357da8c78) Importer(2089858483,b0f066a214c2f5e87bad3c948f4d605d) (ScriptedImporter) -> (artifact id: '512b2abb226c0181c0d7bf341a8a311f') in 0.0239667 seconds
Number of updated asset objects reloaded before import = 0Number of asset objects unloaded after import = 7

========================================================================
Received Import Request.
  Time since last request: 0.535190 seconds.
  path: Assets/New Asssets/Plant Animations/Plant 2/Plant2_00014.png
  artifactKey: Guid(5565d909cd68f3b4f92b32d7aa89cb02) Importer(2089858483,b0f066a214c2f5e87bad3c948f4d605d)
Start importing Assets/New Asssets/Plant Animations/Plant 2/Plant2_00014.png using Guid(5565d909cd68f3b4f92b32d7aa89cb02) Importer(2089858483,b0f066a214c2f5e87bad3c948f4d605d) (ScriptedImporter) -> (artifact id: '5a9ae9af8d85fe664a724d2665da46ce') in 0.0208696 seconds
Number of updated asset objects reloaded before import = 0Number of asset objects unloaded after import = 5

========================================================================
Received Import Request.
  Time since last request: 0.000020 seconds.
  path: Assets/New Asssets/Plant Animations/Plant 3/Plant3_00080.png
  artifactKey: Guid(68e7bdd3620f54149b2756d4dcffd29a) Importer(2089858483,b0f066a214c2f5e87bad3c948f4d605d)
Start importing Assets/New Asssets/Plant Animations/Plant 3/Plant3_00080.png using Guid(68e7bdd3620f54149b2756d4dcffd29a) Importer(2089858483,b0f066a214c2f5e87bad3c948f4d605d) (ScriptedImporter) -> (artifact id: 'f555f0101f4eda22e67531f6419d72e7') in 0.0158517 seconds
Number of updated asset objects reloaded before import = 0Number of asset objects unloaded after import = 4

========================================================================
Received Import Request.
  Time since last request: 0.000040 seconds.
  path: Assets/New Asssets/Plant Animations/Plant 5/Plant5_00044.png
  artifactKey: Guid(53842783c07065a4695aeecde2b8b9bb) Importer(2089858483,b0f066a214c2f5e87bad3c948f4d605d)
Start importing Assets/New Asssets/Plant Animations/Plant 5/Plant5_00044.png using Guid(53842783c07065a4695aeecde2b8b9bb) Importer(2089858483,b0f066a214c2f5e87bad3c948f4d605d) (ScriptedImporter) -> (artifact id: '5b2b1285ce6070c5e91ddff879b1b555') in 0.0160485 seconds
Number of updated asset objects reloaded before import = 0Number of asset objects unloaded after import = 3

========================================================================
Received Import Request.
  Time since last request: 0.521991 seconds.
  path: Assets/New Asssets/Plant Animations/PlantJump/JumpPlant_00002.png
  artifactKey: Guid(3816a782ec834cd4eada4ec517a0f598) Importer(2089858483,b0f066a214c2f5e87bad3c948f4d605d)
Start importing Assets/New Asssets/Plant Animations/PlantJump/JumpPlant_00002.png using Guid(3816a782ec834cd4eada4ec517a0f598) Importer(2089858483,b0f066a214c2f5e87bad3c948f4d605d) (ScriptedImporter) -> (artifact id: 'ea19782bded0e4ac367670bafd2d2da6') in 0.0169907 seconds
Number of updated asset objects reloaded before import = 0Number of asset objects unloaded after import = 3

========================================================================
Received Import Request.
  Time since last request: 0.000019 seconds.
  path: Assets/New Asssets/Plant Animations/Plant 5/Plant5_00036.png
  artifactKey: Guid(5444cb118adc76c4b86f606aeae9ad75) Importer(2089858483,b0f066a214c2f5e87bad3c948f4d605d)
Start importing Assets/New Asssets/Plant Animations/Plant 5/Plant5_00036.png using Guid(5444cb118adc76c4b86f606aeae9ad75) Importer(2089858483,b0f066a214c2f5e87bad3c948f4d605d) (ScriptedImporter) -> (artifact id: 'd9c91c3fbfda20955bbe8a1c3750e231') in 0.016842 seconds
Number of updated asset objects reloaded before import = 0Number of asset objects unloaded after import = 3

========================================================================
Received Import Request.
  Time since last request: 0.000027 seconds.
  path: Assets/New Asssets/Plant Animations/Plant 8 Poison/PlantPosion_00013.png
  artifactKey: Guid(ca567bf22b8f3c3469c671b49546d43c) Importer(2089858483,b0f066a214c2f5e87bad3c948f4d605d)
Start importing Assets/New Asssets/Plant Animations/Plant 8 Poison/PlantPosion_00013.png using Guid(ca567bf22b8f3c3469c671b49546d43c) Importer(2089858483,b0f066a214c2f5e87bad3c948f4d605d) (ScriptedImporter) -> (artifact id: 'f972ebc5ed6357b0788fd501da2396d3') in 0.0142464 seconds
Number of updated asset objects reloaded before import = 0Number of asset objects unloaded after import = 3

========================================================================
Received Import Request.
  Time since last request: 0.529511 seconds.
  path: Assets/New Asssets/BlueWizard/2BlueWizardJump/Dash3/Dash3_00014.png
  artifactKey: Guid(62ef69eb00df8fb44b97b3dc994a185d) Importer(2089858483,b0f066a214c2f5e87bad3c948f4d605d)
Start importing Assets/New Asssets/BlueWizard/2BlueWizardJump/Dash3/Dash3_00014.png using Guid(62ef69eb00df8fb44b97b3dc994a185d) Importer(2089858483,b0f066a214c2f5e87bad3c948f4d605d) (ScriptedImporter) -> (artifact id: 'e52a22f0522eb6861b2d569f26120462') in 0.0164959 seconds
Number of updated asset objects reloaded before import = 0Number of asset objects unloaded after import = 3

========================================================================
Received Import Request.
  Time since last request: 0.000031 seconds.
  path: Assets/New Asssets/BlueWizard/2BlueWizardJump/Dash3/Dash3_00015.png
  artifactKey: Guid(5b61c004fff218c48985098df732180b) Importer(2089858483,b0f066a214c2f5e87bad3c948f4d605d)
Start importing Assets/New Asssets/BlueWizard/2BlueWizardJump/Dash3/Dash3_00015.png using Guid(5b61c004fff218c48985098df732180b) Importer(2089858483,b0f066a214c2f5e87bad3c948f4d605d) (ScriptedImporter) -> (artifact id: '982190b22067f849d33451b69f8ca214') in 0.0200436 seconds
Number of updated asset objects reloaded before import = 0Number of asset objects unloaded after import = 3

========================================================================
Received Import Request.
  Time since last request: 0.000028 seconds.
  path: Assets/New Asssets/Plant Animations/Plant 3/Plant3_00040.png
  artifactKey: Guid(59fad3698e963034fbe37a7104240c01) Importer(2089858483,b0f066a214c2f5e87bad3c948f4d605d)
Start importing Assets/New Asssets/Plant Animations/Plant 3/Plant3_00040.png using Guid(59fad3698e963034fbe37a7104240c01) Importer(2089858483,b0f066a214c2f5e87bad3c948f4d605d) (ScriptedImporter) -> (artifact id: '5abb14ccad1df9cc2deca5f70de957f4') in 0.0179848 seconds
Number of updated asset objects reloaded before import = 0Number of asset objects unloaded after import = 4

========================================================================
Received Import Request.
  Time since last request: 0.502310 seconds.
  path: Assets/New Asssets/Plant Animations/Plant 3/Plant3_00004.png
  artifactKey: Guid(81395c5b92498374caef573035edeeeb) Importer(2089858483,b0f066a214c2f5e87bad3c948f4d605d)
Start importing Assets/New Asssets/Plant Animations/Plant 3/Plant3_00004.png using Guid(81395c5b92498374caef573035edeeeb) Importer(2089858483,b0f066a214c2f5e87bad3c948f4d605d) (ScriptedImporter) -> (artifact id: 'f0fbeec79a5c063356e0c754c230f7b6') in 0.0202439 seconds
Number of updated asset objects reloaded before import = 0Number of asset objects unloaded after import = 4

========================================================================
Received Import Request.
  Time since last request: 0.000021 seconds.
  path: Assets/New Asssets/Plant Animations/Plant 1/Plant1_00026.png
  artifactKey: Guid(46aaad681eca0ec45bf799cfb8f0b9df) Importer(2089858483,b0f066a214c2f5e87bad3c948f4d605d)
Start importing Assets/New Asssets/Plant Animations/Plant 1/Plant1_00026.png using Guid(46aaad681eca0ec45bf799cfb8f0b9df) Importer(2089858483,b0f066a214c2f5e87bad3c948f4d605d) (ScriptedImporter) -> (artifact id: 'e99a97e6ae969bf3f21cbccdb80abdc9') in 0.015618 seconds
Number of updated asset objects reloaded before import = 0Number of asset objects unloaded after import = 3

========================================================================
Received Import Request.
  Time since last request: 0.000039 seconds.
  path: Assets/New Asssets/Plant Animations/Plant 1/Plant1_00028.png
  artifactKey: Guid(58577f60e1ccda54d99c4f6e7df6b665) Importer(2089858483,b0f066a214c2f5e87bad3c948f4d605d)
Start importing Assets/New Asssets/Plant Animations/Plant 1/Plant1_00028.png using Guid(58577f60e1ccda54d99c4f6e7df6b665) Importer(2089858483,b0f066a214c2f5e87bad3c948f4d605d) (ScriptedImporter) -> (artifact id: '70cebfb3439c8809794e241d31d623b4') in 0.0181866 seconds
Number of updated asset objects reloaded before import = 0Number of asset objects unloaded after import = 3

========================================================================
Received Import Request.
  Time since last request: 0.496591 seconds.
  path: Assets/New Asssets/Plant Animations/Plant 1/Plant1_00068.png
  artifactKey: Guid(13968b9e76791f14ba48549b3d9b3234) Importer(2089858483,b0f066a214c2f5e87bad3c948f4d605d)
Start importing Assets/New Asssets/Plant Animations/Plant 1/Plant1_00068.png using Guid(13968b9e76791f14ba48549b3d9b3234) Importer(2089858483,b0f066a214c2f5e87bad3c948f4d605d) (ScriptedImporter) -> (artifact id: '7979e17a56959a62171a2b4c3349b2e2') in 0.0178478 seconds
Number of updated asset objects reloaded before import = 0Number of asset objects unloaded after import = 3

========================================================================
Received Import Request.
  Time since last request: 0.000026 seconds.
  path: Assets/New Asssets/Plant Animations/Plant 3/Plant3_00050.png
  artifactKey: Guid(5aef7d1c5dcebaf4da08f0485d5d4d72) Importer(2089858483,b0f066a214c2f5e87bad3c948f4d605d)
Start importing Assets/New Asssets/Plant Animations/Plant 3/Plant3_00050.png using Guid(5aef7d1c5dcebaf4da08f0485d5d4d72) Importer(2089858483,b0f066a214c2f5e87bad3c948f4d605d) (ScriptedImporter) -> (artifact id: '729d5e4fe431a076ef3e49e415312ff9') in 0.0211814 seconds
Number of updated asset objects reloaded before import = 0Number of asset objects unloaded after import = 4

========================================================================
Received Import Request.
  Time since last request: 0.000033 seconds.
  path: Assets/New Asssets/BlueWizard/2BlueWizardIdle
  artifactKey: Guid(f5989461fe77b7f4f9b6ce2ffde1db9a) Importer(815301076,1909f56bfc062723c751e8b465ee728b)
Start importing Assets/New Asssets/BlueWizard/2BlueWizardIdle using Guid(f5989461fe77b7f4f9b6ce2ffde1db9a) Importer(815301076,1909f56bfc062723c751e8b465ee728b) (PreviewImporter) -> (artifact id: '76cfbd4cfdf0ac7b5b6638166330f45a') in 0.0006443 seconds
Number of updated asset objects reloaded before import = 0Number of asset objects unloaded after import = 0

========================================================================
Received Import Request.
  Time since last request: 0.000040 seconds.
  path: Assets/New Asssets/Plant Animations/PlantJump2/JumpPlant 2_00016.png
  artifactKey: Guid(b2817525ca7762e4dbf0cc4be4ec4069) Importer(2089858483,b0f066a214c2f5e87bad3c948f4d605d)
Start importing Assets/New Asssets/Plant Animations/PlantJump2/JumpPlant 2_00016.png using Guid(b2817525ca7762e4dbf0cc4be4ec4069) Importer(2089858483,b0f066a214c2f5e87bad3c948f4d605d) (ScriptedImporter) -> (artifact id: '77df11a0e9f7880c835841f33d067cb4') in 0.0190777 seconds
Number of updated asset objects reloaded before import = 0Number of asset objects unloaded after import = 3

========================================================================
Received Import Request.
  Time since last request: 0.000026 seconds.
  path: Assets/New Asssets/BlueWizard/2BlueWizardIdle/Chara - BlueIdle00019.png
  artifactKey: Guid(a32cbd258c0c12c4a95c238711da4697) Importer(815301076,1909f56bfc062723c751e8b465ee728b)
Start importing Assets/New Asssets/BlueWizard/2BlueWizardIdle/Chara - BlueIdle00019.png using Guid(a32cbd258c0c12c4a95c238711da4697) Importer(815301076,1909f56bfc062723c751e8b465ee728b) (PreviewImporter) -> (artifact id: '71dd6a1eda2573408ed21699b6fdcada') in 0.0318097 seconds
Number of updated asset objects reloaded before import = 0Number of asset objects unloaded after import = 3

========================================================================
Received Import Request.
  Time since last request: 0.000023 seconds.
  path: Assets/New Asssets/BlueWizard/2BlueWizardIdle/Chara - BlueIdle00010.png
  artifactKey: Guid(d52b067a651358e4a85203e57c3604b2) Importer(815301076,1909f56bfc062723c751e8b465ee728b)
Start importing Assets/New Asssets/BlueWizard/2BlueWizardIdle/Chara - BlueIdle00010.png using Guid(d52b067a651358e4a85203e57c3604b2) Importer(815301076,1909f56bfc062723c751e8b465ee728b) (PreviewImporter) -> (artifact id: '9cd38871fff531cdc23c3c905d1f8363') in 0.0194832 seconds
Number of updated asset objects reloaded before import = 0Number of asset objects unloaded after import = 3

========================================================================
Received Import Request.
  Time since last request: 0.000048 seconds.
  path: Assets/New Asssets/BlueWizard/2BlueWizardIdle/Chara - BlueIdle00012.png
  artifactKey: Guid(0489f823eff8b084b8e302b7e419e4a9) Importer(815301076,1909f56bfc062723c751e8b465ee728b)
Start importing Assets/New Asssets/BlueWizard/2BlueWizardIdle/Chara - BlueIdle00012.png using Guid(0489f823eff8b084b8e302b7e419e4a9) Importer(815301076,1909f56bfc062723c751e8b465ee728b) (PreviewImporter) -> (artifact id: '3623d209847c2c46cfd0a409fe5a5854') in 0.0220061 seconds
Number of updated asset objects reloaded before import = 0Number of asset objects unloaded after import = 3

========================================================================
Received Import Request.
  Time since last request: 0.000034 seconds.
  path: Assets/New Asssets/BlueWizard/2BlueWizardIdle/Chara - BlueIdle00001.png
  artifactKey: Guid(0541ba2f3cdd4794eb6e3b0bb3add9eb) Importer(815301076,1909f56bfc062723c751e8b465ee728b)
Start importing Assets/New Asssets/BlueWizard/2BlueWizardIdle/Chara - BlueIdle00001.png using Guid(0541ba2f3cdd4794eb6e3b0bb3add9eb) Importer(815301076,1909f56bfc062723c751e8b465ee728b) (PreviewImporter) -> (artifact id: 'a01b0d267ef475fd0833081ebe08c87d') in 0.0192997 seconds
Number of updated asset objects reloaded before import = 0Number of asset objects unloaded after import = 3

========================================================================
Received Import Request.
  Time since last request: 0.000041 seconds.
  path: Assets/New Asssets/Plant Animations/Plant 4/Plant4_00022.png
  artifactKey: Guid(95f4675f6058b4041aae4baee0928065) Importer(2089858483,b0f066a214c2f5e87bad3c948f4d605d)
Start importing Assets/New Asssets/Plant Animations/Plant 4/Plant4_00022.png using Guid(95f4675f6058b4041aae4baee0928065) Importer(2089858483,b0f066a214c2f5e87bad3c948f4d605d) (ScriptedImporter) -> (artifact id: '0ebcc5809e7913dcee10c9690909dadd') in 0.0146045 seconds
Number of updated asset objects reloaded before import = 0Number of asset objects unloaded after import = 3

========================================================================
Received Import Request.
  Time since last request: 0.000023 seconds.
  path: Assets/New Asssets/Plant Animations/BlueFlower1/BlueFlower_00001.png
  artifactKey: Guid(c3c6555fb6d69944fa18f2d4640abf37) Importer(2089858483,b0f066a214c2f5e87bad3c948f4d605d)
Start importing Assets/New Asssets/Plant Animations/BlueFlower1/BlueFlower_00001.png using Guid(c3c6555fb6d69944fa18f2d4640abf37) Importer(2089858483,b0f066a214c2f5e87bad3c948f4d605d) (ScriptedImporter) -> (artifact id: '38cd75ee498c389ba67c1b7e1594ec4d') in 0.0188527 seconds
Number of updated asset objects reloaded before import = 0Number of asset objects unloaded after import = 3

========================================================================
Received Import Request.
  Time since last request: 0.000029 seconds.
  path: Assets/New Asssets/Plant Animations/Plant 5/Plant5_00024.png
  artifactKey: Guid(1cc4969c774e9584197d35cf7d29255c) Importer(2089858483,b0f066a214c2f5e87bad3c948f4d605d)
Start importing Assets/New Asssets/Plant Animations/Plant 5/Plant5_00024.png using Guid(1cc4969c774e9584197d35cf7d29255c) Importer(2089858483,b0f066a214c2f5e87bad3c948f4d605d) (ScriptedImporter) -> (artifact id: '65d802ddac0aac9bd913dd5271b3b35e') in 0.019832 seconds
Number of updated asset objects reloaded before import = 0Number of asset objects unloaded after import = 3

========================================================================
Received Import Request.
  Time since last request: 0.000023 seconds.
  path: Assets/New Asssets/Plant Animations/Plant 6/Plant6_00013.png
  artifactKey: Guid(43abbc8ab4185944389472c0a9dd27b3) Importer(2089858483,b0f066a214c2f5e87bad3c948f4d605d)
Start importing Assets/New Asssets/Plant Animations/Plant 6/Plant6_00013.png using Guid(43abbc8ab4185944389472c0a9dd27b3) Importer(2089858483,b0f066a214c2f5e87bad3c948f4d605d) (ScriptedImporter) -> (artifact id: '306cd6d44ea95399ffd34a0e40d6f924') in 0.0180139 seconds
Number of updated asset objects reloaded before import = 0Number of asset objects unloaded after import = 3

========================================================================
Received Import Request.
  Time since last request: 0.000029 seconds.
  path: Assets/New Asssets/Plant Animations/PlantJump/JumpPlant_00004.png
  artifactKey: Guid(d2f005ab40879c64983079953f444c9d) Importer(2089858483,b0f066a214c2f5e87bad3c948f4d605d)
Start importing Assets/New Asssets/Plant Animations/PlantJump/JumpPlant_00004.png using Guid(d2f005ab40879c64983079953f444c9d) Importer(2089858483,b0f066a214c2f5e87bad3c948f4d605d) (ScriptedImporter) -> (artifact id: 'c27781b51c5536379ba2b7542b22332c') in 0.0199248 seconds
Number of updated asset objects reloaded before import = 0Number of asset objects unloaded after import = 3

========================================================================
Received Import Request.
  Time since last request: 0.000033 seconds.
  path: Assets/New Asssets/Plant Animations/Plant 2/Plant2_00008.png
  artifactKey: Guid(631930c441e5b4d4aaed42fc776fc4d1) Importer(2089858483,b0f066a214c2f5e87bad3c948f4d605d)
Start importing Assets/New Asssets/Plant Animations/Plant 2/Plant2_00008.png using Guid(631930c441e5b4d4aaed42fc776fc4d1) Importer(2089858483,b0f066a214c2f5e87bad3c948f4d605d) (ScriptedImporter) -> (artifact id: '22e9ebfeba51a492d5db5b349d805669') in 0.0206154 seconds
Number of updated asset objects reloaded before import = 0Number of asset objects unloaded after import = 5

========================================================================
Received Import Request.
  Time since last request: 0.000032 seconds.
  path: Assets/New Asssets/Plant Animations/BlueFlower2/BluePlantClosed_00004.png
  artifactKey: Guid(e064377f7a66959499b9c07515f8f4e1) Importer(2089858483,b0f066a214c2f5e87bad3c948f4d605d)
Start importing Assets/New Asssets/Plant Animations/BlueFlower2/BluePlantClosed_00004.png using Guid(e064377f7a66959499b9c07515f8f4e1) Importer(2089858483,b0f066a214c2f5e87bad3c948f4d605d) (ScriptedImporter) -> (artifact id: 'a7800047ea0b7e2cc2fa0f15b8dae935') in 0.0254688 seconds
Number of updated asset objects reloaded before import = 0Number of asset objects unloaded after import = 8

========================================================================
Received Import Request.
  Time since last request: 0.000052 seconds.
  path: Assets/New Asssets/Plant Animations/Plant 4/Plant4_00033.png
  artifactKey: Guid(12f1b9e1c97f3a34db4754d730600194) Importer(2089858483,b0f066a214c2f5e87bad3c948f4d605d)
Start importing Assets/New Asssets/Plant Animations/Plant 4/Plant4_00033.png using Guid(12f1b9e1c97f3a34db4754d730600194) Importer(2089858483,b0f066a214c2f5e87bad3c948f4d605d) (ScriptedImporter) -> (artifact id: 'e1c261bbb2de1e24449cad705de8a573') in 0.0170899 seconds
Number of updated asset objects reloaded before import = 0Number of asset objects unloaded after import = 3

========================================================================
Received Import Request.
  Time since last request: 0.000028 seconds.
  path: Assets/New Asssets/Plant Animations/Plant Wind 1/Plant Wind 1_00028.png
  artifactKey: Guid(619d81e17cbf7b04699d5f5fa7306113) Importer(2089858483,b0f066a214c2f5e87bad3c948f4d605d)
Start importing Assets/New Asssets/Plant Animations/Plant Wind 1/Plant Wind 1_00028.png using Guid(619d81e17cbf7b04699d5f5fa7306113) Importer(2089858483,b0f066a214c2f5e87bad3c948f4d605d) (ScriptedImporter) -> (artifact id: 'd8ed9ef992ed6cea644f449f9c172827') in 0.0198796 seconds
Number of updated asset objects reloaded before import = 0Number of asset objects unloaded after import = 3

========================================================================
Received Import Request.
  Time since last request: 0.000036 seconds.
  path: Assets/New Asssets/Plant Animations/Plant 3/Plant3_00065.png
  artifactKey: Guid(6787af1864cebac439b3408391e0195e) Importer(2089858483,b0f066a214c2f5e87bad3c948f4d605d)
Start importing Assets/New Asssets/Plant Animations/Plant 3/Plant3_00065.png using Guid(6787af1864cebac439b3408391e0195e) Importer(2089858483,b0f066a214c2f5e87bad3c948f4d605d) (ScriptedImporter) -> (artifact id: '3bbf7b21b1a8e1e0d0d6cc5bbd1e4b89') in 0.0211418 seconds
Number of updated asset objects reloaded before import = 0Number of asset objects unloaded after import = 4

========================================================================
Received Import Request.
  Time since last request: 0.000024 seconds.
  path: Assets/New Asssets/Plant Animations/Plant 3/Plant3_00056.png
  artifactKey: Guid(fa81b82af290eaf48ab9b8ca029c05e1) Importer(2089858483,b0f066a214c2f5e87bad3c948f4d605d)
Start importing Assets/New Asssets/Plant Animations/Plant 3/Plant3_00056.png using Guid(fa81b82af290eaf48ab9b8ca029c05e1) Importer(2089858483,b0f066a214c2f5e87bad3c948f4d605d) (ScriptedImporter) -> (artifact id: '20b06e2b5dc8d1c979882859c5f01127') in 0.0169898 seconds
Number of updated asset objects reloaded before import = 0Number of asset objects unloaded after import = 4

========================================================================
Received Import Request.
  Time since last request: 0.000021 seconds.
  path: Assets/New Asssets/Plant Animations/BlueFlower1/BlueFlower_00042.png
  artifactKey: Guid(82353ef54993a4843af972bd68a86f41) Importer(2089858483,b0f066a214c2f5e87bad3c948f4d605d)
Start importing Assets/New Asssets/Plant Animations/BlueFlower1/BlueFlower_00042.png using Guid(82353ef54993a4843af972bd68a86f41) Importer(2089858483,b0f066a214c2f5e87bad3c948f4d605d) (ScriptedImporter) -> (artifact id: '7a2e7da651d4b5ce7d85928c21ae5830') in 0.0188477 seconds
Number of updated asset objects reloaded before import = 0Number of asset objects unloaded after import = 3

========================================================================
Received Import Request.
  Time since last request: 0.000023 seconds.
  path: Assets/New Asssets/Plant Animations/Plant 2/Plant2_00035.png
  artifactKey: Guid(d2c0661c8012393469b07044179fc271) Importer(2089858483,b0f066a214c2f5e87bad3c948f4d605d)
Start importing Assets/New Asssets/Plant Animations/Plant 2/Plant2_00035.png using Guid(d2c0661c8012393469b07044179fc271) Importer(2089858483,b0f066a214c2f5e87bad3c948f4d605d) (ScriptedImporter) -> (artifact id: '74be6a2c46d30a0d66346e46f8757af5') in 0.0185612 seconds
Number of updated asset objects reloaded before import = 0Number of asset objects unloaded after import = 5

========================================================================
Received Import Request.
  Time since last request: 0.000042 seconds.
  path: Assets/New Asssets/Plant Animations/Plant 6/Plant6_00018.png
  artifactKey: Guid(8208eed70ab09dc418d1c5eda9c85d92) Importer(2089858483,b0f066a214c2f5e87bad3c948f4d605d)
Start importing Assets/New Asssets/Plant Animations/Plant 6/Plant6_00018.png using Guid(8208eed70ab09dc418d1c5eda9c85d92) Importer(2089858483,b0f066a214c2f5e87bad3c948f4d605d) (ScriptedImporter) -> (artifact id: 'd2fccbd6a79d82219d7f80b6d3fe0ed1') in 0.0164669 seconds
Number of updated asset objects reloaded before import = 0Number of asset objects unloaded after import = 3

========================================================================
Received Import Request.
  Time since last request: 0.000043 seconds.
  path: Assets/New Asssets/BlueWizard/2BlueWizardWalk/Chara_BlueWalk00000.png
  artifactKey: Guid(8057c5605c5acdc4ba753d44bba72bf6) Importer(2089858483,b0f066a214c2f5e87bad3c948f4d605d)
Start importing Assets/New Asssets/BlueWizard/2BlueWizardWalk/Chara_BlueWalk00000.png using Guid(8057c5605c5acdc4ba753d44bba72bf6) Importer(2089858483,b0f066a214c2f5e87bad3c948f4d605d) (ScriptedImporter) -> (artifact id: '106aa597e9de2d64bc4837221fbe31b9') in 0.0193303 seconds
Number of updated asset objects reloaded before import = 0Number of asset objects unloaded after import = 3

========================================================================
Received Import Request.
  Time since last request: 0.000027 seconds.
  path: Assets/New Asssets/Plant Animations/Plant 4/Plant4_00025.png
  artifactKey: Guid(71378861dc823354cbcb1fd87a9ed4ae) Importer(2089858483,b0f066a214c2f5e87bad3c948f4d605d)
Start importing Assets/New Asssets/Plant Animations/Plant 4/Plant4_00025.png using Guid(71378861dc823354cbcb1fd87a9ed4ae) Importer(2089858483,b0f066a214c2f5e87bad3c948f4d605d) (ScriptedImporter) -> (artifact id: '9e9c7ee31b8fc45fcffceeaceabb1593') in 0.023243 seconds
Number of updated asset objects reloaded before import = 0Number of asset objects unloaded after import = 3

========================================================================
Received Import Request.
  Time since last request: 0.000053 seconds.
  path: Assets/New Asssets/Plant Animations/Plant 1/Plant1_00029.png
  artifactKey: Guid(bececfc447876f043a87a253712795bd) Importer(2089858483,b0f066a214c2f5e87bad3c948f4d605d)
Start importing Assets/New Asssets/Plant Animations/Plant 1/Plant1_00029.png using Guid(bececfc447876f043a87a253712795bd) Importer(2089858483,b0f066a214c2f5e87bad3c948f4d605d) (ScriptedImporter) -> (artifact id: '3e3b80a0174cf9cff47acf64ce7fa24b') in 0.0222088 seconds
Number of updated asset objects reloaded before import = 0Number of asset objects unloaded after import = 3

========================================================================
Received Import Request.
  Time since last request: 0.000028 seconds.
  path: Assets/New Asssets/Plant Animations/Plant 3/Plant3_00073.png
  artifactKey: Guid(2981c00c5c2aaa44f8715c26f7efb26b) Importer(2089858483,b0f066a214c2f5e87bad3c948f4d605d)
Start importing Assets/New Asssets/Plant Animations/Plant 3/Plant3_00073.png using Guid(2981c00c5c2aaa44f8715c26f7efb26b) Importer(2089858483,b0f066a214c2f5e87bad3c948f4d605d) (ScriptedImporter) -> (artifact id: 'c744c024a7a1da84d2b8f4fd79162b20') in 0.0206696 seconds
Number of updated asset objects reloaded before import = 0Number of asset objects unloaded after import = 4

========================================================================
Received Import Request.
  Time since last request: 0.000041 seconds.
  path: Assets/New Asssets/Plant Animations/BlueFlower2/BluePlantClosed_00006.png
  artifactKey: Guid(c8a17e38ef044d84fad279a7de0949ab) Importer(2089858483,b0f066a214c2f5e87bad3c948f4d605d)
Start importing Assets/New Asssets/Plant Animations/BlueFlower2/BluePlantClosed_00006.png using Guid(c8a17e38ef044d84fad279a7de0949ab) Importer(2089858483,b0f066a214c2f5e87bad3c948f4d605d) (ScriptedImporter) -> (artifact id: '2c82431600b9537692317f0a95b7cb84') in 0.0234067 seconds
Number of updated asset objects reloaded before import = 0Number of asset objects unloaded after import = 8

========================================================================
Received Import Request.
  Time since last request: 0.000023 seconds.
  path: Assets/New Asssets/Plant Animations/Plant 4/Plant4_00034.png
  artifactKey: Guid(647970ed93033f84bbbe76a14bde5b2e) Importer(2089858483,b0f066a214c2f5e87bad3c948f4d605d)
Start importing Assets/New Asssets/Plant Animations/Plant 4/Plant4_00034.png using Guid(647970ed93033f84bbbe76a14bde5b2e) Importer(2089858483,b0f066a214c2f5e87bad3c948f4d605d) (ScriptedImporter) -> (artifact id: 'cf7542ac340559d9ed44579cb52d6fd2') in 0.0181469 seconds
Number of updated asset objects reloaded before import = 0Number of asset objects unloaded after import = 3

========================================================================
Received Import Request.
  Time since last request: 0.000031 seconds.
  path: Assets/New Asssets/BlueWizard/2BlueWizardIdle/Chara - BlueIdle00016.png
  artifactKey: Guid(ece0e50493100224894d81ffb97d9e49) Importer(2089858483,b0f066a214c2f5e87bad3c948f4d605d)
Start importing Assets/New Asssets/BlueWizard/2BlueWizardIdle/Chara - BlueIdle00016.png using Guid(ece0e50493100224894d81ffb97d9e49) Importer(2089858483,b0f066a214c2f5e87bad3c948f4d605d) (ScriptedImporter) -> (artifact id: 'f2162b4c1ea5c1a517fbea2e64fe449d') in 0.0170385 seconds
Number of updated asset objects reloaded before import = 0Number of asset objects unloaded after import = 3

========================================================================
Received Import Request.
  Time since last request: 0.000023 seconds.
  path: Assets/New Asssets/Plant Animations/Plant 7/Plant7_00025.png
  artifactKey: Guid(0eb793f26ee1c5547a45145ad91248e6) Importer(2089858483,b0f066a214c2f5e87bad3c948f4d605d)
Start importing Assets/New Asssets/Plant Animations/Plant 7/Plant7_00025.png using Guid(0eb793f26ee1c5547a45145ad91248e6) Importer(2089858483,b0f066a214c2f5e87bad3c948f4d605d) (ScriptedImporter) -> (artifact id: 'ec936f9d83bbad2751f82b80fabd6c22') in 0.0188928 seconds
Number of updated asset objects reloaded before import = 0Number of asset objects unloaded after import = 3

========================================================================
Received Import Request.
  Time since last request: 0.000030 seconds.
  path: Assets/New Asssets/Plant Animations/Plant 1/Plant1_00066.png
  artifactKey: Guid(2705d06312ca20c489997da926027bac) Importer(2089858483,b0f066a214c2f5e87bad3c948f4d605d)
Start importing Assets/New Asssets/Plant Animations/Plant 1/Plant1_00066.png using Guid(2705d06312ca20c489997da926027bac) Importer(2089858483,b0f066a214c2f5e87bad3c948f4d605d) (ScriptedImporter) -> (artifact id: '2e63743751364f26a3c618ff556597c3') in 0.0169355 seconds
Number of updated asset objects reloaded before import = 0Number of asset objects unloaded after import = 3

========================================================================
Received Import Request.
  Time since last request: 0.000052 seconds.
  path: Assets/New Asssets/BlueWizard/2BlueWizardJump/Dash3/Dash3_00001.png
  artifactKey: Guid(b12fc84dc15b4cc4398ef223fdf58e89) Importer(2089858483,b0f066a214c2f5e87bad3c948f4d605d)
Start importing Assets/New Asssets/BlueWizard/2BlueWizardJump/Dash3/Dash3_00001.png using Guid(b12fc84dc15b4cc4398ef223fdf58e89) Importer(2089858483,b0f066a214c2f5e87bad3c948f4d605d) (ScriptedImporter) -> (artifact id: '53bdd252caf575ff7475ed5cba84a551') in 0.0193407 seconds
Number of updated asset objects reloaded before import = 0Number of asset objects unloaded after import = 3

========================================================================
Received Import Request.
  Time since last request: 0.000027 seconds.
  path: Assets/New Asssets/Plant Animations/BlueFlower1/BlueFlower_00016.png
  artifactKey: Guid(3e27906e85849e54c9489cd13e15fb66) Importer(2089858483,b0f066a214c2f5e87bad3c948f4d605d)
Start importing Assets/New Asssets/Plant Animations/BlueFlower1/BlueFlower_00016.png using Guid(3e27906e85849e54c9489cd13e15fb66) Importer(2089858483,b0f066a214c2f5e87bad3c948f4d605d) (ScriptedImporter) -> (artifact id: '2f97b2322c2b5a494dcca73f9ed579db') in 0.0167079 seconds
Number of updated asset objects reloaded before import = 0Number of asset objects unloaded after import = 3

========================================================================
Received Import Request.
  Time since last request: 0.000024 seconds.
  path: Assets/New Asssets/Plant Animations/Plant 1/Plant1_00060.png
  artifactKey: Guid(ff9e240d97b3add439751b0f5a445676) Importer(2089858483,b0f066a214c2f5e87bad3c948f4d605d)
Start importing Assets/New Asssets/Plant Animations/Plant 1/Plant1_00060.png using Guid(ff9e240d97b3add439751b0f5a445676) Importer(2089858483,b0f066a214c2f5e87bad3c948f4d605d) (ScriptedImporter) -> (artifact id: '1d70da78b2ed22dfe3b1a5bffe8e9a97') in 0.017252 seconds
Number of updated asset objects reloaded before import = 0Number of asset objects unloaded after import = 3

========================================================================
Received Import Request.
  Time since last request: 0.000024 seconds.
  path: Assets/New Asssets/Plant Animations/Plant 1/Plant1_00046.png
  artifactKey: Guid(ec1e55e900da2ce47811fae218964631) Importer(2089858483,b0f066a214c2f5e87bad3c948f4d605d)
Start importing Assets/New Asssets/Plant Animations/Plant 1/Plant1_00046.png using Guid(ec1e55e900da2ce47811fae218964631) Importer(2089858483,b0f066a214c2f5e87bad3c948f4d605d) (ScriptedImporter) -> (artifact id: '0d3da4e7eed08b65924e1e00b6beafde') in 0.0201952 seconds
Number of updated asset objects reloaded before import = 0Number of asset objects unloaded after import = 3

========================================================================
Received Import Request.
  Time since last request: 0.000036 seconds.
  path: Assets/New Asssets/Plant Animations/Plant 7/Plant7_00058.png
  artifactKey: Guid(77fb88df5fd81a3409620f75c3ab6c98) Importer(2089858483,b0f066a214c2f5e87bad3c948f4d605d)
Start importing Assets/New Asssets/Plant Animations/Plant 7/Plant7_00058.png using Guid(77fb88df5fd81a3409620f75c3ab6c98) Importer(2089858483,b0f066a214c2f5e87bad3c948f4d605d) (ScriptedImporter) -> (artifact id: '1259d1707444e15d1af25203f6bb5f6f') in 0.0174594 seconds
Number of updated asset objects reloaded before import = 0Number of asset objects unloaded after import = 3

========================================================================
Received Import Request.
  Time since last request: 0.000062 seconds.
  path: Assets/New Asssets/Plant Animations/Plant 7/Plant7_00009.png
  artifactKey: Guid(3704ee9171fb1824398ee749256f36b7) Importer(2089858483,b0f066a214c2f5e87bad3c948f4d605d)
Start importing Assets/New Asssets/Plant Animations/Plant 7/Plant7_00009.png using Guid(3704ee9171fb1824398ee749256f36b7) Importer(2089858483,b0f066a214c2f5e87bad3c948f4d605d) (ScriptedImporter) -> (artifact id: '406755632d52edc5053b87d95ac2d1d1') in 0.0174309 seconds
Number of updated asset objects reloaded before import = 0Number of asset objects unloaded after import = 3

========================================================================
Received Import Request.
  Time since last request: 0.000023 seconds.
  path: Assets/New Asssets/Plant Animations/PlantJump2/JumpPlant 2_00011.png
  artifactKey: Guid(fcbff0ffae9718242bbe8f54225f2c20) Importer(2089858483,b0f066a214c2f5e87bad3c948f4d605d)
Start importing Assets/New Asssets/Plant Animations/PlantJump2/JumpPlant 2_00011.png using Guid(fcbff0ffae9718242bbe8f54225f2c20) Importer(2089858483,b0f066a214c2f5e87bad3c948f4d605d) (ScriptedImporter) -> (artifact id: 'e1920f0bbd2bbbdcd0c7ec6e00e06c1e') in 0.0167852 seconds
Number of updated asset objects reloaded before import = 0Number of asset objects unloaded after import = 3

========================================================================
Received Import Request.
  Time since last request: 0.000025 seconds.
  path: Assets/New Asssets/Plant Animations/BlueFlower1/BlueFlower_00040.png
  artifactKey: Guid(e8f1fb4e4964ba24c8ab7439b40f8c79) Importer(2089858483,b0f066a214c2f5e87bad3c948f4d605d)
Start importing Assets/New Asssets/Plant Animations/BlueFlower1/BlueFlower_00040.png using Guid(e8f1fb4e4964ba24c8ab7439b40f8c79) Importer(2089858483,b0f066a214c2f5e87bad3c948f4d605d) (ScriptedImporter) -> (artifact id: '16c48a08d9deac6f0ea725cd54c30dce') in 0.0158678 seconds
Number of updated asset objects reloaded before import = 0Number of asset objects unloaded after import = 3

========================================================================
Received Import Request.
  Time since last request: 0.000031 seconds.
  path: Assets/New Asssets/Plant Animations/Plant 5/Plant5_00012.png
  artifactKey: Guid(dd103c2ad3d4f594b975bb3dcb1fed71) Importer(2089858483,b0f066a214c2f5e87bad3c948f4d605d)
Start importing Assets/New Asssets/Plant Animations/Plant 5/Plant5_00012.png using Guid(dd103c2ad3d4f594b975bb3dcb1fed71) Importer(2089858483,b0f066a214c2f5e87bad3c948f4d605d) (ScriptedImporter) -> (artifact id: '522e68c5853a8f7f120f232ff6142b95') in 0.0177379 seconds
Number of updated asset objects reloaded before import = 0Number of asset objects unloaded after import = 3

========================================================================
Received Import Request.
  Time since last request: 0.000032 seconds.
  path: Assets/New Asssets/BlueWizard/2BlueWizardIdle/Chara - BlueIdle00019.png
  artifactKey: Guid(a32cbd258c0c12c4a95c238711da4697) Importer(2089858483,b0f066a214c2f5e87bad3c948f4d605d)
Start importing Assets/New Asssets/BlueWizard/2BlueWizardIdle/Chara - BlueIdle00019.png using Guid(a32cbd258c0c12c4a95c238711da4697) Importer(2089858483,b0f066a214c2f5e87bad3c948f4d605d) (ScriptedImporter) -> (artifact id: 'a8cf23e7a985ff26578c94f4ee1bd676') in 0.0209585 seconds
Number of updated asset objects reloaded before import = 0Number of asset objects unloaded after import = 3

========================================================================
Received Import Request.
  Time since last request: 0.000046 seconds.
  path: Assets/New Asssets/Plant Animations/Plant 7/Plant7_00038.png
  artifactKey: Guid(f6bdde89e456ba9418084e4ef11ea9f9) Importer(2089858483,b0f066a214c2f5e87bad3c948f4d605d)
Start importing Assets/New Asssets/Plant Animations/Plant 7/Plant7_00038.png using Guid(f6bdde89e456ba9418084e4ef11ea9f9) Importer(2089858483,b0f066a214c2f5e87bad3c948f4d605d) (ScriptedImporter) -> (artifact id: '51d5e02131d05e77ac79079b2ed9957f') in 0.0171205 seconds
Number of updated asset objects reloaded before import = 0Number of asset objects unloaded after import = 3

========================================================================
Received Import Request.
  Time since last request: 0.000037 seconds.
  path: Assets/New Asssets/Plant Animations/Plant 5/Plant5_00004.png
  artifactKey: Guid(24173a5715798ba45ae3fef3d5153fef) Importer(2089858483,b0f066a214c2f5e87bad3c948f4d605d)
Start importing Assets/New Asssets/Plant Animations/Plant 5/Plant5_00004.png using Guid(24173a5715798ba45ae3fef3d5153fef) Importer(2089858483,b0f066a214c2f5e87bad3c948f4d605d) (ScriptedImporter) -> (artifact id: '774bb970dd0a691271b4f45754e4bf37') in 0.0171636 seconds
Number of updated asset objects reloaded before import = 0Number of asset objects unloaded after import = 3

========================================================================
Received Import Request.
  Time since last request: 0.000026 seconds.
  path: Assets/New Asssets/Plant Animations/Plant 5/Plant5_00005.png
  artifactKey: Guid(9234929c137618c48ae0d51dad42e281) Importer(2089858483,b0f066a214c2f5e87bad3c948f4d605d)
Start importing Assets/New Asssets/Plant Animations/Plant 5/Plant5_00005.png using Guid(9234929c137618c48ae0d51dad42e281) Importer(2089858483,b0f066a214c2f5e87bad3c948f4d605d) (ScriptedImporter) -> (artifact id: 'df90cb03618226fc45d9506997e46b3e') in 0.018431 seconds
Number of updated asset objects reloaded before import = 0Number of asset objects unloaded after import = 3

========================================================================
Received Import Request.
  Time since last request: 0.000030 seconds.
  path: Assets/New Asssets/BlueWizard/2BlueWizardJump/Dash3/Dash3_00002.png
  artifactKey: Guid(56a520fa626096141b0f114d409650be) Importer(2089858483,b0f066a214c2f5e87bad3c948f4d605d)
Start importing Assets/New Asssets/BlueWizard/2BlueWizardJump/Dash3/Dash3_00002.png using Guid(56a520fa626096141b0f114d409650be) Importer(2089858483,b0f066a214c2f5e87bad3c948f4d605d) (ScriptedImporter) -> (artifact id: '6b913d5fc85cbcb1c829c9e1555d2ca9') in 0.0219082 seconds
Number of updated asset objects reloaded before import = 0Number of asset objects unloaded after import = 3

========================================================================
Received Import Request.
  Time since last request: 0.000034 seconds.
  path: Assets/New Asssets/Plant Animations/Plant 1/Plant1_00071.png
  artifactKey: Guid(8cf64eb5f47b3ac4ca044aa535ae8c7a) Importer(2089858483,b0f066a214c2f5e87bad3c948f4d605d)
Start importing Assets/New Asssets/Plant Animations/Plant 1/Plant1_00071.png using Guid(8cf64eb5f47b3ac4ca044aa535ae8c7a) Importer(2089858483,b0f066a214c2f5e87bad3c948f4d605d) (ScriptedImporter) -> (artifact id: '793afa64b6045ac1752a4c07ae28b22d') in 0.0184259 seconds
Number of updated asset objects reloaded before import = 0Number of asset objects unloaded after import = 3

========================================================================
Received Import Request.
  Time since last request: 0.000041 seconds.
  path: Assets/New Asssets/Plant Animations/Plant 5/Plant5_00010.png
  artifactKey: Guid(3474c7a2860a3e443a8aee69ef4ab11e) Importer(2089858483,b0f066a214c2f5e87bad3c948f4d605d)
Start importing Assets/New Asssets/Plant Animations/Plant 5/Plant5_00010.png using Guid(3474c7a2860a3e443a8aee69ef4ab11e) Importer(2089858483,b0f066a214c2f5e87bad3c948f4d605d) (ScriptedImporter) -> (artifact id: '558f7baebcbb6764d47366214877b7c6') in 0.0230329 seconds
Number of updated asset objects reloaded before import = 0Number of asset objects unloaded after import = 3

========================================================================
Received Import Request.
  Time since last request: 0.000034 seconds.
  path: Assets/New Asssets/Plant Animations/Plant 4/Plant4_00039.png
  artifactKey: Guid(9ea26a6564edf114eac75e7f921fbc54) Importer(2089858483,b0f066a214c2f5e87bad3c948f4d605d)
Start importing Assets/New Asssets/Plant Animations/Plant 4/Plant4_00039.png using Guid(9ea26a6564edf114eac75e7f921fbc54) Importer(2089858483,b0f066a214c2f5e87bad3c948f4d605d) (ScriptedImporter) -> (artifact id: '45925a99e77349f866a58e9efd46a264') in 0.0195431 seconds
Number of updated asset objects reloaded before import = 0Number of asset objects unloaded after import = 3

========================================================================
Received Import Request.
  Time since last request: 0.000036 seconds.
  path: Assets/New Asssets/Plant Animations/Plant 4/Plant4_00007.png
  artifactKey: Guid(fdceb0b798a13534d9eba228dc943179) Importer(2089858483,b0f066a214c2f5e87bad3c948f4d605d)
Start importing Assets/New Asssets/Plant Animations/Plant 4/Plant4_00007.png using Guid(fdceb0b798a13534d9eba228dc943179) Importer(2089858483,b0f066a214c2f5e87bad3c948f4d605d) (ScriptedImporter) -> (artifact id: 'e02205c22b0898356e4e8c1a9685b054') in 0.0209119 seconds
Number of updated asset objects reloaded before import = 0Number of asset objects unloaded after import = 3

========================================================================
Received Import Request.
  Time since last request: 0.000024 seconds.
  path: Assets/New Asssets/Plant Animations/Plant 3/Plant3_00085.png
  artifactKey: Guid(2974b1c48c60aa548a827e1e4bfb1571) Importer(2089858483,b0f066a214c2f5e87bad3c948f4d605d)
Start importing Assets/New Asssets/Plant Animations/Plant 3/Plant3_00085.png using Guid(2974b1c48c60aa548a827e1e4bfb1571) Importer(2089858483,b0f066a214c2f5e87bad3c948f4d605d) (ScriptedImporter) -> (artifact id: 'a7bf6a450279fb69bab3a937749d5923') in 0.0207781 seconds
Number of updated asset objects reloaded before import = 0Number of asset objects unloaded after import = 4

========================================================================
Received Import Request.
  Time since last request: 0.000027 seconds.
  path: Assets/New Asssets/Plant Animations/Plant 4/Plant4_00032.png
  artifactKey: Guid(a81738da048882f4a82d4af101612f8c) Importer(2089858483,b0f066a214c2f5e87bad3c948f4d605d)
Start importing Assets/New Asssets/Plant Animations/Plant 4/Plant4_00032.png using Guid(a81738da048882f4a82d4af101612f8c) Importer(2089858483,b0f066a214c2f5e87bad3c948f4d605d) (ScriptedImporter) -> (artifact id: 'd31913bc889aa757df0ada2a0e49aafd') in 0.0195445 seconds
Number of updated asset objects reloaded before import = 0Number of asset objects unloaded after import = 3

========================================================================
Received Import Request.
  Time since last request: 0.000048 seconds.
  path: Assets/New Asssets/Plant Animations/Plant 2/Plant2_00053.png
  artifactKey: Guid(3d1c4eed8dec4274191722d100e916dc) Importer(2089858483,b0f066a214c2f5e87bad3c948f4d605d)
Start importing Assets/New Asssets/Plant Animations/Plant 2/Plant2_00053.png using Guid(3d1c4eed8dec4274191722d100e916dc) Importer(2089858483,b0f066a214c2f5e87bad3c948f4d605d) (ScriptedImporter) -> (artifact id: 'ae4ce020099083905f782926243e694c') in 0.0223451 seconds
Number of updated asset objects reloaded before import = 0Number of asset objects unloaded after import = 5

========================================================================
Received Import Request.
  Time since last request: 0.000030 seconds.
  path: Assets/New Asssets/BlueWizard/2BlueWizardJump/DashEffect/BlueWizardDash_00014.png
  artifactKey: Guid(0bb268baa4488b24f99c8d55e1123833) Importer(2089858483,b0f066a214c2f5e87bad3c948f4d605d)
Start importing Assets/New Asssets/BlueWizard/2BlueWizardJump/DashEffect/BlueWizardDash_00014.png using Guid(0bb268baa4488b24f99c8d55e1123833) Importer(2089858483,b0f066a214c2f5e87bad3c948f4d605d) (ScriptedImporter) -> (artifact id: '88c51a90b99fdce49f4301f4c6f196b9') in 0.0157027 seconds
Number of updated asset objects reloaded before import = 0Number of asset objects unloaded after import = 3

========================================================================
Received Import Request.
  Time since last request: 0.000023 seconds.
  path: Assets/New Asssets/Plant Animations/Plant 5/Plant5_00038.png
  artifactKey: Guid(cf93fc6b1c5cacb41aa9ecd56922e018) Importer(2089858483,b0f066a214c2f5e87bad3c948f4d605d)
Start importing Assets/New Asssets/Plant Animations/Plant 5/Plant5_00038.png using Guid(cf93fc6b1c5cacb41aa9ecd56922e018) Importer(2089858483,b0f066a214c2f5e87bad3c948f4d605d) (ScriptedImporter) -> (artifact id: 'a37ef65d722c3760b02d3adb30aaf73d') in 0.0171973 seconds
Number of updated asset objects reloaded before import = 0Number of asset objects unloaded after import = 3

========================================================================
Received Import Request.
  Time since last request: 0.000031 seconds.
  path: Assets/New Asssets/Plant Animations/BlueFlower2/BluePlantClosed_00026.png
  artifactKey: Guid(785c8af046dffa04298eb76bd1fe9cd8) Importer(2089858483,b0f066a214c2f5e87bad3c948f4d605d)
Start importing Assets/New Asssets/Plant Animations/BlueFlower2/BluePlantClosed_00026.png using Guid(785c8af046dffa04298eb76bd1fe9cd8) Importer(2089858483,b0f066a214c2f5e87bad3c948f4d605d) (ScriptedImporter) -> (artifact id: '6c995c5131fabf07151339e09fa095af') in 0.0257044 seconds
Number of updated asset objects reloaded before import = 0Number of asset objects unloaded after import = 7

========================================================================
Received Import Request.
  Time since last request: 0.000037 seconds.
  path: Assets/New Asssets/Plant Animations/PlantJump2/JumpPlant 2_00019.png
  artifactKey: Guid(98a4cc054f268af4f8ee296058ba7f38) Importer(2089858483,b0f066a214c2f5e87bad3c948f4d605d)
Start importing Assets/New Asssets/Plant Animations/PlantJump2/JumpPlant 2_00019.png using Guid(98a4cc054f268af4f8ee296058ba7f38) Importer(2089858483,b0f066a214c2f5e87bad3c948f4d605d) (ScriptedImporter) -> (artifact id: '5975fe463cca0da2d070da700e2d4f41') in 0.0187981 seconds
Number of updated asset objects reloaded before import = 0Number of asset objects unloaded after import = 3

========================================================================
Received Import Request.
  Time since last request: 0.000036 seconds.
  path: Assets/New Asssets/Plant Animations/Plant 7/Plant7_00014.png
  artifactKey: Guid(6fd9f4eba1bd0354188b91294e25486f) Importer(2089858483,b0f066a214c2f5e87bad3c948f4d605d)
Start importing Assets/New Asssets/Plant Animations/Plant 7/Plant7_00014.png using Guid(6fd9f4eba1bd0354188b91294e25486f) Importer(2089858483,b0f066a214c2f5e87bad3c948f4d605d) (ScriptedImporter) -> (artifact id: 'a4b6c872b1efaeaca590f9d2a5894114') in 0.0199353 seconds
Number of updated asset objects reloaded before import = 0Number of asset objects unloaded after import = 3

========================================================================
Received Import Request.
  Time since last request: 0.000028 seconds.
  path: Assets/New Asssets/Plant Animations/Plant 2/Plant2_00038.png
  artifactKey: Guid(7931eb2b40a74654d92e66f0a24f80f4) Importer(2089858483,b0f066a214c2f5e87bad3c948f4d605d)
Start importing Assets/New Asssets/Plant Animations/Plant 2/Plant2_00038.png using Guid(7931eb2b40a74654d92e66f0a24f80f4) Importer(2089858483,b0f066a214c2f5e87bad3c948f4d605d) (ScriptedImporter) -> (artifact id: '137a76cad04a9695580e5b6698a3a4e6') in 0.0197258 seconds
Number of updated asset objects reloaded before import = 0Number of asset objects unloaded after import = 5

========================================================================
Received Import Request.
  Time since last request: 0.000288 seconds.
  path: Assets/New Asssets/Plant Animations/Plant 7/Plant7_00050.png
  artifactKey: Guid(001834147a363874ca2c976876711056) Importer(2089858483,b0f066a214c2f5e87bad3c948f4d605d)
Start importing Assets/New Asssets/Plant Animations/Plant 7/Plant7_00050.png using Guid(001834147a363874ca2c976876711056) Importer(2089858483,b0f066a214c2f5e87bad3c948f4d605d) (ScriptedImporter) -> (artifact id: 'f9bef95ab885ad3e2bd3d3c0725c4e59') in 0.0164557 seconds
Number of updated asset objects reloaded before import = 0Number of asset objects unloaded after import = 3

========================================================================
Received Import Request.
  Time since last request: 0.000038 seconds.
  path: Assets/New Asssets/Plant Animations/Plant 6/Plant6_00028.png
  artifactKey: Guid(172a127fcd13d834abede211e561c8ec) Importer(2089858483,b0f066a214c2f5e87bad3c948f4d605d)
Start importing Assets/New Asssets/Plant Animations/Plant 6/Plant6_00028.png using Guid(172a127fcd13d834abede211e561c8ec) Importer(2089858483,b0f066a214c2f5e87bad3c948f4d605d) (ScriptedImporter) -> (artifact id: 'cabfb66184240729049140f550026928') in 0.0176512 seconds
Number of updated asset objects reloaded before import = 0Number of asset objects unloaded after import = 3

========================================================================
Received Import Request.
  Time since last request: 0.000026 seconds.
  path: Assets/New Asssets/Plant Animations/Plant Wind 1/Plant Wind 1_00015.png
  artifactKey: Guid(8f7d86bb91d8b274cb1c91cde8139915) Importer(2089858483,b0f066a214c2f5e87bad3c948f4d605d)
Start importing Assets/New Asssets/Plant Animations/Plant Wind 1/Plant Wind 1_00015.png using Guid(8f7d86bb91d8b274cb1c91cde8139915) Importer(2089858483,b0f066a214c2f5e87bad3c948f4d605d) (ScriptedImporter) -> (artifact id: '414cdd32984a3024b20fa36a808f7a12') in 0.0165101 seconds
Number of updated asset objects reloaded before import = 0Number of asset objects unloaded after import = 3

========================================================================
Received Import Request.
  Time since last request: 0.000034 seconds.
  path: Assets/New Asssets/Plant Animations/Plant 4/Plant4_00056.png
  artifactKey: Guid(a196c246e95f33b478de6b3f21b8a193) Importer(2089858483,b0f066a214c2f5e87bad3c948f4d605d)
Start importing Assets/New Asssets/Plant Animations/Plant 4/Plant4_00056.png using Guid(a196c246e95f33b478de6b3f21b8a193) Importer(2089858483,b0f066a214c2f5e87bad3c948f4d605d) (ScriptedImporter) -> (artifact id: '1d198c3fac94c0f7301d372637fdc64c') in 0.0187957 seconds
Number of updated asset objects reloaded before import = 0Number of asset objects unloaded after import = 3

========================================================================
Received Import Request.
  Time since last request: 0.000035 seconds.
  path: Assets/New Asssets/BlueWizard/2BlueWizardJump/CharaWizardJump_00006.png
  artifactKey: Guid(b04fb9a02cc5ecc439dd68d880306d2c) Importer(815301076,1909f56bfc062723c751e8b465ee728b)
Start importing Assets/New Asssets/BlueWizard/2BlueWizardJump/CharaWizardJump_00006.png using Guid(b04fb9a02cc5ecc439dd68d880306d2c) Importer(815301076,1909f56bfc062723c751e8b465ee728b) (PreviewImporter) -> (artifact id: '684cd138f5092a6dcafc0ca9e2c79090') in 0.0205561 seconds
Number of updated asset objects reloaded before import = 0Number of asset objects unloaded after import = 3

========================================================================
Received Import Request.
  Time since last request: 0.000037 seconds.
  path: Assets/New Asssets/Plant Animations/Plant 7/Plant7_00048.png
  artifactKey: Guid(16d53c4a2269f7d43a40b83c824ce954) Importer(2089858483,b0f066a214c2f5e87bad3c948f4d605d)
Start importing Assets/New Asssets/Plant Animations/Plant 7/Plant7_00048.png using Guid(16d53c4a2269f7d43a40b83c824ce954) Importer(2089858483,b0f066a214c2f5e87bad3c948f4d605d) (ScriptedImporter) -> (artifact id: '6e08f22b7a6279d2b68150111c9762a3') in 0.0190623 seconds
Number of updated asset objects reloaded before import = 0Number of asset objects unloaded after import = 3

========================================================================
Received Import Request.
  Time since last request: 0.000023 seconds.
  path: Assets/New Asssets/Plant Animations/Plant 1/Plant1_00033.png
  artifactKey: Guid(2d765a73225957144a98c2bd2e1d07ac) Importer(2089858483,b0f066a214c2f5e87bad3c948f4d605d)
Start importing Assets/New Asssets/Plant Animations/Plant 1/Plant1_00033.png using Guid(2d765a73225957144a98c2bd2e1d07ac) Importer(2089858483,b0f066a214c2f5e87bad3c948f4d605d) (ScriptedImporter) -> (artifact id: 'b8a722af2cc21764fc03f8ec9cb980cd') in 0.015845 seconds
Number of updated asset objects reloaded before import = 0Number of asset objects unloaded after import = 3

========================================================================
Received Import Request.
  Time since last request: 0.000041 seconds.
  path: Assets/New Asssets/Plant Animations/Plant 1/Plant1_00041.png
  artifactKey: Guid(19e09c1cd87d92c489c22be5720b3ad4) Importer(2089858483,b0f066a214c2f5e87bad3c948f4d605d)
Start importing Assets/New Asssets/Plant Animations/Plant 1/Plant1_00041.png using Guid(19e09c1cd87d92c489c22be5720b3ad4) Importer(2089858483,b0f066a214c2f5e87bad3c948f4d605d) (ScriptedImporter) -> (artifact id: 'dc53b25f1d8fc866c2ac06b2d9e3930d') in 0.0196939 seconds
Number of updated asset objects reloaded before import = 0Number of asset objects unloaded after import = 3

========================================================================
Received Import Request.
  Time since last request: 0.000034 seconds.
  path: Assets/New Asssets/Plant Animations/Plant 5/Plant5_00019.png
  artifactKey: Guid(842e9f499e4581a4cbcc4a4e3d9313cc) Importer(2089858483,b0f066a214c2f5e87bad3c948f4d605d)
Start importing Assets/New Asssets/Plant Animations/Plant 5/Plant5_00019.png using Guid(842e9f499e4581a4cbcc4a4e3d9313cc) Importer(2089858483,b0f066a214c2f5e87bad3c948f4d605d) (ScriptedImporter) -> (artifact id: '8db6aa9205562f0df8fc67089099c95d') in 0.0174589 seconds
Number of updated asset objects reloaded before import = 0Number of asset objects unloaded after import = 3

========================================================================
Received Import Request.
  Time since last request: 0.000024 seconds.
  path: Assets/New Asssets/BlueWizard/2BlueWizardJump/CharaWizardJump_00002.png
  artifactKey: Guid(c350a96c282a2264f82596185e8d2861) Importer(815301076,1909f56bfc062723c751e8b465ee728b)
Start importing Assets/New Asssets/BlueWizard/2BlueWizardJump/CharaWizardJump_00002.png using Guid(c350a96c282a2264f82596185e8d2861) Importer(815301076,1909f56bfc062723c751e8b465ee728b) (PreviewImporter) -> (artifact id: 'ad704694aae190c2e0dddc7e8114105c') in 0.0205006 seconds
Number of updated asset objects reloaded before import = 0Number of asset objects unloaded after import = 3

========================================================================
Received Import Request.
  Time since last request: 0.000024 seconds.
  path: Assets/New Asssets/BlueWizard/2BlueWizardJump/DashEffect/BlueWizardDash_00011.png
  artifactKey: Guid(714f191ff2c080747aa53b818eed95e8) Importer(2089858483,b0f066a214c2f5e87bad3c948f4d605d)
Start importing Assets/New Asssets/BlueWizard/2BlueWizardJump/DashEffect/BlueWizardDash_00011.png using Guid(714f191ff2c080747aa53b818eed95e8) Importer(2089858483,b0f066a214c2f5e87bad3c948f4d605d) (ScriptedImporter) -> (artifact id: 'b7a0c6303873cd46af9a607076e447b6') in 0.0183587 seconds
Number of updated asset objects reloaded before import = 0Number of asset objects unloaded after import = 3

========================================================================
Received Import Request.
  Time since last request: 0.000042 seconds.
  path: Assets/New Asssets/Plant Animations/Plant 5/Plant5_00058.png
  artifactKey: Guid(724a7e1737aae0444bc622f59b471def) Importer(2089858483,b0f066a214c2f5e87bad3c948f4d605d)
Start importing Assets/New Asssets/Plant Animations/Plant 5/Plant5_00058.png using Guid(724a7e1737aae0444bc622f59b471def) Importer(2089858483,b0f066a214c2f5e87bad3c948f4d605d) (ScriptedImporter) -> (artifact id: '5500d48a84df1abf69c0a1aaf80be15a') in 0.0192276 seconds
Number of updated asset objects reloaded before import = 0Number of asset objects unloaded after import = 3

========================================================================
Received Import Request.
  Time since last request: 0.000042 seconds.
  path: Assets/New Asssets/Plant Animations/Plant 6/Plant6_00020.png
  artifactKey: Guid(540570b9ca8343e44bba933d40c45633) Importer(2089858483,b0f066a214c2f5e87bad3c948f4d605d)
Start importing Assets/New Asssets/Plant Animations/Plant 6/Plant6_00020.png using Guid(540570b9ca8343e44bba933d40c45633) Importer(2089858483,b0f066a214c2f5e87bad3c948f4d605d) (ScriptedImporter) -> (artifact id: 'da71d940ea6d9f53c561254309f9cc3c') in 0.0175166 seconds
Number of updated asset objects reloaded before import = 0Number of asset objects unloaded after import = 3

========================================================================
Received Import Request.
  Time since last request: 0.000048 seconds.
  path: Assets/New Asssets/Plant Animations/Plant 4/Plant4_00008.png
  artifactKey: Guid(be12e3867135c5b48b82107cee580f3a) Importer(2089858483,b0f066a214c2f5e87bad3c948f4d605d)
Start importing Assets/New Asssets/Plant Animations/Plant 4/Plant4_00008.png using Guid(be12e3867135c5b48b82107cee580f3a) Importer(2089858483,b0f066a214c2f5e87bad3c948f4d605d) (ScriptedImporter) -> (artifact id: '79f815b2c95e33001d05044e9166b4cf') in 0.0184738 seconds
Number of updated asset objects reloaded before import = 0Number of asset objects unloaded after import = 3

========================================================================
Received Import Request.
  Time since last request: 0.000048 seconds.
  path: Assets/New Asssets/Plant Animations/BlueFlower1/BlueFlower_00012.png
  artifactKey: Guid(e22a3aa8a1794384aa860776d229ef09) Importer(2089858483,b0f066a214c2f5e87bad3c948f4d605d)
Start importing Assets/New Asssets/Plant Animations/BlueFlower1/BlueFlower_00012.png using Guid(e22a3aa8a1794384aa860776d229ef09) Importer(2089858483,b0f066a214c2f5e87bad3c948f4d605d) (ScriptedImporter) -> (artifact id: '63f85112585182e44658e730131f66f4') in 0.0187184 seconds
Number of updated asset objects reloaded before import = 0Number of asset objects unloaded after import = 3

========================================================================
Received Import Request.
  Time since last request: 0.000033 seconds.
  path: Assets/New Asssets/BlueWizard/2BlueWizardJump/Dash3/Dash3_00003.png
  artifactKey: Guid(ea305903139b3854689078a07d6f45e4) Importer(2089858483,b0f066a214c2f5e87bad3c948f4d605d)
Start importing Assets/New Asssets/BlueWizard/2BlueWizardJump/Dash3/Dash3_00003.png using Guid(ea305903139b3854689078a07d6f45e4) Importer(2089858483,b0f066a214c2f5e87bad3c948f4d605d) (ScriptedImporter) -> (artifact id: 'b3de54f4293da6807a8fa9768cd0f154') in 0.018409 seconds
Number of updated asset objects reloaded before import = 0Number of asset objects unloaded after import = 3

========================================================================
Received Import Request.
  Time since last request: 0.000023 seconds.
  path: Assets/New Asssets/Plant Animations/Plant 7/Plant7_00011.png
  artifactKey: Guid(ad821ef2b64508244ad893c4de77279d) Importer(2089858483,b0f066a214c2f5e87bad3c948f4d605d)
Start importing Assets/New Asssets/Plant Animations/Plant 7/Plant7_00011.png using Guid(ad821ef2b64508244ad893c4de77279d) Importer(2089858483,b0f066a214c2f5e87bad3c948f4d605d) (ScriptedImporter) -> (artifact id: '14d6749e99fbd4a7719369f5b55e8bb1') in 0.0171064 seconds
Number of updated asset objects reloaded before import = 0Number of asset objects unloaded after import = 3

========================================================================
Received Import Request.
  Time since last request: 0.000027 seconds.
  path: Assets/New Asssets/Plant Animations/Plant 8 Poison/PlantPosion_00000.png
  artifactKey: Guid(a514b24ed88384a43b9d382c97cac8ae) Importer(2089858483,b0f066a214c2f5e87bad3c948f4d605d)
Start importing Assets/New Asssets/Plant Animations/Plant 8 Poison/PlantPosion_00000.png using Guid(a514b24ed88384a43b9d382c97cac8ae) Importer(2089858483,b0f066a214c2f5e87bad3c948f4d605d) (ScriptedImporter) -> (artifact id: '1543b2d67c2e41c6d8937c12d8d5cc8c') in 0.0195323 seconds
Number of updated asset objects reloaded before import = 0Number of asset objects unloaded after import = 3

========================================================================
Received Import Request.
  Time since last request: 0.000051 seconds.
  path: Assets/New Asssets/Plant Animations/Plant 1/Plant1_00010.png
  artifactKey: Guid(1af9bfb4bc95b6147afb9cf5ed06b05c) Importer(2089858483,b0f066a214c2f5e87bad3c948f4d605d)
Start importing Assets/New Asssets/Plant Animations/Plant 1/Plant1_00010.png using Guid(1af9bfb4bc95b6147afb9cf5ed06b05c) Importer(2089858483,b0f066a214c2f5e87bad3c948f4d605d) (ScriptedImporter) -> (artifact id: '5f3148206e1d3cc94861f7c0fb197649') in 0.0204086 seconds
Number of updated asset objects reloaded before import = 0Number of asset objects unloaded after import = 3

========================================================================
Received Import Request.
  Time since last request: 0.000034 seconds.
  path: Assets/New Asssets/Plant Animations/Plant 6/Plant6_00026.png
  artifactKey: Guid(d4c8705b0529d4040aba7a9b1e0318a9) Importer(2089858483,b0f066a214c2f5e87bad3c948f4d605d)
Start importing Assets/New Asssets/Plant Animations/Plant 6/Plant6_00026.png using Guid(d4c8705b0529d4040aba7a9b1e0318a9) Importer(2089858483,b0f066a214c2f5e87bad3c948f4d605d) (ScriptedImporter) -> (artifact id: 'c6c5de713faf4172122f40553d291f9c') in 0.0192305 seconds
Number of updated asset objects reloaded before import = 0Number of asset objects unloaded after import = 3

========================================================================
Received Import Request.
  Time since last request: 0.000033 seconds.
  path: Assets/New Asssets/Plant Animations/PlantJump/JumpPlant_00009.png
  artifactKey: Guid(6fd9e1c8e8fca5a4e973b9586d6ccfb7) Importer(2089858483,b0f066a214c2f5e87bad3c948f4d605d)
Start importing Assets/New Asssets/Plant Animations/PlantJump/JumpPlant_00009.png using Guid(6fd9e1c8e8fca5a4e973b9586d6ccfb7) Importer(2089858483,b0f066a214c2f5e87bad3c948f4d605d) (ScriptedImporter) -> (artifact id: '2642ad504986111c4d338933bee9c139') in 0.0196761 seconds
Number of updated asset objects reloaded before import = 0Number of asset objects unloaded after import = 3

========================================================================
Received Import Request.
  Time since last request: 0.000026 seconds.
  path: Assets/New Asssets/Plant Animations/Plant 3/Plant3_00049.png
  artifactKey: Guid(da9c0974d05f2f44f878818d984dd4c2) Importer(2089858483,b0f066a214c2f5e87bad3c948f4d605d)
Start importing Assets/New Asssets/Plant Animations/Plant 3/Plant3_00049.png using Guid(da9c0974d05f2f44f878818d984dd4c2) Importer(2089858483,b0f066a214c2f5e87bad3c948f4d605d) (ScriptedImporter) -> (artifact id: '8d26c49f3dab50d294fec06cc5e7c547') in 0.0178236 seconds
Number of updated asset objects reloaded before import = 0Number of asset objects unloaded after import = 4

========================================================================
Received Import Request.
  Time since last request: 0.000028 seconds.
  path: Assets/New Asssets/Plant Animations/Plant 5/Plant5_00011.png
  artifactKey: Guid(04b938c7717025e4b8ef9b41015ed919) Importer(2089858483,b0f066a214c2f5e87bad3c948f4d605d)
Start importing Assets/New Asssets/Plant Animations/Plant 5/Plant5_00011.png using Guid(04b938c7717025e4b8ef9b41015ed919) Importer(2089858483,b0f066a214c2f5e87bad3c948f4d605d) (ScriptedImporter) -> (artifact id: 'a631a43cc109b1aae375a90492372b2f') in 0.0214731 seconds
Number of updated asset objects reloaded before import = 0Number of asset objects unloaded after import = 3

========================================================================
Received Import Request.
  Time since last request: 0.000034 seconds.
  path: Assets/New Asssets/Plant Animations/PlantJump2/JumpPlant 2_00000.png
  artifactKey: Guid(1472820790a686848a94c809ba7efd26) Importer(2089858483,b0f066a214c2f5e87bad3c948f4d605d)
Start importing Assets/New Asssets/Plant Animations/PlantJump2/JumpPlant 2_00000.png using Guid(1472820790a686848a94c809ba7efd26) Importer(2089858483,b0f066a214c2f5e87bad3c948f4d605d) (ScriptedImporter) -> (artifact id: '0141dfdbb16ea6ce7ebf1b8a5ea26acc') in 0.019259 seconds
Number of updated asset objects reloaded before import = 0Number of asset objects unloaded after import = 3

========================================================================
Received Import Request.
  Time since last request: 0.000033 seconds.
  path: Assets/New Asssets/BlueWizard/2BlueWizardWalk/Chara_BlueWalk00014.png
  artifactKey: Guid(94ab4e127e2ae994887a3870631354b8) Importer(2089858483,b0f066a214c2f5e87bad3c948f4d605d)
Start importing Assets/New Asssets/BlueWizard/2BlueWizardWalk/Chara_BlueWalk00014.png using Guid(94ab4e127e2ae994887a3870631354b8) Importer(2089858483,b0f066a214c2f5e87bad3c948f4d605d) (ScriptedImporter) -> (artifact id: 'b75bfcf1bd4f205495ba7d10beedd43e') in 0.0198601 seconds
Number of updated asset objects reloaded before import = 0Number of asset objects unloaded after import = 3

========================================================================
Received Import Request.
  Time since last request: 0.000036 seconds.
  path: Assets/New Asssets/Plant Animations/Plant 1/Plant1_00043.png
  artifactKey: Guid(f005f37701abd6d49832b315808f239a) Importer(2089858483,b0f066a214c2f5e87bad3c948f4d605d)
Start importing Assets/New Asssets/Plant Animations/Plant 1/Plant1_00043.png using Guid(f005f37701abd6d49832b315808f239a) Importer(2089858483,b0f066a214c2f5e87bad3c948f4d605d) (ScriptedImporter) -> (artifact id: 'd200789d1ebf0af0efdc0309f0ed2874') in 0.0220827 seconds
Number of updated asset objects reloaded before import = 0Number of asset objects unloaded after import = 3

========================================================================
Received Import Request.
  Time since last request: 0.000041 seconds.
  path: Assets/New Asssets/Plant Animations/Plant 2/Plant2_00021.png
  artifactKey: Guid(b91af8d2f565b304db176c09c7584cfb) Importer(2089858483,b0f066a214c2f5e87bad3c948f4d605d)
Start importing Assets/New Asssets/Plant Animations/Plant 2/Plant2_00021.png using Guid(b91af8d2f565b304db176c09c7584cfb) Importer(2089858483,b0f066a214c2f5e87bad3c948f4d605d) (ScriptedImporter) -> (artifact id: 'adbf26727c21160e18250e3f95f690a4') in 0.019231 seconds
Number of updated asset objects reloaded before import = 0Number of asset objects unloaded after import = 5

========================================================================
Received Import Request.
  Time since last request: 0.000035 seconds.
  path: Assets/New Asssets/Plant Animations/Plant 4/Plant4_00044.png
  artifactKey: Guid(1e85ecdb0da18ab479d21bb24e40764c) Importer(2089858483,b0f066a214c2f5e87bad3c948f4d605d)
Start importing Assets/New Asssets/Plant Animations/Plant 4/Plant4_00044.png using Guid(1e85ecdb0da18ab479d21bb24e40764c) Importer(2089858483,b0f066a214c2f5e87bad3c948f4d605d) (ScriptedImporter) -> (artifact id: '2c68229172a6731d333811334b51954e') in 0.0168699 seconds
Number of updated asset objects reloaded before import = 0Number of asset objects unloaded after import = 3

========================================================================
Received Import Request.
  Time since last request: 0.000044 seconds.
  path: Assets/New Asssets/Plant Animations/Plant 6/Plant6_00008.png
  artifactKey: Guid(5dc86c68345511541a8b42047cb9bbb4) Importer(2089858483,b0f066a214c2f5e87bad3c948f4d605d)
Start importing Assets/New Asssets/Plant Animations/Plant 6/Plant6_00008.png using Guid(5dc86c68345511541a8b42047cb9bbb4) Importer(2089858483,b0f066a214c2f5e87bad3c948f4d605d) (ScriptedImporter) -> (artifact id: '4fd3263d3be7237ff81438a97bcbab8c') in 0.0197829 seconds
Number of updated asset objects reloaded before import = 0Number of asset objects unloaded after import = 3

========================================================================
Received Import Request.
  Time since last request: 0.000032 seconds.
  path: Assets/New Asssets/Plant Animations/Plant 6/Plant6_00004.png
  artifactKey: Guid(f766f47244918c349ac9e1783943eebf) Importer(2089858483,b0f066a214c2f5e87bad3c948f4d605d)
Start importing Assets/New Asssets/Plant Animations/Plant 6/Plant6_00004.png using Guid(f766f47244918c349ac9e1783943eebf) Importer(2089858483,b0f066a214c2f5e87bad3c948f4d605d) (ScriptedImporter) -> (artifact id: '9d79c74cad49b5c658d6b23a999c3dd7') in 0.0207911 seconds
Number of updated asset objects reloaded before import = 0Number of asset objects unloaded after import = 3

========================================================================
Received Import Request.
  Time since last request: 0.000043 seconds.
  path: Assets/New Asssets/Plant Animations/Plant 2/Plant2_00072.png
  artifactKey: Guid(278c12b0d646dd440ad040cf866d3336) Importer(2089858483,b0f066a214c2f5e87bad3c948f4d605d)
Start importing Assets/New Asssets/Plant Animations/Plant 2/Plant2_00072.png using Guid(278c12b0d646dd440ad040cf866d3336) Importer(2089858483,b0f066a214c2f5e87bad3c948f4d605d) (ScriptedImporter) -> (artifact id: '207667ea25ce8eea36ad92452a25fa8c') in 0.0210508 seconds
Number of updated asset objects reloaded before import = 0Number of asset objects unloaded after import = 5

========================================================================
Received Import Request.
  Time since last request: 0.000025 seconds.
  path: Assets/New Asssets/Plant Animations/Plant Wind 1/Plant Wind 1_00012.png
  artifactKey: Guid(d30aab3030f1dbe45907127703f5b83b) Importer(2089858483,b0f066a214c2f5e87bad3c948f4d605d)
Start importing Assets/New Asssets/Plant Animations/Plant Wind 1/Plant Wind 1_00012.png using Guid(d30aab3030f1dbe45907127703f5b83b) Importer(2089858483,b0f066a214c2f5e87bad3c948f4d605d) (ScriptedImporter) -> (artifact id: '3ee9fb6d5dc74edec799115cf7764824') in 0.0197769 seconds
Number of updated asset objects reloaded before import = 0Number of asset objects unloaded after import = 3

========================================================================
Received Import Request.
  Time since last request: 0.000039 seconds.
  path: Assets/New Asssets/Plant Animations/Plant 1/Plant1_00063.png
  artifactKey: Guid(136e06c29ef730b43967b11576fbaf87) Importer(2089858483,b0f066a214c2f5e87bad3c948f4d605d)
Start importing Assets/New Asssets/Plant Animations/Plant 1/Plant1_00063.png using Guid(136e06c29ef730b43967b11576fbaf87) Importer(2089858483,b0f066a214c2f5e87bad3c948f4d605d) (ScriptedImporter) -> (artifact id: 'e9f9d7e2c98383ea49a7494cea00db8d') in 0.0186216 seconds
Number of updated asset objects reloaded before import = 0Number of asset objects unloaded after import = 3

========================================================================
Received Import Request.
  Time since last request: 0.000030 seconds.
  path: Assets/New Asssets/Plant Animations/Plant 6/Plant6_00001.png
  artifactKey: Guid(8dc7874d723e2304a96ca312a6d0981c) Importer(2089858483,b0f066a214c2f5e87bad3c948f4d605d)
Start importing Assets/New Asssets/Plant Animations/Plant 6/Plant6_00001.png using Guid(8dc7874d723e2304a96ca312a6d0981c) Importer(2089858483,b0f066a214c2f5e87bad3c948f4d605d) (ScriptedImporter) -> (artifact id: 'dfc11301f4fce97a74148e4cac148c21') in 0.0173164 seconds
Number of updated asset objects reloaded before import = 0Number of asset objects unloaded after import = 3

========================================================================
Received Import Request.
  Time since last request: 0.000024 seconds.
  path: Assets/New Asssets/Plant Animations/BlueFlower2/BluePlantClosed_00038.png
  artifactKey: Guid(c9a802c292b1f0541bea9dc8c1e0a633) Importer(2089858483,b0f066a214c2f5e87bad3c948f4d605d)
Start importing Assets/New Asssets/Plant Animations/BlueFlower2/BluePlantClosed_00038.png using Guid(c9a802c292b1f0541bea9dc8c1e0a633) Importer(2089858483,b0f066a214c2f5e87bad3c948f4d605d) (ScriptedImporter) -> (artifact id: 'd4f0abc721aa60109f998bb5b0c2612e') in 0.0277153 seconds
Number of updated asset objects reloaded before import = 0Number of asset objects unloaded after import = 8

========================================================================
Received Import Request.
  Time since last request: 0.000025 seconds.
  path: Assets/New Asssets/Plant Animations/Plant 1/Plant1_00075.png
  artifactKey: Guid(5036e0858652cd84891fed731538f490) Importer(2089858483,b0f066a214c2f5e87bad3c948f4d605d)
Start importing Assets/New Asssets/Plant Animations/Plant 1/Plant1_00075.png using Guid(5036e0858652cd84891fed731538f490) Importer(2089858483,b0f066a214c2f5e87bad3c948f4d605d) (ScriptedImporter) -> (artifact id: '42014cd88dff030afa1436beed236dbc') in 0.0177132 seconds
Number of updated asset objects reloaded before import = 0Number of asset objects unloaded after import = 3

========================================================================
Received Import Request.
  Time since last request: 0.000037 seconds.
  path: Assets/New Asssets/Plant Animations/Plant 6/Plant6_00059.png
  artifactKey: Guid(15c5ca663c2af9f4eb89a2dc507ec902) Importer(2089858483,b0f066a214c2f5e87bad3c948f4d605d)
Start importing Assets/New Asssets/Plant Animations/Plant 6/Plant6_00059.png using Guid(15c5ca663c2af9f4eb89a2dc507ec902) Importer(2089858483,b0f066a214c2f5e87bad3c948f4d605d) (ScriptedImporter) -> (artifact id: 'ed467d8f50d09de06b1b3f833fdef918') in 0.0177558 seconds
Number of updated asset objects reloaded before import = 0Number of asset objects unloaded after import = 3

========================================================================
Received Import Request.
  Time since last request: 0.000022 seconds.
  path: Assets/New Asssets/Plant Animations/Plant 4/Plant4_00002.png
  artifactKey: Guid(2f4fd49e369ac1649a28796c93cf63f9) Importer(2089858483,b0f066a214c2f5e87bad3c948f4d605d)
Start importing Assets/New Asssets/Plant Animations/Plant 4/Plant4_00002.png using Guid(2f4fd49e369ac1649a28796c93cf63f9) Importer(2089858483,b0f066a214c2f5e87bad3c948f4d605d) (ScriptedImporter) -> (artifact id: '700bd8404354cc27a8868561e31d0c46') in 0.0178918 seconds
Number of updated asset objects reloaded before import = 0Number of asset objects unloaded after import = 3

========================================================================
Received Import Request.
  Time since last request: 0.000022 seconds.
  path: Assets/New Asssets/Plant Animations/Plant 6/Plant6_00047.png
  artifactKey: Guid(f7a4953e2168f0148bce2bd5ba6694f1) Importer(2089858483,b0f066a214c2f5e87bad3c948f4d605d)
Start importing Assets/New Asssets/Plant Animations/Plant 6/Plant6_00047.png using Guid(f7a4953e2168f0148bce2bd5ba6694f1) Importer(2089858483,b0f066a214c2f5e87bad3c948f4d605d) (ScriptedImporter) -> (artifact id: '3612b98379b87440bcc48a81190ffeed') in 0.018442 seconds
Number of updated asset objects reloaded before import = 0Number of asset objects unloaded after import = 3

========================================================================
Received Import Request.
  Time since last request: 0.000023 seconds.
  path: Assets/New Asssets/BlueWizard/2BlueWizardWalk/Chara_BlueWalk00007.png
  artifactKey: Guid(990f52d96dd0a0b42b440ea0a16f3e1f) Importer(2089858483,b0f066a214c2f5e87bad3c948f4d605d)
Start importing Assets/New Asssets/BlueWizard/2BlueWizardWalk/Chara_BlueWalk00007.png using Guid(990f52d96dd0a0b42b440ea0a16f3e1f) Importer(2089858483,b0f066a214c2f5e87bad3c948f4d605d) (ScriptedImporter) -> (artifact id: 'b3ab221277a37367df08703be6039694') in 0.019717 seconds
Number of updated asset objects reloaded before import = 0Number of asset objects unloaded after import = 3

========================================================================
Received Import Request.
  Time since last request: 0.000023 seconds.
  path: Assets/New Asssets/Plant Animations/Plant 6/Plant6_00032.png
  artifactKey: Guid(e83a6a00558b4af40952f4aaf3b04fd8) Importer(2089858483,b0f066a214c2f5e87bad3c948f4d605d)
Start importing Assets/New Asssets/Plant Animations/Plant 6/Plant6_00032.png using Guid(e83a6a00558b4af40952f4aaf3b04fd8) Importer(2089858483,b0f066a214c2f5e87bad3c948f4d605d) (ScriptedImporter) -> (artifact id: '62ab59db46227e9e59a84ac953d95f2f') in 0.0197529 seconds
Number of updated asset objects reloaded before import = 0Number of asset objects unloaded after import = 3

========================================================================
Received Import Request.
  Time since last request: 0.000061 seconds.
  path: Assets/New Asssets/Plant Animations/Plant 2/Plant2_00074.png
  artifactKey: Guid(2fcf40e52e4e20343b7c1eee4254a954) Importer(2089858483,b0f066a214c2f5e87bad3c948f4d605d)
Start importing Assets/New Asssets/Plant Animations/Plant 2/Plant2_00074.png using Guid(2fcf40e52e4e20343b7c1eee4254a954) Importer(2089858483,b0f066a214c2f5e87bad3c948f4d605d) (ScriptedImporter) -> (artifact id: 'd00f281a625d033688f6471ac847dfd3') in 0.0197343 seconds
Number of updated asset objects reloaded before import = 0Number of asset objects unloaded after import = 5

========================================================================
Received Import Request.
  Time since last request: 0.000032 seconds.
  path: Assets/New Asssets/Plant Animations/Plant 3/Plant3_00031.png
  artifactKey: Guid(fd71e43f0b36b5e4b8c23fb4bdfbcd43) Importer(2089858483,b0f066a214c2f5e87bad3c948f4d605d)
Start importing Assets/New Asssets/Plant Animations/Plant 3/Plant3_00031.png using Guid(fd71e43f0b36b5e4b8c23fb4bdfbcd43) Importer(2089858483,b0f066a214c2f5e87bad3c948f4d605d) (ScriptedImporter) -> (artifact id: '54f6a149cdee6c2ef8f90f72c43f5937') in 0.0209004 seconds
Number of updated asset objects reloaded before import = 0Number of asset objects unloaded after import = 4

========================================================================
Received Import Request.
  Time since last request: 0.000026 seconds.
  path: Assets/New Asssets/Plant Animations/Plant 5/Plant5_00040.png
  artifactKey: Guid(95c1d952b977beb45a3d533203bdc259) Importer(2089858483,b0f066a214c2f5e87bad3c948f4d605d)
Start importing Assets/New Asssets/Plant Animations/Plant 5/Plant5_00040.png using Guid(95c1d952b977beb45a3d533203bdc259) Importer(2089858483,b0f066a214c2f5e87bad3c948f4d605d) (ScriptedImporter) -> (artifact id: '8cbfaf32f6ddf7bda61e1c90768d8e41') in 0.0206484 seconds
Number of updated asset objects reloaded before import = 0Number of asset objects unloaded after import = 3

========================================================================
Received Import Request.
  Time since last request: 0.000037 seconds.
  path: Assets/New Asssets/Plant Animations/Plant 1/Plant1_00088.png
  artifactKey: Guid(c581aca622e346f4e9d1b201e2ffb8ec) Importer(2089858483,b0f066a214c2f5e87bad3c948f4d605d)
Start importing Assets/New Asssets/Plant Animations/Plant 1/Plant1_00088.png using Guid(c581aca622e346f4e9d1b201e2ffb8ec) Importer(2089858483,b0f066a214c2f5e87bad3c948f4d605d) (ScriptedImporter) -> (artifact id: 'e91d7e9cd5a0d1b810c07f6d079243d4') in 0.0175962 seconds
Number of updated asset objects reloaded before import = 0Number of asset objects unloaded after import = 3

========================================================================
Received Import Request.
  Time since last request: 0.000027 seconds.
  path: Assets/New Asssets/Plant Animations/Plant 4/Plant4_00054.png
  artifactKey: Guid(18ecea7391b265e41959182d1639e9d3) Importer(2089858483,b0f066a214c2f5e87bad3c948f4d605d)
Start importing Assets/New Asssets/Plant Animations/Plant 4/Plant4_00054.png using Guid(18ecea7391b265e41959182d1639e9d3) Importer(2089858483,b0f066a214c2f5e87bad3c948f4d605d) (ScriptedImporter) -> (artifact id: '5a6f55f3563d576522ab2d72b8de0edf') in 0.0193645 seconds
Number of updated asset objects reloaded before import = 0Number of asset objects unloaded after import = 3

========================================================================
Received Import Request.
  Time since last request: 0.000033 seconds.
  path: Assets/New Asssets/Plant Animations/Plant 2/Plant2_00009.png
  artifactKey: Guid(8922caa4e43397c478194cd4180d9c29) Importer(2089858483,b0f066a214c2f5e87bad3c948f4d605d)
Start importing Assets/New Asssets/Plant Animations/Plant 2/Plant2_00009.png using Guid(8922caa4e43397c478194cd4180d9c29) Importer(2089858483,b0f066a214c2f5e87bad3c948f4d605d) (ScriptedImporter) -> (artifact id: 'd5c030e4e737bfa4181171cc1fb3073f') in 0.0238989 seconds
Number of updated asset objects reloaded before import = 0Number of asset objects unloaded after import = 5

========================================================================
Received Import Request.
  Time since last request: 0.000033 seconds.
  path: Assets/New Asssets/Plant Animations/Plant 1/Plant1_00080.png
  artifactKey: Guid(b212a290e40c2d843ae24552afb9ec56) Importer(2089858483,b0f066a214c2f5e87bad3c948f4d605d)
Start importing Assets/New Asssets/Plant Animations/Plant 1/Plant1_00080.png using Guid(b212a290e40c2d843ae24552afb9ec56) Importer(2089858483,b0f066a214c2f5e87bad3c948f4d605d) (ScriptedImporter) -> (artifact id: '57c1be887087cbe32d3986707b00e5c6') in 0.0175501 seconds
Number of updated asset objects reloaded before import = 0Number of asset objects unloaded after import = 3

========================================================================
Received Import Request.
  Time since last request: 0.000031 seconds.
  path: Assets/New Asssets/Plant Animations/Plant 2/Plant2_00027.png
  artifactKey: Guid(4c5400e231f3cf44f927a57af3e8cf3d) Importer(2089858483,b0f066a214c2f5e87bad3c948f4d605d)
Start importing Assets/New Asssets/Plant Animations/Plant 2/Plant2_00027.png using Guid(4c5400e231f3cf44f927a57af3e8cf3d) Importer(2089858483,b0f066a214c2f5e87bad3c948f4d605d) (ScriptedImporter) -> (artifact id: 'cd1c6155f310662a34222551b87e5fe7') in 0.019789 seconds
Number of updated asset objects reloaded before import = 0Number of asset objects unloaded after import = 5

========================================================================
Received Import Request.
  Time since last request: 0.000035 seconds.
  path: Assets/New Asssets/Plant Animations/Plant 2/Plant2_00065.png
  artifactKey: Guid(d9894116bef62e441a1fec822e3f8022) Importer(2089858483,b0f066a214c2f5e87bad3c948f4d605d)
Start importing Assets/New Asssets/Plant Animations/Plant 2/Plant2_00065.png using Guid(d9894116bef62e441a1fec822e3f8022) Importer(2089858483,b0f066a214c2f5e87bad3c948f4d605d) (ScriptedImporter) -> (artifact id: '37c01ee5f9b035076b86f9b6b46cee1c') in 0.0201188 seconds
Number of updated asset objects reloaded before import = 0Number of asset objects unloaded after import = 5

========================================================================
Received Import Request.
  Time since last request: 0.000040 seconds.
  path: Assets/New Asssets/Plant Animations/Plant 2/Plant2_00017.png
  artifactKey: Guid(b170a74ef0340334cb2301aca521589d) Importer(2089858483,b0f066a214c2f5e87bad3c948f4d605d)
Start importing Assets/New Asssets/Plant Animations/Plant 2/Plant2_00017.png using Guid(b170a74ef0340334cb2301aca521589d) Importer(2089858483,b0f066a214c2f5e87bad3c948f4d605d) (ScriptedImporter) -> (artifact id: '86f9646ea7e79361ea489b8951d2bd39') in 0.020621 seconds
Number of updated asset objects reloaded before import = 0Number of asset objects unloaded after import = 5

========================================================================
Received Import Request.
  Time since last request: 0.000030 seconds.
  path: Assets/New Asssets/BlueWizard/2BlueWizardJump/Dash3/Dash3_00007.png
  artifactKey: Guid(568da59f20320d649b461329efcf42a9) Importer(2089858483,b0f066a214c2f5e87bad3c948f4d605d)
Start importing Assets/New Asssets/BlueWizard/2BlueWizardJump/Dash3/Dash3_00007.png using Guid(568da59f20320d649b461329efcf42a9) Importer(2089858483,b0f066a214c2f5e87bad3c948f4d605d) (ScriptedImporter) -> (artifact id: 'b65e6e92f82c8e047d3f690c97036aa5') in 0.0174861 seconds
Number of updated asset objects reloaded before import = 0Number of asset objects unloaded after import = 3

========================================================================
Received Import Request.
  Time since last request: 0.000030 seconds.
  path: Assets/New Asssets/Plant Animations/Plant 2/Plant2_00032.png
  artifactKey: Guid(aec5d9c7ed833164b941b5ec0c7e57d3) Importer(2089858483,b0f066a214c2f5e87bad3c948f4d605d)
Start importing Assets/New Asssets/Plant Animations/Plant 2/Plant2_00032.png using Guid(aec5d9c7ed833164b941b5ec0c7e57d3) Importer(2089858483,b0f066a214c2f5e87bad3c948f4d605d) (ScriptedImporter) -> (artifact id: '7923352addcf61b9481841773082757f') in 0.0203634 seconds
Number of updated asset objects reloaded before import = 0Number of asset objects unloaded after import = 5

========================================================================
Received Import Request.
  Time since last request: 0.000030 seconds.
  path: Assets/New Asssets/Plant Animations/Plant 7/Plant7_00012.png
  artifactKey: Guid(52deca095871cc64080873a12adfd0be) Importer(2089858483,b0f066a214c2f5e87bad3c948f4d605d)
Start importing Assets/New Asssets/Plant Animations/Plant 7/Plant7_00012.png using Guid(52deca095871cc64080873a12adfd0be) Importer(2089858483,b0f066a214c2f5e87bad3c948f4d605d) (ScriptedImporter) -> (artifact id: 'db6f0c1491c883fabec1c32b95681d7f') in 0.0211682 seconds
Number of updated asset objects reloaded before import = 0Number of asset objects unloaded after import = 3

========================================================================
Received Import Request.
  Time since last request: 0.000030 seconds.
  path: Assets/New Asssets/Plant Animations/Plant 3/Plant3_00020.png
  artifactKey: Guid(d18843e1fe325e74d892f697e7c997aa) Importer(2089858483,b0f066a214c2f5e87bad3c948f4d605d)
Start importing Assets/New Asssets/Plant Animations/Plant 3/Plant3_00020.png using Guid(d18843e1fe325e74d892f697e7c997aa) Importer(2089858483,b0f066a214c2f5e87bad3c948f4d605d) (ScriptedImporter) -> (artifact id: '2c88a9a9da9b9aeb7dda1a789783eecc') in 0.0195828 seconds
Number of updated asset objects reloaded before import = 0Number of asset objects unloaded after import = 4

========================================================================
Received Import Request.
  Time since last request: 0.000043 seconds.
  path: Assets/New Asssets/Plant Animations/Plant 3/Plant3_00083.png
  artifactKey: Guid(c49c302ce1ede8b40a031c406884c699) Importer(2089858483,b0f066a214c2f5e87bad3c948f4d605d)
Start importing Assets/New Asssets/Plant Animations/Plant 3/Plant3_00083.png using Guid(c49c302ce1ede8b40a031c406884c699) Importer(2089858483,b0f066a214c2f5e87bad3c948f4d605d) (ScriptedImporter) -> (artifact id: 'cf2898dc38e54c2afb42527c8838820e') in 0.0207441 seconds
Number of updated asset objects reloaded before import = 0Number of asset objects unloaded after import = 4

========================================================================
Received Import Request.
  Time since last request: 0.000025 seconds.
  path: Assets/New Asssets/Plant Animations/Plant 6/Plant6_00002.png
  artifactKey: Guid(69012fa2eb9abc74aaa92e329a60d17a) Importer(2089858483,b0f066a214c2f5e87bad3c948f4d605d)
Start importing Assets/New Asssets/Plant Animations/Plant 6/Plant6_00002.png using Guid(69012fa2eb9abc74aaa92e329a60d17a) Importer(2089858483,b0f066a214c2f5e87bad3c948f4d605d) (ScriptedImporter) -> (artifact id: '403fae04040540253737ab1171eacf1c') in 0.0175301 seconds
Number of updated asset objects reloaded before import = 0Number of asset objects unloaded after import = 3

========================================================================
Received Import Request.
  Time since last request: 0.000030 seconds.
  path: Assets/New Asssets/Plant Animations/Plant 7/Plant7_00054.png
  artifactKey: Guid(b2abb3981229f7b4f81f5fdf80f444b7) Importer(2089858483,b0f066a214c2f5e87bad3c948f4d605d)
Start importing Assets/New Asssets/Plant Animations/Plant 7/Plant7_00054.png using Guid(b2abb3981229f7b4f81f5fdf80f444b7) Importer(2089858483,b0f066a214c2f5e87bad3c948f4d605d) (ScriptedImporter) -> (artifact id: '20ce573b65685d9317a1a4fd5f199b99') in 0.0185906 seconds
Number of updated asset objects reloaded before import = 0Number of asset objects unloaded after import = 3

========================================================================
Received Import Request.
  Time since last request: 0.000029 seconds.
  path: Assets/New Asssets/Plant Animations/PlantJump2/JumpPlant 2_00014.png
  artifactKey: Guid(2ae8242de634c2d42b4e68472db11988) Importer(2089858483,b0f066a214c2f5e87bad3c948f4d605d)
Start importing Assets/New Asssets/Plant Animations/PlantJump2/JumpPlant 2_00014.png using Guid(2ae8242de634c2d42b4e68472db11988) Importer(2089858483,b0f066a214c2f5e87bad3c948f4d605d) (ScriptedImporter) -> (artifact id: '0313abc22239aae02f1ce5ca6e063d62') in 0.0200355 seconds
Number of updated asset objects reloaded before import = 0Number of asset objects unloaded after import = 3

========================================================================
Received Import Request.
  Time since last request: 0.000044 seconds.
  path: Assets/New Asssets/Plant Animations/Plant 1/Plant1_00047.png
  artifactKey: Guid(8bbe94bcec863ab4791ed8047e03af52) Importer(2089858483,b0f066a214c2f5e87bad3c948f4d605d)
Start importing Assets/New Asssets/Plant Animations/Plant 1/Plant1_00047.png using Guid(8bbe94bcec863ab4791ed8047e03af52) Importer(2089858483,b0f066a214c2f5e87bad3c948f4d605d) (ScriptedImporter) -> (artifact id: '2750199837e329a8a6ccf856f37e2dcb') in 0.0176989 seconds
Number of updated asset objects reloaded before import = 0Number of asset objects unloaded after import = 3

========================================================================
Received Import Request.
  Time since last request: 0.000023 seconds.
  path: Assets/New Asssets/Plant Animations/Plant 3/Plant3_00015.png
  artifactKey: Guid(469ec47c7ccc57447bb793ebd0a442c7) Importer(2089858483,b0f066a214c2f5e87bad3c948f4d605d)
Start importing Assets/New Asssets/Plant Animations/Plant 3/Plant3_00015.png using Guid(469ec47c7ccc57447bb793ebd0a442c7) Importer(2089858483,b0f066a214c2f5e87bad3c948f4d605d) (ScriptedImporter) -> (artifact id: 'f7e08c3208529d695c8be5773a89d6de') in 0.0182581 seconds
Number of updated asset objects reloaded before import = 0Number of asset objects unloaded after import = 4

========================================================================
Received Import Request.
  Time since last request: 0.000026 seconds.
  path: Assets/New Asssets/Plant Animations/Plant 2/Plant2_00063.png
  artifactKey: Guid(16f61748c9071424bb0aebe03f1f5cca) Importer(2089858483,b0f066a214c2f5e87bad3c948f4d605d)
Start importing Assets/New Asssets/Plant Animations/Plant 2/Plant2_00063.png using Guid(16f61748c9071424bb0aebe03f1f5cca) Importer(2089858483,b0f066a214c2f5e87bad3c948f4d605d) (ScriptedImporter) -> (artifact id: '1cd0cfce54811fe5a6206905d0e839dc') in 0.0200074 seconds
Number of updated asset objects reloaded before import = 0Number of asset objects unloaded after import = 5

========================================================================
Received Import Request.
  Time since last request: 0.000023 seconds.
  path: Assets/New Asssets/Plant Animations/PlantJump2/JumpPlant 2_00004.png
  artifactKey: Guid(cc46839e1e2a3dd418546bd7666980dd) Importer(2089858483,b0f066a214c2f5e87bad3c948f4d605d)
Start importing Assets/New Asssets/Plant Animations/PlantJump2/JumpPlant 2_00004.png using Guid(cc46839e1e2a3dd418546bd7666980dd) Importer(2089858483,b0f066a214c2f5e87bad3c948f4d605d) (ScriptedImporter) -> (artifact id: '81e5c5eb9a7f31161abe5e89f5443337') in 0.0180102 seconds
Number of updated asset objects reloaded before import = 0Number of asset objects unloaded after import = 3

========================================================================
Received Import Request.
  Time since last request: 0.000027 seconds.
  path: Assets/New Asssets/Plant Animations/Plant 3/Plant3_00046.png
  artifactKey: Guid(9cf1e7062847e2744b7906c0cf03c153) Importer(2089858483,b0f066a214c2f5e87bad3c948f4d605d)
Start importing Assets/New Asssets/Plant Animations/Plant 3/Plant3_00046.png using Guid(9cf1e7062847e2744b7906c0cf03c153) Importer(2089858483,b0f066a214c2f5e87bad3c948f4d605d) (ScriptedImporter) -> (artifact id: '01a3b52feb02ee23c8076761d5667457') in 0.0211417 seconds
Number of updated asset objects reloaded before import = 0Number of asset objects unloaded after import = 4

========================================================================
Received Import Request.
  Time since last request: 0.000036 seconds.
  path: Assets/New Asssets/Plant Animations/Plant 7/Plant7_00057.png
  artifactKey: Guid(c6cf039d7dee6934cb6d011986a60c9e) Importer(2089858483,b0f066a214c2f5e87bad3c948f4d605d)
Start importing Assets/New Asssets/Plant Animations/Plant 7/Plant7_00057.png using Guid(c6cf039d7dee6934cb6d011986a60c9e) Importer(2089858483,b0f066a214c2f5e87bad3c948f4d605d) (ScriptedImporter) -> (artifact id: '1fd41f702c530ee11fc064f814481ff6') in 0.0223634 seconds
Number of updated asset objects reloaded before import = 0Number of asset objects unloaded after import = 3

========================================================================
Received Import Request.
  Time since last request: 0.000029 seconds.
  path: Assets/New Asssets/Plant Animations/Plant 1/Plant1_00050.png
  artifactKey: Guid(fdb86bcc29feed541aff4d8f0d93e2c1) Importer(2089858483,b0f066a214c2f5e87bad3c948f4d605d)
Start importing Assets/New Asssets/Plant Animations/Plant 1/Plant1_00050.png using Guid(fdb86bcc29feed541aff4d8f0d93e2c1) Importer(2089858483,b0f066a214c2f5e87bad3c948f4d605d) (ScriptedImporter) -> (artifact id: '24cebee364d75a9f5c77989be0d5e7f2') in 0.0172065 seconds
Number of updated asset objects reloaded before import = 0Number of asset objects unloaded after import = 3

========================================================================
Received Import Request.
  Time since last request: 0.000020 seconds.
  path: Assets/New Asssets/BlueWizard/2BlueWizardJump/DashEffect/BlueWizardDash_00009.png
  artifactKey: Guid(93e6d4e6145752649a6e82bf03425d51) Importer(2089858483,b0f066a214c2f5e87bad3c948f4d605d)
Start importing Assets/New Asssets/BlueWizard/2BlueWizardJump/DashEffect/BlueWizardDash_00009.png using Guid(93e6d4e6145752649a6e82bf03425d51) Importer(2089858483,b0f066a214c2f5e87bad3c948f4d605d) (ScriptedImporter) -> (artifact id: 'e60a53e7a3d94568f51a23bbbfebd499') in 0.0167203 seconds
Number of updated asset objects reloaded before import = 0Number of asset objects unloaded after import = 3

========================================================================
Received Import Request.
  Time since last request: 0.000032 seconds.
  path: Assets/New Asssets/Plant Animations/BlueFlower1/BlueFlower_00058.png
  artifactKey: Guid(402d22cac4889ec4d837f39313fb9359) Importer(2089858483,b0f066a214c2f5e87bad3c948f4d605d)
Start importing Assets/New Asssets/Plant Animations/BlueFlower1/BlueFlower_00058.png using Guid(402d22cac4889ec4d837f39313fb9359) Importer(2089858483,b0f066a214c2f5e87bad3c948f4d605d) (ScriptedImporter) -> (artifact id: '1059b8de7355b52ac593529bbca24677') in 0.0186039 seconds
Number of updated asset objects reloaded before import = 0Number of asset objects unloaded after import = 3

========================================================================
Received Import Request.
  Time since last request: 0.000032 seconds.
  path: Assets/New Asssets/Plant Animations/Plant 5/Plant5_00006.png
  artifactKey: Guid(faa3c29997e35c74ba7c3d8091162bdb) Importer(2089858483,b0f066a214c2f5e87bad3c948f4d605d)
Start importing Assets/New Asssets/Plant Animations/Plant 5/Plant5_00006.png using Guid(faa3c29997e35c74ba7c3d8091162bdb) Importer(2089858483,b0f066a214c2f5e87bad3c948f4d605d) (ScriptedImporter) -> (artifact id: '3199b9b37c9c3ec8497bd6fde5ce2856') in 0.0211335 seconds
Number of updated asset objects reloaded before import = 0Number of asset objects unloaded after import = 3

========================================================================
Received Import Request.
  Time since last request: 0.000059 seconds.
  path: Assets/New Asssets/Plant Animations/Plant 8 Poison/PlantPosion_00029.png
  artifactKey: Guid(aa7f386156b7b674080ffbc03f3b9933) Importer(2089858483,b0f066a214c2f5e87bad3c948f4d605d)
Start importing Assets/New Asssets/Plant Animations/Plant 8 Poison/PlantPosion_00029.png using Guid(aa7f386156b7b674080ffbc03f3b9933) Importer(2089858483,b0f066a214c2f5e87bad3c948f4d605d) (ScriptedImporter) -> (artifact id: 'fa764a1655139d8c99b7502e5b32a907') in 0.0169591 seconds
Number of updated asset objects reloaded before import = 0Number of asset objects unloaded after import = 3

========================================================================
Received Import Request.
  Time since last request: 0.000028 seconds.
  path: Assets/New Asssets/Plant Animations/Plant 4/Plant4_00041.png
  artifactKey: Guid(1701721d1b3957046a9d2df1b815e6dc) Importer(2089858483,b0f066a214c2f5e87bad3c948f4d605d)
Start importing Assets/New Asssets/Plant Animations/Plant 4/Plant4_00041.png using Guid(1701721d1b3957046a9d2df1b815e6dc) Importer(2089858483,b0f066a214c2f5e87bad3c948f4d605d) (ScriptedImporter) -> (artifact id: '9c2f70d47da74e41c408042716287742') in 0.0203849 seconds
Number of updated asset objects reloaded before import = 0Number of asset objects unloaded after import = 3

========================================================================
Received Import Request.
  Time since last request: 0.000027 seconds.
  path: Assets/New Asssets/Plant Animations/Plant 7/Plant7_00053.png
  artifactKey: Guid(1e768abe8391bc84d9a6d8e8692fabde) Importer(2089858483,b0f066a214c2f5e87bad3c948f4d605d)
Start importing Assets/New Asssets/Plant Animations/Plant 7/Plant7_00053.png using Guid(1e768abe8391bc84d9a6d8e8692fabde) Importer(2089858483,b0f066a214c2f5e87bad3c948f4d605d) (ScriptedImporter) -> (artifact id: 'de41f84b1d19d6ce286c16b757e1bc65') in 0.0184009 seconds
Number of updated asset objects reloaded before import = 0Number of asset objects unloaded after import = 3

========================================================================
Received Import Request.
  Time since last request: 0.000029 seconds.
  path: Assets/New Asssets/Plant Animations/BlueFlower2/BluePlantClosed_00031.png
  artifactKey: Guid(5c8453994e91cda479a5fe3a22274caa) Importer(2089858483,b0f066a214c2f5e87bad3c948f4d605d)
Start importing Assets/New Asssets/Plant Animations/BlueFlower2/BluePlantClosed_00031.png using Guid(5c8453994e91cda479a5fe3a22274caa) Importer(2089858483,b0f066a214c2f5e87bad3c948f4d605d) (ScriptedImporter) -> (artifact id: 'bc16a77e4c55aa0d67833366ee99ae89') in 0.0253074 seconds
Number of updated asset objects reloaded before import = 0Number of asset objects unloaded after import = 7

========================================================================
Received Import Request.
  Time since last request: 0.000029 seconds.
  path: Assets/New Asssets/Plant Animations/Plant 3/Plant3_00022.png
  artifactKey: Guid(f588eaede75766c4a908310871691862) Importer(2089858483,b0f066a214c2f5e87bad3c948f4d605d)
Start importing Assets/New Asssets/Plant Animations/Plant 3/Plant3_00022.png using Guid(f588eaede75766c4a908310871691862) Importer(2089858483,b0f066a214c2f5e87bad3c948f4d605d) (ScriptedImporter) -> (artifact id: '9e6a21f5cb337d86f4bf7ebd43074fa9') in 0.017404 seconds
Number of updated asset objects reloaded before import = 0Number of asset objects unloaded after import = 4

========================================================================
Received Import Request.
  Time since last request: 0.000035 seconds.
  path: Assets/New Asssets/Plant Animations/Plant 4/Plant4_00052.png
  artifactKey: Guid(b30a3ef991b09b74c8216ea88da7be70) Importer(2089858483,b0f066a214c2f5e87bad3c948f4d605d)
Start importing Assets/New Asssets/Plant Animations/Plant 4/Plant4_00052.png using Guid(b30a3ef991b09b74c8216ea88da7be70) Importer(2089858483,b0f066a214c2f5e87bad3c948f4d605d) (ScriptedImporter) -> (artifact id: '380b43bc840a6a4d2d7acd3abdf03385') in 0.0194459 seconds
Number of updated asset objects reloaded before import = 0Number of asset objects unloaded after import = 3

========================================================================
Received Import Request.
  Time since last request: 0.000020 seconds.
  path: Assets/New Asssets/Plant Animations/Plant 1/Plant1_00037.png
  artifactKey: Guid(674309832c6f6c54887c8333f238042c) Importer(2089858483,b0f066a214c2f5e87bad3c948f4d605d)
Start importing Assets/New Asssets/Plant Animations/Plant 1/Plant1_00037.png using Guid(674309832c6f6c54887c8333f238042c) Importer(2089858483,b0f066a214c2f5e87bad3c948f4d605d) (ScriptedImporter) -> (artifact id: '714b9e612c42826e5fd8d9a2724dd977') in 0.0182545 seconds
Number of updated asset objects reloaded before import = 0Number of asset objects unloaded after import = 3

========================================================================
Received Import Request.
  Time since last request: 0.000031 seconds.
  path: Assets/New Asssets/Plant Animations/Plant 1/Plant1_00004.png
  artifactKey: Guid(33258f79113b3f8449c25fc0a678da25) Importer(2089858483,b0f066a214c2f5e87bad3c948f4d605d)
Start importing Assets/New Asssets/Plant Animations/Plant 1/Plant1_00004.png using Guid(33258f79113b3f8449c25fc0a678da25) Importer(2089858483,b0f066a214c2f5e87bad3c948f4d605d) (ScriptedImporter) -> (artifact id: '0e44fa616ca302f2c1a1664c29853bf6') in 0.0210733 seconds
Number of updated asset objects reloaded before import = 0Number of asset objects unloaded after import = 3

========================================================================
Received Import Request.
  Time since last request: 0.000027 seconds.
  path: Assets/New Asssets/Plant Animations/BlueFlower1/BlueFlower_00057.png
  artifactKey: Guid(56431ff1de75aa84ba1f83c06c0b0ea9) Importer(2089858483,b0f066a214c2f5e87bad3c948f4d605d)
Start importing Assets/New Asssets/Plant Animations/BlueFlower1/BlueFlower_00057.png using Guid(56431ff1de75aa84ba1f83c06c0b0ea9) Importer(2089858483,b0f066a214c2f5e87bad3c948f4d605d) (ScriptedImporter) -> (artifact id: '18cb65665d683e760e6771ea0ee35c79') in 0.0175352 seconds
Number of updated asset objects reloaded before import = 0Number of asset objects unloaded after import = 3

========================================================================
Received Import Request.
  Time since last request: 0.000034 seconds.
  path: Assets/New Asssets/BlueWizard/2BlueWizardJump/DashEffect/BlueWizardDash_00005.png
  artifactKey: Guid(2c6358b7f88ab414b830a1b5f960331c) Importer(2089858483,b0f066a214c2f5e87bad3c948f4d605d)
Start importing Assets/New Asssets/BlueWizard/2BlueWizardJump/DashEffect/BlueWizardDash_00005.png using Guid(2c6358b7f88ab414b830a1b5f960331c) Importer(2089858483,b0f066a214c2f5e87bad3c948f4d605d) (ScriptedImporter) -> (artifact id: '1f82953988db6cad78565451a51fb355') in 0.0163717 seconds
Number of updated asset objects reloaded before import = 0Number of asset objects unloaded after import = 3

========================================================================
Received Import Request.
  Time since last request: 0.000046 seconds.
  path: Assets/New Asssets/Plant Animations/Plant 1/Plant1_00005.png
  artifactKey: Guid(babc75919cac5fb4690c258bf3b94d2f) Importer(2089858483,b0f066a214c2f5e87bad3c948f4d605d)
Start importing Assets/New Asssets/Plant Animations/Plant 1/Plant1_00005.png using Guid(babc75919cac5fb4690c258bf3b94d2f) Importer(2089858483,b0f066a214c2f5e87bad3c948f4d605d) (ScriptedImporter) -> (artifact id: 'e56ba6bb9a59c82fa8f5a2768e6e2720') in 0.0189306 seconds
Number of updated asset objects reloaded before import = 0Number of asset objects unloaded after import = 3

========================================================================
Received Import Request.
  Time since last request: 0.000022 seconds.
  path: Assets/New Asssets/Plant Animations/Plant Wind 1/Plant Wind 1_00006.png
  artifactKey: Guid(efa5459b3875f6a41b267e68a6d7b638) Importer(2089858483,b0f066a214c2f5e87bad3c948f4d605d)
Start importing Assets/New Asssets/Plant Animations/Plant Wind 1/Plant Wind 1_00006.png using Guid(efa5459b3875f6a41b267e68a6d7b638) Importer(2089858483,b0f066a214c2f5e87bad3c948f4d605d) (ScriptedImporter) -> (artifact id: '53f9c22537817adb0b5e435c06a75d5c') in 0.019315 seconds
Number of updated asset objects reloaded before import = 0Number of asset objects unloaded after import = 3

========================================================================
Received Import Request.
  Time since last request: 0.000042 seconds.
  path: Assets/New Asssets/Plant Animations/Plant 2/Plant2_00015.png
  artifactKey: Guid(b8a60f9b000a3cb4f849563ba50332aa) Importer(2089858483,b0f066a214c2f5e87bad3c948f4d605d)
Start importing Assets/New Asssets/Plant Animations/Plant 2/Plant2_00015.png using Guid(b8a60f9b000a3cb4f849563ba50332aa) Importer(2089858483,b0f066a214c2f5e87bad3c948f4d605d) (ScriptedImporter) -> (artifact id: '18a610ffe3bc791e3cc719f9131b1984') in 0.0187155 seconds
Number of updated asset objects reloaded before import = 0Number of asset objects unloaded after import = 5

========================================================================
Received Import Request.
  Time since last request: 0.000030 seconds.
  path: Assets/New Asssets/Plant Animations/Plant 6/Plant6_00044.png
  artifactKey: Guid(6afc81c38317e55419ff41fb9a26c4df) Importer(2089858483,b0f066a214c2f5e87bad3c948f4d605d)
Start importing Assets/New Asssets/Plant Animations/Plant 6/Plant6_00044.png using Guid(6afc81c38317e55419ff41fb9a26c4df) Importer(2089858483,b0f066a214c2f5e87bad3c948f4d605d) (ScriptedImporter) -> (artifact id: 'd9248439898759e381dd88bb044fc4d3') in 0.0225755 seconds
Number of updated asset objects reloaded before import = 0Number of asset objects unloaded after import = 3

========================================================================
Received Import Request.
  Time since last request: 0.000029 seconds.
  path: Assets/New Asssets/Plant Animations/Plant 5/Plant5_00029.png
  artifactKey: Guid(b3981f1580b4b8d4dbe6ea37d40e83ff) Importer(2089858483,b0f066a214c2f5e87bad3c948f4d605d)
Start importing Assets/New Asssets/Plant Animations/Plant 5/Plant5_00029.png using Guid(b3981f1580b4b8d4dbe6ea37d40e83ff) Importer(2089858483,b0f066a214c2f5e87bad3c948f4d605d) (ScriptedImporter) -> (artifact id: 'f66fa46344c212c802c47efedcf26a68') in 0.0247786 seconds
Number of updated asset objects reloaded before import = 0Number of asset objects unloaded after import = 3

========================================================================
Received Import Request.
  Time since last request: 0.000040 seconds.
  path: Assets/New Asssets/Plant Animations/BlueFlower2/BluePlantClosed_00025.png
  artifactKey: Guid(b4493fe6bd79d704191e97beb10acd73) Importer(2089858483,b0f066a214c2f5e87bad3c948f4d605d)
Start importing Assets/New Asssets/Plant Animations/BlueFlower2/BluePlantClosed_00025.png using Guid(b4493fe6bd79d704191e97beb10acd73) Importer(2089858483,b0f066a214c2f5e87bad3c948f4d605d) (ScriptedImporter) -> (artifact id: 'c210bd3875d93a7fd1d44f88ce2af80a') in 0.0295335 seconds
Number of updated asset objects reloaded before import = 0Number of asset objects unloaded after import = 7

========================================================================
Received Import Request.
  Time since last request: 0.000029 seconds.
  path: Assets/New Asssets/Plant Animations/PlantJump2/JumpPlant 2_00018.png
  artifactKey: Guid(7df38881251d8754e81268b4a6fa5c48) Importer(2089858483,b0f066a214c2f5e87bad3c948f4d605d)
Start importing Assets/New Asssets/Plant Animations/PlantJump2/JumpPlant 2_00018.png using Guid(7df38881251d8754e81268b4a6fa5c48) Importer(2089858483,b0f066a214c2f5e87bad3c948f4d605d) (ScriptedImporter) -> (artifact id: '8dc42e2abc27580d973574674902aec4') in 0.0177009 seconds
Number of updated asset objects reloaded before import = 0Number of asset objects unloaded after import = 3

========================================================================
Received Import Request.
  Time since last request: 0.000027 seconds.
  path: Assets/New Asssets/Plant Animations/Plant 1/Plant1_00045.png
  artifactKey: Guid(5379efe95b66d1f45943b5e94d864ba3) Importer(2089858483,b0f066a214c2f5e87bad3c948f4d605d)
Start importing Assets/New Asssets/Plant Animations/Plant 1/Plant1_00045.png using Guid(5379efe95b66d1f45943b5e94d864ba3) Importer(2089858483,b0f066a214c2f5e87bad3c948f4d605d) (ScriptedImporter) -> (artifact id: 'db896d3469cdbd20c6a7da27d1659385') in 0.0197406 seconds
Number of updated asset objects reloaded before import = 0Number of asset objects unloaded after import = 3

========================================================================
Received Import Request.
  Time since last request: 0.000022 seconds.
  path: Assets/New Asssets/Plant Animations/BlueFlower1/BlueFlower_00000.png
  artifactKey: Guid(fb239b6d1f3cb224db9a999820bef1d0) Importer(2089858483,b0f066a214c2f5e87bad3c948f4d605d)
Start importing Assets/New Asssets/Plant Animations/BlueFlower1/BlueFlower_00000.png using Guid(fb239b6d1f3cb224db9a999820bef1d0) Importer(2089858483,b0f066a214c2f5e87bad3c948f4d605d) (ScriptedImporter) -> (artifact id: '20e836529395994302edea7ede065a10') in 0.0194382 seconds
Number of updated asset objects reloaded before import = 0Number of asset objects unloaded after import = 3

========================================================================
Received Import Request.
  Time since last request: 0.000040 seconds.
  path: Assets/New Asssets/Plant Animations/Plant 2/Plant2_00034.png
  artifactKey: Guid(c3ccdd5309c77c44fbf77c363100e3aa) Importer(2089858483,b0f066a214c2f5e87bad3c948f4d605d)
Start importing Assets/New Asssets/Plant Animations/Plant 2/Plant2_00034.png using Guid(c3ccdd5309c77c44fbf77c363100e3aa) Importer(2089858483,b0f066a214c2f5e87bad3c948f4d605d) (ScriptedImporter) -> (artifact id: '47833c70e2878ca047793ab364a486b1') in 0.0242806 seconds
Number of updated asset objects reloaded before import = 0Number of asset objects unloaded after import = 5

========================================================================
Received Import Request.
  Time since last request: 0.000043 seconds.
  path: Assets/New Asssets/BlueWizard/2BlueWizardJump/DashEffect/BlueWizardDash_00006.png
  artifactKey: Guid(1bfac4640dcc42d40a891d4b4dfa665f) Importer(2089858483,b0f066a214c2f5e87bad3c948f4d605d)
Start importing Assets/New Asssets/BlueWizard/2BlueWizardJump/DashEffect/BlueWizardDash_00006.png using Guid(1bfac4640dcc42d40a891d4b4dfa665f) Importer(2089858483,b0f066a214c2f5e87bad3c948f4d605d) (ScriptedImporter) -> (artifact id: '86decc1872f9b216e5f237dd09f87426') in 0.0207652 seconds
Number of updated asset objects reloaded before import = 0Number of asset objects unloaded after import = 3

========================================================================
Received Import Request.
  Time since last request: 0.000027 seconds.
  path: Assets/New Asssets/Plant Animations/Plant 3/Plant3_00014.png
  artifactKey: Guid(e4a6d5a1e4bb8964fa8b03841c9eedc2) Importer(2089858483,b0f066a214c2f5e87bad3c948f4d605d)
Start importing Assets/New Asssets/Plant Animations/Plant 3/Plant3_00014.png using Guid(e4a6d5a1e4bb8964fa8b03841c9eedc2) Importer(2089858483,b0f066a214c2f5e87bad3c948f4d605d) (ScriptedImporter) -> (artifact id: 'fe34a846445728d5290d621f01577a4a') in 0.0199261 seconds
Number of updated asset objects reloaded before import = 0Number of asset objects unloaded after import = 4

========================================================================
Received Import Request.
  Time since last request: 0.000022 seconds.
  path: Assets/New Asssets/Plant Animations/BlueFlower1/BlueFlower_00051.png
  artifactKey: Guid(c7fd5e9a07cc2904b87e6fafb1e1733a) Importer(2089858483,b0f066a214c2f5e87bad3c948f4d605d)
Start importing Assets/New Asssets/Plant Animations/BlueFlower1/BlueFlower_00051.png using Guid(c7fd5e9a07cc2904b87e6fafb1e1733a) Importer(2089858483,b0f066a214c2f5e87bad3c948f4d605d) (ScriptedImporter) -> (artifact id: '34802020c24a8207a14f54e8292b2f14') in 0.0178572 seconds
Number of updated asset objects reloaded before import = 0Number of asset objects unloaded after import = 3

========================================================================
Received Import Request.
  Time since last request: 0.000040 seconds.
  path: Assets/New Asssets/BlueWizard/2BlueWizardIdle/Chara - BlueIdle00017.png
  artifactKey: Guid(df8da1384c9354a4581e57f91247a3c6) Importer(2089858483,b0f066a214c2f5e87bad3c948f4d605d)
Start importing Assets/New Asssets/BlueWizard/2BlueWizardIdle/Chara - BlueIdle00017.png using Guid(df8da1384c9354a4581e57f91247a3c6) Importer(2089858483,b0f066a214c2f5e87bad3c948f4d605d) (ScriptedImporter) -> (artifact id: '2bf6e7e6b6dda337a902a41bfdeec496') in 0.0171471 seconds
Number of updated asset objects reloaded before import = 0Number of asset objects unloaded after import = 3

========================================================================
Received Import Request.
  Time since last request: 0.000037 seconds.
  path: Assets/New Asssets/Plant Animations/PlantJump/JumpPlant_00017.png
  artifactKey: Guid(30a6af1098dd4494c8084e89f3d5a13d) Importer(2089858483,b0f066a214c2f5e87bad3c948f4d605d)
Start importing Assets/New Asssets/Plant Animations/PlantJump/JumpPlant_00017.png using Guid(30a6af1098dd4494c8084e89f3d5a13d) Importer(2089858483,b0f066a214c2f5e87bad3c948f4d605d) (ScriptedImporter) -> (artifact id: '8e2a394c641b8b531e40d898cdc50929') in 0.0200542 seconds
Number of updated asset objects reloaded before import = 0Number of asset objects unloaded after import = 3

========================================================================
Received Import Request.
  Time since last request: 0.000038 seconds.
  path: Assets/New Asssets/Plant Animations/BlueFlower1/BlueFlower_00029.png
  artifactKey: Guid(ccfc72e066cc30441b903db69acedefe) Importer(2089858483,b0f066a214c2f5e87bad3c948f4d605d)
Start importing Assets/New Asssets/Plant Animations/BlueFlower1/BlueFlower_00029.png using Guid(ccfc72e066cc30441b903db69acedefe) Importer(2089858483,b0f066a214c2f5e87bad3c948f4d605d) (ScriptedImporter) -> (artifact id: '16e823ad66d07f19a2caec40a2398599') in 0.0201948 seconds
Number of updated asset objects reloaded before import = 0Number of asset objects unloaded after import = 3

========================================================================
Received Import Request.
  Time since last request: 0.000024 seconds.
  path: Assets/New Asssets/Plant Animations/Plant 1/Plant1_00000.png
  artifactKey: Guid(d85d212cb7dfdda4a914a70235a976a8) Importer(2089858483,b0f066a214c2f5e87bad3c948f4d605d)
Start importing Assets/New Asssets/Plant Animations/Plant 1/Plant1_00000.png using Guid(d85d212cb7dfdda4a914a70235a976a8) Importer(2089858483,b0f066a214c2f5e87bad3c948f4d605d) (ScriptedImporter) -> (artifact id: '1f4d1cf31857a07eef2a25f1a81dac4c') in 0.0210395 seconds
Number of updated asset objects reloaded before import = 0Number of asset objects unloaded after import = 3

========================================================================
Received Import Request.
  Time since last request: 0.000034 seconds.
  path: Assets/New Asssets/Plant Animations/Plant 4/Plant4_00036.png
  artifactKey: Guid(cfee0a38e0609a6479ef2bcce26d3352) Importer(2089858483,b0f066a214c2f5e87bad3c948f4d605d)
Start importing Assets/New Asssets/Plant Animations/Plant 4/Plant4_00036.png using Guid(cfee0a38e0609a6479ef2bcce26d3352) Importer(2089858483,b0f066a214c2f5e87bad3c948f4d605d) (ScriptedImporter) -> (artifact id: '82c057798c2e221a46b57b4636b2437c') in 0.0191022 seconds
Number of updated asset objects reloaded before import = 0Number of asset objects unloaded after import = 3

========================================================================
Received Import Request.
  Time since last request: 0.000031 seconds.
  path: Assets/New Asssets/BlueWizard/2BlueWizardJump/DashEffect/BlueWizardDash_00010.png
  artifactKey: Guid(2c72b5b5c837ed640b2a5ca046ddf5b2) Importer(2089858483,b0f066a214c2f5e87bad3c948f4d605d)
Start importing Assets/New Asssets/BlueWizard/2BlueWizardJump/DashEffect/BlueWizardDash_00010.png using Guid(2c72b5b5c837ed640b2a5ca046ddf5b2) Importer(2089858483,b0f066a214c2f5e87bad3c948f4d605d) (ScriptedImporter) -> (artifact id: 'c13549d4918201fc0ec656f7fbdf084b') in 0.0186968 seconds
Number of updated asset objects reloaded before import = 0Number of asset objects unloaded after import = 3

========================================================================
Received Import Request.
  Time since last request: 0.000030 seconds.
  path: Assets/New Asssets/Plant Animations/Plant 3/Plant3_00067.png
  artifactKey: Guid(f8595de521fe553419fc5dbe8503fef4) Importer(2089858483,b0f066a214c2f5e87bad3c948f4d605d)
Start importing Assets/New Asssets/Plant Animations/Plant 3/Plant3_00067.png using Guid(f8595de521fe553419fc5dbe8503fef4) Importer(2089858483,b0f066a214c2f5e87bad3c948f4d605d) (ScriptedImporter) -> (artifact id: '6f556abf6f181bcbcb02a1780ae2723a') in 0.0210265 seconds
Number of updated asset objects reloaded before import = 0Number of asset objects unloaded after import = 4

========================================================================
Received Import Request.
  Time since last request: 0.000032 seconds.
  path: Assets/New Asssets/Plant Animations/Plant 8 Poison/PlantPosion_00011.png
  artifactKey: Guid(c8c46e8899144e14b99622f3b93d672d) Importer(2089858483,b0f066a214c2f5e87bad3c948f4d605d)
Start importing Assets/New Asssets/Plant Animations/Plant 8 Poison/PlantPosion_00011.png using Guid(c8c46e8899144e14b99622f3b93d672d) Importer(2089858483,b0f066a214c2f5e87bad3c948f4d605d) (ScriptedImporter) -> (artifact id: '4279f82d6f9c63d47bc0ac9d9ce747db') in 0.0185904 seconds
Number of updated asset objects reloaded before import = 0Number of asset objects unloaded after import = 3

========================================================================
Received Import Request.
  Time since last request: 0.000022 seconds.
  path: Assets/New Asssets/Plant Animations/Plant 2/Plant2_00044.png
  artifactKey: Guid(c8386649891081441b63fd955ea7eead) Importer(2089858483,b0f066a214c2f5e87bad3c948f4d605d)
Start importing Assets/New Asssets/Plant Animations/Plant 2/Plant2_00044.png using Guid(c8386649891081441b63fd955ea7eead) Importer(2089858483,b0f066a214c2f5e87bad3c948f4d605d) (ScriptedImporter) -> (artifact id: '9f43a7069278524a9868ae5963caea0c') in 0.0231268 seconds
Number of updated asset objects reloaded before import = 0Number of asset objects unloaded after import = 5

========================================================================
Received Import Request.
  Time since last request: 0.000026 seconds.
  path: Assets/New Asssets/Plant Animations/Plant 3/Plant3_00027.png
  artifactKey: Guid(57fa86df31ba1fa42bf4af52c751a922) Importer(2089858483,b0f066a214c2f5e87bad3c948f4d605d)
Start importing Assets/New Asssets/Plant Animations/Plant 3/Plant3_00027.png using Guid(57fa86df31ba1fa42bf4af52c751a922) Importer(2089858483,b0f066a214c2f5e87bad3c948f4d605d) (ScriptedImporter) -> (artifact id: 'f4ed0987893829ff3b6982f222db7c6d') in 0.017395 seconds
Number of updated asset objects reloaded before import = 0Number of asset objects unloaded after import = 4

========================================================================
Received Import Request.
  Time since last request: 0.000028 seconds.
  path: Assets/New Asssets/Plant Animations/Plant Wind 1/Plant Wind 1_00022.png
  artifactKey: Guid(7194761a4410b254390b00f5326c320e) Importer(2089858483,b0f066a214c2f5e87bad3c948f4d605d)
Start importing Assets/New Asssets/Plant Animations/Plant Wind 1/Plant Wind 1_00022.png using Guid(7194761a4410b254390b00f5326c320e) Importer(2089858483,b0f066a214c2f5e87bad3c948f4d605d) (ScriptedImporter) -> (artifact id: '5184e5570e6cdb9e22d0542accc6fb1e') in 0.0199655 seconds
Number of updated asset objects reloaded before import = 0Number of asset objects unloaded after import = 3

========================================================================
Received Import Request.
  Time since last request: 0.000025 seconds.
  path: Assets/New Asssets/Plant Animations/Plant 7/Plant7_00039.png
  artifactKey: Guid(fec87c1f27d3f61418f9d2e083b58c1c) Importer(2089858483,b0f066a214c2f5e87bad3c948f4d605d)
Start importing Assets/New Asssets/Plant Animations/Plant 7/Plant7_00039.png using Guid(fec87c1f27d3f61418f9d2e083b58c1c) Importer(2089858483,b0f066a214c2f5e87bad3c948f4d605d) (ScriptedImporter) -> (artifact id: 'b2aabdfd4d84a0e8cd6330822c1a6282') in 0.0200773 seconds
Number of updated asset objects reloaded before import = 0Number of asset objects unloaded after import = 3

========================================================================
Received Import Request.
  Time since last request: 0.000042 seconds.
  path: Assets/New Asssets/Plant Animations/Plant 6/Plant6_00051.png
  artifactKey: Guid(24b5084d9ec34214a8c770216d7a9ee5) Importer(2089858483,b0f066a214c2f5e87bad3c948f4d605d)
Start importing Assets/New Asssets/Plant Animations/Plant 6/Plant6_00051.png using Guid(24b5084d9ec34214a8c770216d7a9ee5) Importer(2089858483,b0f066a214c2f5e87bad3c948f4d605d) (ScriptedImporter) -> (artifact id: '8252ee2be27b08cf6a29be8d6101fec9') in 0.0173433 seconds
Number of updated asset objects reloaded before import = 0Number of asset objects unloaded after import = 3

========================================================================
Received Import Request.
  Time since last request: 0.000020 seconds.
  path: Assets/New Asssets/Plant Animations/Plant 4/Plant4_00013.png
  artifactKey: Guid(7244776c26a74b142ac4b7513ea6235f) Importer(2089858483,b0f066a214c2f5e87bad3c948f4d605d)
Start importing Assets/New Asssets/Plant Animations/Plant 4/Plant4_00013.png using Guid(7244776c26a74b142ac4b7513ea6235f) Importer(2089858483,b0f066a214c2f5e87bad3c948f4d605d) (ScriptedImporter) -> (artifact id: 'b18170b52dab8171ecf8d8e1b16a83b6') in 0.0189806 seconds
Number of updated asset objects reloaded before import = 0Number of asset objects unloaded after import = 3

========================================================================
Received Import Request.
  Time since last request: 0.000068 seconds.
  path: Assets/New Asssets/Plant Animations/Plant 1/Plant1_00024.png
  artifactKey: Guid(60b62223ea9ba8741985c59f39bfae5b) Importer(2089858483,b0f066a214c2f5e87bad3c948f4d605d)
Start importing Assets/New Asssets/Plant Animations/Plant 1/Plant1_00024.png using Guid(60b62223ea9ba8741985c59f39bfae5b) Importer(2089858483,b0f066a214c2f5e87bad3c948f4d605d) (ScriptedImporter) -> (artifact id: 'd477e0c1c2133f56b54026d20912acfd') in 0.0222949 seconds
Number of updated asset objects reloaded before import = 0Number of asset objects unloaded after import = 3

========================================================================
Received Import Request.
  Time since last request: 0.000025 seconds.
  path: Assets/New Asssets/Plant Animations/Plant 2/Plant2_00019.png
  artifactKey: Guid(ff1c50c133fd82e4fbca6c26733fa2d4) Importer(2089858483,b0f066a214c2f5e87bad3c948f4d605d)
Start importing Assets/New Asssets/Plant Animations/Plant 2/Plant2_00019.png using Guid(ff1c50c133fd82e4fbca6c26733fa2d4) Importer(2089858483,b0f066a214c2f5e87bad3c948f4d605d) (ScriptedImporter) -> (artifact id: '44cb92ffc753e3e7708bbf7f76ac9e65') in 0.0218262 seconds
Number of updated asset objects reloaded before import = 0Number of asset objects unloaded after import = 5

========================================================================
Received Import Request.
  Time since last request: 0.000032 seconds.
  path: Assets/New Asssets/Plant Animations/Plant 7/Plant7_00037.png
  artifactKey: Guid(88c4cdecc65b457488adb0b7a8077eab) Importer(2089858483,b0f066a214c2f5e87bad3c948f4d605d)
Start importing Assets/New Asssets/Plant Animations/Plant 7/Plant7_00037.png using Guid(88c4cdecc65b457488adb0b7a8077eab) Importer(2089858483,b0f066a214c2f5e87bad3c948f4d605d) (ScriptedImporter) -> (artifact id: 'b599db06eb0e8c333ceab8d050087aba') in 0.0207616 seconds
Number of updated asset objects reloaded before import = 0Number of asset objects unloaded after import = 3

========================================================================
Received Import Request.
  Time since last request: 0.000033 seconds.
  path: Assets/New Asssets/Plant Animations/BlueFlower2/BluePlantClosed_00018.png
  artifactKey: Guid(ba8058e2a1eefe142884b91d61b5779b) Importer(2089858483,b0f066a214c2f5e87bad3c948f4d605d)
Start importing Assets/New Asssets/Plant Animations/BlueFlower2/BluePlantClosed_00018.png using Guid(ba8058e2a1eefe142884b91d61b5779b) Importer(2089858483,b0f066a214c2f5e87bad3c948f4d605d) (ScriptedImporter) -> (artifact id: 'ad080e37531a07ec0cbb4c40f4b49557') in 0.0244876 seconds
Number of updated asset objects reloaded before import = 0Number of asset objects unloaded after import = 8

========================================================================
Received Import Request.
  Time since last request: 0.000025 seconds.
  path: Assets/New Asssets/Plant Animations/Plant 3/Plant3_00033.png
  artifactKey: Guid(65c8db7e47f852f4298408554d687720) Importer(2089858483,b0f066a214c2f5e87bad3c948f4d605d)
Start importing Assets/New Asssets/Plant Animations/Plant 3/Plant3_00033.png using Guid(65c8db7e47f852f4298408554d687720) Importer(2089858483,b0f066a214c2f5e87bad3c948f4d605d) (ScriptedImporter) -> (artifact id: '60e4d619c05f93a11069f8352fa901ce') in 0.0220724 seconds
Number of updated asset objects reloaded before import = 0Number of asset objects unloaded after import = 4

========================================================================
Received Import Request.
  Time since last request: 0.000031 seconds.
  path: Assets/New Asssets/Plant Animations/Plant 2/Plant2_00007.png
  artifactKey: Guid(41c8a7c54faa9ce4693626979a6d6c40) Importer(2089858483,b0f066a214c2f5e87bad3c948f4d605d)
Start importing Assets/New Asssets/Plant Animations/Plant 2/Plant2_00007.png using Guid(41c8a7c54faa9ce4693626979a6d6c40) Importer(2089858483,b0f066a214c2f5e87bad3c948f4d605d) (ScriptedImporter) -> (artifact id: '96130dd02d44fc7438a9bd364874f676') in 0.0215133 seconds
Number of updated asset objects reloaded before import = 0Number of asset objects unloaded after import = 5

========================================================================
Received Import Request.
  Time since last request: 0.000034 seconds.
  path: Assets/New Asssets/Plant Animations/Plant 1/Plant1_00006.png
  artifactKey: Guid(9da2d6afdf8af894ebbad5d0eb8464c5) Importer(2089858483,b0f066a214c2f5e87bad3c948f4d605d)
Start importing Assets/New Asssets/Plant Animations/Plant 1/Plant1_00006.png using Guid(9da2d6afdf8af894ebbad5d0eb8464c5) Importer(2089858483,b0f066a214c2f5e87bad3c948f4d605d) (ScriptedImporter) -> (artifact id: '73ded04beec148af3bc875c6727ce44c') in 0.0177019 seconds
Number of updated asset objects reloaded before import = 0Number of asset objects unloaded after import = 3

========================================================================
Received Import Request.
  Time since last request: 0.000028 seconds.
  path: Assets/New Asssets/Plant Animations/Plant 6/Plant6_00039.png
  artifactKey: Guid(3dddfd7bbaad6014284cb9628cb2603b) Importer(2089858483,b0f066a214c2f5e87bad3c948f4d605d)
Start importing Assets/New Asssets/Plant Animations/Plant 6/Plant6_00039.png using Guid(3dddfd7bbaad6014284cb9628cb2603b) Importer(2089858483,b0f066a214c2f5e87bad3c948f4d605d) (ScriptedImporter) -> (artifact id: 'a7d9f979963ff253309df4fb88543892') in 0.0186061 seconds
Number of updated asset objects reloaded before import = 0Number of asset objects unloaded after import = 3

========================================================================
Received Import Request.
  Time since last request: 0.000052 seconds.
  path: Assets/New Asssets/Plant Animations/Plant 8 Poison/PlantPosion_00017.png
  artifactKey: Guid(1fc6158b1748ead4e8f8990253e38b80) Importer(2089858483,b0f066a214c2f5e87bad3c948f4d605d)
Start importing Assets/New Asssets/Plant Animations/Plant 8 Poison/PlantPosion_00017.png using Guid(1fc6158b1748ead4e8f8990253e38b80) Importer(2089858483,b0f066a214c2f5e87bad3c948f4d605d) (ScriptedImporter) -> (artifact id: 'fcd04a2c65447c10a7f3913ba87dcae1') in 0.016142 seconds
Number of updated asset objects reloaded before import = 0Number of asset objects unloaded after import = 3

========================================================================
Received Import Request.
  Time since last request: 0.000023 seconds.
  path: Assets/New Asssets/BlueWizard/2BlueWizardWalk/Chara_BlueWalk00005.png
  artifactKey: Guid(144f93205cacda947ba9fc8bdce20570) Importer(2089858483,b0f066a214c2f5e87bad3c948f4d605d)
Start importing Assets/New Asssets/BlueWizard/2BlueWizardWalk/Chara_BlueWalk00005.png using Guid(144f93205cacda947ba9fc8bdce20570) Importer(2089858483,b0f066a214c2f5e87bad3c948f4d605d) (ScriptedImporter) -> (artifact id: '3c8136515fe93e47737b99782775e21e') in 0.0165318 seconds
Number of updated asset objects reloaded before import = 0Number of asset objects unloaded after import = 3

========================================================================
Received Import Request.
  Time since last request: 0.000020 seconds.
  path: Assets/New Asssets/Plant Animations/PlantJump2/JumpPlant 2_00008.png
  artifactKey: Guid(cb020619f6ac42749abf7328ade72978) Importer(2089858483,b0f066a214c2f5e87bad3c948f4d605d)
Start importing Assets/New Asssets/Plant Animations/PlantJump2/JumpPlant 2_00008.png using Guid(cb020619f6ac42749abf7328ade72978) Importer(2089858483,b0f066a214c2f5e87bad3c948f4d605d) (ScriptedImporter) -> (artifact id: '62b601596a3a795cdfb4b59e34a81dbc') in 0.0171846 seconds
Number of updated asset objects reloaded before import = 0Number of asset objects unloaded after import = 3

========================================================================
Received Import Request.
  Time since last request: 1.168848 seconds.
  path: Assets/New Asssets/SlimeOrange/SlimeOrange_00009.png
  artifactKey: Guid(5077f27cb88e2b54c94b84420ea3a989) Importer(2089858483,b0f066a214c2f5e87bad3c948f4d605d)
Start importing Assets/New Asssets/SlimeOrange/SlimeOrange_00009.png using Guid(5077f27cb88e2b54c94b84420ea3a989) Importer(2089858483,b0f066a214c2f5e87bad3c948f4d605d) (ScriptedImporter) -> (artifact id: 'd18a694edc2e1df7290df06f009742ec') in 0.01961 seconds
Number of updated asset objects reloaded before import = 0Number of asset objects unloaded after import = 3

========================================================================
Received Import Request.
  Time since last request: 0.000029 seconds.
  path: Assets/New Asssets/SlimeGreen/SlimeBasic_00023.png
  artifactKey: Guid(09eae8a2928caa044ab1130d3f2bac3b) Importer(2089858483,b0f066a214c2f5e87bad3c948f4d605d)
Start importing Assets/New Asssets/SlimeGreen/SlimeBasic_00023.png using Guid(09eae8a2928caa044ab1130d3f2bac3b) Importer(2089858483,b0f066a214c2f5e87bad3c948f4d605d) (ScriptedImporter) -> (artifact id: 'd9c84d5ad79e8b57d799431d067d49ff') in 0.0172609 seconds
Number of updated asset objects reloaded before import = 0Number of asset objects unloaded after import = 3

========================================================================
Received Import Request.
  Time since last request: 0.000033 seconds.
  path: Assets/New Asssets/SlimeGreen/SlimeBasic_00000.png
  artifactKey: Guid(1e98f1b10dd2b2f4990b7009d3ef431f) Importer(2089858483,b0f066a214c2f5e87bad3c948f4d605d)
Start importing Assets/New Asssets/SlimeGreen/SlimeBasic_00000.png using Guid(1e98f1b10dd2b2f4990b7009d3ef431f) Importer(2089858483,b0f066a214c2f5e87bad3c948f4d605d) (ScriptedImporter) -> (artifact id: '8f118e634997eca9c82619985f7a06bd') in 0.0188273 seconds
Number of updated asset objects reloaded before import = 0Number of asset objects unloaded after import = 3

========================================================================
Received Import Request.
  Time since last request: 0.000026 seconds.
  path: Assets/New Asssets/SlimeOrange/SlimeOrange_00020.png
  artifactKey: Guid(94b447272454ca048a892484b2da31c3) Importer(2089858483,b0f066a214c2f5e87bad3c948f4d605d)
Start importing Assets/New Asssets/SlimeOrange/SlimeOrange_00020.png using Guid(94b447272454ca048a892484b2da31c3) Importer(2089858483,b0f066a214c2f5e87bad3c948f4d605d) (ScriptedImporter) -> (artifact id: '76d144f1c8ee921daa5acb7e3369cf24') in 0.0181308 seconds
Number of updated asset objects reloaded before import = 0Number of asset objects unloaded after import = 3

========================================================================
Received Import Request.
  Time since last request: 0.000029 seconds.
  path: Assets/New Asssets/SlimeGreen/SlimeBasic_00006.png
  artifactKey: Guid(3a5638e2fe39cb443a0acb1649893699) Importer(2089858483,b0f066a214c2f5e87bad3c948f4d605d)
Start importing Assets/New Asssets/SlimeGreen/SlimeBasic_00006.png using Guid(3a5638e2fe39cb443a0acb1649893699) Importer(2089858483,b0f066a214c2f5e87bad3c948f4d605d) (ScriptedImporter) -> (artifact id: '3d74f8d3023939b67f1fbd88aaad4e12') in 0.0171454 seconds
Number of updated asset objects reloaded before import = 0Number of asset objects unloaded after import = 3

========================================================================
Received Import Request.
  Time since last request: 0.000027 seconds.
  path: Assets/New Asssets/SlimeGreen/SlimeBasic_00012.png
  artifactKey: Guid(5c37a821525451b4198b881d0f935b34) Importer(2089858483,b0f066a214c2f5e87bad3c948f4d605d)
Start importing Assets/New Asssets/SlimeGreen/SlimeBasic_00012.png using Guid(5c37a821525451b4198b881d0f935b34) Importer(2089858483,b0f066a214c2f5e87bad3c948f4d605d) (ScriptedImporter) -> (artifact id: '9a2a56b1e48bd6d4229a551efcafbc36') in 0.018284 seconds
Number of updated asset objects reloaded before import = 0Number of asset objects unloaded after import = 3

========================================================================
Received Import Request.
  Time since last request: 0.000023 seconds.
  path: Assets/New Asssets/SlimeOrange/SlimeOrange_00017.png
  artifactKey: Guid(7bfb84e13c3370041b4e6aca96400d5a) Importer(2089858483,b0f066a214c2f5e87bad3c948f4d605d)
Start importing Assets/New Asssets/SlimeOrange/SlimeOrange_00017.png using Guid(7bfb84e13c3370041b4e6aca96400d5a) Importer(2089858483,b0f066a214c2f5e87bad3c948f4d605d) (ScriptedImporter) -> (artifact id: '53b4a48c711734b15b8270b739fd33d5') in 0.0161491 seconds
Number of updated asset objects reloaded before import = 0Number of asset objects unloaded after import = 3

========================================================================
Received Import Request.
  Time since last request: 0.000035 seconds.
  path: Assets/New Asssets/SlimeOrange/SlimeOrange_00007.png
  artifactKey: Guid(067890292de30e44385f2ea6fed77081) Importer(2089858483,b0f066a214c2f5e87bad3c948f4d605d)
Start importing Assets/New Asssets/SlimeOrange/SlimeOrange_00007.png using Guid(067890292de30e44385f2ea6fed77081) Importer(2089858483,b0f066a214c2f5e87bad3c948f4d605d) (ScriptedImporter) -> (artifact id: '616fd95d7ccba254cebebd768cdc3e64') in 0.0204958 seconds
Number of updated asset objects reloaded before import = 0Number of asset objects unloaded after import = 3

========================================================================
Received Import Request.
  Time since last request: 0.000020 seconds.
  path: Assets/New Asssets/SlimeGreen/SlimeBasic_00004.png
  artifactKey: Guid(7085f8372c969894c8923eaddb92f764) Importer(2089858483,b0f066a214c2f5e87bad3c948f4d605d)
Start importing Assets/New Asssets/SlimeGreen/SlimeBasic_00004.png using Guid(7085f8372c969894c8923eaddb92f764) Importer(2089858483,b0f066a214c2f5e87bad3c948f4d605d) (ScriptedImporter) -> (artifact id: '1270b6468d6fdd22f0b2264431cb3331') in 0.0189142 seconds
Number of updated asset objects reloaded before import = 0Number of asset objects unloaded after import = 3

========================================================================
Received Import Request.
  Time since last request: 0.000020 seconds.
  path: Assets/New Asssets/SlimeOrange/SlimeOrange_00028.png
  artifactKey: Guid(afb5cdc6c0b439e498d6ca8872321f95) Importer(2089858483,b0f066a214c2f5e87bad3c948f4d605d)
Start importing Assets/New Asssets/SlimeOrange/SlimeOrange_00028.png using Guid(afb5cdc6c0b439e498d6ca8872321f95) Importer(2089858483,b0f066a214c2f5e87bad3c948f4d605d) (ScriptedImporter) -> (artifact id: '62c46a382c2c14513e295757aac94f59') in 0.0199312 seconds
Number of updated asset objects reloaded before import = 0Number of asset objects unloaded after import = 3

========================================================================
Received Import Request.
  Time since last request: 0.000022 seconds.
  path: Assets/New Asssets/SlimeGreen/SlimeBasic_00027.png
  artifactKey: Guid(c5fd076a605a35f4fb8dec6f97b41f64) Importer(2089858483,b0f066a214c2f5e87bad3c948f4d605d)
Start importing Assets/New Asssets/SlimeGreen/SlimeBasic_00027.png using Guid(c5fd076a605a35f4fb8dec6f97b41f64) Importer(2089858483,b0f066a214c2f5e87bad3c948f4d605d) (ScriptedImporter) -> (artifact id: '323c182dcb4e5ba9f01ed55c86acb450') in 0.0172371 seconds
Number of updated asset objects reloaded before import = 0Number of asset objects unloaded after import = 3

========================================================================
Received Import Request.
  Time since last request: 0.000024 seconds.
  path: Assets/New Asssets/SlimeGreen/SlimeBasic_00009.png
  artifactKey: Guid(23cc15cc09ef6b54cb63f42c0dd880cb) Importer(2089858483,b0f066a214c2f5e87bad3c948f4d605d)
Start importing Assets/New Asssets/SlimeGreen/SlimeBasic_00009.png using Guid(23cc15cc09ef6b54cb63f42c0dd880cb) Importer(2089858483,b0f066a214c2f5e87bad3c948f4d605d) (ScriptedImporter) -> (artifact id: 'ea13d081b67daca0f7f3dc6c71880543') in 0.019507 seconds
Number of updated asset objects reloaded before import = 0Number of asset objects unloaded after import = 3

========================================================================
Received Import Request.
  Time since last request: 0.000050 seconds.
  path: Assets/New Asssets/SlimeGreen/SlimeBasic_00005.png
  artifactKey: Guid(8f74f9c91ffdffc4e8f157eee3aeac40) Importer(2089858483,b0f066a214c2f5e87bad3c948f4d605d)
Start importing Assets/New Asssets/SlimeGreen/SlimeBasic_00005.png using Guid(8f74f9c91ffdffc4e8f157eee3aeac40) Importer(2089858483,b0f066a214c2f5e87bad3c948f4d605d) (ScriptedImporter) -> (artifact id: 'fa55a85b3c870a1a0007e4c299082619') in 0.0168944 seconds
Number of updated asset objects reloaded before import = 0Number of asset objects unloaded after import = 3

========================================================================
Received Import Request.
  Time since last request: 0.000023 seconds.
  path: Assets/New Asssets/SlimeOrange/SlimeOrange_00010.png
  artifactKey: Guid(84cd9a359099d41478d7171b982fa3ed) Importer(2089858483,b0f066a214c2f5e87bad3c948f4d605d)
Start importing Assets/New Asssets/SlimeOrange/SlimeOrange_00010.png using Guid(84cd9a359099d41478d7171b982fa3ed) Importer(2089858483,b0f066a214c2f5e87bad3c948f4d605d) (ScriptedImporter) -> (artifact id: '6cf84518508f918f5776220ba8ef1410') in 0.0161255 seconds
Number of updated asset objects reloaded before import = 0Number of asset objects unloaded after import = 3

========================================================================
Received Import Request.
  Time since last request: 0.000019 seconds.
  path: Assets/New Asssets/SlimeOrange/SlimeOrange_00018.png
  artifactKey: Guid(27902edcc6f1b9d48933ea6f2a6a4cc0) Importer(2089858483,b0f066a214c2f5e87bad3c948f4d605d)
Start importing Assets/New Asssets/SlimeOrange/SlimeOrange_00018.png using Guid(27902edcc6f1b9d48933ea6f2a6a4cc0) Importer(2089858483,b0f066a214c2f5e87bad3c948f4d605d) (ScriptedImporter) -> (artifact id: '90463dee4451380db9dfdb1d27055cba') in 0.0175649 seconds
Number of updated asset objects reloaded before import = 0Number of asset objects unloaded after import = 3

Editor requested this worker to shutdown with reason: Scaling down because of idle timeout
AssetImportWorker is now disconnected from the server
Process exiting
Exiting without the bug reporter. Application will terminate with return code 0