[Licensing::Module] Trying to connect to existing licensing client channel...
Built from '6000.3/respin/6000.3.1f1-f56f53296c2c' branch; Version is '6000.3.1f1 (37142da19a94) revision 3609645'; Using compiler version '194234433'; Build Type 'Release'
[Licensing::IpcConnector] Successfully connected to: "LicenseClient-Huseyn" at "2026-04-17T23:27:11.6212591Z"
OS: 'Windows 11  (10.0.26200) 64bit Professional' Language: 'en' Physical Memory: 16200 MB
BatchMode: 1, IsHumanControllingUs: 0, StartBugReporterOnCrash: 0, Is64bit: 1
Date: 2026-04-17T23:27:11Z

COMMAND LINE ARGUMENTS:
C:\Program Files\Unity\Hub\Editor\6000.3.1f1\Editor\Unity.exe
-adb2
-batchMode
-noUpm
-name
AssetImportWorker0
-projectPath
C:/Users/Huseyn/Desktop/New folder (2)/PlatformGameForLesson
-logFile
Logs/AssetImportWorker0.log
-srvPort
57634
-licensingIpc
LicenseClient-Huseyn
-job-worker-count
7
-background-job-worker-count
8
-gc-helper-count
1
-name
AssetImport
Successfully changed project path to: C:/Users/Huseyn/Desktop/New folder (2)/PlatformGameForLesson
C:/Users/Huseyn/Desktop/New folder (2)/PlatformGameForLesson
[UnityMemory] Configuration Parameters - Can be set up in boot.config
    "memorysetup-temp-allocator-size-nav-mesh-worker=65536"
    "memorysetup-temp-allocator-size-audio-worker=65536"
    "memorysetup-temp-allocator-size-gfx=262144"
    "memorysetup-allocator-temp-initial-block-size-main=262144"
    "memorysetup-allocator-temp-initial-block-size-worker=262144"
    "memorysetup-temp-allocator-size-background-worker=32768"
    "memorysetup-temp-allocator-size-job-worker=262144"
    "memorysetup-temp-allocator-size-preload-manager=33554432"
    "memorysetup-temp-allocator-size-gi-baking-worker=262144"
    "memorysetup-temp-allocator-size-gi-baking-worker=262144"
    "memorysetup-temp-allocator-size-gi-baking-worker=262144"
    "memorysetup-temp-allocator-size-gi-baking-worker=262144"
    "memorysetup-temp-allocator-size-gi-baking-worker=262144"
    "memorysetup-bucket-allocator-granularity=16"
    "memorysetup-bucket-allocator-bucket-count=8"
    "memorysetup-bucket-allocator-block-size=33554432"
    "memorysetup-bucket-allocator-block-count=8"
    "memorysetup-main-allocator-block-size=16777216"
    "memorysetup-thread-allocator-block-size=16777216"
    "memorysetup-gfx-main-allocator-block-size=16777216"
    "memorysetup-gfx-thread-allocator-block-size=16777216"
    "memorysetup-cache-allocator-block-size=4194304"
    "memorysetup-typetree-allocator-block-size=2097152"
    "memorysetup-profiler-bucket-allocator-granularity=16"
    "memorysetup-profiler-bucket-allocator-bucket-count=8"
    "memorysetup-profiler-bucket-allocator-block-size=33554432"
    "memorysetup-profiler-bucket-allocator-block-count=8"
    "memorysetup-profiler-allocator-block-size=16777216"
    "memorysetup-profiler-editor-allocator-block-size=1048576"
    "memorysetup-temp-allocator-size-main=16777216"
    "memorysetup-job-temp-allocator-block-size=2097152"
    "memorysetup-job-temp-allocator-block-size-background=1048576"
    "memorysetup-job-temp-allocator-reduction-small-platforms=262144"
    "memorysetup-temp-allocator-size-cloud-worker=32768"
Player connection [26504]  Target information:

Player connection [26504]  * "[IP] 192.168.56.1 [Port] 0 [Flags] 2 [Guid] 1773914676 [EditorId] 1773914676 [Version] 1048832 [Id] WindowsEditor(7,DESKTOP-P8DN92Q) [Debug] 1 [PackageName] WindowsEditor [ProjectName] Editor" 

Player connection [26504]  * "[IP] 192.168.0.200 [Port] 0 [Flags] 2 [Guid] 1773914676 [EditorId] 1773914676 [Version] 1048832 [Id] WindowsEditor(7,DESKTOP-P8DN92Q) [Debug] 1 [PackageName] WindowsEditor [ProjectName] Editor" 

Player connection [26504] Host joined multi-casting on [225.0.0.222:54997]...
Player connection [26504] Host joined alternative multi-casting on [225.0.0.222:34997]...
JobSystem: Creating JobQueue using job-worker-count value 7
Input System module state changed to: Initialized.
[Physics::Module] Initialized fallback backend.
[Physics::Module] Id: 0xdecafbad
Library Redirect Path: Library/
[Physics::Module] Selected backend.
[Physics::Module] Name: PhysX
[Physics::Module] Id: 0xf2b8ea05
[Physics::Module] SDK Version: 4.1.2
[Physics::Module] Integration Version: 1.0.0
[Physics::Module] Threading Mode: Multi-Threaded
Refreshing native plugins compatible for Editor in 4.58 ms, found 4 plugins.
Preloading 0 native plugins for Editor in 0.00 ms.
Initialize engine version: 6000.3.1f1 (37142da19a94)
[Subsystems] Discovering subsystems at path C:/Program Files/Unity/Hub/Editor/6000.3.1f1/Editor/Data/Resources/UnitySubsystems
[Subsystems] Discovering subsystems at path C:/Users/Huseyn/Desktop/New folder (2)/PlatformGameForLesson/Assets
GfxDevice: creating device client; kGfxThreadingModeNonThreaded
Direct3D:
    Version:  Direct3D 11.0 [level 11.1]
    Renderer: NVIDIA GeForce RTX 3050 Laptop GPU (ID=0x25a2)
    Vendor:   NVIDIA
    VRAM:     3962 MB
    Driver:   32.0.15.9186
Initialize mono
Mono path[0] = 'C:/Program Files/Unity/Hub/Editor/6000.3.1f1/Editor/Data/Managed'
Mono path[1] = 'C:/Program Files/Unity/Hub/Editor/6000.3.1f1/Editor/Data/MonoBleedingEdge/lib/mono/unityjit-win32'
Mono config path = 'C:/Program Files/Unity/Hub/Editor/6000.3.1f1/Editor/Data/MonoBleedingEdge/etc'
Using monoOptions --debugger-agent=transport=dt_socket,embedding=1,server=y,suspend=n,address=127.0.0.1:56944
Begin MonoManager ReloadAssembly
Registering precompiled unity dll's ...
Register platform support module: C:/Program Files/Unity/Hub/Editor/6000.3.1f1/Editor/Data/PlaybackEngines/WebGLSupport/UnityEditor.WebGL.Extensions.dll
Register platform support module: C:/Program Files/Unity/Hub/Editor/6000.3.1f1/Editor/Data/PlaybackEngines/WindowsStandaloneSupport/UnityEditor.WindowsStandalone.Extensions.dll
[Licensing::Module] Licensing is not yet initialized.
[Licensing::Client] Handshaking with LicensingClient:
  Version:                 1.17.4+4293ba1
  Session Id:              101d1bee16c54981b810de2700b0498a
  Correlation Id:          b6c0715d3a820be36b2f7da351ade35c
  External correlation Id: 7716689144998419366
  Machine Id:              tv/gQBm3jDMfnTwrqsG2ELGBXbM=
[Licensing::Module] Successfully connected to LicensingClient on channel: "LicenseClient-Huseyn" (connect: 0.00s, validation: 0.00s, handshake: 1.29s)
[Licensing::IpcConnector] Successfully connected to: "LicenseClient-Huseyn-notifications" at "2026-04-17T23:27:12.9177375Z"
[Licensing::Module] Licensing Background thread has ended after 1.30s
[Licensing::Module] Licensing is initialized (took 0.25s).
[Licensing::Client] Successfully resolved entitlement details
[Licensing::Module] License group:
  Id: 18966791570336-UnityPersXXXX
  Product: Unity Personal
  Type: Assigned
  Expiration: Unlimited
Register platform support module: C:/Program Files/Unity/Hub/Editor/6000.3.1f1/Editor/Data/PlaybackEngines/AndroidPlayer/UnityEditor.Android.Extensions.dll
Registered in 0.256659 seconds.
- Loaded All Assemblies, in  0.805 seconds
Native extension for Android target not found
Android Extension - Scanning For ADB Devices 299 ms
Native extension for WindowsStandalone target not found
Native extension for WebGL target not found
Mono: successfully reloaded assembly
- Finished resetting the current domain, in  0.809 seconds
Domain Reload Profiling: 1611ms
	BeginReloadAssembly (183ms)
		ExecutionOrderSort (0ms)
		DisableScriptedObjects (0ms)
		BackupInstance (0ms)
		ReleaseScriptingObjects (0ms)
		CreateAndSetChildDomain (1ms)
	RebuildCommonClasses (57ms)
	RebuildNativeTypeToScriptingClass (17ms)
	initialDomainReloadingComplete (322ms)
	LoadAllAssembliesAndSetupDomain (222ms)
		LoadAssemblies (177ms)
		RebuildTransferFunctionScriptingTraits (0ms)
		AnalyzeDomain (217ms)
			TypeCache.Refresh (215ms)
				TypeCache.ScanAssembly (201ms)
			BuildScriptInfoCaches (0ms)
			ResolveRequiredComponents (1ms)
	FinalizeReload (810ms)
		ReleaseScriptCaches (0ms)
		RebuildScriptCaches (0ms)
		SetupLoadedEditorAssemblies (771ms)
			LogAssemblyErrors (0ms)
			InitializePlatformSupportModulesInManaged (400ms)
			SetLoadedEditorAssemblies (4ms)
			BeforeProcessingInitializeOnLoad (103ms)
			ProcessInitializeOnLoadAttributes (178ms)
			ProcessInitializeOnLoadMethodAttributes (85ms)
			AfterProcessingInitializeOnLoad (0ms)
			EditorAssembliesLoaded (0ms)
		ExecutionOrderSort2 (0ms)
		AwakeInstancesAfterBackupRestoration (0ms)
========================================================================
Worker process is ready to serve import requests
Import Worker Mode flag is 0x00
Begin MonoManager ReloadAssembly
[Licensing::Client] Successfully resolved entitlement details
- Loaded All Assemblies, in  1.048 seconds
Refreshing native plugins compatible for Editor in 2.11 ms, found 4 plugins.
Native extension for Android target not found
Native extension for WindowsStandalone target not found
Native extension for WebGL target not found
Package Manager log level set to [2]
[Package Manager] Failed to launch server process. Reason: Unity was launched with the -noUpm command-line argument
[Package Manager] Unable to send message (not connected to server process).
[Package Manager] Cannot connect to Unity Package Manager local server
Mono: successfully reloaded assembly
- Finished resetting the current domain, in  0.990 seconds
Domain Reload Profiling: 2030ms
	BeginReloadAssembly (219ms)
		ExecutionOrderSort (0ms)
		DisableScriptedObjects (6ms)
		BackupInstance (0ms)
		ReleaseScriptingObjects (0ms)
		CreateAndSetChildDomain (43ms)
	RebuildCommonClasses (40ms)
	RebuildNativeTypeToScriptingClass (12ms)
	initialDomainReloadingComplete (50ms)
	LoadAllAssembliesAndSetupDomain (718ms)
		LoadAssemblies (517ms)
		RebuildTransferFunctionScriptingTraits (0ms)
		AnalyzeDomain (318ms)
			TypeCache.Refresh (234ms)
				TypeCache.ScanAssembly (207ms)
			BuildScriptInfoCaches (69ms)
			ResolveRequiredComponents (11ms)
	FinalizeReload (990ms)
		ReleaseScriptCaches (0ms)
		RebuildScriptCaches (0ms)
		SetupLoadedEditorAssemblies (815ms)
			LogAssemblyErrors (0ms)
			InitializePlatformSupportModulesInManaged (12ms)
			SetLoadedEditorAssemblies (5ms)
			BeforeProcessingInitializeOnLoad (209ms)
			ProcessInitializeOnLoadAttributes (425ms)
			ProcessInitializeOnLoadMethodAttributes (155ms)
			AfterProcessingInitializeOnLoad (9ms)
			EditorAssembliesLoaded (0ms)
		ExecutionOrderSort2 (0ms)
		AwakeInstancesAfterBackupRestoration (8ms)
Launched and connected shader compiler UnityShaderCompiler.exe after 0.02 seconds
Refreshing native plugins compatible for Editor in 2.61 ms, found 4 plugins.
Preloading 0 native plugins for Editor in 0.00 ms.
Unloading 16 Unused Serialized files (Serialized files now loaded: 0)
Unloading 6876 unused Assets / (5.0 MB). Loaded Objects now: 7711.
Memory consumption went from 155.3 MB to 150.3 MB.
Total: 14.908600 ms (FindLiveObjects: 1.589700 ms CreateObjectMapping: 1.956200 ms MarkObjects: 8.314900 ms  DeleteObjects: 3.046500 ms)

========================================================================
Received Import Request.
  Time since last request: 41248.215311 seconds.
  path: Assets/sprites/Plant Animations/Plant 3/Plant3_00037.png
  artifactKey: Guid(2c57487b0655584498e5b76711ddebf5) Importer(815301076,1909f56bfc062723c751e8b465ee728b)
Start importing Assets/sprites/Plant Animations/Plant 3/Plant3_00037.png using Guid(2c57487b0655584498e5b76711ddebf5) Importer(815301076,1909f56bfc062723c751e8b465ee728b) (PreviewImporter) -> (artifact id: 'f9a0c4f70b67d9e7ab29894e3c4d5795') in 0.1010112 seconds
Number of updated asset objects reloaded before import = 0Number of asset objects unloaded after import = 4

========================================================================
Received Import Request.
  Time since last request: 0.000018 seconds.
  path: Assets/sprites/Plant Animations/Plant 1/Plant1_00038.png
  artifactKey: Guid(0bd9fa65bb5487545ac14aa6671ea296) Importer(815301076,1909f56bfc062723c751e8b465ee728b)
Start importing Assets/sprites/Plant Animations/Plant 1/Plant1_00038.png using Guid(0bd9fa65bb5487545ac14aa6671ea296) Importer(815301076,1909f56bfc062723c751e8b465ee728b) (PreviewImporter) -> (artifact id: '6b1163967a5749fd27ed0cee3cbf377e') in 0.0210714 seconds
Number of updated asset objects reloaded before import = 0Number of asset objects unloaded after import = 3

========================================================================
Received Import Request.
  Time since last request: 0.000025 seconds.
  path: Assets/sprites/Plant Animations/Plant 2/Plant2_00023.png
  artifactKey: Guid(7b5d2323ef2888d46ac2b9844ee92bd3) Importer(815301076,1909f56bfc062723c751e8b465ee728b)
Start importing Assets/sprites/Plant Animations/Plant 2/Plant2_00023.png using Guid(7b5d2323ef2888d46ac2b9844ee92bd3) Importer(815301076,1909f56bfc062723c751e8b465ee728b) (PreviewImporter) -> (artifact id: 'b1295cd44f3bbccbd23bb5e86747c820') in 0.0317025 seconds
Number of updated asset objects reloaded before import = 0Number of asset objects unloaded after import = 5

========================================================================
Received Import Request.
  Time since last request: 0.000032 seconds.
  path: Assets/sprites/Plant Animations/Plant 1/Plant1_00002.png
  artifactKey: Guid(ec4cd74c9700f454e87a29053aea4d7e) Importer(815301076,1909f56bfc062723c751e8b465ee728b)
Start importing Assets/sprites/Plant Animations/Plant 1/Plant1_00002.png using Guid(ec4cd74c9700f454e87a29053aea4d7e) Importer(815301076,1909f56bfc062723c751e8b465ee728b) (PreviewImporter) -> (artifact id: '5c57c305a9c7cd0834d0504447ffc04e') in 0.0205028 seconds
Number of updated asset objects reloaded before import = 0Number of asset objects unloaded after import = 3

========================================================================
Received Import Request.
  Time since last request: 0.000018 seconds.
  path: Assets/sprites/Plant Animations/Plant 3/Plant3_00016.png
  artifactKey: Guid(ac0cba16c991ab242a18b01f6f94f5c2) Importer(815301076,1909f56bfc062723c751e8b465ee728b)
Start importing Assets/sprites/Plant Animations/Plant 3/Plant3_00016.png using Guid(ac0cba16c991ab242a18b01f6f94f5c2) Importer(815301076,1909f56bfc062723c751e8b465ee728b) (PreviewImporter) -> (artifact id: '4514e6bcb659abf548126fdab53dd476') in 0.024021 seconds
Number of updated asset objects reloaded before import = 0Number of asset objects unloaded after import = 4

========================================================================
Received Import Request.
  Time since last request: 0.000021 seconds.
  path: Assets/sprites/Plant Animations/BlueFlower2/BluePlantClosed_00014.png
  artifactKey: Guid(5aea220b32bdec34abe4a22cc01b2832) Importer(815301076,1909f56bfc062723c751e8b465ee728b)
Start importing Assets/sprites/Plant Animations/BlueFlower2/BluePlantClosed_00014.png using Guid(5aea220b32bdec34abe4a22cc01b2832) Importer(815301076,1909f56bfc062723c751e8b465ee728b) (PreviewImporter) -> (artifact id: '97a3609ba5b2d6f23216a1cf25d63cc8') in 0.0378246 seconds
Number of updated asset objects reloaded before import = 0Number of asset objects unloaded after import = 8

========================================================================
Received Import Request.
  Time since last request: 0.000020 seconds.
  path: Assets/sprites/Plant Animations/Plant 3/Plant3_00005.png
  artifactKey: Guid(9a8e665d1bbcf1c4faffeaf6290562eb) Importer(815301076,1909f56bfc062723c751e8b465ee728b)
Start importing Assets/sprites/Plant Animations/Plant 3/Plant3_00005.png using Guid(9a8e665d1bbcf1c4faffeaf6290562eb) Importer(815301076,1909f56bfc062723c751e8b465ee728b) (PreviewImporter) -> (artifact id: '81ee11eedd13e54b66222b06b9dd08de') in 0.0270219 seconds
Number of updated asset objects reloaded before import = 0Number of asset objects unloaded after import = 4

========================================================================
Received Import Request.
  Time since last request: 0.000030 seconds.
  path: Assets/sprites/Plant Animations/Plant 2/Plant2_00025.png
  artifactKey: Guid(eb24f3d9ffe211d4797e0f4c9b8385b0) Importer(815301076,1909f56bfc062723c751e8b465ee728b)
Start importing Assets/sprites/Plant Animations/Plant 2/Plant2_00025.png using Guid(eb24f3d9ffe211d4797e0f4c9b8385b0) Importer(815301076,1909f56bfc062723c751e8b465ee728b) (PreviewImporter) -> (artifact id: 'c3f8b2f83dc3c891cd399c4de204d082') in 0.0270745 seconds
Number of updated asset objects reloaded before import = 0Number of asset objects unloaded after import = 5

========================================================================
Received Import Request.
  Time since last request: 0.000019 seconds.
  path: Assets/sprites/Plant Animations/Plant 3/Plant3_00041.png
  artifactKey: Guid(99573841ddf1adf4f825b8c8953b79fd) Importer(815301076,1909f56bfc062723c751e8b465ee728b)
Start importing Assets/sprites/Plant Animations/Plant 3/Plant3_00041.png using Guid(99573841ddf1adf4f825b8c8953b79fd) Importer(815301076,1909f56bfc062723c751e8b465ee728b) (PreviewImporter) -> (artifact id: '9172557c64a051332b865894c31c6256') in 0.0244786 seconds
Number of updated asset objects reloaded before import = 0Number of asset objects unloaded after import = 4

========================================================================
Received Import Request.
  Time since last request: 0.000019 seconds.
  path: Assets/sprites/Plant Animations/Plant 3/Plant3_00003.png
  artifactKey: Guid(d12f9167b6b47514aa7ee6e555c1568a) Importer(815301076,1909f56bfc062723c751e8b465ee728b)
Start importing Assets/sprites/Plant Animations/Plant 3/Plant3_00003.png using Guid(d12f9167b6b47514aa7ee6e555c1568a) Importer(815301076,1909f56bfc062723c751e8b465ee728b) (PreviewImporter) -> (artifact id: '55e619a48a9b408007e9443b1ad7b4ad') in 0.0267895 seconds
Number of updated asset objects reloaded before import = 0Number of asset objects unloaded after import = 4

========================================================================
Received Import Request.
  Time since last request: 0.000022 seconds.
  path: Assets/sprites/Plant Animations/BlueFlower2/BluePlantClosed_00032.png
  artifactKey: Guid(c3cee6a868a04874d956f7964acc5bf8) Importer(815301076,1909f56bfc062723c751e8b465ee728b)
Start importing Assets/sprites/Plant Animations/BlueFlower2/BluePlantClosed_00032.png using Guid(c3cee6a868a04874d956f7964acc5bf8) Importer(815301076,1909f56bfc062723c751e8b465ee728b) (PreviewImporter) -> (artifact id: '54d301cca6bd0e0729095e826c4184ce') in 0.0419664 seconds
Number of updated asset objects reloaded before import = 0Number of asset objects unloaded after import = 7

========================================================================
Received Import Request.
  Time since last request: 0.000032 seconds.
  path: Assets/sprites/Plant Animations/BlueFlower2/BluePlantClosed_00030.png
  artifactKey: Guid(37ee72d91d3fab14f9ac58f820a10fa4) Importer(815301076,1909f56bfc062723c751e8b465ee728b)
Start importing Assets/sprites/Plant Animations/BlueFlower2/BluePlantClosed_00030.png using Guid(37ee72d91d3fab14f9ac58f820a10fa4) Importer(815301076,1909f56bfc062723c751e8b465ee728b) (PreviewImporter) -> (artifact id: 'cfac422b535e87aa01d3ebb61ab237f7') in 0.0312372 seconds
Number of updated asset objects reloaded before import = 0Number of asset objects unloaded after import = 7

========================================================================
Received Import Request.
  Time since last request: 0.000018 seconds.
  path: Assets/sprites/Plant Animations/Plant 2/Plant2_00038.png
  artifactKey: Guid(8a51dc6604bf9fd43a968964b0e67f73) Importer(815301076,1909f56bfc062723c751e8b465ee728b)
Start importing Assets/sprites/Plant Animations/Plant 2/Plant2_00038.png using Guid(8a51dc6604bf9fd43a968964b0e67f73) Importer(815301076,1909f56bfc062723c751e8b465ee728b) (PreviewImporter) -> (artifact id: '98d5a5edf980afb71fda864c8b777b86') in 0.0293446 seconds
Number of updated asset objects reloaded before import = 0Number of asset objects unloaded after import = 5

========================================================================
Received Import Request.
  Time since last request: 0.000015 seconds.
  path: Assets/sprites/Plant Animations/Plant 3/Plant3_00038.png
  artifactKey: Guid(1ef6d737f5ca04344bc43a30f491fc55) Importer(815301076,1909f56bfc062723c751e8b465ee728b)
Start importing Assets/sprites/Plant Animations/Plant 3/Plant3_00038.png using Guid(1ef6d737f5ca04344bc43a30f491fc55) Importer(815301076,1909f56bfc062723c751e8b465ee728b) (PreviewImporter) -> (artifact id: '1408497a618f6316708c8a3de878229a') in 0.0343229 seconds
Number of updated asset objects reloaded before import = 0Number of asset objects unloaded after import = 4

========================================================================
Received Import Request.
  Time since last request: 0.000018 seconds.
  path: Assets/sprites/Plant Animations/Plant 1/Plant1_00025.png
  artifactKey: Guid(9271fbd8551202841b766f671aa19378) Importer(815301076,1909f56bfc062723c751e8b465ee728b)
Start importing Assets/sprites/Plant Animations/Plant 1/Plant1_00025.png using Guid(9271fbd8551202841b766f671aa19378) Importer(815301076,1909f56bfc062723c751e8b465ee728b) (PreviewImporter) -> (artifact id: '9eac0f4b4a7f789b8817154d48f67e82') in 0.021533 seconds
Number of updated asset objects reloaded before import = 0Number of asset objects unloaded after import = 3

========================================================================
Received Import Request.
  Time since last request: 0.000027 seconds.
  path: Assets/sprites/Plant Animations/BlueFlower2/BluePlantClosed_00027.png
  artifactKey: Guid(64b9c28e65587464c9f5deac5a724da0) Importer(815301076,1909f56bfc062723c751e8b465ee728b)
Start importing Assets/sprites/Plant Animations/BlueFlower2/BluePlantClosed_00027.png using Guid(64b9c28e65587464c9f5deac5a724da0) Importer(815301076,1909f56bfc062723c751e8b465ee728b) (PreviewImporter) -> (artifact id: 'b380e97860b8cd7a0a31a65ae23e7a14') in 0.0319188 seconds
Number of updated asset objects reloaded before import = 0Number of asset objects unloaded after import = 7

========================================================================
Received Import Request.
  Time since last request: 0.000017 seconds.
  path: Assets/sprites/Plant Animations/Plant 1/Plant1_00007.png
  artifactKey: Guid(1f21253c1a243fd4ca9b1fa20e8d4562) Importer(815301076,1909f56bfc062723c751e8b465ee728b)
Start importing Assets/sprites/Plant Animations/Plant 1/Plant1_00007.png using Guid(1f21253c1a243fd4ca9b1fa20e8d4562) Importer(815301076,1909f56bfc062723c751e8b465ee728b) (PreviewImporter) -> (artifact id: 'ad6fe52418697b2d0f16f86e1758029c') in 0.0432877 seconds
Number of updated asset objects reloaded before import = 0Number of asset objects unloaded after import = 3

========================================================================
Received Import Request.
  Time since last request: 0.000014 seconds.
  path: Assets/sprites/Plant Animations/BlueFlower2/BluePlantClosed_00009.png
  artifactKey: Guid(817c93d3ad973cf4c8e01fdb51ce84ff) Importer(815301076,1909f56bfc062723c751e8b465ee728b)
Start importing Assets/sprites/Plant Animations/BlueFlower2/BluePlantClosed_00009.png using Guid(817c93d3ad973cf4c8e01fdb51ce84ff) Importer(815301076,1909f56bfc062723c751e8b465ee728b) (PreviewImporter) -> (artifact id: 'df99cb758cb3f363edbde18c5aede157') in 0.0324083 seconds
Number of updated asset objects reloaded before import = 0Number of asset objects unloaded after import = 8

========================================================================
Received Import Request.
  Time since last request: 0.000021 seconds.
  path: Assets/sprites/Plant Animations/Plant 2/Plant2_00021.png
  artifactKey: Guid(f9a2ad1fc4890dc4faf0494bb7b57ded) Importer(815301076,1909f56bfc062723c751e8b465ee728b)
Start importing Assets/sprites/Plant Animations/Plant 2/Plant2_00021.png using Guid(f9a2ad1fc4890dc4faf0494bb7b57ded) Importer(815301076,1909f56bfc062723c751e8b465ee728b) (PreviewImporter) -> (artifact id: '58ade00f88357a441178fd7d2d7167c5') in 0.0235907 seconds
Number of updated asset objects reloaded before import = 0Number of asset objects unloaded after import = 5

========================================================================
Received Import Request.
  Time since last request: 0.000025 seconds.
  path: Assets/sprites/Plant Animations/Plant 1/Plant1_00003.png
  artifactKey: Guid(8104a86f483f1c4418d558ab2c8477a9) Importer(815301076,1909f56bfc062723c751e8b465ee728b)
Start importing Assets/sprites/Plant Animations/Plant 1/Plant1_00003.png using Guid(8104a86f483f1c4418d558ab2c8477a9) Importer(815301076,1909f56bfc062723c751e8b465ee728b) (PreviewImporter) -> (artifact id: 'e26fdc0cf61b7babc6a662434a0ca89a') in 0.022472 seconds
Number of updated asset objects reloaded before import = 0Number of asset objects unloaded after import = 3

========================================================================
Received Import Request.
  Time since last request: 0.000020 seconds.
  path: Assets/sprites/Plant Animations/Plant 2/Plant2_00029.png
  artifactKey: Guid(c1a426025fde02a4fb25ae6733826590) Importer(815301076,1909f56bfc062723c751e8b465ee728b)
Start importing Assets/sprites/Plant Animations/Plant 2/Plant2_00029.png using Guid(c1a426025fde02a4fb25ae6733826590) Importer(815301076,1909f56bfc062723c751e8b465ee728b) (PreviewImporter) -> (artifact id: 'a0b3a299428af4b33d21dba638dec934') in 0.0282729 seconds
Number of updated asset objects reloaded before import = 0Number of asset objects unloaded after import = 5

========================================================================
Received Import Request.
  Time since last request: 0.000021 seconds.
  path: Assets/sprites/Plant Animations/Plant 1/Plant1_00039.png
  artifactKey: Guid(b9008251a814ead4b8b2b7e17a8675cd) Importer(815301076,1909f56bfc062723c751e8b465ee728b)
Start importing Assets/sprites/Plant Animations/Plant 1/Plant1_00039.png using Guid(b9008251a814ead4b8b2b7e17a8675cd) Importer(815301076,1909f56bfc062723c751e8b465ee728b) (PreviewImporter) -> (artifact id: '041d67ec1bd04bccbacac0f5dce9cc6b') in 0.019706 seconds
Number of updated asset objects reloaded before import = 0Number of asset objects unloaded after import = 3

========================================================================
Received Import Request.
  Time since last request: 0.000018 seconds.
  path: Assets/sprites/Plant Animations/Plant 2/Plant2_00045.png
  artifactKey: Guid(68889ceb9132c8e41a85c740deeed9f4) Importer(815301076,1909f56bfc062723c751e8b465ee728b)
Start importing Assets/sprites/Plant Animations/Plant 2/Plant2_00045.png using Guid(68889ceb9132c8e41a85c740deeed9f4) Importer(815301076,1909f56bfc062723c751e8b465ee728b) (PreviewImporter) -> (artifact id: 'ce15be72bf5ff5b449a0ed9e15b1e38d') in 0.026641 seconds
Number of updated asset objects reloaded before import = 0Number of asset objects unloaded after import = 5

========================================================================
Received Import Request.
  Time since last request: 0.000042 seconds.
  path: Assets/sprites/Plant Animations/Plant 3/Plant3_00020.png
  artifactKey: Guid(3d34462fa778612428b3929891cc9552) Importer(815301076,1909f56bfc062723c751e8b465ee728b)
Start importing Assets/sprites/Plant Animations/Plant 3/Plant3_00020.png using Guid(3d34462fa778612428b3929891cc9552) Importer(815301076,1909f56bfc062723c751e8b465ee728b) (PreviewImporter) -> (artifact id: 'd8873855f7f3478a654bf6e0f1cc344e') in 0.0254351 seconds
Number of updated asset objects reloaded before import = 0Number of asset objects unloaded after import = 4

========================================================================
Received Import Request.
  Time since last request: 0.000022 seconds.
  path: Assets/sprites/Plant Animations/Plant 1/Plant1_00019.png
  artifactKey: Guid(ca85d120d9ed2d249b5ba234580205a9) Importer(815301076,1909f56bfc062723c751e8b465ee728b)
Start importing Assets/sprites/Plant Animations/Plant 1/Plant1_00019.png using Guid(ca85d120d9ed2d249b5ba234580205a9) Importer(815301076,1909f56bfc062723c751e8b465ee728b) (PreviewImporter) -> (artifact id: '877368d994f8ba03a280f64f8c1f5f70') in 0.0202941 seconds
Number of updated asset objects reloaded before import = 0Number of asset objects unloaded after import = 3

========================================================================
Received Import Request.
  Time since last request: 0.000023 seconds.
  path: Assets/sprites/Plant Animations/Plant 3/Plant3_00042.png
  artifactKey: Guid(a212311f62fcdea40b21ac94bc2a2204) Importer(815301076,1909f56bfc062723c751e8b465ee728b)
Start importing Assets/sprites/Plant Animations/Plant 3/Plant3_00042.png using Guid(a212311f62fcdea40b21ac94bc2a2204) Importer(815301076,1909f56bfc062723c751e8b465ee728b) (PreviewImporter) -> (artifact id: '262136e2c94f2562d024da00662ccde5') in 0.0597486 seconds
Number of updated asset objects reloaded before import = 0Number of asset objects unloaded after import = 4

========================================================================
Received Import Request.
  Time since last request: 0.000021 seconds.
  path: Assets/sprites/Plant Animations/Plant 3/Plant3_00046.png
  artifactKey: Guid(4f22e20c670c7e644af4d52223c0cb41) Importer(815301076,1909f56bfc062723c751e8b465ee728b)
Start importing Assets/sprites/Plant Animations/Plant 3/Plant3_00046.png using Guid(4f22e20c670c7e644af4d52223c0cb41) Importer(815301076,1909f56bfc062723c751e8b465ee728b) (PreviewImporter) -> (artifact id: '08e79d425fc9d27a93a257fd6804cff8') in 0.0238672 seconds
Number of updated asset objects reloaded before import = 0Number of asset objects unloaded after import = 4

========================================================================
Received Import Request.
  Time since last request: 0.000028 seconds.
  path: Assets/sprites/Plant Animations/BlueFlower2/BluePlantClosed_00000.png
  artifactKey: Guid(48ab794539abc81479892231f82ebe9c) Importer(815301076,1909f56bfc062723c751e8b465ee728b)
Start importing Assets/sprites/Plant Animations/BlueFlower2/BluePlantClosed_00000.png using Guid(48ab794539abc81479892231f82ebe9c) Importer(815301076,1909f56bfc062723c751e8b465ee728b) (PreviewImporter) -> (artifact id: '07022a6213855761eb1aaad4fd1b9c13') in 0.031552 seconds
Number of updated asset objects reloaded before import = 0Number of asset objects unloaded after import = 8

========================================================================
Received Import Request.
  Time since last request: 0.000020 seconds.
  path: Assets/sprites/Plant Animations/Plant 3/Plant3_00004.png
  artifactKey: Guid(d11645ef3e6e168499a3ca46d90c0db1) Importer(815301076,1909f56bfc062723c751e8b465ee728b)
Start importing Assets/sprites/Plant Animations/Plant 3/Plant3_00004.png using Guid(d11645ef3e6e168499a3ca46d90c0db1) Importer(815301076,1909f56bfc062723c751e8b465ee728b) (PreviewImporter) -> (artifact id: 'cc694821ae28d973b8728047ff4fb1ed') in 0.0221728 seconds
Number of updated asset objects reloaded before import = 0Number of asset objects unloaded after import = 4

========================================================================
Received Import Request.
  Time since last request: 0.000019 seconds.
  path: Assets/sprites/Plant Animations/Plant 3/Plant3_00017.png
  artifactKey: Guid(aaa32269da5b0c042ab122c34f5aedac) Importer(815301076,1909f56bfc062723c751e8b465ee728b)
Start importing Assets/sprites/Plant Animations/Plant 3/Plant3_00017.png using Guid(aaa32269da5b0c042ab122c34f5aedac) Importer(815301076,1909f56bfc062723c751e8b465ee728b) (PreviewImporter) -> (artifact id: 'dbbaec0f8d81c70b71dd0279f6cc3df8') in 0.0242101 seconds
Number of updated asset objects reloaded before import = 0Number of asset objects unloaded after import = 4

========================================================================
Received Import Request.
  Time since last request: 0.000023 seconds.
  path: Assets/sprites/Plant Animations/Plant 1/Plant1_00009.png
  artifactKey: Guid(c89b79a08f5160640b364226ed3ec272) Importer(815301076,1909f56bfc062723c751e8b465ee728b)
Start importing Assets/sprites/Plant Animations/Plant 1/Plant1_00009.png using Guid(c89b79a08f5160640b364226ed3ec272) Importer(815301076,1909f56bfc062723c751e8b465ee728b) (PreviewImporter) -> (artifact id: 'ffd358c7753f11d7ac8a77284b22114b') in 0.0216526 seconds
Number of updated asset objects reloaded before import = 0Number of asset objects unloaded after import = 3

========================================================================
Received Import Request.
  Time since last request: 0.000033 seconds.
  path: Assets/sprites/Plant Animations/BlueFlower2/BluePlantClosed_00023.png
  artifactKey: Guid(c70df4d1d979fc043ac245c7df522512) Importer(815301076,1909f56bfc062723c751e8b465ee728b)
Start importing Assets/sprites/Plant Animations/BlueFlower2/BluePlantClosed_00023.png using Guid(c70df4d1d979fc043ac245c7df522512) Importer(815301076,1909f56bfc062723c751e8b465ee728b) (PreviewImporter) -> (artifact id: 'fc9530d047a85bd7cbbefd9ee9e6db58') in 0.0331191 seconds
Number of updated asset objects reloaded before import = 0Number of asset objects unloaded after import = 7

========================================================================
Received Import Request.
  Time since last request: 0.000019 seconds.
  path: Assets/sprites/Plant Animations/Plant 3/Plant3_00047.png
  artifactKey: Guid(9e21cefd9baf04749b3500f6fb414216) Importer(815301076,1909f56bfc062723c751e8b465ee728b)
Start importing Assets/sprites/Plant Animations/Plant 3/Plant3_00047.png using Guid(9e21cefd9baf04749b3500f6fb414216) Importer(815301076,1909f56bfc062723c751e8b465ee728b) (PreviewImporter) -> (artifact id: '306cdb0c0995bda8a243dbc3af14d6b4') in 0.0207937 seconds
Number of updated asset objects reloaded before import = 0Number of asset objects unloaded after import = 4

========================================================================
Received Import Request.
  Time since last request: 0.000018 seconds.
  path: Assets/sprites/Plant Animations/Plant 3/Plant3_00015.png
  artifactKey: Guid(bdbadb1af0f374f49aa78fdaeb836b6e) Importer(815301076,1909f56bfc062723c751e8b465ee728b)
Start importing Assets/sprites/Plant Animations/Plant 3/Plant3_00015.png using Guid(bdbadb1af0f374f49aa78fdaeb836b6e) Importer(815301076,1909f56bfc062723c751e8b465ee728b) (PreviewImporter) -> (artifact id: '7d87c34b4040a581c7f66a818a087d9f') in 0.0231701 seconds
Number of updated asset objects reloaded before import = 0Number of asset objects unloaded after import = 4

========================================================================
Received Import Request.
  Time since last request: 0.000023 seconds.
  path: Assets/sprites/Plant Animations/Plant 3/Plant3_00010.png
  artifactKey: Guid(a285505acbc147d4aa99bb0838960338) Importer(815301076,1909f56bfc062723c751e8b465ee728b)
Start importing Assets/sprites/Plant Animations/Plant 3/Plant3_00010.png using Guid(a285505acbc147d4aa99bb0838960338) Importer(815301076,1909f56bfc062723c751e8b465ee728b) (PreviewImporter) -> (artifact id: '2a247846edf8e8d00ce334ca77077322') in 0.0232581 seconds
Number of updated asset objects reloaded before import = 0Number of asset objects unloaded after import = 4

========================================================================
Received Import Request.
  Time since last request: 0.000036 seconds.
  path: Assets/sprites/Plant Animations/BlueFlower2/BluePlantClosed_00028.png
  artifactKey: Guid(11e9f870805827f49bbc0cd027d0e4af) Importer(815301076,1909f56bfc062723c751e8b465ee728b)
Start importing Assets/sprites/Plant Animations/BlueFlower2/BluePlantClosed_00028.png using Guid(11e9f870805827f49bbc0cd027d0e4af) Importer(815301076,1909f56bfc062723c751e8b465ee728b) (PreviewImporter) -> (artifact id: '1e20d4f59079bc91c9d00bd35d5dc93b') in 0.0258448 seconds
Number of updated asset objects reloaded before import = 0Number of asset objects unloaded after import = 7

========================================================================
Received Import Request.
  Time since last request: 0.000016 seconds.
  path: Assets/sprites/Plant Animations/Plant 2/Plant2_00037.png
  artifactKey: Guid(1785c44b1a921f44d83d1a62a71ff42d) Importer(815301076,1909f56bfc062723c751e8b465ee728b)
Start importing Assets/sprites/Plant Animations/Plant 2/Plant2_00037.png using Guid(1785c44b1a921f44d83d1a62a71ff42d) Importer(815301076,1909f56bfc062723c751e8b465ee728b) (PreviewImporter) -> (artifact id: '91012a5032b0668fb728c88ccf633c28') in 0.0254502 seconds
Number of updated asset objects reloaded before import = 0Number of asset objects unloaded after import = 5

========================================================================
Received Import Request.
  Time since last request: 0.000020 seconds.
  path: Assets/sprites/Plant Animations/Plant 1/Plant1_00034.png
  artifactKey: Guid(79a0375b42e957b46ab130533ff948bc) Importer(815301076,1909f56bfc062723c751e8b465ee728b)
Start importing Assets/sprites/Plant Animations/Plant 1/Plant1_00034.png using Guid(79a0375b42e957b46ab130533ff948bc) Importer(815301076,1909f56bfc062723c751e8b465ee728b) (PreviewImporter) -> (artifact id: 'd0d3a8b5ec9c98e33d5700b78a9cbd9e') in 0.0305709 seconds
Number of updated asset objects reloaded before import = 0Number of asset objects unloaded after import = 3

========================================================================
Received Import Request.
  Time since last request: 0.000018 seconds.
  path: Assets/sprites/Plant Animations/BlueFlower2/BluePlantClosed_00005.png
  artifactKey: Guid(cdf568968a04c3b4fa9f690fc7138d26) Importer(815301076,1909f56bfc062723c751e8b465ee728b)
Start importing Assets/sprites/Plant Animations/BlueFlower2/BluePlantClosed_00005.png using Guid(cdf568968a04c3b4fa9f690fc7138d26) Importer(815301076,1909f56bfc062723c751e8b465ee728b) (PreviewImporter) -> (artifact id: '549bc86146437fe68590f0ff7eced09a') in 0.0346184 seconds
Number of updated asset objects reloaded before import = 0Number of asset objects unloaded after import = 7

========================================================================
Received Import Request.
  Time since last request: 0.000029 seconds.
  path: Assets/sprites/Plant Animations/BlueFlower2/BluePlantClosed_00037.png
  artifactKey: Guid(f6b06ac52d45a2e4a841fa185f9d23fd) Importer(815301076,1909f56bfc062723c751e8b465ee728b)
Start importing Assets/sprites/Plant Animations/BlueFlower2/BluePlantClosed_00037.png using Guid(f6b06ac52d45a2e4a841fa185f9d23fd) Importer(815301076,1909f56bfc062723c751e8b465ee728b) (PreviewImporter) -> (artifact id: 'c114e55a08c0af56245bee0a3f50be95') in 0.0319404 seconds
Number of updated asset objects reloaded before import = 0Number of asset objects unloaded after import = 8

========================================================================
Received Import Request.
  Time since last request: 0.000023 seconds.
  path: Assets/sprites/Plant Animations/BlueFlower2/BluePlantClosed_00018.png
  artifactKey: Guid(eb0b133b4a48ae84d9c0d696e1aba51c) Importer(815301076,1909f56bfc062723c751e8b465ee728b)
Start importing Assets/sprites/Plant Animations/BlueFlower2/BluePlantClosed_00018.png using Guid(eb0b133b4a48ae84d9c0d696e1aba51c) Importer(815301076,1909f56bfc062723c751e8b465ee728b) (PreviewImporter) -> (artifact id: '0d91433c99a0b0094134f327d01d8766') in 0.0344206 seconds
Number of updated asset objects reloaded before import = 0Number of asset objects unloaded after import = 8

========================================================================
Received Import Request.
  Time since last request: 0.000017 seconds.
  path: Assets/sprites/Plant Animations/Plant 1/Plant1_00005.png
  artifactKey: Guid(621abe6e557d9fd43b3c8bb6581ae972) Importer(815301076,1909f56bfc062723c751e8b465ee728b)
Start importing Assets/sprites/Plant Animations/Plant 1/Plant1_00005.png using Guid(621abe6e557d9fd43b3c8bb6581ae972) Importer(815301076,1909f56bfc062723c751e8b465ee728b) (PreviewImporter) -> (artifact id: 'db8fcb5455c975b9ba5fedf18b486013') in 0.0202315 seconds
Number of updated asset objects reloaded before import = 0Number of asset objects unloaded after import = 3

========================================================================
Received Import Request.
  Time since last request: 0.000027 seconds.
  path: Assets/sprites/Plant Animations/BlueFlower2/BluePlantClosed_00024.png
  artifactKey: Guid(b5313adb0affafb4ebd503ab8863edc5) Importer(815301076,1909f56bfc062723c751e8b465ee728b)
Start importing Assets/sprites/Plant Animations/BlueFlower2/BluePlantClosed_00024.png using Guid(b5313adb0affafb4ebd503ab8863edc5) Importer(815301076,1909f56bfc062723c751e8b465ee728b) (PreviewImporter) -> (artifact id: 'd762baea4f6daee368c55d8c9b7a86cc') in 0.0282649 seconds
Number of updated asset objects reloaded before import = 0Number of asset objects unloaded after import = 7

========================================================================
Received Import Request.
  Time since last request: 0.000027 seconds.
  path: Assets/sprites/Plant Animations/BlueFlower2/BluePlantClosed_00040.png
  artifactKey: Guid(681c0fb4c81991e49bf3bf5c4dd07d60) Importer(815301076,1909f56bfc062723c751e8b465ee728b)
Start importing Assets/sprites/Plant Animations/BlueFlower2/BluePlantClosed_00040.png using Guid(681c0fb4c81991e49bf3bf5c4dd07d60) Importer(815301076,1909f56bfc062723c751e8b465ee728b) (PreviewImporter) -> (artifact id: '591394fc7e837035a3ff9ebc84bb701f') in 0.0305076 seconds
Number of updated asset objects reloaded before import = 0Number of asset objects unloaded after import = 7

========================================================================
Received Import Request.
  Time since last request: 0.000015 seconds.
  path: Assets/sprites/Plant Animations/Plant 2/Plant2_00013.png
  artifactKey: Guid(ac3ffc4a089e1664f80db5b92dc5750c) Importer(815301076,1909f56bfc062723c751e8b465ee728b)
Start importing Assets/sprites/Plant Animations/Plant 2/Plant2_00013.png using Guid(ac3ffc4a089e1664f80db5b92dc5750c) Importer(815301076,1909f56bfc062723c751e8b465ee728b) (PreviewImporter) -> (artifact id: '54fbc315dc7c459b34192516e83eba88') in 0.027761 seconds
Number of updated asset objects reloaded before import = 0Number of asset objects unloaded after import = 5

========================================================================
Received Import Request.
  Time since last request: 0.000017 seconds.
  path: Assets/sprites/Plant Animations/Plant 1/Plant1_00024.png
  artifactKey: Guid(87e1023e07052744d871e4636aa60989) Importer(815301076,1909f56bfc062723c751e8b465ee728b)
Start importing Assets/sprites/Plant Animations/Plant 1/Plant1_00024.png using Guid(87e1023e07052744d871e4636aa60989) Importer(815301076,1909f56bfc062723c751e8b465ee728b) (PreviewImporter) -> (artifact id: 'c7a3b3b4408e1fe560115f0ec90c6fcd') in 0.0213 seconds
Number of updated asset objects reloaded before import = 0Number of asset objects unloaded after import = 3

========================================================================
Received Import Request.
  Time since last request: 0.000021 seconds.
  path: Assets/sprites/Plant Animations/Plant 3/Plant3_00023.png
  artifactKey: Guid(1fdc64ab2fb3a024abbe32585e17f4aa) Importer(815301076,1909f56bfc062723c751e8b465ee728b)
Start importing Assets/sprites/Plant Animations/Plant 3/Plant3_00023.png using Guid(1fdc64ab2fb3a024abbe32585e17f4aa) Importer(815301076,1909f56bfc062723c751e8b465ee728b) (PreviewImporter) -> (artifact id: '977738a2e0b5f638cab17c6690ec3ca2') in 0.0223342 seconds
Number of updated asset objects reloaded before import = 0Number of asset objects unloaded after import = 4

========================================================================
Received Import Request.
  Time since last request: 0.000039 seconds.
  path: Assets/sprites/Plant Animations/BlueFlower2/BluePlantClosed_00029.png
  artifactKey: Guid(4b90ce8c6ff9f664e8c29c0fb4ac7e02) Importer(815301076,1909f56bfc062723c751e8b465ee728b)
Start importing Assets/sprites/Plant Animations/BlueFlower2/BluePlantClosed_00029.png using Guid(4b90ce8c6ff9f664e8c29c0fb4ac7e02) Importer(815301076,1909f56bfc062723c751e8b465ee728b) (PreviewImporter) -> (artifact id: '4426e4666c22e44663ef3cbb51fdb1a2') in 0.0318177 seconds
Number of updated asset objects reloaded before import = 0Number of asset objects unloaded after import = 7

========================================================================
Received Import Request.
  Time since last request: 4.256039 seconds.
  path: Assets/sprites/Plant Animations/Plant 4/Plant4_00001.png
  artifactKey: Guid(f0a10e4b88bbe6d4dae33cd3727697ea) Importer(815301076,1909f56bfc062723c751e8b465ee728b)
Start importing Assets/sprites/Plant Animations/Plant 4/Plant4_00001.png using Guid(f0a10e4b88bbe6d4dae33cd3727697ea) Importer(815301076,1909f56bfc062723c751e8b465ee728b) (PreviewImporter) -> (artifact id: 'fff0cbbf9453668668744236c24224ce') in 0.0224507 seconds
Number of updated asset objects reloaded before import = 0Number of asset objects unloaded after import = 3

========================================================================
Received Import Request.
  Time since last request: 0.000017 seconds.
  path: Assets/sprites/Plant Animations/Plant 4/Plant4_00034.png
  artifactKey: Guid(b6d08e6305a0c4044949e304132b14e0) Importer(815301076,1909f56bfc062723c751e8b465ee728b)
Start importing Assets/sprites/Plant Animations/Plant 4/Plant4_00034.png using Guid(b6d08e6305a0c4044949e304132b14e0) Importer(815301076,1909f56bfc062723c751e8b465ee728b) (PreviewImporter) -> (artifact id: '89dff3a539a8374203ba5781f82abc39') in 0.0280237 seconds
Number of updated asset objects reloaded before import = 0Number of asset objects unloaded after import = 3

========================================================================
Received Import Request.
  Time since last request: 0.000030 seconds.
  path: Assets/sprites/Plant Animations/Plant 4/Plant4_00028.png
  artifactKey: Guid(081194c887dc56f4e9f12497ea7512ea) Importer(815301076,1909f56bfc062723c751e8b465ee728b)
Start importing Assets/sprites/Plant Animations/Plant 4/Plant4_00028.png using Guid(081194c887dc56f4e9f12497ea7512ea) Importer(815301076,1909f56bfc062723c751e8b465ee728b) (PreviewImporter) -> (artifact id: 'aaca033b87aa26a1d9e18430b3f96161') in 0.0208798 seconds
Number of updated asset objects reloaded before import = 0Number of asset objects unloaded after import = 3

========================================================================
Received Import Request.
  Time since last request: 0.000021 seconds.
  path: Assets/sprites/Plant Animations/Plant 4/Plant4_00027.png
  artifactKey: Guid(2bff2c4d099d7cd44853678041b6cd2b) Importer(815301076,1909f56bfc062723c751e8b465ee728b)
Start importing Assets/sprites/Plant Animations/Plant 4/Plant4_00027.png using Guid(2bff2c4d099d7cd44853678041b6cd2b) Importer(815301076,1909f56bfc062723c751e8b465ee728b) (PreviewImporter) -> (artifact id: 'd4a9f3fc119d58b25639e85b675dd634') in 0.0231357 seconds
Number of updated asset objects reloaded before import = 0Number of asset objects unloaded after import = 3

========================================================================
Received Import Request.
  Time since last request: 0.000030 seconds.
  path: Assets/sprites/Plant Animations/Plant 4/Plant4_00008.png
  artifactKey: Guid(ddf35e143799af54c874b45363562d4c) Importer(815301076,1909f56bfc062723c751e8b465ee728b)
Start importing Assets/sprites/Plant Animations/Plant 4/Plant4_00008.png using Guid(ddf35e143799af54c874b45363562d4c) Importer(815301076,1909f56bfc062723c751e8b465ee728b) (PreviewImporter) -> (artifact id: '815bc07f39bb854566c108b3ad4d2532') in 0.021587 seconds
Number of updated asset objects reloaded before import = 0Number of asset objects unloaded after import = 3

========================================================================
Received Import Request.
  Time since last request: 0.000017 seconds.
  path: Assets/sprites/Plant Animations/Plant 4/Plant4_00044.png
  artifactKey: Guid(91e2ed85c6206a642a22e8af42dcc9c0) Importer(815301076,1909f56bfc062723c751e8b465ee728b)
Start importing Assets/sprites/Plant Animations/Plant 4/Plant4_00044.png using Guid(91e2ed85c6206a642a22e8af42dcc9c0) Importer(815301076,1909f56bfc062723c751e8b465ee728b) (PreviewImporter) -> (artifact id: '087b58ee3d1fd8ffd7b96daec7794b40') in 0.0188007 seconds
Number of updated asset objects reloaded before import = 0Number of asset objects unloaded after import = 3

========================================================================
Received Import Request.
  Time since last request: 0.000015 seconds.
  path: Assets/sprites/Plant Animations/Plant 4/Plant4_00013.png
  artifactKey: Guid(c03a9fb1b0b2a8047af0089f4c10d986) Importer(815301076,1909f56bfc062723c751e8b465ee728b)
Start importing Assets/sprites/Plant Animations/Plant 4/Plant4_00013.png using Guid(c03a9fb1b0b2a8047af0089f4c10d986) Importer(815301076,1909f56bfc062723c751e8b465ee728b) (PreviewImporter) -> (artifact id: '90e4a9429541cf514056e11764070362') in 0.0203051 seconds
Number of updated asset objects reloaded before import = 0Number of asset objects unloaded after import = 3

========================================================================
Received Import Request.
  Time since last request: 0.000019 seconds.
  path: Assets/sprites/Plant Animations/Plant 4/Plant4_00031.png
  artifactKey: Guid(f1e0b021e95b61f459c67b59f7f87061) Importer(815301076,1909f56bfc062723c751e8b465ee728b)
Start importing Assets/sprites/Plant Animations/Plant 4/Plant4_00031.png using Guid(f1e0b021e95b61f459c67b59f7f87061) Importer(815301076,1909f56bfc062723c751e8b465ee728b) (PreviewImporter) -> (artifact id: '41ab8332a562d47398439a9582ee0c92') in 0.0176681 seconds
Number of updated asset objects reloaded before import = 0Number of asset objects unloaded after import = 3

========================================================================
Received Import Request.
  Time since last request: 0.000023 seconds.
  path: Assets/sprites/Plant Animations/Plant 4/Plant4_00033.png
  artifactKey: Guid(aaca35a5ea9fa0649838e59d4b210da8) Importer(815301076,1909f56bfc062723c751e8b465ee728b)
Start importing Assets/sprites/Plant Animations/Plant 4/Plant4_00033.png using Guid(aaca35a5ea9fa0649838e59d4b210da8) Importer(815301076,1909f56bfc062723c751e8b465ee728b) (PreviewImporter) -> (artifact id: '59bd84c1e498af2f47c0213768399983') in 0.010333 seconds
Number of updated asset objects reloaded before import = 0Number of asset objects unloaded after import = 3

========================================================================
Received Import Request.
  Time since last request: 0.000028 seconds.
  path: Assets/sprites/Plant Animations/Plant 4/Plant4_00017.png
  artifactKey: Guid(1c9e5a642a5074b4b9d723c422babf3c) Importer(815301076,1909f56bfc062723c751e8b465ee728b)
Start importing Assets/sprites/Plant Animations/Plant 4/Plant4_00017.png using Guid(1c9e5a642a5074b4b9d723c422babf3c) Importer(815301076,1909f56bfc062723c751e8b465ee728b) (PreviewImporter) -> (artifact id: '54acdfb4d88fa2a3cd60f71448fb8165') in 0.0178352 seconds
Number of updated asset objects reloaded before import = 0Number of asset objects unloaded after import = 3

========================================================================
Received Import Request.
  Time since last request: 0.000019 seconds.
  path: Assets/sprites/Plant Animations/Plant 4/Plant4_00018.png
  artifactKey: Guid(9526c88467955444f8a39e478e865790) Importer(815301076,1909f56bfc062723c751e8b465ee728b)
Start importing Assets/sprites/Plant Animations/Plant 4/Plant4_00018.png using Guid(9526c88467955444f8a39e478e865790) Importer(815301076,1909f56bfc062723c751e8b465ee728b) (PreviewImporter) -> (artifact id: '22b6be90d4e500361bc793c06a50b878') in 0.0204807 seconds
Number of updated asset objects reloaded before import = 0Number of asset objects unloaded after import = 3

========================================================================
Received Import Request.
  Time since last request: 0.000019 seconds.
  path: Assets/sprites/Plant Animations/Plant 4/Plant4_00040.png
  artifactKey: Guid(d12aef3dfe06b324a9deb55ef72a80b4) Importer(815301076,1909f56bfc062723c751e8b465ee728b)
Start importing Assets/sprites/Plant Animations/Plant 4/Plant4_00040.png using Guid(d12aef3dfe06b324a9deb55ef72a80b4) Importer(815301076,1909f56bfc062723c751e8b465ee728b) (PreviewImporter) -> (artifact id: '62b8706ad299f75a52d78cad1940de16') in 0.0383448 seconds
Number of updated asset objects reloaded before import = 0Number of asset objects unloaded after import = 3

========================================================================
Received Import Request.
  Time since last request: 1.270458 seconds.
  path: Assets/sprites/Plant Animations/Plant 5/Plant5_00001.png
  artifactKey: Guid(ad1ded38423eba14d86dbee53ba06b0d) Importer(815301076,1909f56bfc062723c751e8b465ee728b)
Start importing Assets/sprites/Plant Animations/Plant 5/Plant5_00001.png using Guid(ad1ded38423eba14d86dbee53ba06b0d) Importer(815301076,1909f56bfc062723c751e8b465ee728b) (PreviewImporter) -> (artifact id: 'd1c62d22f501548cbd2347efb0556d50') in 0.0222786 seconds
Number of updated asset objects reloaded before import = 0Number of asset objects unloaded after import = 3

========================================================================
Received Import Request.
  Time since last request: 0.000015 seconds.
  path: Assets/sprites/Plant Animations/Plant 5/Plant5_00033.png
  artifactKey: Guid(c4460104217e40047a5aabb46aaa97fa) Importer(815301076,1909f56bfc062723c751e8b465ee728b)
Start importing Assets/sprites/Plant Animations/Plant 5/Plant5_00033.png using Guid(c4460104217e40047a5aabb46aaa97fa) Importer(815301076,1909f56bfc062723c751e8b465ee728b) (PreviewImporter) -> (artifact id: '09103f258ef926506a8a653f1c6a82fe') in 0.021751 seconds
Number of updated asset objects reloaded before import = 0Number of asset objects unloaded after import = 3

========================================================================
Received Import Request.
  Time since last request: 0.000014 seconds.
  path: Assets/sprites/Plant Animations/Plant 5/Plant5_00035.png
  artifactKey: Guid(1c8cdb988c6397c4585226a480994a0b) Importer(815301076,1909f56bfc062723c751e8b465ee728b)
Start importing Assets/sprites/Plant Animations/Plant 5/Plant5_00035.png using Guid(1c8cdb988c6397c4585226a480994a0b) Importer(815301076,1909f56bfc062723c751e8b465ee728b) (PreviewImporter) -> (artifact id: '01af14abc9dcfe602cbed3893b4c55c5') in 0.0206845 seconds
Number of updated asset objects reloaded before import = 0Number of asset objects unloaded after import = 3

========================================================================
Received Import Request.
  Time since last request: 0.000018 seconds.
  path: Assets/sprites/Plant Animations/Plant 5/Plant5_00039.png
  artifactKey: Guid(40bfaac99900dd34e8c07932e9c19c16) Importer(815301076,1909f56bfc062723c751e8b465ee728b)
Start importing Assets/sprites/Plant Animations/Plant 5/Plant5_00039.png using Guid(40bfaac99900dd34e8c07932e9c19c16) Importer(815301076,1909f56bfc062723c751e8b465ee728b) (PreviewImporter) -> (artifact id: 'f3e25ec2bc719b8655444178489baac0') in 0.0207933 seconds
Number of updated asset objects reloaded before import = 0Number of asset objects unloaded after import = 3

========================================================================
Received Import Request.
  Time since last request: 0.000027 seconds.
  path: Assets/sprites/Plant Animations/Plant 5/Plant5_00013.png
  artifactKey: Guid(fe481fa05da32fe4a9633f738fc63363) Importer(815301076,1909f56bfc062723c751e8b465ee728b)
Start importing Assets/sprites/Plant Animations/Plant 5/Plant5_00013.png using Guid(fe481fa05da32fe4a9633f738fc63363) Importer(815301076,1909f56bfc062723c751e8b465ee728b) (PreviewImporter) -> (artifact id: 'f2c141cfe9f04052507d651f119bfe16') in 0.0307018 seconds
Number of updated asset objects reloaded before import = 0Number of asset objects unloaded after import = 3

========================================================================
Received Import Request.
  Time since last request: 0.000018 seconds.
  path: Assets/sprites/Plant Animations/Plant 5/Plant5_00018.png
  artifactKey: Guid(dccbe399ca8628d449c60a621d58a5ab) Importer(815301076,1909f56bfc062723c751e8b465ee728b)
Start importing Assets/sprites/Plant Animations/Plant 5/Plant5_00018.png using Guid(dccbe399ca8628d449c60a621d58a5ab) Importer(815301076,1909f56bfc062723c751e8b465ee728b) (PreviewImporter) -> (artifact id: 'd13f2ba4c926326d37f4b2d0b122e71b') in 0.0193022 seconds
Number of updated asset objects reloaded before import = 0Number of asset objects unloaded after import = 3

========================================================================
Received Import Request.
  Time since last request: 0.000015 seconds.
  path: Assets/sprites/Plant Animations/Plant 5/Plant5_00024.png
  artifactKey: Guid(17ac01708ff04ac4ba189fc935b3f960) Importer(815301076,1909f56bfc062723c751e8b465ee728b)
Start importing Assets/sprites/Plant Animations/Plant 5/Plant5_00024.png using Guid(17ac01708ff04ac4ba189fc935b3f960) Importer(815301076,1909f56bfc062723c751e8b465ee728b) (PreviewImporter) -> (artifact id: '0650d685609f006c929abd42daa12147') in 0.0219687 seconds
Number of updated asset objects reloaded before import = 0Number of asset objects unloaded after import = 3

========================================================================
Received Import Request.
  Time since last request: 0.000021 seconds.
  path: Assets/sprites/Plant Animations/Plant 5/Plant5_00022.png
  artifactKey: Guid(3f267c06c1cd80947b8497d9031320af) Importer(815301076,1909f56bfc062723c751e8b465ee728b)
Start importing Assets/sprites/Plant Animations/Plant 5/Plant5_00022.png using Guid(3f267c06c1cd80947b8497d9031320af) Importer(815301076,1909f56bfc062723c751e8b465ee728b) (PreviewImporter) -> (artifact id: '56f6be0aa86160a94d4b56a5f2221a08') in 0.0218918 seconds
Number of updated asset objects reloaded before import = 0Number of asset objects unloaded after import = 3

========================================================================
Received Import Request.
  Time since last request: 0.000028 seconds.
  path: Assets/sprites/Plant Animations/Plant 5/Plant5_00004.png
  artifactKey: Guid(c5c77e24ffecb7c489e5e26b055680b3) Importer(815301076,1909f56bfc062723c751e8b465ee728b)
Start importing Assets/sprites/Plant Animations/Plant 5/Plant5_00004.png using Guid(c5c77e24ffecb7c489e5e26b055680b3) Importer(815301076,1909f56bfc062723c751e8b465ee728b) (PreviewImporter) -> (artifact id: '3e6cdf233b3118251b5e4e6e6be931d5') in 0.0213626 seconds
Number of updated asset objects reloaded before import = 0Number of asset objects unloaded after import = 3

========================================================================
Received Import Request.
  Time since last request: 0.000017 seconds.
  path: Assets/sprites/Plant Animations/Plant 5/Plant5_00016.png
  artifactKey: Guid(319f3001d4ac9424391cd60e570359fd) Importer(815301076,1909f56bfc062723c751e8b465ee728b)
Start importing Assets/sprites/Plant Animations/Plant 5/Plant5_00016.png using Guid(319f3001d4ac9424391cd60e570359fd) Importer(815301076,1909f56bfc062723c751e8b465ee728b) (PreviewImporter) -> (artifact id: '54d2d216613ab44c6c39700462e41fce') in 0.0222017 seconds
Number of updated asset objects reloaded before import = 0Number of asset objects unloaded after import = 3

========================================================================
Received Import Request.
  Time since last request: 0.000016 seconds.
  path: Assets/sprites/Plant Animations/Plant 5/Plant5_00005.png
  artifactKey: Guid(41870779c0cda3c4e912ad440934dd9e) Importer(815301076,1909f56bfc062723c751e8b465ee728b)
Start importing Assets/sprites/Plant Animations/Plant 5/Plant5_00005.png using Guid(41870779c0cda3c4e912ad440934dd9e) Importer(815301076,1909f56bfc062723c751e8b465ee728b) (PreviewImporter) -> (artifact id: 'a8454bc924abf4dbf22e84e7e7720659') in 0.0217226 seconds
Number of updated asset objects reloaded before import = 0Number of asset objects unloaded after import = 3

========================================================================
Received Import Request.
  Time since last request: 0.000020 seconds.
  path: Assets/sprites/Plant Animations/Plant 5/Plant5_00027.png
  artifactKey: Guid(c9c8f3c8992343243aef4eababbf1d20) Importer(815301076,1909f56bfc062723c751e8b465ee728b)
Start importing Assets/sprites/Plant Animations/Plant 5/Plant5_00027.png using Guid(c9c8f3c8992343243aef4eababbf1d20) Importer(815301076,1909f56bfc062723c751e8b465ee728b) (PreviewImporter) -> (artifact id: '1db77ec8880d84c1781ee0d60cda2624') in 0.0207962 seconds
Number of updated asset objects reloaded before import = 0Number of asset objects unloaded after import = 3

========================================================================
Received Import Request.
  Time since last request: 0.000019 seconds.
  path: Assets/sprites/Plant Animations/Plant 5/Plant5_00012.png
  artifactKey: Guid(dd6baf25f2551cb42b7a3e45b63a01bb) Importer(815301076,1909f56bfc062723c751e8b465ee728b)
Start importing Assets/sprites/Plant Animations/Plant 5/Plant5_00012.png using Guid(dd6baf25f2551cb42b7a3e45b63a01bb) Importer(815301076,1909f56bfc062723c751e8b465ee728b) (PreviewImporter) -> (artifact id: '93df8a92d03f75c370be931332be3932') in 0.0199415 seconds
Number of updated asset objects reloaded before import = 0Number of asset objects unloaded after import = 3

========================================================================
Received Import Request.
  Time since last request: 1.372520 seconds.
  path: Assets/sprites/Plant Animations/Plant 6/Plant6_00001.png
  artifactKey: Guid(d1b40a1812c3aa04c90b224f2a15f4da) Importer(815301076,1909f56bfc062723c751e8b465ee728b)
Start importing Assets/sprites/Plant Animations/Plant 6/Plant6_00001.png using Guid(d1b40a1812c3aa04c90b224f2a15f4da) Importer(815301076,1909f56bfc062723c751e8b465ee728b) (PreviewImporter) -> (artifact id: 'f0d8ce820ac8efd31ee4175a6b8d0741') in 0.0243157 seconds
Number of updated asset objects reloaded before import = 0Number of asset objects unloaded after import = 3

========================================================================
Received Import Request.
  Time since last request: 0.000017 seconds.
  path: Assets/sprites/Plant Animations/Plant 6/Plant6_00040.png
  artifactKey: Guid(665ff2f342a67c74e9aa495508088344) Importer(815301076,1909f56bfc062723c751e8b465ee728b)
Start importing Assets/sprites/Plant Animations/Plant 6/Plant6_00040.png using Guid(665ff2f342a67c74e9aa495508088344) Importer(815301076,1909f56bfc062723c751e8b465ee728b) (PreviewImporter) -> (artifact id: '8a08b76c66bed7f5fb7cce5e2ff8120b') in 0.0191898 seconds
Number of updated asset objects reloaded before import = 0Number of asset objects unloaded after import = 3

========================================================================
Received Import Request.
  Time since last request: 0.000026 seconds.
  path: Assets/sprites/Plant Animations/Plant 6/Plant6_00033.png
  artifactKey: Guid(49a8a3d8d25d1a348b38d88f6f7ef2d7) Importer(815301076,1909f56bfc062723c751e8b465ee728b)
Start importing Assets/sprites/Plant Animations/Plant 6/Plant6_00033.png using Guid(49a8a3d8d25d1a348b38d88f6f7ef2d7) Importer(815301076,1909f56bfc062723c751e8b465ee728b) (PreviewImporter) -> (artifact id: 'b2310e47972f9b88fe56ea2098d2b39a') in 0.0197067 seconds
Number of updated asset objects reloaded before import = 0Number of asset objects unloaded after import = 3

========================================================================
Received Import Request.
  Time since last request: 0.000015 seconds.
  path: Assets/sprites/Plant Animations/Plant 6/Plant6_00020.png
  artifactKey: Guid(0b820615416e9984f96ea35cf4f5a47c) Importer(815301076,1909f56bfc062723c751e8b465ee728b)
Start importing Assets/sprites/Plant Animations/Plant 6/Plant6_00020.png using Guid(0b820615416e9984f96ea35cf4f5a47c) Importer(815301076,1909f56bfc062723c751e8b465ee728b) (PreviewImporter) -> (artifact id: 'cd05d5c4cf30c245a148fd88da7dec44') in 0.0174307 seconds
Number of updated asset objects reloaded before import = 0Number of asset objects unloaded after import = 3

========================================================================
Received Import Request.
  Time since last request: 0.000014 seconds.
  path: Assets/sprites/Plant Animations/Plant 6/Plant6_00030.png
  artifactKey: Guid(06f994bf930df864cadd04d7305b563a) Importer(815301076,1909f56bfc062723c751e8b465ee728b)
Start importing Assets/sprites/Plant Animations/Plant 6/Plant6_00030.png using Guid(06f994bf930df864cadd04d7305b563a) Importer(815301076,1909f56bfc062723c751e8b465ee728b) (PreviewImporter) -> (artifact id: '93866d4a11ca1d61cd7073a8282e781f') in 0.0199514 seconds
Number of updated asset objects reloaded before import = 0Number of asset objects unloaded after import = 3

========================================================================
Received Import Request.
  Time since last request: 0.000017 seconds.
  path: Assets/sprites/Plant Animations/Plant 6/Plant6_00046.png
  artifactKey: Guid(41632f6488db5024aafd9531876a2403) Importer(815301076,1909f56bfc062723c751e8b465ee728b)
Start importing Assets/sprites/Plant Animations/Plant 6/Plant6_00046.png using Guid(41632f6488db5024aafd9531876a2403) Importer(815301076,1909f56bfc062723c751e8b465ee728b) (PreviewImporter) -> (artifact id: 'fb32a9d0e117062147e245e117b4951a') in 0.0193876 seconds
Number of updated asset objects reloaded before import = 0Number of asset objects unloaded after import = 3

========================================================================
Received Import Request.
  Time since last request: 0.000023 seconds.
  path: Assets/sprites/Plant Animations/Plant 6/Plant6_00015.png
  artifactKey: Guid(f611d8a57e0683a43a051856e172bb63) Importer(815301076,1909f56bfc062723c751e8b465ee728b)
Start importing Assets/sprites/Plant Animations/Plant 6/Plant6_00015.png using Guid(f611d8a57e0683a43a051856e172bb63) Importer(815301076,1909f56bfc062723c751e8b465ee728b) (PreviewImporter) -> (artifact id: '8a2e693a7b13bba586ae7fde1b88a761') in 0.0208152 seconds
Number of updated asset objects reloaded before import = 0Number of asset objects unloaded after import = 3

========================================================================
Received Import Request.
  Time since last request: 0.000025 seconds.
  path: Assets/sprites/Plant Animations/Plant 6/Plant6_00028.png
  artifactKey: Guid(b9b381067d8cceb47bf68f34b5c8daae) Importer(815301076,1909f56bfc062723c751e8b465ee728b)
Start importing Assets/sprites/Plant Animations/Plant 6/Plant6_00028.png using Guid(b9b381067d8cceb47bf68f34b5c8daae) Importer(815301076,1909f56bfc062723c751e8b465ee728b) (PreviewImporter) -> (artifact id: '23ab5531400e13190195467397ff4145') in 0.0188657 seconds
Number of updated asset objects reloaded before import = 0Number of asset objects unloaded after import = 3

========================================================================
Received Import Request.
  Time since last request: 0.000015 seconds.
  path: Assets/sprites/Plant Animations/Plant 6/Plant6_00022.png
  artifactKey: Guid(da77f82c5012c82479ef358a4a6f6b79) Importer(815301076,1909f56bfc062723c751e8b465ee728b)
Start importing Assets/sprites/Plant Animations/Plant 6/Plant6_00022.png using Guid(da77f82c5012c82479ef358a4a6f6b79) Importer(815301076,1909f56bfc062723c751e8b465ee728b) (PreviewImporter) -> (artifact id: '8239f791288938a37b7cc853b80e9759') in 0.0201151 seconds
Number of updated asset objects reloaded before import = 0Number of asset objects unloaded after import = 3

========================================================================
Received Import Request.
  Time since last request: 0.000025 seconds.
  path: Assets/sprites/Plant Animations/Plant 6/Plant6_00034.png
  artifactKey: Guid(cce2a298d1a02a34a820b6b406dec081) Importer(815301076,1909f56bfc062723c751e8b465ee728b)
Start importing Assets/sprites/Plant Animations/Plant 6/Plant6_00034.png using Guid(cce2a298d1a02a34a820b6b406dec081) Importer(815301076,1909f56bfc062723c751e8b465ee728b) (PreviewImporter) -> (artifact id: '36d49e12abadf7259d0cb8d9394e79bd') in 0.021731 seconds
Number of updated asset objects reloaded before import = 0Number of asset objects unloaded after import = 3

========================================================================
Received Import Request.
  Time since last request: 0.000021 seconds.
  path: Assets/sprites/Plant Animations/Plant 6/Plant6_00036.png
  artifactKey: Guid(09eddfd6342adb443bec43d877f38e4c) Importer(815301076,1909f56bfc062723c751e8b465ee728b)
Start importing Assets/sprites/Plant Animations/Plant 6/Plant6_00036.png using Guid(09eddfd6342adb443bec43d877f38e4c) Importer(815301076,1909f56bfc062723c751e8b465ee728b) (PreviewImporter) -> (artifact id: 'cadddba44d9c88098579ef329d9ebb8b') in 0.0183401 seconds
Number of updated asset objects reloaded before import = 0Number of asset objects unloaded after import = 3

========================================================================
Received Import Request.
  Time since last request: 0.000019 seconds.
  path: Assets/sprites/Plant Animations/Plant 6/Plant6_00047.png
  artifactKey: Guid(defa7304455cbdb4ca9eabae1935b298) Importer(815301076,1909f56bfc062723c751e8b465ee728b)
Start importing Assets/sprites/Plant Animations/Plant 6/Plant6_00047.png using Guid(defa7304455cbdb4ca9eabae1935b298) Importer(815301076,1909f56bfc062723c751e8b465ee728b) (PreviewImporter) -> (artifact id: 'adb8a5feff59b75da487eb0b5c11522c') in 0.0205653 seconds
Number of updated asset objects reloaded before import = 0Number of asset objects unloaded after import = 3

========================================================================
Received Import Request.
  Time since last request: 1.264790 seconds.
  path: Assets/sprites/Plant Animations/Plant 7/Plant7_00001.png
  artifactKey: Guid(124e07325c0a5e646bdc433d93a3a889) Importer(815301076,1909f56bfc062723c751e8b465ee728b)
Start importing Assets/sprites/Plant Animations/Plant 7/Plant7_00001.png using Guid(124e07325c0a5e646bdc433d93a3a889) Importer(815301076,1909f56bfc062723c751e8b465ee728b) (PreviewImporter) -> (artifact id: 'b9a996e54760c936468afc1470291298') in 0.0220505 seconds
Number of updated asset objects reloaded before import = 0Number of asset objects unloaded after import = 3

========================================================================
Received Import Request.
  Time since last request: 0.000015 seconds.
  path: Assets/sprites/Plant Animations/Plant 7/Plant7_00027.png
  artifactKey: Guid(ea66756a97b9e6f488e4066edcbf750b) Importer(815301076,1909f56bfc062723c751e8b465ee728b)
Start importing Assets/sprites/Plant Animations/Plant 7/Plant7_00027.png using Guid(ea66756a97b9e6f488e4066edcbf750b) Importer(815301076,1909f56bfc062723c751e8b465ee728b) (PreviewImporter) -> (artifact id: 'b99a37279f250ff23425741483c50d5c') in 0.0197213 seconds
Number of updated asset objects reloaded before import = 0Number of asset objects unloaded after import = 3

========================================================================
Received Import Request.
  Time since last request: 0.000019 seconds.
  path: Assets/sprites/Plant Animations/Plant 7/Plant7_00019.png
  artifactKey: Guid(823873035058df94ea5d2abe5d0f5dff) Importer(815301076,1909f56bfc062723c751e8b465ee728b)
Start importing Assets/sprites/Plant Animations/Plant 7/Plant7_00019.png using Guid(823873035058df94ea5d2abe5d0f5dff) Importer(815301076,1909f56bfc062723c751e8b465ee728b) (PreviewImporter) -> (artifact id: '139f827cb6a1ced008fef523e186b81d') in 0.0191288 seconds
Number of updated asset objects reloaded before import = 0Number of asset objects unloaded after import = 3

========================================================================
Received Import Request.
  Time since last request: 0.000017 seconds.
  path: Assets/sprites/Plant Animations/Plant 7/Plant7_00020.png
  artifactKey: Guid(95635576598c8764a9133e3f213501ec) Importer(815301076,1909f56bfc062723c751e8b465ee728b)
Start importing Assets/sprites/Plant Animations/Plant 7/Plant7_00020.png using Guid(95635576598c8764a9133e3f213501ec) Importer(815301076,1909f56bfc062723c751e8b465ee728b) (PreviewImporter) -> (artifact id: '41a50e88ffe4091a79052e6d95f45ff7') in 0.0226524 seconds
Number of updated asset objects reloaded before import = 0Number of asset objects unloaded after import = 3

========================================================================
Received Import Request.
  Time since last request: 0.000025 seconds.
  path: Assets/sprites/Plant Animations/Plant 7/Plant7_00016.png
  artifactKey: Guid(aad9a1b64d4d3794db8a1d2f2d9df21f) Importer(815301076,1909f56bfc062723c751e8b465ee728b)
Start importing Assets/sprites/Plant Animations/Plant 7/Plant7_00016.png using Guid(aad9a1b64d4d3794db8a1d2f2d9df21f) Importer(815301076,1909f56bfc062723c751e8b465ee728b) (PreviewImporter) -> (artifact id: '4f0a05f8884f8d8e3465c7ba43a26ac9') in 0.020482 seconds
Number of updated asset objects reloaded before import = 0Number of asset objects unloaded after import = 3

========================================================================
Received Import Request.
  Time since last request: 0.000020 seconds.
  path: Assets/sprites/Plant Animations/Plant 7/Plant7_00031.png
  artifactKey: Guid(6e394735752625d4a918521ba1370991) Importer(815301076,1909f56bfc062723c751e8b465ee728b)
Start importing Assets/sprites/Plant Animations/Plant 7/Plant7_00031.png using Guid(6e394735752625d4a918521ba1370991) Importer(815301076,1909f56bfc062723c751e8b465ee728b) (PreviewImporter) -> (artifact id: '48a2957f89a54c6dc6aed0125d6ca054') in 0.02168 seconds
Number of updated asset objects reloaded before import = 0Number of asset objects unloaded after import = 3

========================================================================
Received Import Request.
  Time since last request: 0.000017 seconds.
  path: Assets/sprites/Plant Animations/Plant 7/Plant7_00032.png
  artifactKey: Guid(234ec282059065b449bc3fe1d6d8c311) Importer(815301076,1909f56bfc062723c751e8b465ee728b)
Start importing Assets/sprites/Plant Animations/Plant 7/Plant7_00032.png using Guid(234ec282059065b449bc3fe1d6d8c311) Importer(815301076,1909f56bfc062723c751e8b465ee728b) (PreviewImporter) -> (artifact id: '11a05a5f37007e68b8d1ca8aaae30bdc') in 0.0209307 seconds
Number of updated asset objects reloaded before import = 0Number of asset objects unloaded after import = 3

========================================================================
Received Import Request.
  Time since last request: 0.000016 seconds.
  path: Assets/sprites/Plant Animations/Plant 7/Plant7_00013.png
  artifactKey: Guid(3dcd87a5b03bd764da0fc7ace75381f1) Importer(815301076,1909f56bfc062723c751e8b465ee728b)
Start importing Assets/sprites/Plant Animations/Plant 7/Plant7_00013.png using Guid(3dcd87a5b03bd764da0fc7ace75381f1) Importer(815301076,1909f56bfc062723c751e8b465ee728b) (PreviewImporter) -> (artifact id: '9091a5e3cabd8bfaf9061f962ef80199') in 0.0205303 seconds
Number of updated asset objects reloaded before import = 0Number of asset objects unloaded after import = 3

========================================================================
Received Import Request.
  Time since last request: 0.000017 seconds.
  path: Assets/sprites/Plant Animations/Plant 7/Plant7_00035.png
  artifactKey: Guid(831740a8b0bae34438b3cd713e032ea6) Importer(815301076,1909f56bfc062723c751e8b465ee728b)
Start importing Assets/sprites/Plant Animations/Plant 7/Plant7_00035.png using Guid(831740a8b0bae34438b3cd713e032ea6) Importer(815301076,1909f56bfc062723c751e8b465ee728b) (PreviewImporter) -> (artifact id: '08c9ae43c0eb67b5154553b04aad21a0') in 0.0218378 seconds
Number of updated asset objects reloaded before import = 0Number of asset objects unloaded after import = 3

========================================================================
Received Import Request.
  Time since last request: 0.000031 seconds.
  path: Assets/sprites/Plant Animations/Plant 7/Plant7_00036.png
  artifactKey: Guid(3fd9444ec6ce51c48aabb7f4838a771a) Importer(815301076,1909f56bfc062723c751e8b465ee728b)
Start importing Assets/sprites/Plant Animations/Plant 7/Plant7_00036.png using Guid(3fd9444ec6ce51c48aabb7f4838a771a) Importer(815301076,1909f56bfc062723c751e8b465ee728b) (PreviewImporter) -> (artifact id: '30d35c8c999346799eb6e93d0e791fa1') in 0.0214954 seconds
Number of updated asset objects reloaded before import = 0Number of asset objects unloaded after import = 3

========================================================================
Received Import Request.
  Time since last request: 0.000014 seconds.
  path: Assets/sprites/Plant Animations/Plant 7/Plant7_00010.png
  artifactKey: Guid(7907d991806eb3247ad8207e3c1f5a08) Importer(815301076,1909f56bfc062723c751e8b465ee728b)
Start importing Assets/sprites/Plant Animations/Plant 7/Plant7_00010.png using Guid(7907d991806eb3247ad8207e3c1f5a08) Importer(815301076,1909f56bfc062723c751e8b465ee728b) (PreviewImporter) -> (artifact id: '0538788c02f141cb3be7efa15a19a4b4') in 0.0193606 seconds
Number of updated asset objects reloaded before import = 0Number of asset objects unloaded after import = 3

========================================================================
Received Import Request.
  Time since last request: 0.000015 seconds.
  path: Assets/sprites/Plant Animations/Plant 7/Plant7_00014.png
  artifactKey: Guid(dfdb94f0c1b145040a4b40a40eb9ab37) Importer(815301076,1909f56bfc062723c751e8b465ee728b)
Start importing Assets/sprites/Plant Animations/Plant 7/Plant7_00014.png using Guid(dfdb94f0c1b145040a4b40a40eb9ab37) Importer(815301076,1909f56bfc062723c751e8b465ee728b) (PreviewImporter) -> (artifact id: '07f8fdf8d6df942de1ff569b83e22064') in 0.0208904 seconds
Number of updated asset objects reloaded before import = 0Number of asset objects unloaded after import = 3

========================================================================
Received Import Request.
  Time since last request: 1.699947 seconds.
  path: Assets/sprites/Plant Animations/Plant 8 Poison/PlantPosion_00001.png
  artifactKey: Guid(3f03af302c18e28438af0e6c0d5769e1) Importer(815301076,1909f56bfc062723c751e8b465ee728b)
Start importing Assets/sprites/Plant Animations/Plant 8 Poison/PlantPosion_00001.png using Guid(3f03af302c18e28438af0e6c0d5769e1) Importer(815301076,1909f56bfc062723c751e8b465ee728b) (PreviewImporter) -> (artifact id: '0d0d4d3aada5cfd5373c838d81798fbd') in 0.0237753 seconds
Number of updated asset objects reloaded before import = 0Number of asset objects unloaded after import = 3

========================================================================
Received Import Request.
  Time since last request: 0.000014 seconds.
  path: Assets/sprites/Plant Animations/Plant 8 Poison/PlantPosion_00023.png
  artifactKey: Guid(83493de7d3bbfc044b1d7f386bf0073b) Importer(815301076,1909f56bfc062723c751e8b465ee728b)
Start importing Assets/sprites/Plant Animations/Plant 8 Poison/PlantPosion_00023.png using Guid(83493de7d3bbfc044b1d7f386bf0073b) Importer(815301076,1909f56bfc062723c751e8b465ee728b) (PreviewImporter) -> (artifact id: '750f1b3bbadd732e099695076d08687d') in 0.020389 seconds
Number of updated asset objects reloaded before import = 0Number of asset objects unloaded after import = 3

========================================================================
Received Import Request.
  Time since last request: 0.000018 seconds.
  path: Assets/sprites/Plant Animations/Plant 8 Poison/PlantPosion_00009.png
  artifactKey: Guid(32127429273371f47a6bf1f59a0e11a9) Importer(815301076,1909f56bfc062723c751e8b465ee728b)
Start importing Assets/sprites/Plant Animations/Plant 8 Poison/PlantPosion_00009.png using Guid(32127429273371f47a6bf1f59a0e11a9) Importer(815301076,1909f56bfc062723c751e8b465ee728b) (PreviewImporter) -> (artifact id: '507bd1240c7f9cf19a7e5efca2306c71') in 0.0213938 seconds
Number of updated asset objects reloaded before import = 0Number of asset objects unloaded after import = 3

========================================================================
Received Import Request.
  Time since last request: 0.000030 seconds.
  path: Assets/sprites/Plant Animations/Plant 8 Poison/PlantPosion_00010.png
  artifactKey: Guid(21d233637dee40f44844492178ec4ae2) Importer(815301076,1909f56bfc062723c751e8b465ee728b)
Start importing Assets/sprites/Plant Animations/Plant 8 Poison/PlantPosion_00010.png using Guid(21d233637dee40f44844492178ec4ae2) Importer(815301076,1909f56bfc062723c751e8b465ee728b) (PreviewImporter) -> (artifact id: 'd6a11a7b52c9c39a67fc92ab3a7e8c4e') in 0.0442628 seconds
Number of updated asset objects reloaded before import = 0Number of asset objects unloaded after import = 3

========================================================================
Received Import Request.
  Time since last request: 0.000204 seconds.
  path: Assets/sprites/Plant Animations/Plant 8 Poison/PlantPosion_00014.png
  artifactKey: Guid(f86e65f33245b7c449fe397caf08ea74) Importer(815301076,1909f56bfc062723c751e8b465ee728b)
Start importing Assets/sprites/Plant Animations/Plant 8 Poison/PlantPosion_00014.png using Guid(f86e65f33245b7c449fe397caf08ea74) Importer(815301076,1909f56bfc062723c751e8b465ee728b) (PreviewImporter) -> (artifact id: '1aad3014b95302c869438fe64f973581') in 0.0221834 seconds
Number of updated asset objects reloaded before import = 0Number of asset objects unloaded after import = 3

========================================================================
Received Import Request.
  Time since last request: 0.000013 seconds.
  path: Assets/sprites/Plant Animations/Plant 8 Poison/PlantPosion_00016.png
  artifactKey: Guid(ffb1bd45e657ab6448f216a1ca329231) Importer(815301076,1909f56bfc062723c751e8b465ee728b)
Start importing Assets/sprites/Plant Animations/Plant 8 Poison/PlantPosion_00016.png using Guid(ffb1bd45e657ab6448f216a1ca329231) Importer(815301076,1909f56bfc062723c751e8b465ee728b) (PreviewImporter) -> (artifact id: '7252170f74af2532087e5304c355a3b1') in 0.0230558 seconds
Number of updated asset objects reloaded before import = 0Number of asset objects unloaded after import = 3

========================================================================
Received Import Request.
  Time since last request: 0.000017 seconds.
  path: Assets/sprites/Plant Animations/Plant 8 Poison/PlantPosion_00021.png
  artifactKey: Guid(ae4e1ae91127698448d61bea44084c90) Importer(815301076,1909f56bfc062723c751e8b465ee728b)
Start importing Assets/sprites/Plant Animations/Plant 8 Poison/PlantPosion_00021.png using Guid(ae4e1ae91127698448d61bea44084c90) Importer(815301076,1909f56bfc062723c751e8b465ee728b) (PreviewImporter) -> (artifact id: '8f5d485f74334fd43b6f0cee481dc911') in 0.024032 seconds
Number of updated asset objects reloaded before import = 0Number of asset objects unloaded after import = 3

========================================================================
Received Import Request.
  Time since last request: 0.000032 seconds.
  path: Assets/sprites/Plant Animations/Plant 8 Poison/PlantPosion_00020.png
  artifactKey: Guid(c5244dd5997684d46b88427f423608d1) Importer(815301076,1909f56bfc062723c751e8b465ee728b)
Start importing Assets/sprites/Plant Animations/Plant 8 Poison/PlantPosion_00020.png using Guid(c5244dd5997684d46b88427f423608d1) Importer(815301076,1909f56bfc062723c751e8b465ee728b) (PreviewImporter) -> (artifact id: 'ad4a43d885b27379da26344cc2db1de5') in 0.0204653 seconds
Number of updated asset objects reloaded before import = 0Number of asset objects unloaded after import = 3

========================================================================
Received Import Request.
  Time since last request: 1.939824 seconds.
  path: Assets/sprites/Plant Animations/Plant Wind 1/Plant Wind 1_00001.png
  artifactKey: Guid(583c3db40780c6f48817b7aaed32277d) Importer(815301076,1909f56bfc062723c751e8b465ee728b)
Start importing Assets/sprites/Plant Animations/Plant Wind 1/Plant Wind 1_00001.png using Guid(583c3db40780c6f48817b7aaed32277d) Importer(815301076,1909f56bfc062723c751e8b465ee728b) (PreviewImporter) -> (artifact id: 'b90ee35c6da26ce6df2fc2151325dc50') in 0.0228974 seconds
Number of updated asset objects reloaded before import = 0Number of asset objects unloaded after import = 3

========================================================================
Received Import Request.
  Time since last request: 0.000016 seconds.
  path: Assets/sprites/Plant Animations/Plant Wind 1/Plant Wind 1_00005.png
  artifactKey: Guid(d431fe6e222640d44972a175e7a35922) Importer(815301076,1909f56bfc062723c751e8b465ee728b)
Start importing Assets/sprites/Plant Animations/Plant Wind 1/Plant Wind 1_00005.png using Guid(d431fe6e222640d44972a175e7a35922) Importer(815301076,1909f56bfc062723c751e8b465ee728b) (PreviewImporter) -> (artifact id: '5c020b4bf0ba5e0b2be2c18def9a0254') in 0.0250162 seconds
Number of updated asset objects reloaded before import = 0Number of asset objects unloaded after import = 3

========================================================================
Received Import Request.
  Time since last request: 0.000027 seconds.
  path: Assets/sprites/Plant Animations/Plant Wind 1/Plant Wind 1_00017.png
  artifactKey: Guid(37bc0306f66502247936a0f77f0adc74) Importer(815301076,1909f56bfc062723c751e8b465ee728b)
Start importing Assets/sprites/Plant Animations/Plant Wind 1/Plant Wind 1_00017.png using Guid(37bc0306f66502247936a0f77f0adc74) Importer(815301076,1909f56bfc062723c751e8b465ee728b) (PreviewImporter) -> (artifact id: '91ca73679e04d5908497b80bfc956689') in 0.0222301 seconds
Number of updated asset objects reloaded before import = 0Number of asset objects unloaded after import = 3

========================================================================
Received Import Request.
  Time since last request: 0.000017 seconds.
  path: Assets/sprites/Plant Animations/Plant Wind 1/Plant Wind 1_00010.png
  artifactKey: Guid(e6fe2eff0f97b464295eafa083c3f64f) Importer(815301076,1909f56bfc062723c751e8b465ee728b)
Start importing Assets/sprites/Plant Animations/Plant Wind 1/Plant Wind 1_00010.png using Guid(e6fe2eff0f97b464295eafa083c3f64f) Importer(815301076,1909f56bfc062723c751e8b465ee728b) (PreviewImporter) -> (artifact id: 'f7339fe32a7e28b2cfded4d9274669b6') in 0.0207666 seconds
Number of updated asset objects reloaded before import = 0Number of asset objects unloaded after import = 3

========================================================================
Received Import Request.
  Time since last request: 0.000017 seconds.
  path: Assets/sprites/Plant Animations/Plant Wind 1/Plant Wind 1_00029.png
  artifactKey: Guid(2a07678d258b8714ebc6771b733d7e82) Importer(815301076,1909f56bfc062723c751e8b465ee728b)
Start importing Assets/sprites/Plant Animations/Plant Wind 1/Plant Wind 1_00029.png using Guid(2a07678d258b8714ebc6771b733d7e82) Importer(815301076,1909f56bfc062723c751e8b465ee728b) (PreviewImporter) -> (artifact id: 'c08ff9f1afe98373122f0e48b81dd290') in 0.0210446 seconds
Number of updated asset objects reloaded before import = 0Number of asset objects unloaded after import = 3

========================================================================
Received Import Request.
  Time since last request: 0.000017 seconds.
  path: Assets/sprites/Plant Animations/Plant Wind 1/Plant Wind 1_00020.png
  artifactKey: Guid(8ef1cbaa50c43684781bb2b15d13f1c0) Importer(815301076,1909f56bfc062723c751e8b465ee728b)
Start importing Assets/sprites/Plant Animations/Plant Wind 1/Plant Wind 1_00020.png using Guid(8ef1cbaa50c43684781bb2b15d13f1c0) Importer(815301076,1909f56bfc062723c751e8b465ee728b) (PreviewImporter) -> (artifact id: '921fc28e509e6ea91d53de17eb979f68') in 0.0212874 seconds
Number of updated asset objects reloaded before import = 0Number of asset objects unloaded after import = 3

========================================================================
Received Import Request.
  Time since last request: 0.000016 seconds.
  path: Assets/sprites/Plant Animations/Plant Wind 1/Plant Wind 1_00004.png
  artifactKey: Guid(8ca0b30327f0a564bbe58a33516cc5c5) Importer(815301076,1909f56bfc062723c751e8b465ee728b)
Start importing Assets/sprites/Plant Animations/Plant Wind 1/Plant Wind 1_00004.png using Guid(8ca0b30327f0a564bbe58a33516cc5c5) Importer(815301076,1909f56bfc062723c751e8b465ee728b) (PreviewImporter) -> (artifact id: '10bdc0e421f083b370bcd12719942151') in 0.0226917 seconds
Number of updated asset objects reloaded before import = 0Number of asset objects unloaded after import = 3

========================================================================
Received Import Request.
  Time since last request: 1.406473 seconds.
  path: Assets/sprites/Plant Animations/PlantJump/JumpPlant_00001.png
  artifactKey: Guid(5d43c980e616ddc4692e5a8567e7396b) Importer(815301076,1909f56bfc062723c751e8b465ee728b)
Start importing Assets/sprites/Plant Animations/PlantJump/JumpPlant_00001.png using Guid(5d43c980e616ddc4692e5a8567e7396b) Importer(815301076,1909f56bfc062723c751e8b465ee728b) (PreviewImporter) -> (artifact id: 'c737075745dcf6754e027be4d14f9a1a') in 0.0222686 seconds
Number of updated asset objects reloaded before import = 0Number of asset objects unloaded after import = 3

========================================================================
Received Import Request.
  Time since last request: 0.000026 seconds.
  path: Assets/sprites/Plant Animations/PlantJump/JumpPlant_00011.png
  artifactKey: Guid(45fa7308c95a41c4686624ca389d6ceb) Importer(815301076,1909f56bfc062723c751e8b465ee728b)
Start importing Assets/sprites/Plant Animations/PlantJump/JumpPlant_00011.png using Guid(45fa7308c95a41c4686624ca389d6ceb) Importer(815301076,1909f56bfc062723c751e8b465ee728b) (PreviewImporter) -> (artifact id: '4849a51e85f5000f9b9cc2818497af9e') in 0.0223825 seconds
Number of updated asset objects reloaded before import = 0Number of asset objects unloaded after import = 3

========================================================================
Received Import Request.
  Time since last request: 0.000021 seconds.
  path: Assets/sprites/Plant Animations/PlantJump/JumpPlant_00004.png
  artifactKey: Guid(612259e29b10d4c428053d44f7c4b08c) Importer(815301076,1909f56bfc062723c751e8b465ee728b)
Start importing Assets/sprites/Plant Animations/PlantJump/JumpPlant_00004.png using Guid(612259e29b10d4c428053d44f7c4b08c) Importer(815301076,1909f56bfc062723c751e8b465ee728b) (PreviewImporter) -> (artifact id: '605fc7cf0375baf2b84aa24c1b25eb8b') in 0.0221447 seconds
Number of updated asset objects reloaded before import = 0Number of asset objects unloaded after import = 3

========================================================================
Received Import Request.
  Time since last request: 0.000017 seconds.
  path: Assets/sprites/Plant Animations/PlantJump/JumpPlant_00008.png
  artifactKey: Guid(0983c54a59fafb14ba382f43d5031448) Importer(815301076,1909f56bfc062723c751e8b465ee728b)
Start importing Assets/sprites/Plant Animations/PlantJump/JumpPlant_00008.png using Guid(0983c54a59fafb14ba382f43d5031448) Importer(815301076,1909f56bfc062723c751e8b465ee728b) (PreviewImporter) -> (artifact id: 'a83490fa8df31b08ae61690539ee9b28') in 0.0259854 seconds
Number of updated asset objects reloaded before import = 0Number of asset objects unloaded after import = 3

========================================================================
Received Import Request.
  Time since last request: 0.000015 seconds.
  path: Assets/sprites/Plant Animations/PlantJump/JumpPlant_00018.png
  artifactKey: Guid(d2e9c24e01de7a244a40c876af7fe0b3) Importer(815301076,1909f56bfc062723c751e8b465ee728b)
Start importing Assets/sprites/Plant Animations/PlantJump/JumpPlant_00018.png using Guid(d2e9c24e01de7a244a40c876af7fe0b3) Importer(815301076,1909f56bfc062723c751e8b465ee728b) (PreviewImporter) -> (artifact id: 'f9e3017fb632eae62004f6d8499b3f0b') in 0.0227923 seconds
Number of updated asset objects reloaded before import = 0Number of asset objects unloaded after import = 3

========================================================================
Received Import Request.
  Time since last request: 2.422015 seconds.
  path: Assets/sprites/Plant Animations/PlantJump2/JumpPlant 2_00001.png
  artifactKey: Guid(7d0f46db16bb1a44597b7ed00783f1c8) Importer(815301076,1909f56bfc062723c751e8b465ee728b)
Start importing Assets/sprites/Plant Animations/PlantJump2/JumpPlant 2_00001.png using Guid(7d0f46db16bb1a44597b7ed00783f1c8) Importer(815301076,1909f56bfc062723c751e8b465ee728b) (PreviewImporter) -> (artifact id: 'df321abe363d98ac92f72c79cd5c9d40') in 0.0199136 seconds
Number of updated asset objects reloaded before import = 0Number of asset objects unloaded after import = 3

========================================================================
Received Import Request.
  Time since last request: 0.000028 seconds.
  path: Assets/sprites/Plant Animations/PlantJump2/JumpPlant 2_00011.png
  artifactKey: Guid(283963e817325f443a0f6416a589ffd5) Importer(815301076,1909f56bfc062723c751e8b465ee728b)
Start importing Assets/sprites/Plant Animations/PlantJump2/JumpPlant 2_00011.png using Guid(283963e817325f443a0f6416a589ffd5) Importer(815301076,1909f56bfc062723c751e8b465ee728b) (PreviewImporter) -> (artifact id: '45f3c0cb2777fd21fdb2bf86fc7c61a5') in 0.0314378 seconds
Number of updated asset objects reloaded before import = 0Number of asset objects unloaded after import = 3

========================================================================
Received Import Request.
  Time since last request: 0.000033 seconds.
  path: Assets/sprites/Plant Animations/PlantJump2/JumpPlant 2_00012.png
  artifactKey: Guid(8a3df2c8f026d344798b1b9326d9fb99) Importer(815301076,1909f56bfc062723c751e8b465ee728b)
Start importing Assets/sprites/Plant Animations/PlantJump2/JumpPlant 2_00012.png using Guid(8a3df2c8f026d344798b1b9326d9fb99) Importer(815301076,1909f56bfc062723c751e8b465ee728b) (PreviewImporter) -> (artifact id: '6155b530884bbca4d3c185ce7b518825') in 0.0301684 seconds
Number of updated asset objects reloaded before import = 0Number of asset objects unloaded after import = 3

========================================================================
Received Import Request.
  Time since last request: 0.000024 seconds.
  path: Assets/sprites/Plant Animations/PlantJump2/JumpPlant 2_00013.png
  artifactKey: Guid(7d5ed3918b3a10942973be5c79ab7c53) Importer(815301076,1909f56bfc062723c751e8b465ee728b)
Start importing Assets/sprites/Plant Animations/PlantJump2/JumpPlant 2_00013.png using Guid(7d5ed3918b3a10942973be5c79ab7c53) Importer(815301076,1909f56bfc062723c751e8b465ee728b) (PreviewImporter) -> (artifact id: '71e2cc1c7a82ac6d03ba31bd795f3d6d') in 0.0333178 seconds
Number of updated asset objects reloaded before import = 0Number of asset objects unloaded after import = 3

========================================================================
Received Import Request.
  Time since last request: 0.000023 seconds.
  path: Assets/sprites/Plant Animations/PlantJump2/JumpPlant 2_00017.png
  artifactKey: Guid(786fe6b5a18b918498e44545032635c3) Importer(815301076,1909f56bfc062723c751e8b465ee728b)
Start importing Assets/sprites/Plant Animations/PlantJump2/JumpPlant 2_00017.png using Guid(786fe6b5a18b918498e44545032635c3) Importer(815301076,1909f56bfc062723c751e8b465ee728b) (PreviewImporter) -> (artifact id: 'e27e4805739eb040c8e45c581f0af126') in 0.02053 seconds
Number of updated asset objects reloaded before import = 0Number of asset objects unloaded after import = 3

========================================================================
Received Import Request.
  Time since last request: 9.582879 seconds.
  path: Assets/sprites/Plant Animations/Plant 1/Plant1_00050.png
  artifactKey: Guid(369e4539f8c27b94984ef519aa807408) Importer(815301076,1909f56bfc062723c751e8b465ee728b)
Start importing Assets/sprites/Plant Animations/Plant 1/Plant1_00050.png using Guid(369e4539f8c27b94984ef519aa807408) Importer(815301076,1909f56bfc062723c751e8b465ee728b) (PreviewImporter) -> (artifact id: 'c3bc4b537c4993b736b30ef25b5922bb') in 0.0766179 seconds
Number of updated asset objects reloaded before import = 0Number of asset objects unloaded after import = 3

========================================================================
Received Import Request.
  Time since last request: 0.000019 seconds.
  path: Assets/sprites/Plant Animations/Plant 1/Plant1_00055.png
  artifactKey: Guid(5193a55cbe2c3e6449bdf6180901a692) Importer(815301076,1909f56bfc062723c751e8b465ee728b)
Start importing Assets/sprites/Plant Animations/Plant 1/Plant1_00055.png using Guid(5193a55cbe2c3e6449bdf6180901a692) Importer(815301076,1909f56bfc062723c751e8b465ee728b) (PreviewImporter) -> (artifact id: '3e80a7004860e9ce41ddb24eaad8dddf') in 0.0268144 seconds
Number of updated asset objects reloaded before import = 0Number of asset objects unloaded after import = 3

========================================================================
Received Import Request.
  Time since last request: 0.000022 seconds.
  path: Assets/sprites/Plant Animations/Plant 1/Plant1_00060.png
  artifactKey: Guid(bd194b0947e991940a370b9bec70fed5) Importer(815301076,1909f56bfc062723c751e8b465ee728b)
Start importing Assets/sprites/Plant Animations/Plant 1/Plant1_00060.png using Guid(bd194b0947e991940a370b9bec70fed5) Importer(815301076,1909f56bfc062723c751e8b465ee728b) (PreviewImporter) -> (artifact id: '1c5ee25e35a387a42a3c7dc80ec5e569') in 0.0233175 seconds
Number of updated asset objects reloaded before import = 0Number of asset objects unloaded after import = 3

========================================================================
Received Import Request.
  Time since last request: 0.000023 seconds.
  path: Assets/sprites/Plant Animations/Plant 1/Plant1_00071.png
  artifactKey: Guid(a916da142170f404ea40e993cb3e7e31) Importer(815301076,1909f56bfc062723c751e8b465ee728b)
Start importing Assets/sprites/Plant Animations/Plant 1/Plant1_00071.png using Guid(a916da142170f404ea40e993cb3e7e31) Importer(815301076,1909f56bfc062723c751e8b465ee728b) (PreviewImporter) -> (artifact id: '0f5ff68e4bf0fa229bd2a5251fb7d8e8') in 0.0213593 seconds
Number of updated asset objects reloaded before import = 0Number of asset objects unloaded after import = 3

========================================================================
Received Import Request.
  Time since last request: 0.000021 seconds.
  path: Assets/sprites/Plant Animations/Plant 1/Plant1_00064.png
  artifactKey: Guid(a9798b1791fbaa34c8c8ad125baa9198) Importer(815301076,1909f56bfc062723c751e8b465ee728b)
Start importing Assets/sprites/Plant Animations/Plant 1/Plant1_00064.png using Guid(a9798b1791fbaa34c8c8ad125baa9198) Importer(815301076,1909f56bfc062723c751e8b465ee728b) (PreviewImporter) -> (artifact id: '0c7fac55d7426d69c456846ecb725851') in 0.0201561 seconds
Number of updated asset objects reloaded before import = 0Number of asset objects unloaded after import = 3

========================================================================
Received Import Request.
  Time since last request: 0.000017 seconds.
  path: Assets/sprites/Plant Animations/Plant 1/Plant1_00070.png
  artifactKey: Guid(bb38bad47aa2b7a42be5d9b18cc03694) Importer(815301076,1909f56bfc062723c751e8b465ee728b)
Start importing Assets/sprites/Plant Animations/Plant 1/Plant1_00070.png using Guid(bb38bad47aa2b7a42be5d9b18cc03694) Importer(815301076,1909f56bfc062723c751e8b465ee728b) (PreviewImporter) -> (artifact id: '84b98829015926f6e7179640682d23bb') in 0.0198391 seconds
Number of updated asset objects reloaded before import = 0Number of asset objects unloaded after import = 3

========================================================================
Received Import Request.
  Time since last request: 0.116203 seconds.
  path: Assets/sprites/Plant Animations/Plant 1/Plant1_00074.png
  artifactKey: Guid(973b0e96eb46b254a8a40498db6ab86f) Importer(815301076,1909f56bfc062723c751e8b465ee728b)
Start importing Assets/sprites/Plant Animations/Plant 1/Plant1_00074.png using Guid(973b0e96eb46b254a8a40498db6ab86f) Importer(815301076,1909f56bfc062723c751e8b465ee728b) (PreviewImporter) -> (artifact id: '080eaef9e3ebca704fa3aa87474813a3') in 0.0192965 seconds
Number of updated asset objects reloaded before import = 0Number of asset objects unloaded after import = 3

========================================================================
Received Import Request.
  Time since last request: 0.000015 seconds.
  path: Assets/sprites/Plant Animations/Plant 1/Plant1_00080.png
  artifactKey: Guid(bd15c82d28ad20245964098dfeab7d6b) Importer(815301076,1909f56bfc062723c751e8b465ee728b)
Start importing Assets/sprites/Plant Animations/Plant 1/Plant1_00080.png using Guid(bd15c82d28ad20245964098dfeab7d6b) Importer(815301076,1909f56bfc062723c751e8b465ee728b) (PreviewImporter) -> (artifact id: 'fec74e18987ace1fec18cb8b8e2a40fe') in 0.0201875 seconds
Number of updated asset objects reloaded before import = 0Number of asset objects unloaded after import = 3

========================================================================
Received Import Request.
  Time since last request: 0.000020 seconds.
  path: Assets/sprites/Plant Animations/Plant 1/Plant1_00089.png
  artifactKey: Guid(c360ec1ab98a33d468d4a8d4ffb3535e) Importer(815301076,1909f56bfc062723c751e8b465ee728b)
Start importing Assets/sprites/Plant Animations/Plant 1/Plant1_00089.png using Guid(c360ec1ab98a33d468d4a8d4ffb3535e) Importer(815301076,1909f56bfc062723c751e8b465ee728b) (PreviewImporter) -> (artifact id: 'ccf8d68500b9e2edb47b5529eb3ab4ec') in 0.0221599 seconds
Number of updated asset objects reloaded before import = 0Number of asset objects unloaded after import = 3

========================================================================
Received Import Request.
  Time since last request: 0.000025 seconds.
  path: Assets/sprites/Plant Animations/Plant 1/Plant1_00082.png
  artifactKey: Guid(676563c3e91179d4caeffbe1cbaa3797) Importer(815301076,1909f56bfc062723c751e8b465ee728b)
Start importing Assets/sprites/Plant Animations/Plant 1/Plant1_00082.png using Guid(676563c3e91179d4caeffbe1cbaa3797) Importer(815301076,1909f56bfc062723c751e8b465ee728b) (PreviewImporter) -> (artifact id: 'ff2e16cb483ad6b9bcca95eef0388512') in 0.019146 seconds
Number of updated asset objects reloaded before import = 0Number of asset objects unloaded after import = 3

========================================================================
Received Import Request.
  Time since last request: 7.983896 seconds.
  path: Assets/sprites/Plant Animations/Plant 2/Plant2_00050.png
  artifactKey: Guid(152082c0bcfc87d4bb99eddbe8adf3dd) Importer(815301076,1909f56bfc062723c751e8b465ee728b)
Start importing Assets/sprites/Plant Animations/Plant 2/Plant2_00050.png using Guid(152082c0bcfc87d4bb99eddbe8adf3dd) Importer(815301076,1909f56bfc062723c751e8b465ee728b) (PreviewImporter) -> (artifact id: 'd662ea942481db9ef469648104aeb6b2') in 0.0457963 seconds
Number of updated asset objects reloaded before import = 0Number of asset objects unloaded after import = 5

========================================================================
Received Import Request.
  Time since last request: 0.000018 seconds.
  path: Assets/sprites/Plant Animations/Plant 2/Plant2_00062.png
  artifactKey: Guid(e374a32303c5886448e42bd35aa39f9f) Importer(815301076,1909f56bfc062723c751e8b465ee728b)
Start importing Assets/sprites/Plant Animations/Plant 2/Plant2_00062.png using Guid(e374a32303c5886448e42bd35aa39f9f) Importer(815301076,1909f56bfc062723c751e8b465ee728b) (PreviewImporter) -> (artifact id: '75fc5f778f884795f19c7982ef2d569b') in 0.0376265 seconds
Number of updated asset objects reloaded before import = 0Number of asset objects unloaded after import = 5

========================================================================
Received Import Request.
  Time since last request: 0.000020 seconds.
  path: Assets/sprites/Plant Animations/Plant 2/Plant2_00065.png
  artifactKey: Guid(65a89ae2454c8554a8385e8696ef4413) Importer(815301076,1909f56bfc062723c751e8b465ee728b)
Start importing Assets/sprites/Plant Animations/Plant 2/Plant2_00065.png using Guid(65a89ae2454c8554a8385e8696ef4413) Importer(815301076,1909f56bfc062723c751e8b465ee728b) (PreviewImporter) -> (artifact id: 'b5b8325706a5b32214a5efcafcd240bf') in 0.0354196 seconds
Number of updated asset objects reloaded before import = 0Number of asset objects unloaded after import = 5

========================================================================
Received Import Request.
  Time since last request: 0.000033 seconds.
  path: Assets/sprites/Plant Animations/Plant 2/Plant2_00078.png
  artifactKey: Guid(b4bcbadeba1460f46b46799b0f8f7fff) Importer(815301076,1909f56bfc062723c751e8b465ee728b)
Start importing Assets/sprites/Plant Animations/Plant 2/Plant2_00078.png using Guid(b4bcbadeba1460f46b46799b0f8f7fff) Importer(815301076,1909f56bfc062723c751e8b465ee728b) (PreviewImporter) -> (artifact id: 'b4fa0ea2cbf74920fb840ac729c2ca6f') in 0.0490179 seconds
Number of updated asset objects reloaded before import = 0Number of asset objects unloaded after import = 5

========================================================================
Received Import Request.
  Time since last request: 0.000017 seconds.
  path: Assets/sprites/Plant Animations/Plant 2/Plant2_00070.png
  artifactKey: Guid(2ca4a4bfc78130f4baca4232dc59dc5e) Importer(815301076,1909f56bfc062723c751e8b465ee728b)
Start importing Assets/sprites/Plant Animations/Plant 2/Plant2_00070.png using Guid(2ca4a4bfc78130f4baca4232dc59dc5e) Importer(815301076,1909f56bfc062723c751e8b465ee728b) (PreviewImporter) -> (artifact id: 'aea850d28ffc7bdfeb0d3ce25bbe9530') in 0.0239358 seconds
Number of updated asset objects reloaded before import = 0Number of asset objects unloaded after import = 5

========================================================================
Received Import Request.
  Time since last request: 0.000015 seconds.
  path: Assets/sprites/Plant Animations/Plant 2/Plant2_00068.png
  artifactKey: Guid(b02f648e4676ff247b7282fab5d9ebe2) Importer(815301076,1909f56bfc062723c751e8b465ee728b)
Start importing Assets/sprites/Plant Animations/Plant 2/Plant2_00068.png using Guid(b02f648e4676ff247b7282fab5d9ebe2) Importer(815301076,1909f56bfc062723c751e8b465ee728b) (PreviewImporter) -> (artifact id: 'cf1b60a03fc7c24b591f0516ad599c06') in 0.0238531 seconds
Number of updated asset objects reloaded before import = 0Number of asset objects unloaded after import = 5

========================================================================
Received Import Request.
  Time since last request: 0.000019 seconds.
  path: Assets/sprites/Plant Animations/Plant 2/Plant2_00083.png
  artifactKey: Guid(3f7c61a0f7d7d4345b9cff249ceec4ea) Importer(815301076,1909f56bfc062723c751e8b465ee728b)
Start importing Assets/sprites/Plant Animations/Plant 2/Plant2_00083.png using Guid(3f7c61a0f7d7d4345b9cff249ceec4ea) Importer(815301076,1909f56bfc062723c751e8b465ee728b) (PreviewImporter) -> (artifact id: '2b3b5b82c158ce210a927e7985f1e1fa') in 0.0235843 seconds
Number of updated asset objects reloaded before import = 0Number of asset objects unloaded after import = 5

========================================================================
Received Import Request.
  Time since last request: 0.000026 seconds.
  path: Assets/sprites/Plant Animations/Plant 2/Plant2_00071.png
  artifactKey: Guid(0c258549ca15fb14eacd431ab20ff7b7) Importer(815301076,1909f56bfc062723c751e8b465ee728b)
Start importing Assets/sprites/Plant Animations/Plant 2/Plant2_00071.png using Guid(0c258549ca15fb14eacd431ab20ff7b7) Importer(815301076,1909f56bfc062723c751e8b465ee728b) (PreviewImporter) -> (artifact id: 'e669e9ade96b0c9abfae4e7fe876a35b') in 0.0216119 seconds
Number of updated asset objects reloaded before import = 0Number of asset objects unloaded after import = 5

========================================================================
Received Import Request.
  Time since last request: 0.000017 seconds.
  path: Assets/sprites/Plant Animations/Plant 2/Plant2_00088.png
  artifactKey: Guid(0921fdedb5c94d3418aab4029bee7930) Importer(815301076,1909f56bfc062723c751e8b465ee728b)
Start importing Assets/sprites/Plant Animations/Plant 2/Plant2_00088.png using Guid(0921fdedb5c94d3418aab4029bee7930) Importer(815301076,1909f56bfc062723c751e8b465ee728b) (PreviewImporter) -> (artifact id: '5633aad128ae7cc7a8da48d3d2c581ca') in 0.0255246 seconds
Number of updated asset objects reloaded before import = 0Number of asset objects unloaded after import = 5

========================================================================
Received Import Request.
  Time since last request: 0.000018 seconds.
  path: Assets/sprites/Plant Animations/Plant 2/Plant2_00063.png
  artifactKey: Guid(e6651550580034f4faca72c9651f06f0) Importer(815301076,1909f56bfc062723c751e8b465ee728b)
Start importing Assets/sprites/Plant Animations/Plant 2/Plant2_00063.png using Guid(e6651550580034f4faca72c9651f06f0) Importer(815301076,1909f56bfc062723c751e8b465ee728b) (PreviewImporter) -> (artifact id: '5b8b95eeee2997e7caeb07e0763e04ff') in 0.0231454 seconds
Number of updated asset objects reloaded before import = 0Number of asset objects unloaded after import = 5

========================================================================
Received Import Request.
  Time since last request: 0.000020 seconds.
  path: Assets/sprites/Plant Animations/Plant 2/Plant2_00074.png
  artifactKey: Guid(97695eff19f8f804cbaf1262a5e370c4) Importer(815301076,1909f56bfc062723c751e8b465ee728b)
Start importing Assets/sprites/Plant Animations/Plant 2/Plant2_00074.png using Guid(97695eff19f8f804cbaf1262a5e370c4) Importer(815301076,1909f56bfc062723c751e8b465ee728b) (PreviewImporter) -> (artifact id: 'fa27cab6bda9f5cdc1e901eea474f372') in 0.0248137 seconds
Number of updated asset objects reloaded before import = 0Number of asset objects unloaded after import = 5

========================================================================
Received Import Request.
  Time since last request: 3.137711 seconds.
  path: Assets/sprites/Plant Animations/Plant 3/Plant3_00050.png
  artifactKey: Guid(410de5993cee7254c803af26a176c3fd) Importer(815301076,1909f56bfc062723c751e8b465ee728b)
Start importing Assets/sprites/Plant Animations/Plant 3/Plant3_00050.png using Guid(410de5993cee7254c803af26a176c3fd) Importer(815301076,1909f56bfc062723c751e8b465ee728b) (PreviewImporter) -> (artifact id: 'bf4f46fb6cde98a0c71792a4e02ac30b') in 0.030236 seconds
Number of updated asset objects reloaded before import = 0Number of asset objects unloaded after import = 4

========================================================================
Received Import Request.
  Time since last request: 0.000015 seconds.
  path: Assets/sprites/Plant Animations/Plant 3/Plant3_00066.png
  artifactKey: Guid(a7796ee3c58e3744ca50e201df14370c) Importer(815301076,1909f56bfc062723c751e8b465ee728b)
Start importing Assets/sprites/Plant Animations/Plant 3/Plant3_00066.png using Guid(a7796ee3c58e3744ca50e201df14370c) Importer(815301076,1909f56bfc062723c751e8b465ee728b) (PreviewImporter) -> (artifact id: '01858b227aa50b7a412c08a822dd1bac') in 0.0299902 seconds
Number of updated asset objects reloaded before import = 0Number of asset objects unloaded after import = 4

========================================================================
Received Import Request.
  Time since last request: 0.000019 seconds.
  path: Assets/sprites/Plant Animations/Plant 3/Plant3_00055.png
  artifactKey: Guid(1cba43a437bd0ff48afb810dc9466812) Importer(815301076,1909f56bfc062723c751e8b465ee728b)
Start importing Assets/sprites/Plant Animations/Plant 3/Plant3_00055.png using Guid(1cba43a437bd0ff48afb810dc9466812) Importer(815301076,1909f56bfc062723c751e8b465ee728b) (PreviewImporter) -> (artifact id: 'c4cda33c8fb8ab52dc2785b5cbe064ba') in 0.0281797 seconds
Number of updated asset objects reloaded before import = 0Number of asset objects unloaded after import = 4

========================================================================
Received Import Request.
  Time since last request: 0.000038 seconds.
  path: Assets/sprites/Plant Animations/Plant 3/Plant3_00078.png
  artifactKey: Guid(7c9439fd36d9b3842a28231fc1ebd4e3) Importer(815301076,1909f56bfc062723c751e8b465ee728b)
Start importing Assets/sprites/Plant Animations/Plant 3/Plant3_00078.png using Guid(7c9439fd36d9b3842a28231fc1ebd4e3) Importer(815301076,1909f56bfc062723c751e8b465ee728b) (PreviewImporter) -> (artifact id: '76e20e20d3aeae6f62e6b0623ca7f74a') in 0.0236138 seconds
Number of updated asset objects reloaded before import = 0Number of asset objects unloaded after import = 4

========================================================================
Received Import Request.
  Time since last request: 0.000016 seconds.
  path: Assets/sprites/Plant Animations/Plant 3/Plant3_00056.png
  artifactKey: Guid(a4c16929bd242e34181eaca49e4ab361) Importer(815301076,1909f56bfc062723c751e8b465ee728b)
Start importing Assets/sprites/Plant Animations/Plant 3/Plant3_00056.png using Guid(a4c16929bd242e34181eaca49e4ab361) Importer(815301076,1909f56bfc062723c751e8b465ee728b) (PreviewImporter) -> (artifact id: 'b1e59b46776a9ddfc318342da8fcc0dc') in 0.02721 seconds
Number of updated asset objects reloaded before import = 0Number of asset objects unloaded after import = 4

========================================================================
Received Import Request.
  Time since last request: 0.000018 seconds.
  path: Assets/sprites/Plant Animations/Plant 3/Plant3_00077.png
  artifactKey: Guid(8ae0d7f68787c734f92d52222afa5983) Importer(815301076,1909f56bfc062723c751e8b465ee728b)
Start importing Assets/sprites/Plant Animations/Plant 3/Plant3_00077.png using Guid(8ae0d7f68787c734f92d52222afa5983) Importer(815301076,1909f56bfc062723c751e8b465ee728b) (PreviewImporter) -> (artifact id: '91196f89e37526dcaeaa4de4a1220c17') in 0.0252372 seconds
Number of updated asset objects reloaded before import = 0Number of asset objects unloaded after import = 4

========================================================================
Received Import Request.
  Time since last request: 0.000021 seconds.
  path: Assets/sprites/Plant Animations/Plant 3/Plant3_00073.png
  artifactKey: Guid(02bd1b8b2349ebb40bcf99cdce0f5be2) Importer(815301076,1909f56bfc062723c751e8b465ee728b)
Start importing Assets/sprites/Plant Animations/Plant 3/Plant3_00073.png using Guid(02bd1b8b2349ebb40bcf99cdce0f5be2) Importer(815301076,1909f56bfc062723c751e8b465ee728b) (PreviewImporter) -> (artifact id: '0a760f35c9102ac474820b0ea407c28b') in 0.0243573 seconds
Number of updated asset objects reloaded before import = 0Number of asset objects unloaded after import = 4

========================================================================
Received Import Request.
  Time since last request: 0.000027 seconds.
  path: Assets/sprites/Plant Animations/Plant 3/Plant3_00069.png
  artifactKey: Guid(48456aa2ab2275b4ca5825581fde5a80) Importer(815301076,1909f56bfc062723c751e8b465ee728b)
Start importing Assets/sprites/Plant Animations/Plant 3/Plant3_00069.png using Guid(48456aa2ab2275b4ca5825581fde5a80) Importer(815301076,1909f56bfc062723c751e8b465ee728b) (PreviewImporter) -> (artifact id: 'a7759ef1ae4ba43e12bcb4220c035e9c') in 0.0253259 seconds
Number of updated asset objects reloaded before import = 0Number of asset objects unloaded after import = 4

========================================================================
Received Import Request.
  Time since last request: 0.000018 seconds.
  path: Assets/sprites/Plant Animations/Plant 3/Plant3_00061.png
  artifactKey: Guid(6034b09e4aceada4d98dcecf80788c61) Importer(815301076,1909f56bfc062723c751e8b465ee728b)
Start importing Assets/sprites/Plant Animations/Plant 3/Plant3_00061.png using Guid(6034b09e4aceada4d98dcecf80788c61) Importer(815301076,1909f56bfc062723c751e8b465ee728b) (PreviewImporter) -> (artifact id: 'c98c269a9ab7ac0a4b87384d0ae8d8a1') in 0.0256674 seconds
Number of updated asset objects reloaded before import = 0Number of asset objects unloaded after import = 4

========================================================================
Received Import Request.
  Time since last request: 0.000014 seconds.
  path: Assets/sprites/Plant Animations/Plant 3/Plant3_00071.png
  artifactKey: Guid(91b2d4c5159c77044975e3e02967c19e) Importer(815301076,1909f56bfc062723c751e8b465ee728b)
Start importing Assets/sprites/Plant Animations/Plant 3/Plant3_00071.png using Guid(91b2d4c5159c77044975e3e02967c19e) Importer(815301076,1909f56bfc062723c751e8b465ee728b) (PreviewImporter) -> (artifact id: '1956549b94e3df5b684144817fcb1865') in 0.0270452 seconds
Number of updated asset objects reloaded before import = 0Number of asset objects unloaded after import = 4

========================================================================
Received Import Request.
  Time since last request: 7.570906 seconds.
  path: Assets/sprites/Plant Animations/Plant 4/Plant4_00050.png
  artifactKey: Guid(e8336b9165c1280489fbc38511ae3ad3) Importer(815301076,1909f56bfc062723c751e8b465ee728b)
Start importing Assets/sprites/Plant Animations/Plant 4/Plant4_00050.png using Guid(e8336b9165c1280489fbc38511ae3ad3) Importer(815301076,1909f56bfc062723c751e8b465ee728b) (PreviewImporter) -> (artifact id: '0b5741e0a0ca6dea0bf965eb87a72c23') in 0.0321824 seconds
Number of updated asset objects reloaded before import = 0Number of asset objects unloaded after import = 3

========================================================================
Received Import Request.
  Time since last request: 0.000015 seconds.
  path: Assets/sprites/Plant Animations/Plant 4/Plant4_00054.png
  artifactKey: Guid(8631a3c7db0fdcd429c1dfd5b059070d) Importer(815301076,1909f56bfc062723c751e8b465ee728b)
Start importing Assets/sprites/Plant Animations/Plant 4/Plant4_00054.png using Guid(8631a3c7db0fdcd429c1dfd5b059070d) Importer(815301076,1909f56bfc062723c751e8b465ee728b) (PreviewImporter) -> (artifact id: '9d21231d5e9f7f073d4ff47beb0c6cce') in 0.0288412 seconds
Number of updated asset objects reloaded before import = 0Number of asset objects unloaded after import = 3

========================================================================
Received Import Request.
  Time since last request: 3.885025 seconds.
  path: Assets/sprites/Plant Animations/Plant 5/Plant5_00050.png
  artifactKey: Guid(8a2df82193ba9824284a5d4d00f451e8) Importer(815301076,1909f56bfc062723c751e8b465ee728b)
Start importing Assets/sprites/Plant Animations/Plant 5/Plant5_00050.png using Guid(8a2df82193ba9824284a5d4d00f451e8) Importer(815301076,1909f56bfc062723c751e8b465ee728b) (PreviewImporter) -> (artifact id: '08ce3c768363651111ef47d39a4b3140') in 0.0356752 seconds
Number of updated asset objects reloaded before import = 0Number of asset objects unloaded after import = 3

========================================================================
Received Import Request.
  Time since last request: 0.000020 seconds.
  path: Assets/sprites/Plant Animations/Plant 5/Plant5_00056.png
  artifactKey: Guid(e4f6a3840a92fb64383256823f1332c5) Importer(815301076,1909f56bfc062723c751e8b465ee728b)
Start importing Assets/sprites/Plant Animations/Plant 5/Plant5_00056.png using Guid(e4f6a3840a92fb64383256823f1332c5) Importer(815301076,1909f56bfc062723c751e8b465ee728b) (PreviewImporter) -> (artifact id: '8e1cc461cec856fafa6cdfe3924c0800') in 0.0301584 seconds
Number of updated asset objects reloaded before import = 0Number of asset objects unloaded after import = 3

========================================================================
Received Import Request.
  Time since last request: 0.000013 seconds.
  path: Assets/sprites/Plant Animations/Plant 5/Plant5_00059.png
  artifactKey: Guid(82163f3ece20032409f8ead4f1703787) Importer(815301076,1909f56bfc062723c751e8b465ee728b)
Start importing Assets/sprites/Plant Animations/Plant 5/Plant5_00059.png using Guid(82163f3ece20032409f8ead4f1703787) Importer(815301076,1909f56bfc062723c751e8b465ee728b) (PreviewImporter) -> (artifact id: 'eff529b75c185d67ae6db563d03576e6') in 0.036545 seconds
Number of updated asset objects reloaded before import = 0Number of asset objects unloaded after import = 3

========================================================================
Received Import Request.
  Time since last request: 3.590711 seconds.
  path: Assets/sprites/Plant Animations/Plant 6/Plant6_00050.png
  artifactKey: Guid(f99850db4c928574ebf5ef73920c636f) Importer(815301076,1909f56bfc062723c751e8b465ee728b)
Start importing Assets/sprites/Plant Animations/Plant 6/Plant6_00050.png using Guid(f99850db4c928574ebf5ef73920c636f) Importer(815301076,1909f56bfc062723c751e8b465ee728b) (PreviewImporter) -> (artifact id: '03b93fb1a7c0e94c89af5a7d70e66340') in 0.0226771 seconds
Number of updated asset objects reloaded before import = 0Number of asset objects unloaded after import = 3

========================================================================
Received Import Request.
  Time since last request: 0.000018 seconds.
  path: Assets/sprites/Plant Animations/Plant 6/Plant6_00058.png
  artifactKey: Guid(2ea3e459bce9bc84c998ae7a775d1b05) Importer(815301076,1909f56bfc062723c751e8b465ee728b)
Start importing Assets/sprites/Plant Animations/Plant 6/Plant6_00058.png using Guid(2ea3e459bce9bc84c998ae7a775d1b05) Importer(815301076,1909f56bfc062723c751e8b465ee728b) (PreviewImporter) -> (artifact id: 'cb111b1145e6b86064bcd7200bd339d5') in 0.024829 seconds
Number of updated asset objects reloaded before import = 0Number of asset objects unloaded after import = 3

========================================================================
Received Import Request.
  Time since last request: 3.022309 seconds.
  path: Assets/sprites/Plant Animations/Plant 7/Plant7_00050.png
  artifactKey: Guid(9e50ad4202615c241a43f1e67c2db1f5) Importer(815301076,1909f56bfc062723c751e8b465ee728b)
Start importing Assets/sprites/Plant Animations/Plant 7/Plant7_00050.png using Guid(9e50ad4202615c241a43f1e67c2db1f5) Importer(815301076,1909f56bfc062723c751e8b465ee728b) (PreviewImporter) -> (artifact id: 'f6853b43ff5ecc9feb50ae43795a3b36') in 0.0424796 seconds
Number of updated asset objects reloaded before import = 0Number of asset objects unloaded after import = 3

========================================================================
Received Import Request.
  Time since last request: 0.000019 seconds.
  path: Assets/sprites/Plant Animations/Plant 7/Plant7_00058.png
  artifactKey: Guid(dce3735631cec3a49bb0b6421314db3f) Importer(815301076,1909f56bfc062723c751e8b465ee728b)
Start importing Assets/sprites/Plant Animations/Plant 7/Plant7_00058.png using Guid(dce3735631cec3a49bb0b6421314db3f) Importer(815301076,1909f56bfc062723c751e8b465ee728b) (PreviewImporter) -> (artifact id: '9b8ef741086a23e2d53a4ed161ff12a0') in 0.063429 seconds
Number of updated asset objects reloaded before import = 0Number of asset objects unloaded after import = 3

========================================================================
Received Import Request.
  Time since last request: 0.000026 seconds.
  path: Assets/sprites/Plant Animations/Plant 7/Plant7_00053.png
  artifactKey: Guid(00d0e5c3ae815de4f8bba3f3b24cb974) Importer(815301076,1909f56bfc062723c751e8b465ee728b)
Start importing Assets/sprites/Plant Animations/Plant 7/Plant7_00053.png using Guid(00d0e5c3ae815de4f8bba3f3b24cb974) Importer(815301076,1909f56bfc062723c751e8b465ee728b) (PreviewImporter) -> (artifact id: 'acd230c0c581f5fd83519c4071f60467') in 0.019957 seconds
Number of updated asset objects reloaded before import = 0Number of asset objects unloaded after import = 3

========================================================================
Received Import Request.
  Time since last request: 1491.231246 seconds.
  path: Assets/Tiles/Mossy - FloatingPlatforms_13.asset
  artifactKey: Guid(063e0ef0b2154f640ad49d1112002f67) Importer(2089858483,b0f066a214c2f5e87bad3c948f4d605d)
Start importing Assets/Tiles/Mossy - FloatingPlatforms_13.asset using Guid(063e0ef0b2154f640ad49d1112002f67) Importer(2089858483,b0f066a214c2f5e87bad3c948f4d605d) (ScriptedImporter) -> (artifact id: '748b2c8f570c98f123661add0a2e6727') in 0.127307 seconds
Number of updated asset objects reloaded before import = 0Number of asset objects unloaded after import = 2

========================================================================
Received Import Request.
  Time since last request: 0.000022 seconds.
  path: Assets/Tiles/Mossy - FloatingPlatforms_0.asset
  artifactKey: Guid(c3aebd4a693f81c479a850a0b4f39d7f) Importer(2089858483,b0f066a214c2f5e87bad3c948f4d605d)
Start importing Assets/Tiles/Mossy - FloatingPlatforms_0.asset using Guid(c3aebd4a693f81c479a850a0b4f39d7f) Importer(2089858483,b0f066a214c2f5e87bad3c948f4d605d) (ScriptedImporter) -> (artifact id: 'acd97689669a392c748be89015dc2a6a') in 0.0187565 seconds
Number of updated asset objects reloaded before import = 0Number of asset objects unloaded after import = 2

========================================================================
Received Import Request.
  Time since last request: 0.000028 seconds.
  path: Assets/Tiles/Mossy - FloatingPlatforms_6.asset
  artifactKey: Guid(fea8d19fe445eab48b9f6afbf43c2775) Importer(2089858483,b0f066a214c2f5e87bad3c948f4d605d)
Start importing Assets/Tiles/Mossy - FloatingPlatforms_6.asset using Guid(fea8d19fe445eab48b9f6afbf43c2775) Importer(2089858483,b0f066a214c2f5e87bad3c948f4d605d) (ScriptedImporter) -> (artifact id: '7f3ecea086d2eaf530fc6504023da116') in 0.0163745 seconds
Number of updated asset objects reloaded before import = 0Number of asset objects unloaded after import = 2

========================================================================
Received Import Request.
  Time since last request: 0.000018 seconds.
  path: Assets/Tiles/Mossy - FloatingPlatforms_2.asset
  artifactKey: Guid(cfb566b304cf2f34c8a7d4fd8fbb51e5) Importer(2089858483,b0f066a214c2f5e87bad3c948f4d605d)
Start importing Assets/Tiles/Mossy - FloatingPlatforms_2.asset using Guid(cfb566b304cf2f34c8a7d4fd8fbb51e5) Importer(2089858483,b0f066a214c2f5e87bad3c948f4d605d) (ScriptedImporter) -> (artifact id: '9c20dd0c2739f0e965fdc04d2102c3f2') in 0.0200935 seconds
Number of updated asset objects reloaded before import = 0Number of asset objects unloaded after import = 2

========================================================================
Received Import Request.
  Time since last request: 0.000026 seconds.
  path: Assets/Tiles/Mossy - FloatingPlatforms_3.asset
  artifactKey: Guid(e741f1ef4bf49384b899f6dc01d65c78) Importer(2089858483,b0f066a214c2f5e87bad3c948f4d605d)
Start importing Assets/Tiles/Mossy - FloatingPlatforms_3.asset using Guid(e741f1ef4bf49384b899f6dc01d65c78) Importer(2089858483,b0f066a214c2f5e87bad3c948f4d605d) (ScriptedImporter) -> (artifact id: 'f1058888d29dda43688fc1df75e34f35') in 0.0144281 seconds
Number of updated asset objects reloaded before import = 0Number of asset objects unloaded after import = 2

========================================================================
Received Import Request.
  Time since last request: 0.000018 seconds.
  path: Assets/Tiles/Mossy - FloatingPlatforms_12.asset
  artifactKey: Guid(0f0adb9902022294e90226a5e2bceb93) Importer(2089858483,b0f066a214c2f5e87bad3c948f4d605d)
Start importing Assets/Tiles/Mossy - FloatingPlatforms_12.asset using Guid(0f0adb9902022294e90226a5e2bceb93) Importer(2089858483,b0f066a214c2f5e87bad3c948f4d605d) (ScriptedImporter) -> (artifact id: '48a09ef58442d808bbd07b1d9c457b76') in 0.0154486 seconds
Number of updated asset objects reloaded before import = 0Number of asset objects unloaded after import = 2

========================================================================
Received Import Request.
  Time since last request: 0.000027 seconds.
  path: Assets/Tiles/Mossy - FloatingPlatforms_10.asset
  artifactKey: Guid(b1aa746aa835448468e21b9a144d6bf1) Importer(2089858483,b0f066a214c2f5e87bad3c948f4d605d)
Start importing Assets/Tiles/Mossy - FloatingPlatforms_10.asset using Guid(b1aa746aa835448468e21b9a144d6bf1) Importer(2089858483,b0f066a214c2f5e87bad3c948f4d605d) (ScriptedImporter) -> (artifact id: '2be948ae604566ebe896074efbd4090e') in 0.0147322 seconds
Number of updated asset objects reloaded before import = 0Number of asset objects unloaded after import = 2

========================================================================
Received Import Request.
  Time since last request: 0.000035 seconds.
  path: Assets/Tiles/Mossy - FloatingPlatforms_11.asset
  artifactKey: Guid(e033d57bc0f4cfc418120e9a4137bc6f) Importer(2089858483,b0f066a214c2f5e87bad3c948f4d605d)
Start importing Assets/Tiles/Mossy - FloatingPlatforms_11.asset using Guid(e033d57bc0f4cfc418120e9a4137bc6f) Importer(2089858483,b0f066a214c2f5e87bad3c948f4d605d) (ScriptedImporter) -> (artifact id: '5a67d7e89826bcedba2aa18d28f87706') in 0.0145541 seconds
Number of updated asset objects reloaded before import = 0Number of asset objects unloaded after import = 2

Editor requested this worker to shutdown with reason: Scaling down because of idle timeout
AssetImportWorker is now disconnected from the server
Process exiting
Exiting without the bug reporter. Application will terminate with return code 0