[Licensing::Module] Trying to connect to existing licensing client channel...
Built from '6000.3/respin/6000.3.1f1-f56f53296c2c' branch; Version is '6000.3.1f1 (37142da19a94) revision 3609645'; Using compiler version '194234433'; Build Type 'Release'
OS: 'Windows 11  (10.0.26200) 64bit Professional' Language: 'en' Physical Memory: 16200 MB
[Licensing::IpcConnector] Successfully connected to: "LicenseClient-Huseyn" at "2026-04-17T16:50:56.4575423Z"
BatchMode: 1, IsHumanControllingUs: 0, StartBugReporterOnCrash: 0, Is64bit: 1
Date: 2026-04-17T16:50:56Z

COMMAND LINE ARGUMENTS:
C:\Program Files\Unity\Hub\Editor\6000.3.1f1\Editor\Unity.exe
-adb2
-batchMode
-noUpm
-name
AssetImportWorker8
-projectPath
C:/Users/Huseyn/Desktop/New folder (2)/PlatformGameForLesson
-logFile
Logs/AssetImportWorker8.log
-srvPort
52413
-licensingIpc
LicenseClient-Huseyn
-job-worker-count
7
-background-job-worker-count
8
-gc-helper-count
1
-name
AssetImport
Successfully changed project path to: C:/Users/Huseyn/Desktop/New folder (2)/PlatformGameForLesson
C:/Users/Huseyn/Desktop/New folder (2)/PlatformGameForLesson
[UnityMemory] Configuration Parameters - Can be set up in boot.config
    "memorysetup-temp-allocator-size-nav-mesh-worker=65536"
    "memorysetup-temp-allocator-size-audio-worker=65536"
    "memorysetup-temp-allocator-size-gfx=262144"
    "memorysetup-allocator-temp-initial-block-size-main=262144"
    "memorysetup-allocator-temp-initial-block-size-worker=262144"
    "memorysetup-temp-allocator-size-background-worker=32768"
    "memorysetup-temp-allocator-size-job-worker=262144"
    "memorysetup-temp-allocator-size-preload-manager=33554432"
    "memorysetup-temp-allocator-size-gi-baking-worker=262144"
    "memorysetup-temp-allocator-size-gi-baking-worker=262144"
    "memorysetup-temp-allocator-size-gi-baking-worker=262144"
    "memorysetup-temp-allocator-size-gi-baking-worker=262144"
    "memorysetup-temp-allocator-size-gi-baking-worker=262144"
    "memorysetup-bucket-allocator-granularity=16"
    "memorysetup-bucket-allocator-bucket-count=8"
    "memorysetup-bucket-allocator-block-size=33554432"
    "memorysetup-bucket-allocator-block-count=8"
    "memorysetup-main-allocator-block-size=16777216"
    "memorysetup-thread-allocator-block-size=16777216"
    "memorysetup-gfx-main-allocator-block-size=16777216"
    "memorysetup-gfx-thread-allocator-block-size=16777216"
    "memorysetup-cache-allocator-block-size=4194304"
    "memorysetup-typetree-allocator-block-size=2097152"
    "memorysetup-profiler-bucket-allocator-granularity=16"
    "memorysetup-profiler-bucket-allocator-bucket-count=8"
    "memorysetup-profiler-bucket-allocator-block-size=33554432"
    "memorysetup-profiler-bucket-allocator-block-count=8"
    "memorysetup-profiler-allocator-block-size=16777216"
    "memorysetup-profiler-editor-allocator-block-size=1048576"
    "memorysetup-temp-allocator-size-main=16777216"
    "memorysetup-job-temp-allocator-block-size=2097152"
    "memorysetup-job-temp-allocator-block-size-background=1048576"
    "memorysetup-job-temp-allocator-reduction-small-platforms=262144"
    "memorysetup-temp-allocator-size-cloud-worker=32768"
Player connection [38848]  Target information:

Player connection [38848]  * "[IP] 192.168.56.1 [Port] 0 [Flags] 2 [Guid] 1441491662 [EditorId] 1441491662 [Version] 1048832 [Id] WindowsEditor(7,DESKTOP-P8DN92Q) [Debug] 1 [PackageName] WindowsEditor [ProjectName] Editor" 

Player connection [38848]  * "[IP] 192.168.0.200 [Port] 0 [Flags] 2 [Guid] 1441491662 [EditorId] 1441491662 [Version] 1048832 [Id] WindowsEditor(7,DESKTOP-P8DN92Q) [Debug] 1 [PackageName] WindowsEditor [ProjectName] Editor" 

Player connection [38848] Host joined multi-casting on [225.0.0.222:54997]...
Player connection [38848] Host joined alternative multi-casting on [225.0.0.222:34997]...
JobSystem: Creating JobQueue using job-worker-count value 7
Input System module state changed to: Initialized.
[Physics::Module] Initialized fallback backend.
[Physics::Module] Id: 0xdecafbad
Library Redirect Path: Library/
[Physics::Module] Selected backend.
[Physics::Module] Name: PhysX
[Physics::Module] Id: 0xf2b8ea05
[Physics::Module] SDK Version: 4.1.2
[Physics::Module] Integration Version: 1.0.0
[Physics::Module] Threading Mode: Multi-Threaded
Refreshing native plugins compatible for Editor in 4.40 ms, found 4 plugins.
Preloading 0 native plugins for Editor in 0.00 ms.
Initialize engine version: 6000.3.1f1 (37142da19a94)
[Subsystems] Discovering subsystems at path C:/Program Files/Unity/Hub/Editor/6000.3.1f1/Editor/Data/Resources/UnitySubsystems
[Subsystems] Discovering subsystems at path C:/Users/Huseyn/Desktop/New folder (2)/PlatformGameForLesson/Assets
GfxDevice: creating device client; kGfxThreadingModeNonThreaded
Direct3D:
    Version:  Direct3D 11.0 [level 11.1]
    Renderer: NVIDIA GeForce RTX 3050 Laptop GPU (ID=0x25a2)
    Vendor:   NVIDIA
    VRAM:     3962 MB
    Driver:   32.0.15.9186
Initialize mono
Mono path[0] = 'C:/Program Files/Unity/Hub/Editor/6000.3.1f1/Editor/Data/Managed'
Mono path[1] = 'C:/Program Files/Unity/Hub/Editor/6000.3.1f1/Editor/Data/MonoBleedingEdge/lib/mono/unityjit-win32'
Mono config path = 'C:/Program Files/Unity/Hub/Editor/6000.3.1f1/Editor/Data/MonoBleedingEdge/etc'
Using monoOptions --debugger-agent=transport=dt_socket,embedding=1,server=y,suspend=n,address=127.0.0.1:56020
Begin MonoManager ReloadAssembly
Registering precompiled unity dll's ...
Register platform support module: C:/Program Files/Unity/Hub/Editor/6000.3.1f1/Editor/Data/PlaybackEngines/WebGLSupport/UnityEditor.WebGL.Extensions.dll
Register platform support module: C:/Program Files/Unity/Hub/Editor/6000.3.1f1/Editor/Data/PlaybackEngines/WindowsStandaloneSupport/UnityEditor.WindowsStandalone.Extensions.dll
[Licensing::Module] Licensing is not yet initialized.
[Licensing::Client] Handshaking with LicensingClient:
  Version:                 1.17.4+4293ba1
  Session Id:              ca0fdd47ea454ad7af6f036d06d7b5e2
  Correlation Id:          b6c0715d3a820be36b2f7da351ade35c
  External correlation Id: 3102370861135060209
  Machine Id:              tv/gQBm3jDMfnTwrqsG2ELGBXbM=
[Licensing::Module] Successfully connected to LicensingClient on channel: "LicenseClient-Huseyn" (connect: 0.00s, validation: 0.00s, handshake: 1.04s)
[Licensing::IpcConnector] Successfully connected to: "LicenseClient-Huseyn-notifications" at "2026-04-17T16:50:57.5009065Z"
[Licensing::Module] Licensing Background thread has ended after 1.04s
[Licensing::Module] Licensing is initialized (took 0.16s).
[Licensing::Client] Successfully resolved entitlement details
[Licensing::Module] License group:
  Id: 18966791570336-UnityPersXXXX
  Product: Unity Personal
  Type: Assigned
  Expiration: Unlimited
Register platform support module: C:/Program Files/Unity/Hub/Editor/6000.3.1f1/Editor/Data/PlaybackEngines/AndroidPlayer/UnityEditor.Android.Extensions.dll
Registered in 0.164461 seconds.
- Loaded All Assemblies, in  0.592 seconds
Native extension for Android target not found
Android Extension - Scanning For ADB Devices 220 ms
Native extension for WindowsStandalone target not found
Native extension for WebGL target not found
Mono: successfully reloaded assembly
- Finished resetting the current domain, in  0.667 seconds
Domain Reload Profiling: 1256ms
	BeginReloadAssembly (130ms)
		ExecutionOrderSort (0ms)
		DisableScriptedObjects (0ms)
		BackupInstance (0ms)
		ReleaseScriptingObjects (0ms)
		CreateAndSetChildDomain (1ms)
	RebuildCommonClasses (39ms)
	RebuildNativeTypeToScriptingClass (12ms)
	initialDomainReloadingComplete (214ms)
	LoadAllAssembliesAndSetupDomain (193ms)
		LoadAssemblies (127ms)
		RebuildTransferFunctionScriptingTraits (0ms)
		AnalyzeDomain (190ms)
			TypeCache.Refresh (188ms)
				TypeCache.ScanAssembly (174ms)
			BuildScriptInfoCaches (0ms)
			ResolveRequiredComponents (0ms)
	FinalizeReload (668ms)
		ReleaseScriptCaches (0ms)
		RebuildScriptCaches (0ms)
		SetupLoadedEditorAssemblies (619ms)
			LogAssemblyErrors (0ms)
			InitializePlatformSupportModulesInManaged (307ms)
			SetLoadedEditorAssemblies (5ms)
			BeforeProcessingInitializeOnLoad (90ms)
			ProcessInitializeOnLoadAttributes (147ms)
			ProcessInitializeOnLoadMethodAttributes (70ms)
			AfterProcessingInitializeOnLoad (0ms)
			EditorAssembliesLoaded (0ms)
		ExecutionOrderSort2 (0ms)
		AwakeInstancesAfterBackupRestoration (0ms)
========================================================================
Worker process is ready to serve import requests
Import Worker Mode flag is 0x00
Begin MonoManager ReloadAssembly
[Licensing::Client] Successfully resolved entitlement details
- Loaded All Assemblies, in  0.861 seconds
Refreshing native plugins compatible for Editor in 1.86 ms, found 4 plugins.
Native extension for Android target not found
Native extension for WindowsStandalone target not found
Native extension for WebGL target not found
Package Manager log level set to [2]
[Package Manager] Failed to launch server process. Reason: Unity was launched with the -noUpm command-line argument
[Package Manager] Unable to send message (not connected to server process).
[Package Manager] Cannot connect to Unity Package Manager local server
Mono: successfully reloaded assembly
- Finished resetting the current domain, in  0.828 seconds
Domain Reload Profiling: 1682ms
	BeginReloadAssembly (184ms)
		ExecutionOrderSort (0ms)
		DisableScriptedObjects (6ms)
		BackupInstance (0ms)
		ReleaseScriptingObjects (0ms)
		CreateAndSetChildDomain (37ms)
	RebuildCommonClasses (38ms)
	RebuildNativeTypeToScriptingClass (12ms)
	initialDomainReloadingComplete (51ms)
	LoadAllAssembliesAndSetupDomain (568ms)
		LoadAssemblies (417ms)
		RebuildTransferFunctionScriptingTraits (0ms)
		AnalyzeDomain (251ms)
			TypeCache.Refresh (182ms)
				TypeCache.ScanAssembly (167ms)
			BuildScriptInfoCaches (53ms)
			ResolveRequiredComponents (11ms)
	FinalizeReload (829ms)
		ReleaseScriptCaches (0ms)
		RebuildScriptCaches (0ms)
		SetupLoadedEditorAssemblies (667ms)
			LogAssemblyErrors (0ms)
			InitializePlatformSupportModulesInManaged (12ms)
			SetLoadedEditorAssemblies (5ms)
			BeforeProcessingInitializeOnLoad (148ms)
			ProcessInitializeOnLoadAttributes (366ms)
			ProcessInitializeOnLoadMethodAttributes (127ms)
			AfterProcessingInitializeOnLoad (8ms)
			EditorAssembliesLoaded (0ms)
		ExecutionOrderSort2 (0ms)
		AwakeInstancesAfterBackupRestoration (7ms)
Launched and connected shader compiler UnityShaderCompiler.exe after 0.01 seconds
Refreshing native plugins compatible for Editor in 2.00 ms, found 4 plugins.
Preloading 0 native plugins for Editor in 0.00 ms.
Unloading 16 Unused Serialized files (Serialized files now loaded: 0)
Unloading 6876 unused Assets / (5.5 MB). Loaded Objects now: 7709.
Memory consumption went from 157.3 MB to 151.8 MB.
Total: 11.987300 ms (FindLiveObjects: 0.897900 ms CreateObjectMapping: 1.166600 ms MarkObjects: 6.841500 ms  DeleteObjects: 3.079300 ms)

========================================================================
Received Import Request.
  Time since last request: 17472.422980 seconds.
  path: Assets/New Asssets/Plant Animations/Plant 3/Plant3_00067.png
  artifactKey: Guid(f8595de521fe553419fc5dbe8503fef4) Importer(815301076,1909f56bfc062723c751e8b465ee728b)
Start importing Assets/New Asssets/Plant Animations/Plant 3/Plant3_00067.png using Guid(f8595de521fe553419fc5dbe8503fef4) Importer(815301076,1909f56bfc062723c751e8b465ee728b) (PreviewImporter) -> (artifact id: '269e46ab722399129301f6770d30c639') in 0.098124 seconds
Number of updated asset objects reloaded before import = 0Number of asset objects unloaded after import = 4

========================================================================
Received Import Request.
  Time since last request: 0.201426 seconds.
  path: Assets/New Asssets/Plant Animations/Plant 3/Plant3_00071.png
  artifactKey: Guid(d01d47f1001d5d542b0bc35d40a6f67d) Importer(815301076,1909f56bfc062723c751e8b465ee728b)
Start importing Assets/New Asssets/Plant Animations/Plant 3/Plant3_00071.png using Guid(d01d47f1001d5d542b0bc35d40a6f67d) Importer(815301076,1909f56bfc062723c751e8b465ee728b) (PreviewImporter) -> (artifact id: '60aa0ab0200aab995975424e7fed3364') in 0.0264508 seconds
Number of updated asset objects reloaded before import = 0Number of asset objects unloaded after import = 4

========================================================================
Received Import Request.
  Time since last request: 0.000021 seconds.
  path: Assets/New Asssets/Plant Animations/Plant 3/Plant3_00073.png
  artifactKey: Guid(2981c00c5c2aaa44f8715c26f7efb26b) Importer(815301076,1909f56bfc062723c751e8b465ee728b)
Start importing Assets/New Asssets/Plant Animations/Plant 3/Plant3_00073.png using Guid(2981c00c5c2aaa44f8715c26f7efb26b) Importer(815301076,1909f56bfc062723c751e8b465ee728b) (PreviewImporter) -> (artifact id: 'ececba9b1df0c33ec61ee34a7f8909d1') in 0.0251043 seconds
Number of updated asset objects reloaded before import = 0Number of asset objects unloaded after import = 4

========================================================================
Received Import Request.
  Time since last request: 0.684772 seconds.
  path: Assets/New Asssets/Plant Animations/Plant 3/Plant3_00075.png
  artifactKey: Guid(b612a3982b9f9a64f98b128796164591) Importer(815301076,1909f56bfc062723c751e8b465ee728b)
Start importing Assets/New Asssets/Plant Animations/Plant 3/Plant3_00075.png using Guid(b612a3982b9f9a64f98b128796164591) Importer(815301076,1909f56bfc062723c751e8b465ee728b) (PreviewImporter) -> (artifact id: 'af5acbf37bb3594ae956125d79eb4cc5') in 0.0234714 seconds
Number of updated asset objects reloaded before import = 0Number of asset objects unloaded after import = 4

========================================================================
Received Import Request.
  Time since last request: 0.000020 seconds.
  path: Assets/New Asssets/Plant Animations/Plant 3/Plant3_00077.png
  artifactKey: Guid(8eb94486da655a34ab6e0b1ef4c8843b) Importer(815301076,1909f56bfc062723c751e8b465ee728b)
Start importing Assets/New Asssets/Plant Animations/Plant 3/Plant3_00077.png using Guid(8eb94486da655a34ab6e0b1ef4c8843b) Importer(815301076,1909f56bfc062723c751e8b465ee728b) (PreviewImporter) -> (artifact id: 'beaadba7d5ebb3bc2c09ece65bdfc0ce') in 0.0248688 seconds
Number of updated asset objects reloaded before import = 0Number of asset objects unloaded after import = 4

========================================================================
Received Import Request.
  Time since last request: 0.000024 seconds.
  path: Assets/New Asssets/Plant Animations/Plant 5/Plant5_00019.png
  artifactKey: Guid(842e9f499e4581a4cbcc4a4e3d9313cc) Importer(815301076,1909f56bfc062723c751e8b465ee728b)
Start importing Assets/New Asssets/Plant Animations/Plant 5/Plant5_00019.png using Guid(842e9f499e4581a4cbcc4a4e3d9313cc) Importer(815301076,1909f56bfc062723c751e8b465ee728b) (PreviewImporter) -> (artifact id: '9ab94ece10a18bf4208eb08a234497a4') in 0.0213393 seconds
Number of updated asset objects reloaded before import = 0Number of asset objects unloaded after import = 3

========================================================================
Received Import Request.
  Time since last request: 0.000029 seconds.
  path: Assets/New Asssets/Plant Animations/Plant 7/Plant7_00003.png
  artifactKey: Guid(3b877efe385494a4bb05aef69a1fe87f) Importer(815301076,1909f56bfc062723c751e8b465ee728b)
Start importing Assets/New Asssets/Plant Animations/Plant 7/Plant7_00003.png using Guid(3b877efe385494a4bb05aef69a1fe87f) Importer(815301076,1909f56bfc062723c751e8b465ee728b) (PreviewImporter) -> (artifact id: '13ef1a26944630dc2d3658141296a28c') in 0.0213534 seconds
Number of updated asset objects reloaded before import = 0Number of asset objects unloaded after import = 3

========================================================================
Received Import Request.
  Time since last request: 0.000017 seconds.
  path: Assets/New Asssets/Plant Animations/Plant 5/Plant5_00043.png
  artifactKey: Guid(567abd2b455e75b4bb4b985662228dd2) Importer(815301076,1909f56bfc062723c751e8b465ee728b)
Start importing Assets/New Asssets/Plant Animations/Plant 5/Plant5_00043.png using Guid(567abd2b455e75b4bb4b985662228dd2) Importer(815301076,1909f56bfc062723c751e8b465ee728b) (PreviewImporter) -> (artifact id: '33b61321dee268c0cc6e8bc0010eae10') in 0.0204209 seconds
Number of updated asset objects reloaded before import = 0Number of asset objects unloaded after import = 3

========================================================================
Received Import Request.
  Time since last request: 0.000022 seconds.
  path: Assets/New Asssets/SlimeOrange/SlimeOrange_00001.png
  artifactKey: Guid(2bfd8516c8527b24dae0e57880600700) Importer(815301076,1909f56bfc062723c751e8b465ee728b)
Start importing Assets/New Asssets/SlimeOrange/SlimeOrange_00001.png using Guid(2bfd8516c8527b24dae0e57880600700) Importer(815301076,1909f56bfc062723c751e8b465ee728b) (PreviewImporter) -> (artifact id: '35b0532337542e8d1d7b57a193a70006') in 0.0219492 seconds
Number of updated asset objects reloaded before import = 0Number of asset objects unloaded after import = 3

========================================================================
Received Import Request.
  Time since last request: 0.000018 seconds.
  path: Assets/New Asssets/Plant Animations/Plant 5/Plant5_00002.png
  artifactKey: Guid(c2f55e6ec2dd87245b1172dd93002f60) Importer(815301076,1909f56bfc062723c751e8b465ee728b)
Start importing Assets/New Asssets/Plant Animations/Plant 5/Plant5_00002.png using Guid(c2f55e6ec2dd87245b1172dd93002f60) Importer(815301076,1909f56bfc062723c751e8b465ee728b) (PreviewImporter) -> (artifact id: '43131caf417157c6078102cb22d238b6') in 0.0215775 seconds
Number of updated asset objects reloaded before import = 0Number of asset objects unloaded after import = 3

========================================================================
Received Import Request.
  Time since last request: 0.000029 seconds.
  path: Assets/New Asssets/Plant Animations/Plant 8 Poison/PlantPosion_00017.png
  artifactKey: Guid(1fc6158b1748ead4e8f8990253e38b80) Importer(815301076,1909f56bfc062723c751e8b465ee728b)
Start importing Assets/New Asssets/Plant Animations/Plant 8 Poison/PlantPosion_00017.png using Guid(1fc6158b1748ead4e8f8990253e38b80) Importer(815301076,1909f56bfc062723c751e8b465ee728b) (PreviewImporter) -> (artifact id: '2285de2d1e9fe557de71c74f41d90e67') in 0.0218141 seconds
Number of updated asset objects reloaded before import = 0Number of asset objects unloaded after import = 3

========================================================================
Received Import Request.
  Time since last request: 0.000031 seconds.
  path: Assets/New Asssets/Plant Animations/Plant 5/Plant5_00042.png
  artifactKey: Guid(19e6302a52ccc8e4bbe6ffb53d895779) Importer(815301076,1909f56bfc062723c751e8b465ee728b)
Start importing Assets/New Asssets/Plant Animations/Plant 5/Plant5_00042.png using Guid(19e6302a52ccc8e4bbe6ffb53d895779) Importer(815301076,1909f56bfc062723c751e8b465ee728b) (PreviewImporter) -> (artifact id: 'fd8fa2636c61c2204c06aa3d1fa85ec8') in 0.0234182 seconds
Number of updated asset objects reloaded before import = 0Number of asset objects unloaded after import = 3

========================================================================
Received Import Request.
  Time since last request: 0.000020 seconds.
  path: Assets/New Asssets/Plant Animations/Plant 4/Plant4_00016.png
  artifactKey: Guid(52864114c87c636448feb1ffc002e108) Importer(815301076,1909f56bfc062723c751e8b465ee728b)
Start importing Assets/New Asssets/Plant Animations/Plant 4/Plant4_00016.png using Guid(52864114c87c636448feb1ffc002e108) Importer(815301076,1909f56bfc062723c751e8b465ee728b) (PreviewImporter) -> (artifact id: 'cde30ee1f637b09dfb397d7f0412a4ee') in 0.0196933 seconds
Number of updated asset objects reloaded before import = 0Number of asset objects unloaded after import = 3

========================================================================
Received Import Request.
  Time since last request: 0.000017 seconds.
  path: Assets/New Asssets/Plant Animations/Plant 5/Plant5_00045.png
  artifactKey: Guid(7f7d54488e8368e4a8c0d0fa0f734bd4) Importer(815301076,1909f56bfc062723c751e8b465ee728b)
Start importing Assets/New Asssets/Plant Animations/Plant 5/Plant5_00045.png using Guid(7f7d54488e8368e4a8c0d0fa0f734bd4) Importer(815301076,1909f56bfc062723c751e8b465ee728b) (PreviewImporter) -> (artifact id: '43298cc6f86381334fbe23f36b227698') in 0.024082 seconds
Number of updated asset objects reloaded before import = 0Number of asset objects unloaded after import = 3

========================================================================
Received Import Request.
  Time since last request: 0.000040 seconds.
  path: Assets/New Asssets/Plant Animations/Plant 7/Plant7_00025.png
  artifactKey: Guid(0eb793f26ee1c5547a45145ad91248e6) Importer(815301076,1909f56bfc062723c751e8b465ee728b)
Start importing Assets/New Asssets/Plant Animations/Plant 7/Plant7_00025.png using Guid(0eb793f26ee1c5547a45145ad91248e6) Importer(815301076,1909f56bfc062723c751e8b465ee728b) (PreviewImporter) -> (artifact id: '942569f74d94a85efc35b0184c9d775a') in 0.0203243 seconds
Number of updated asset objects reloaded before import = 0Number of asset objects unloaded after import = 3

========================================================================
Received Import Request.
  Time since last request: 0.000035 seconds.
  path: Assets/New Asssets/Plant Animations/Plant 7/Plant7_00026.png
  artifactKey: Guid(09b88b1d0eb68e54a95761b034321081) Importer(815301076,1909f56bfc062723c751e8b465ee728b)
Start importing Assets/New Asssets/Plant Animations/Plant 7/Plant7_00026.png using Guid(09b88b1d0eb68e54a95761b034321081) Importer(815301076,1909f56bfc062723c751e8b465ee728b) (PreviewImporter) -> (artifact id: '6518ba7b5b24e5b842c691232fb948c6') in 0.0226033 seconds
Number of updated asset objects reloaded before import = 0Number of asset objects unloaded after import = 3

========================================================================
Received Import Request.
  Time since last request: 0.000020 seconds.
  path: Assets/New Asssets/SlimeOrange/SlimeOrange_00008.png
  artifactKey: Guid(746312359353c104092732478667da51) Importer(815301076,1909f56bfc062723c751e8b465ee728b)
Start importing Assets/New Asssets/SlimeOrange/SlimeOrange_00008.png using Guid(746312359353c104092732478667da51) Importer(815301076,1909f56bfc062723c751e8b465ee728b) (PreviewImporter) -> (artifact id: '9dca06915c19f1c8a1e8951d112a3c47') in 0.0263203 seconds
Number of updated asset objects reloaded before import = 0Number of asset objects unloaded after import = 3

========================================================================
Received Import Request.
  Time since last request: 0.000019 seconds.
  path: Assets/New Asssets/Plant Animations/Plant 8 Poison/PlantPosion_00003.png
  artifactKey: Guid(1ca07bb285537e14f9b483681c5b8849) Importer(815301076,1909f56bfc062723c751e8b465ee728b)
Start importing Assets/New Asssets/Plant Animations/Plant 8 Poison/PlantPosion_00003.png using Guid(1ca07bb285537e14f9b483681c5b8849) Importer(815301076,1909f56bfc062723c751e8b465ee728b) (PreviewImporter) -> (artifact id: '1739a75644ab0507d28a28350d07c9be') in 0.0229823 seconds
Number of updated asset objects reloaded before import = 0Number of asset objects unloaded after import = 3

========================================================================
Received Import Request.
  Time since last request: 0.000039 seconds.
  path: Assets/New Asssets/Plant Animations/Plant 5/Plant5_00021.png
  artifactKey: Guid(61f9b0213d147d245bee09e57bdc7931) Importer(815301076,1909f56bfc062723c751e8b465ee728b)
Start importing Assets/New Asssets/Plant Animations/Plant 5/Plant5_00021.png using Guid(61f9b0213d147d245bee09e57bdc7931) Importer(815301076,1909f56bfc062723c751e8b465ee728b) (PreviewImporter) -> (artifact id: '15903cf945db011b7cf12a9edc002602') in 0.022759 seconds
Number of updated asset objects reloaded before import = 0Number of asset objects unloaded after import = 3

========================================================================
Received Import Request.
  Time since last request: 0.000029 seconds.
  path: Assets/New Asssets/Plant Animations/Plant 7/Plant7_00043.png
  artifactKey: Guid(396e1a72146e239468e0b1f715838510) Importer(815301076,1909f56bfc062723c751e8b465ee728b)
Start importing Assets/New Asssets/Plant Animations/Plant 7/Plant7_00043.png using Guid(396e1a72146e239468e0b1f715838510) Importer(815301076,1909f56bfc062723c751e8b465ee728b) (PreviewImporter) -> (artifact id: '364e4e7fb91ad81da9e457a971688952') in 0.0232196 seconds
Number of updated asset objects reloaded before import = 0Number of asset objects unloaded after import = 3

========================================================================
Received Import Request.
  Time since last request: 0.000020 seconds.
  path: Assets/New Asssets/Plant Animations/Plant 6/Plant6_00032.png
  artifactKey: Guid(e83a6a00558b4af40952f4aaf3b04fd8) Importer(815301076,1909f56bfc062723c751e8b465ee728b)
Start importing Assets/New Asssets/Plant Animations/Plant 6/Plant6_00032.png using Guid(e83a6a00558b4af40952f4aaf3b04fd8) Importer(815301076,1909f56bfc062723c751e8b465ee728b) (PreviewImporter) -> (artifact id: '5e4554de534394a54ef769e1485b1970') in 0.0202124 seconds
Number of updated asset objects reloaded before import = 0Number of asset objects unloaded after import = 3

========================================================================
Received Import Request.
  Time since last request: 0.000017 seconds.
  path: Assets/New Asssets/Plant Animations/Plant 5/Plant5_00010.png
  artifactKey: Guid(3474c7a2860a3e443a8aee69ef4ab11e) Importer(815301076,1909f56bfc062723c751e8b465ee728b)
Start importing Assets/New Asssets/Plant Animations/Plant 5/Plant5_00010.png using Guid(3474c7a2860a3e443a8aee69ef4ab11e) Importer(815301076,1909f56bfc062723c751e8b465ee728b) (PreviewImporter) -> (artifact id: '693100d3c90827d7168ceb4a47af9551') in 0.0193707 seconds
Number of updated asset objects reloaded before import = 0Number of asset objects unloaded after import = 3

========================================================================
Received Import Request.
  Time since last request: 0.000030 seconds.
  path: Assets/New Asssets/Plant Animations/Plant 7/Plant7_00019.png
  artifactKey: Guid(1c7049e899c4f7e488a2e17c118c5428) Importer(815301076,1909f56bfc062723c751e8b465ee728b)
Start importing Assets/New Asssets/Plant Animations/Plant 7/Plant7_00019.png using Guid(1c7049e899c4f7e488a2e17c118c5428) Importer(815301076,1909f56bfc062723c751e8b465ee728b) (PreviewImporter) -> (artifact id: 'a2a8e877e73df5aee779c707087a0774') in 0.0196933 seconds
Number of updated asset objects reloaded before import = 0Number of asset objects unloaded after import = 3

========================================================================
Received Import Request.
  Time since last request: 0.000033 seconds.
  path: Assets/New Asssets/Plant Animations/Plant 6/Plant6_00035.png
  artifactKey: Guid(6f538112e517ef24cb0fd2273a06df6c) Importer(815301076,1909f56bfc062723c751e8b465ee728b)
Start importing Assets/New Asssets/Plant Animations/Plant 6/Plant6_00035.png using Guid(6f538112e517ef24cb0fd2273a06df6c) Importer(815301076,1909f56bfc062723c751e8b465ee728b) (PreviewImporter) -> (artifact id: '1b9e54afe0eaee17c08109d826a707cd') in 0.0184582 seconds
Number of updated asset objects reloaded before import = 0Number of asset objects unloaded after import = 3

========================================================================
Received Import Request.
  Time since last request: 0.000017 seconds.
  path: Assets/New Asssets/Plant Animations/Plant 8 Poison/PlantPosion_00015.png
  artifactKey: Guid(ed864675ecb7af24d869693a8bb10195) Importer(815301076,1909f56bfc062723c751e8b465ee728b)
Start importing Assets/New Asssets/Plant Animations/Plant 8 Poison/PlantPosion_00015.png using Guid(ed864675ecb7af24d869693a8bb10195) Importer(815301076,1909f56bfc062723c751e8b465ee728b) (PreviewImporter) -> (artifact id: '883e149d0b88fc10db0db097f11fc473') in 0.0202308 seconds
Number of updated asset objects reloaded before import = 0Number of asset objects unloaded after import = 3

========================================================================
Received Import Request.
  Time since last request: 0.000018 seconds.
  path: Assets/New Asssets/Plant Animations/Plant 7/Plant7_00024.png
  artifactKey: Guid(97ade62f1ba028c438313b64e9893d96) Importer(815301076,1909f56bfc062723c751e8b465ee728b)
Start importing Assets/New Asssets/Plant Animations/Plant 7/Plant7_00024.png using Guid(97ade62f1ba028c438313b64e9893d96) Importer(815301076,1909f56bfc062723c751e8b465ee728b) (PreviewImporter) -> (artifact id: '47503da93a301558b7b3c2be3f1f9e4a') in 0.0196005 seconds
Number of updated asset objects reloaded before import = 0Number of asset objects unloaded after import = 3

========================================================================
Received Import Request.
  Time since last request: 0.000019 seconds.
  path: Assets/New Asssets/Plant Animations/Plant 5/Plant5_00049.png
  artifactKey: Guid(87f01790030f73540b814dfc96764fb5) Importer(815301076,1909f56bfc062723c751e8b465ee728b)
Start importing Assets/New Asssets/Plant Animations/Plant 5/Plant5_00049.png using Guid(87f01790030f73540b814dfc96764fb5) Importer(815301076,1909f56bfc062723c751e8b465ee728b) (PreviewImporter) -> (artifact id: 'a54f243f1b0ca8ab84c23bcfbda00862') in 0.018338 seconds
Number of updated asset objects reloaded before import = 0Number of asset objects unloaded after import = 3

========================================================================
Received Import Request.
  Time since last request: 0.000020 seconds.
  path: Assets/New Asssets/Plant Animations/Plant 7/Plant7_00020.png
  artifactKey: Guid(609478cb89049a34493f6e1de3699153) Importer(815301076,1909f56bfc062723c751e8b465ee728b)
Start importing Assets/New Asssets/Plant Animations/Plant 7/Plant7_00020.png using Guid(609478cb89049a34493f6e1de3699153) Importer(815301076,1909f56bfc062723c751e8b465ee728b) (PreviewImporter) -> (artifact id: '680be5b30b95671efc519257b5a28856') in 0.0194207 seconds
Number of updated asset objects reloaded before import = 0Number of asset objects unloaded after import = 3

========================================================================
Received Import Request.
  Time since last request: 0.000050 seconds.
  path: Assets/New Asssets/SlimeGreen/SlimeBasic_00019.png
  artifactKey: Guid(b5e9028fed2e0e34294bce6442486ae2) Importer(815301076,1909f56bfc062723c751e8b465ee728b)
Start importing Assets/New Asssets/SlimeGreen/SlimeBasic_00019.png using Guid(b5e9028fed2e0e34294bce6442486ae2) Importer(815301076,1909f56bfc062723c751e8b465ee728b) (PreviewImporter) -> (artifact id: '2ad23984462bcfa76fdfeeec02140d0a') in 0.0217743 seconds
Number of updated asset objects reloaded before import = 0Number of asset objects unloaded after import = 3

========================================================================
Received Import Request.
  Time since last request: 0.000017 seconds.
  path: Assets/New Asssets/SlimeGreen/SlimeBasic_00026.png
  artifactKey: Guid(389edf2b5cb15644fb72bd59f0d9a269) Importer(815301076,1909f56bfc062723c751e8b465ee728b)
Start importing Assets/New Asssets/SlimeGreen/SlimeBasic_00026.png using Guid(389edf2b5cb15644fb72bd59f0d9a269) Importer(815301076,1909f56bfc062723c751e8b465ee728b) (PreviewImporter) -> (artifact id: '1217a2fa190ffee2eda8cea8643dc557') in 0.0195758 seconds
Number of updated asset objects reloaded before import = 0Number of asset objects unloaded after import = 3

========================================================================
Received Import Request.
  Time since last request: 0.000021 seconds.
  path: Assets/New Asssets/Plant Animations/Plant 8 Poison/PlantPosion_00001.png
  artifactKey: Guid(9a9d8ff59a757884797acd009a2dca29) Importer(815301076,1909f56bfc062723c751e8b465ee728b)
Start importing Assets/New Asssets/Plant Animations/Plant 8 Poison/PlantPosion_00001.png using Guid(9a9d8ff59a757884797acd009a2dca29) Importer(815301076,1909f56bfc062723c751e8b465ee728b) (PreviewImporter) -> (artifact id: '8684858e0dbb9593649f2b37aec9b775') in 0.020356 seconds
Number of updated asset objects reloaded before import = 0Number of asset objects unloaded after import = 3

========================================================================
Received Import Request.
  Time since last request: 0.000024 seconds.
  path: Assets/New Asssets/SlimeOrange/SlimeOrange_00017.png
  artifactKey: Guid(7bfb84e13c3370041b4e6aca96400d5a) Importer(815301076,1909f56bfc062723c751e8b465ee728b)
Start importing Assets/New Asssets/SlimeOrange/SlimeOrange_00017.png using Guid(7bfb84e13c3370041b4e6aca96400d5a) Importer(815301076,1909f56bfc062723c751e8b465ee728b) (PreviewImporter) -> (artifact id: '6f16afbae725328d7048e45fca2c3be4') in 0.0212337 seconds
Number of updated asset objects reloaded before import = 0Number of asset objects unloaded after import = 3

========================================================================
Received Import Request.
  Time since last request: 0.000028 seconds.
  path: Assets/New Asssets/Plant Animations/Plant 3/Plant3_00089.png
  artifactKey: Guid(9e2699b265269d0428d2cb773a7fa550) Importer(815301076,1909f56bfc062723c751e8b465ee728b)
Start importing Assets/New Asssets/Plant Animations/Plant 3/Plant3_00089.png using Guid(9e2699b265269d0428d2cb773a7fa550) Importer(815301076,1909f56bfc062723c751e8b465ee728b) (PreviewImporter) -> (artifact id: '570c0d288ca8e07aad6e790ae4e1c007') in 0.0228736 seconds
Number of updated asset objects reloaded before import = 0Number of asset objects unloaded after import = 4

========================================================================
Received Import Request.
  Time since last request: 0.000017 seconds.
  path: Assets/New Asssets/Plant Animations/Plant 8 Poison/PlantPosion_00000.png
  artifactKey: Guid(a514b24ed88384a43b9d382c97cac8ae) Importer(815301076,1909f56bfc062723c751e8b465ee728b)
Start importing Assets/New Asssets/Plant Animations/Plant 8 Poison/PlantPosion_00000.png using Guid(a514b24ed88384a43b9d382c97cac8ae) Importer(815301076,1909f56bfc062723c751e8b465ee728b) (PreviewImporter) -> (artifact id: '813561c77fe51640312ffb89f1384491') in 0.0241187 seconds
Number of updated asset objects reloaded before import = 0Number of asset objects unloaded after import = 3

========================================================================
Received Import Request.
  Time since last request: 0.000017 seconds.
  path: Assets/New Asssets/Plant Animations/Plant 4/Plant4_00018.png
  artifactKey: Guid(ae24f77fae0c821418960d86cf4a859e) Importer(815301076,1909f56bfc062723c751e8b465ee728b)
Start importing Assets/New Asssets/Plant Animations/Plant 4/Plant4_00018.png using Guid(ae24f77fae0c821418960d86cf4a859e) Importer(815301076,1909f56bfc062723c751e8b465ee728b) (PreviewImporter) -> (artifact id: 'ac163eb82f8a7df1c771a53d2104d671') in 0.0199046 seconds
Number of updated asset objects reloaded before import = 0Number of asset objects unloaded after import = 3

========================================================================
Received Import Request.
  Time since last request: 0.000021 seconds.
  path: Assets/New Asssets/SlimeOrange/SlimeOrange_00015.png
  artifactKey: Guid(36561ddba28ae7b44932d27f083bc02e) Importer(815301076,1909f56bfc062723c751e8b465ee728b)
Start importing Assets/New Asssets/SlimeOrange/SlimeOrange_00015.png using Guid(36561ddba28ae7b44932d27f083bc02e) Importer(815301076,1909f56bfc062723c751e8b465ee728b) (PreviewImporter) -> (artifact id: 'cb76afdb1fb5e5e18f8ca689f21500e5') in 0.0188162 seconds
Number of updated asset objects reloaded before import = 0Number of asset objects unloaded after import = 3

========================================================================
Received Import Request.
  Time since last request: 0.000030 seconds.
  path: Assets/New Asssets/SlimeOrange/SlimeOrange_00010.png
  artifactKey: Guid(84cd9a359099d41478d7171b982fa3ed) Importer(815301076,1909f56bfc062723c751e8b465ee728b)
Start importing Assets/New Asssets/SlimeOrange/SlimeOrange_00010.png using Guid(84cd9a359099d41478d7171b982fa3ed) Importer(815301076,1909f56bfc062723c751e8b465ee728b) (PreviewImporter) -> (artifact id: 'fc82b4ecc025e535370fcb51f53e8d16') in 0.0211561 seconds
Number of updated asset objects reloaded before import = 0Number of asset objects unloaded after import = 3

========================================================================
Received Import Request.
  Time since last request: 0.000023 seconds.
  path: Assets/New Asssets/Plant Animations/Plant 6/Plant6_00010.png
  artifactKey: Guid(67a9a74890d65dc44a9abbdc7d7b35a3) Importer(815301076,1909f56bfc062723c751e8b465ee728b)
Start importing Assets/New Asssets/Plant Animations/Plant 6/Plant6_00010.png using Guid(67a9a74890d65dc44a9abbdc7d7b35a3) Importer(815301076,1909f56bfc062723c751e8b465ee728b) (PreviewImporter) -> (artifact id: '5fb4ac42e8f0c62af2aa656c0c45eea0') in 0.0204486 seconds
Number of updated asset objects reloaded before import = 0Number of asset objects unloaded after import = 3

========================================================================
Received Import Request.
  Time since last request: 0.000018 seconds.
  path: Assets/New Asssets/Plant Animations/Plant 3/Plant3_00086.png
  artifactKey: Guid(951790697c8ef6b4a8103598bb4593f4) Importer(815301076,1909f56bfc062723c751e8b465ee728b)
Start importing Assets/New Asssets/Plant Animations/Plant 3/Plant3_00086.png using Guid(951790697c8ef6b4a8103598bb4593f4) Importer(815301076,1909f56bfc062723c751e8b465ee728b) (PreviewImporter) -> (artifact id: 'bd7011d35dbf156e6c8cec227b3ea8ee') in 0.0223232 seconds
Number of updated asset objects reloaded before import = 0Number of asset objects unloaded after import = 4

========================================================================
Received Import Request.
  Time since last request: 0.000030 seconds.
  path: Assets/New Asssets/Plant Animations/Plant 7/Plant7_00047.png
  artifactKey: Guid(40dcdc5faed9bb04fb3fcdff94d5d075) Importer(815301076,1909f56bfc062723c751e8b465ee728b)
Start importing Assets/New Asssets/Plant Animations/Plant 7/Plant7_00047.png using Guid(40dcdc5faed9bb04fb3fcdff94d5d075) Importer(815301076,1909f56bfc062723c751e8b465ee728b) (PreviewImporter) -> (artifact id: '580322b925f66ea464876c90d4ad96e4') in 0.0189368 seconds
Number of updated asset objects reloaded before import = 0Number of asset objects unloaded after import = 3

========================================================================
Received Import Request.
  Time since last request: 0.000039 seconds.
  path: Assets/New Asssets/SlimeGreen/SlimeBasic_00014.png
  artifactKey: Guid(5403924e450d16046a11ba6ca000f1eb) Importer(815301076,1909f56bfc062723c751e8b465ee728b)
Start importing Assets/New Asssets/SlimeGreen/SlimeBasic_00014.png using Guid(5403924e450d16046a11ba6ca000f1eb) Importer(815301076,1909f56bfc062723c751e8b465ee728b) (PreviewImporter) -> (artifact id: 'ebadaa4dbfe207bc14b5ea071b3a39b2') in 0.0207477 seconds
Number of updated asset objects reloaded before import = 0Number of asset objects unloaded after import = 3

========================================================================
Received Import Request.
  Time since last request: 0.000017 seconds.
  path: Assets/New Asssets/SlimeGreen/SlimeBasic_00000.png
  artifactKey: Guid(1e98f1b10dd2b2f4990b7009d3ef431f) Importer(815301076,1909f56bfc062723c751e8b465ee728b)
Start importing Assets/New Asssets/SlimeGreen/SlimeBasic_00000.png using Guid(1e98f1b10dd2b2f4990b7009d3ef431f) Importer(815301076,1909f56bfc062723c751e8b465ee728b) (PreviewImporter) -> (artifact id: '1e19f24d92e7b6719e920e3bb6f445b6') in 0.0198966 seconds
Number of updated asset objects reloaded before import = 0Number of asset objects unloaded after import = 3

========================================================================
Received Import Request.
  Time since last request: 0.000017 seconds.
  path: Assets/New Asssets/Plant Animations/Plant 8 Poison/PlantPosion_00006.png
  artifactKey: Guid(091ff62ec7a339b4185161fc635c8921) Importer(815301076,1909f56bfc062723c751e8b465ee728b)
Start importing Assets/New Asssets/Plant Animations/Plant 8 Poison/PlantPosion_00006.png using Guid(091ff62ec7a339b4185161fc635c8921) Importer(815301076,1909f56bfc062723c751e8b465ee728b) (PreviewImporter) -> (artifact id: '9572f1cb8e7c2af84b967554bd3ad4ad') in 0.019837 seconds
Number of updated asset objects reloaded before import = 0Number of asset objects unloaded after import = 3

========================================================================
Received Import Request.
  Time since last request: 0.000015 seconds.
  path: Assets/New Asssets/Plant Animations/Plant 5/Plant5_00050.png
  artifactKey: Guid(00f92e4bb1e1ae647a18d016b8179d32) Importer(815301076,1909f56bfc062723c751e8b465ee728b)
Start importing Assets/New Asssets/Plant Animations/Plant 5/Plant5_00050.png using Guid(00f92e4bb1e1ae647a18d016b8179d32) Importer(815301076,1909f56bfc062723c751e8b465ee728b) (PreviewImporter) -> (artifact id: '5851b3100f69b1f020840e6076fc9261') in 0.0194011 seconds
Number of updated asset objects reloaded before import = 0Number of asset objects unloaded after import = 3

========================================================================
Received Import Request.
  Time since last request: 0.000021 seconds.
  path: Assets/New Asssets/Plant Animations/Plant 8 Poison/PlantPosion_00021.png
  artifactKey: Guid(88d419208c9722f41876f787529cfec6) Importer(815301076,1909f56bfc062723c751e8b465ee728b)
Start importing Assets/New Asssets/Plant Animations/Plant 8 Poison/PlantPosion_00021.png using Guid(88d419208c9722f41876f787529cfec6) Importer(815301076,1909f56bfc062723c751e8b465ee728b) (PreviewImporter) -> (artifact id: 'd14ed4ea32b9cba9dbdaf0eab9370627') in 0.0220723 seconds
Number of updated asset objects reloaded before import = 0Number of asset objects unloaded after import = 3

========================================================================
Received Import Request.
  Time since last request: 0.000030 seconds.
  path: Assets/New Asssets/Plant Animations/Plant 7/Plant7_00023.png
  artifactKey: Guid(df68be2fa08911448858eb33e8a3baa7) Importer(815301076,1909f56bfc062723c751e8b465ee728b)
Start importing Assets/New Asssets/Plant Animations/Plant 7/Plant7_00023.png using Guid(df68be2fa08911448858eb33e8a3baa7) Importer(815301076,1909f56bfc062723c751e8b465ee728b) (PreviewImporter) -> (artifact id: '4f00d0bc739c702431a3377b934429dc') in 0.0201043 seconds
Number of updated asset objects reloaded before import = 0Number of asset objects unloaded after import = 3

========================================================================
Received Import Request.
  Time since last request: 0.000022 seconds.
  path: Assets/New Asssets/Plant Animations/Plant 7/Plant7_00006.png
  artifactKey: Guid(9d48d508fbbb8d74c8a268be623ce30f) Importer(815301076,1909f56bfc062723c751e8b465ee728b)
Start importing Assets/New Asssets/Plant Animations/Plant 7/Plant7_00006.png using Guid(9d48d508fbbb8d74c8a268be623ce30f) Importer(815301076,1909f56bfc062723c751e8b465ee728b) (PreviewImporter) -> (artifact id: 'f21f0cd200b30be47e012b27d8516b83') in 0.0191213 seconds
Number of updated asset objects reloaded before import = 0Number of asset objects unloaded after import = 3

========================================================================
Received Import Request.
  Time since last request: 0.000025 seconds.
  path: Assets/New Asssets/SlimeGreen/SlimeBasic_00028.png
  artifactKey: Guid(5dd976fbc2572e8499a643cf9a409a51) Importer(815301076,1909f56bfc062723c751e8b465ee728b)
Start importing Assets/New Asssets/SlimeGreen/SlimeBasic_00028.png using Guid(5dd976fbc2572e8499a643cf9a409a51) Importer(815301076,1909f56bfc062723c751e8b465ee728b) (PreviewImporter) -> (artifact id: 'b8ef47f3efdde0426bb2255bf321bec9') in 0.0210692 seconds
Number of updated asset objects reloaded before import = 0Number of asset objects unloaded after import = 3

========================================================================
Received Import Request.
  Time since last request: 0.000025 seconds.
  path: Assets/New Asssets/SlimeGreen/SlimeBasic_00016.png
  artifactKey: Guid(bec7c3892d202bb449e5182714d7200c) Importer(815301076,1909f56bfc062723c751e8b465ee728b)
Start importing Assets/New Asssets/SlimeGreen/SlimeBasic_00016.png using Guid(bec7c3892d202bb449e5182714d7200c) Importer(815301076,1909f56bfc062723c751e8b465ee728b) (PreviewImporter) -> (artifact id: '4dc5916fb624e3cee24655aa8c15ab76') in 0.0186023 seconds
Number of updated asset objects reloaded before import = 0Number of asset objects unloaded after import = 3

========================================================================
Received Import Request.
  Time since last request: 0.000023 seconds.
  path: Assets/New Asssets/SlimeOrange/SlimeOrange_00006.png
  artifactKey: Guid(0525ed08a907dda42a372430bf71678f) Importer(815301076,1909f56bfc062723c751e8b465ee728b)
Start importing Assets/New Asssets/SlimeOrange/SlimeOrange_00006.png using Guid(0525ed08a907dda42a372430bf71678f) Importer(815301076,1909f56bfc062723c751e8b465ee728b) (PreviewImporter) -> (artifact id: '723adc80dd5c6bd977bed2314ea435e4') in 0.0199138 seconds
Number of updated asset objects reloaded before import = 0Number of asset objects unloaded after import = 3

========================================================================
Received Import Request.
  Time since last request: 0.000027 seconds.
  path: Assets/New Asssets/Plant Animations/Plant 8 Poison/PlantPosion_00027.png
  artifactKey: Guid(0bf1c758e69456b40a427ba443a70ee5) Importer(815301076,1909f56bfc062723c751e8b465ee728b)
Start importing Assets/New Asssets/Plant Animations/Plant 8 Poison/PlantPosion_00027.png using Guid(0bf1c758e69456b40a427ba443a70ee5) Importer(815301076,1909f56bfc062723c751e8b465ee728b) (PreviewImporter) -> (artifact id: 'f5eccea79335a78107aed5b776995f46') in 0.019103 seconds
Number of updated asset objects reloaded before import = 0Number of asset objects unloaded after import = 3

========================================================================
Received Import Request.
  Time since last request: 0.000018 seconds.
  path: Assets/New Asssets/Plant Animations/Plant 8 Poison/PlantPosion_00023.png
  artifactKey: Guid(b53b51541e228b44f9a7dc05336f199f) Importer(815301076,1909f56bfc062723c751e8b465ee728b)
Start importing Assets/New Asssets/Plant Animations/Plant 8 Poison/PlantPosion_00023.png using Guid(b53b51541e228b44f9a7dc05336f199f) Importer(815301076,1909f56bfc062723c751e8b465ee728b) (PreviewImporter) -> (artifact id: '09519db59daa9387b9bdb5c9df2d5055') in 0.0198313 seconds
Number of updated asset objects reloaded before import = 0Number of asset objects unloaded after import = 3

========================================================================
Received Import Request.
  Time since last request: 0.000022 seconds.
  path: Assets/New Asssets/Plant Animations/Plant 8 Poison/PlantPosion_00009.png
  artifactKey: Guid(0cb454e96e2a03b458c7d532f6a3be35) Importer(815301076,1909f56bfc062723c751e8b465ee728b)
Start importing Assets/New Asssets/Plant Animations/Plant 8 Poison/PlantPosion_00009.png using Guid(0cb454e96e2a03b458c7d532f6a3be35) Importer(815301076,1909f56bfc062723c751e8b465ee728b) (PreviewImporter) -> (artifact id: '3d2f73b206f55e08088f936e025f738a') in 0.0194651 seconds
Number of updated asset objects reloaded before import = 0Number of asset objects unloaded after import = 3

========================================================================
Received Import Request.
  Time since last request: 0.000018 seconds.
  path: Assets/New Asssets/Plant Animations/Plant 8 Poison/PlantPosion_00013.png
  artifactKey: Guid(ca567bf22b8f3c3469c671b49546d43c) Importer(815301076,1909f56bfc062723c751e8b465ee728b)
Start importing Assets/New Asssets/Plant Animations/Plant 8 Poison/PlantPosion_00013.png using Guid(ca567bf22b8f3c3469c671b49546d43c) Importer(815301076,1909f56bfc062723c751e8b465ee728b) (PreviewImporter) -> (artifact id: '23b60aca72f080c1233370ba4b4f554a') in 0.0201137 seconds
Number of updated asset objects reloaded before import = 0Number of asset objects unloaded after import = 3

========================================================================
Received Import Request.
  Time since last request: 0.000023 seconds.
  path: Assets/New Asssets/Plant Animations/Plant 7/Plant7_00027.png
  artifactKey: Guid(050e0de53281cbe4fa12c270c2bb38a9) Importer(815301076,1909f56bfc062723c751e8b465ee728b)
Start importing Assets/New Asssets/Plant Animations/Plant 7/Plant7_00027.png using Guid(050e0de53281cbe4fa12c270c2bb38a9) Importer(815301076,1909f56bfc062723c751e8b465ee728b) (PreviewImporter) -> (artifact id: '95b930834ae93e8c7f090cb109e5327e') in 0.0197458 seconds
Number of updated asset objects reloaded before import = 0Number of asset objects unloaded after import = 3

========================================================================
Received Import Request.
  Time since last request: 0.000035 seconds.
  path: Assets/New Asssets/Plant Animations/Plant 7/Plant7_00028.png
  artifactKey: Guid(833320ab13894d14babff6e7db6d12e2) Importer(815301076,1909f56bfc062723c751e8b465ee728b)
Start importing Assets/New Asssets/Plant Animations/Plant 7/Plant7_00028.png using Guid(833320ab13894d14babff6e7db6d12e2) Importer(815301076,1909f56bfc062723c751e8b465ee728b) (PreviewImporter) -> (artifact id: 'c4f6dd35b9f14cd3ff4f175e7b45a457') in 0.019894 seconds
Number of updated asset objects reloaded before import = 0Number of asset objects unloaded after import = 3

========================================================================
Received Import Request.
  Time since last request: 0.000018 seconds.
  path: Assets/New Asssets/Plant Animations/Plant 7/Plant7_00051.png
  artifactKey: Guid(8e91923eb6b5f2147a344521839821ed) Importer(815301076,1909f56bfc062723c751e8b465ee728b)
Start importing Assets/New Asssets/Plant Animations/Plant 7/Plant7_00051.png using Guid(8e91923eb6b5f2147a344521839821ed) Importer(815301076,1909f56bfc062723c751e8b465ee728b) (PreviewImporter) -> (artifact id: 'af7a71edb64260dfe87fb0bd267bf1e7') in 0.0178499 seconds
Number of updated asset objects reloaded before import = 0Number of asset objects unloaded after import = 3

========================================================================
Received Import Request.
  Time since last request: 0.000018 seconds.
  path: Assets/New Asssets/Plant Animations/Plant 6/Plant6_00048.png
  artifactKey: Guid(7a3dfac9bc2757e42bfb29f2abb8d8f1) Importer(815301076,1909f56bfc062723c751e8b465ee728b)
Start importing Assets/New Asssets/Plant Animations/Plant 6/Plant6_00048.png using Guid(7a3dfac9bc2757e42bfb29f2abb8d8f1) Importer(815301076,1909f56bfc062723c751e8b465ee728b) (PreviewImporter) -> (artifact id: '139d0b7693ae6f0394e0fabd4b4c6779') in 0.0186014 seconds
Number of updated asset objects reloaded before import = 0Number of asset objects unloaded after import = 3

========================================================================
Received Import Request.
  Time since last request: 0.000021 seconds.
  path: Assets/New Asssets/Plant Animations/Plant 6/Plant6_00047.png
  artifactKey: Guid(f7a4953e2168f0148bce2bd5ba6694f1) Importer(815301076,1909f56bfc062723c751e8b465ee728b)
Start importing Assets/New Asssets/Plant Animations/Plant 6/Plant6_00047.png using Guid(f7a4953e2168f0148bce2bd5ba6694f1) Importer(815301076,1909f56bfc062723c751e8b465ee728b) (PreviewImporter) -> (artifact id: '1e38eebed8ace2895c54125c504105fe') in 0.0183515 seconds
Number of updated asset objects reloaded before import = 0Number of asset objects unloaded after import = 3

========================================================================
Received Import Request.
  Time since last request: 0.000024 seconds.
  path: Assets/New Asssets/Plant Animations/Plant 7/Plant7_00000.png
  artifactKey: Guid(bc2d6a827a4afe2429c258abe7b00fdf) Importer(815301076,1909f56bfc062723c751e8b465ee728b)
Start importing Assets/New Asssets/Plant Animations/Plant 7/Plant7_00000.png using Guid(bc2d6a827a4afe2429c258abe7b00fdf) Importer(815301076,1909f56bfc062723c751e8b465ee728b) (PreviewImporter) -> (artifact id: 'e6cf45ff76b5f55731ca902666112fc9') in 0.0192144 seconds
Number of updated asset objects reloaded before import = 0Number of asset objects unloaded after import = 3

========================================================================
Received Import Request.
  Time since last request: 0.000043 seconds.
  path: Assets/New Asssets/Plant Animations/Plant 6/Plant6_00043.png
  artifactKey: Guid(be726262f862a2841bd60436b6845e8e) Importer(815301076,1909f56bfc062723c751e8b465ee728b)
Start importing Assets/New Asssets/Plant Animations/Plant 6/Plant6_00043.png using Guid(be726262f862a2841bd60436b6845e8e) Importer(815301076,1909f56bfc062723c751e8b465ee728b) (PreviewImporter) -> (artifact id: '0df5a785033ef21c67dff5ee8d735d92') in 0.0188045 seconds
Number of updated asset objects reloaded before import = 0Number of asset objects unloaded after import = 3

========================================================================
Received Import Request.
  Time since last request: 0.000018 seconds.
  path: Assets/New Asssets/Plant Animations/Plant 7/Plant7_00056.png
  artifactKey: Guid(0ebc1bb2504d07c48ab32331403a0f76) Importer(815301076,1909f56bfc062723c751e8b465ee728b)
Start importing Assets/New Asssets/Plant Animations/Plant 7/Plant7_00056.png using Guid(0ebc1bb2504d07c48ab32331403a0f76) Importer(815301076,1909f56bfc062723c751e8b465ee728b) (PreviewImporter) -> (artifact id: 'aea7a23c1766a73cff728375c3b5e186') in 0.0171748 seconds
Number of updated asset objects reloaded before import = 0Number of asset objects unloaded after import = 3

========================================================================
Received Import Request.
  Time since last request: 0.000025 seconds.
  path: Assets/New Asssets/Plant Animations/Plant 7/Plant7_00033.png
  artifactKey: Guid(757bbd7d756724b44bfa2c3df0e19953) Importer(815301076,1909f56bfc062723c751e8b465ee728b)
Start importing Assets/New Asssets/Plant Animations/Plant 7/Plant7_00033.png using Guid(757bbd7d756724b44bfa2c3df0e19953) Importer(815301076,1909f56bfc062723c751e8b465ee728b) (PreviewImporter) -> (artifact id: '64c41069d078b61900759d75f173c33d') in 0.0188341 seconds
Number of updated asset objects reloaded before import = 0Number of asset objects unloaded after import = 3

========================================================================
Received Import Request.
  Time since last request: 0.000022 seconds.
  path: Assets/New Asssets/Plant Animations/Plant 7/Plant7_00036.png
  artifactKey: Guid(8324cca579ccae5479069652c1a87928) Importer(815301076,1909f56bfc062723c751e8b465ee728b)
Start importing Assets/New Asssets/Plant Animations/Plant 7/Plant7_00036.png using Guid(8324cca579ccae5479069652c1a87928) Importer(815301076,1909f56bfc062723c751e8b465ee728b) (PreviewImporter) -> (artifact id: 'f1b1605fb0ecf28be2af155858e5c85d') in 0.0193685 seconds
Number of updated asset objects reloaded before import = 0Number of asset objects unloaded after import = 3

========================================================================
Received Import Request.
  Time since last request: 0.000021 seconds.
  path: Assets/New Asssets/Plant Animations/Plant 6/Plant6_00015.png
  artifactKey: Guid(77fa6e4d4f1f13043bfa45cdd9cecbfa) Importer(815301076,1909f56bfc062723c751e8b465ee728b)
Start importing Assets/New Asssets/Plant Animations/Plant 6/Plant6_00015.png using Guid(77fa6e4d4f1f13043bfa45cdd9cecbfa) Importer(815301076,1909f56bfc062723c751e8b465ee728b) (PreviewImporter) -> (artifact id: '410ea7d0115d732e1f343c17179f95d5') in 0.017012 seconds
Number of updated asset objects reloaded before import = 0Number of asset objects unloaded after import = 3

========================================================================
Received Import Request.
  Time since last request: 0.000028 seconds.
  path: Assets/New Asssets/Plant Animations/Plant 6/Plant6_00016.png
  artifactKey: Guid(7ea4f3e724fdb1643b277cf3bf4f828a) Importer(815301076,1909f56bfc062723c751e8b465ee728b)
Start importing Assets/New Asssets/Plant Animations/Plant 6/Plant6_00016.png using Guid(7ea4f3e724fdb1643b277cf3bf4f828a) Importer(815301076,1909f56bfc062723c751e8b465ee728b) (PreviewImporter) -> (artifact id: '51a4b35061834e21a4a854659ae6ecbd') in 0.0195449 seconds
Number of updated asset objects reloaded before import = 0Number of asset objects unloaded after import = 3

========================================================================
Received Import Request.
  Time since last request: 0.000023 seconds.
  path: Assets/New Asssets/SlimeGreen/SlimeBasic_00023.png
  artifactKey: Guid(09eae8a2928caa044ab1130d3f2bac3b) Importer(815301076,1909f56bfc062723c751e8b465ee728b)
Start importing Assets/New Asssets/SlimeGreen/SlimeBasic_00023.png using Guid(09eae8a2928caa044ab1130d3f2bac3b) Importer(815301076,1909f56bfc062723c751e8b465ee728b) (PreviewImporter) -> (artifact id: '6138a80a82c0a75a18dc78e88c243cfa') in 0.0222872 seconds
Number of updated asset objects reloaded before import = 0Number of asset objects unloaded after import = 3

========================================================================
Received Import Request.
  Time since last request: 0.000024 seconds.
  path: Assets/New Asssets/Plant Animations/Plant 6/Plant6_00003.png
  artifactKey: Guid(c4b19e16762ecaa4ba0f293cca46e65c) Importer(815301076,1909f56bfc062723c751e8b465ee728b)
Start importing Assets/New Asssets/Plant Animations/Plant 6/Plant6_00003.png using Guid(c4b19e16762ecaa4ba0f293cca46e65c) Importer(815301076,1909f56bfc062723c751e8b465ee728b) (PreviewImporter) -> (artifact id: 'b35154d374003762ca2247965d2df42b') in 0.0175146 seconds
Number of updated asset objects reloaded before import = 0Number of asset objects unloaded after import = 3

========================================================================
Received Import Request.
  Time since last request: 0.000020 seconds.
  path: Assets/New Asssets/Plant Animations/Plant 5/Plant5_00038.png
  artifactKey: Guid(cf93fc6b1c5cacb41aa9ecd56922e018) Importer(815301076,1909f56bfc062723c751e8b465ee728b)
Start importing Assets/New Asssets/Plant Animations/Plant 5/Plant5_00038.png using Guid(cf93fc6b1c5cacb41aa9ecd56922e018) Importer(815301076,1909f56bfc062723c751e8b465ee728b) (PreviewImporter) -> (artifact id: '503f7aff3ce040b6b8e843f9bda8acce') in 0.0213887 seconds
Number of updated asset objects reloaded before import = 0Number of asset objects unloaded after import = 3

========================================================================
Received Import Request.
  Time since last request: 0.000029 seconds.
  path: Assets/New Asssets/Plant Animations/Plant 5/Plant5_00040.png
  artifactKey: Guid(95c1d952b977beb45a3d533203bdc259) Importer(815301076,1909f56bfc062723c751e8b465ee728b)
Start importing Assets/New Asssets/Plant Animations/Plant 5/Plant5_00040.png using Guid(95c1d952b977beb45a3d533203bdc259) Importer(815301076,1909f56bfc062723c751e8b465ee728b) (PreviewImporter) -> (artifact id: '73c5f76e3ec3ffe3287dbe05bbbabb40') in 0.0213311 seconds
Number of updated asset objects reloaded before import = 0Number of asset objects unloaded after import = 3

========================================================================
Received Import Request.
  Time since last request: 0.000019 seconds.
  path: Assets/New Asssets/Plant Animations/Plant 5/Plant5_00032.png
  artifactKey: Guid(2ac25b915b60a77429e8c3003a677788) Importer(815301076,1909f56bfc062723c751e8b465ee728b)
Start importing Assets/New Asssets/Plant Animations/Plant 5/Plant5_00032.png using Guid(2ac25b915b60a77429e8c3003a677788) Importer(815301076,1909f56bfc062723c751e8b465ee728b) (PreviewImporter) -> (artifact id: 'ce99d8739416cff02ed3546d387e75fc') in 0.0195102 seconds
Number of updated asset objects reloaded before import = 0Number of asset objects unloaded after import = 3

========================================================================
Received Import Request.
  Time since last request: 0.000020 seconds.
  path: Assets/New Asssets/Plant Animations/Plant 7/Plant7_00039.png
  artifactKey: Guid(fec87c1f27d3f61418f9d2e083b58c1c) Importer(815301076,1909f56bfc062723c751e8b465ee728b)
Start importing Assets/New Asssets/Plant Animations/Plant 7/Plant7_00039.png using Guid(fec87c1f27d3f61418f9d2e083b58c1c) Importer(815301076,1909f56bfc062723c751e8b465ee728b) (PreviewImporter) -> (artifact id: '6a9bd2985dcb8449ca35a696c07e7dea') in 0.0191567 seconds
Number of updated asset objects reloaded before import = 0Number of asset objects unloaded after import = 3

========================================================================
Received Import Request.
  Time since last request: 0.000019 seconds.
  path: Assets/New Asssets/Plant Animations/Plant 5/Plant5_00046.png
  artifactKey: Guid(45f5a03954b75ac408adaf4d1a7a6f91) Importer(815301076,1909f56bfc062723c751e8b465ee728b)
Start importing Assets/New Asssets/Plant Animations/Plant 5/Plant5_00046.png using Guid(45f5a03954b75ac408adaf4d1a7a6f91) Importer(815301076,1909f56bfc062723c751e8b465ee728b) (PreviewImporter) -> (artifact id: '97ea36fc4b8811bfc203a1969196d70d') in 0.0185197 seconds
Number of updated asset objects reloaded before import = 0Number of asset objects unloaded after import = 3

========================================================================
Received Import Request.
  Time since last request: 0.000030 seconds.
  path: Assets/New Asssets/Plant Animations/Plant 4/Plant4_00015.png
  artifactKey: Guid(1f7c8f4de4884a24ca713d35567aa55b) Importer(815301076,1909f56bfc062723c751e8b465ee728b)
Start importing Assets/New Asssets/Plant Animations/Plant 4/Plant4_00015.png using Guid(1f7c8f4de4884a24ca713d35567aa55b) Importer(815301076,1909f56bfc062723c751e8b465ee728b) (PreviewImporter) -> (artifact id: '9c3de2ed25b427b44ddca7ea300b64f1') in 0.0186217 seconds
Number of updated asset objects reloaded before import = 0Number of asset objects unloaded after import = 3

========================================================================
Received Import Request.
  Time since last request: 0.000032 seconds.
  path: Assets/New Asssets/Plant Animations/Plant 7/Plant7_00035.png
  artifactKey: Guid(165c792c73cc68747be808e630eb31fa) Importer(815301076,1909f56bfc062723c751e8b465ee728b)
Start importing Assets/New Asssets/Plant Animations/Plant 7/Plant7_00035.png using Guid(165c792c73cc68747be808e630eb31fa) Importer(815301076,1909f56bfc062723c751e8b465ee728b) (PreviewImporter) -> (artifact id: '118646791befac624ac77dbae41566e8') in 0.0186104 seconds
Number of updated asset objects reloaded before import = 0Number of asset objects unloaded after import = 3

========================================================================
Received Import Request.
  Time since last request: 0.000017 seconds.
  path: Assets/New Asssets/Plant Animations/Plant 6/Plant6_00006.png
  artifactKey: Guid(fff1537c67a3e4b449da379844abf70f) Importer(815301076,1909f56bfc062723c751e8b465ee728b)
Start importing Assets/New Asssets/Plant Animations/Plant 6/Plant6_00006.png using Guid(fff1537c67a3e4b449da379844abf70f) Importer(815301076,1909f56bfc062723c751e8b465ee728b) (PreviewImporter) -> (artifact id: 'bd8a8936eab7a2336ddd6cd210972777') in 0.0190871 seconds
Number of updated asset objects reloaded before import = 0Number of asset objects unloaded after import = 3

========================================================================
Received Import Request.
  Time since last request: 0.000020 seconds.
  path: Assets/New Asssets/Plant Animations/Plant 5/Plant5_00036.png
  artifactKey: Guid(5444cb118adc76c4b86f606aeae9ad75) Importer(815301076,1909f56bfc062723c751e8b465ee728b)
Start importing Assets/New Asssets/Plant Animations/Plant 5/Plant5_00036.png using Guid(5444cb118adc76c4b86f606aeae9ad75) Importer(815301076,1909f56bfc062723c751e8b465ee728b) (PreviewImporter) -> (artifact id: 'b7f02cae573fe991aa821d3fb9ba4e18') in 0.0176965 seconds
Number of updated asset objects reloaded before import = 0Number of asset objects unloaded after import = 3

========================================================================
Received Import Request.
  Time since last request: 0.000017 seconds.
  path: Assets/New Asssets/SlimeGreen/SlimeBasic_00015.png
  artifactKey: Guid(3102ece76ea82f44eb18918f484cd42b) Importer(815301076,1909f56bfc062723c751e8b465ee728b)
Start importing Assets/New Asssets/SlimeGreen/SlimeBasic_00015.png using Guid(3102ece76ea82f44eb18918f484cd42b) Importer(815301076,1909f56bfc062723c751e8b465ee728b) (PreviewImporter) -> (artifact id: '8667d0d39842ce6f01907c3b96f532e9') in 0.0195917 seconds
Number of updated asset objects reloaded before import = 0Number of asset objects unloaded after import = 3

========================================================================
Received Import Request.
  Time since last request: 0.000023 seconds.
  path: Assets/New Asssets/Plant Animations/Plant 4/Plant4_00054.png
  artifactKey: Guid(18ecea7391b265e41959182d1639e9d3) Importer(815301076,1909f56bfc062723c751e8b465ee728b)
Start importing Assets/New Asssets/Plant Animations/Plant 4/Plant4_00054.png using Guid(18ecea7391b265e41959182d1639e9d3) Importer(815301076,1909f56bfc062723c751e8b465ee728b) (PreviewImporter) -> (artifact id: 'cdb1b6bb9550ae86fbd821142f191ad3') in 0.0213172 seconds
Number of updated asset objects reloaded before import = 0Number of asset objects unloaded after import = 3

========================================================================
Received Import Request.
  Time since last request: 0.000031 seconds.
  path: Assets/New Asssets/Plant Animations/Plant 4/Plant4_00052.png
  artifactKey: Guid(b30a3ef991b09b74c8216ea88da7be70) Importer(815301076,1909f56bfc062723c751e8b465ee728b)
Start importing Assets/New Asssets/Plant Animations/Plant 4/Plant4_00052.png using Guid(b30a3ef991b09b74c8216ea88da7be70) Importer(815301076,1909f56bfc062723c751e8b465ee728b) (PreviewImporter) -> (artifact id: '8230092a2ca8adc7a30ef9e6b060f0b1') in 0.0229844 seconds
Number of updated asset objects reloaded before import = 0Number of asset objects unloaded after import = 3

========================================================================
Received Import Request.
  Time since last request: 0.000024 seconds.
  path: Assets/New Asssets/Plant Animations/Plant 4/Plant4_00037.png
  artifactKey: Guid(928132c199eb1414d8b3f4bfaed16f7c) Importer(815301076,1909f56bfc062723c751e8b465ee728b)
Start importing Assets/New Asssets/Plant Animations/Plant 4/Plant4_00037.png using Guid(928132c199eb1414d8b3f4bfaed16f7c) Importer(815301076,1909f56bfc062723c751e8b465ee728b) (PreviewImporter) -> (artifact id: '0e1d5141559d3008a6b5c4b31642a79c') in 0.0193521 seconds
Number of updated asset objects reloaded before import = 0Number of asset objects unloaded after import = 3

========================================================================
Received Import Request.
  Time since last request: 0.000020 seconds.
  path: Assets/New Asssets/Plant Animations/Plant 4/Plant4_00036.png
  artifactKey: Guid(cfee0a38e0609a6479ef2bcce26d3352) Importer(815301076,1909f56bfc062723c751e8b465ee728b)
Start importing Assets/New Asssets/Plant Animations/Plant 4/Plant4_00036.png using Guid(cfee0a38e0609a6479ef2bcce26d3352) Importer(815301076,1909f56bfc062723c751e8b465ee728b) (PreviewImporter) -> (artifact id: 'd3a0afc5ce4639b3876c25130f0f904c') in 0.019586 seconds
Number of updated asset objects reloaded before import = 0Number of asset objects unloaded after import = 3

========================================================================
Received Import Request.
  Time since last request: 0.000021 seconds.
  path: Assets/New Asssets/Plant Animations/Plant 4/Plant4_00034.png
  artifactKey: Guid(647970ed93033f84bbbe76a14bde5b2e) Importer(815301076,1909f56bfc062723c751e8b465ee728b)
Start importing Assets/New Asssets/Plant Animations/Plant 4/Plant4_00034.png using Guid(647970ed93033f84bbbe76a14bde5b2e) Importer(815301076,1909f56bfc062723c751e8b465ee728b) (PreviewImporter) -> (artifact id: '73ea5e4320c2179151cb227672e64225') in 0.0203441 seconds
Number of updated asset objects reloaded before import = 0Number of asset objects unloaded after import = 3

========================================================================
Received Import Request.
  Time since last request: 0.000021 seconds.
  path: Assets/New Asssets/Plant Animations/Plant 4/Plant4_00007.png
  artifactKey: Guid(fdceb0b798a13534d9eba228dc943179) Importer(815301076,1909f56bfc062723c751e8b465ee728b)
Start importing Assets/New Asssets/Plant Animations/Plant 4/Plant4_00007.png using Guid(fdceb0b798a13534d9eba228dc943179) Importer(815301076,1909f56bfc062723c751e8b465ee728b) (PreviewImporter) -> (artifact id: '97212998530166d64ce7686ab6667e05') in 0.0208251 seconds
Number of updated asset objects reloaded before import = 0Number of asset objects unloaded after import = 3

========================================================================
Received Import Request.
  Time since last request: 0.000028 seconds.
  path: Assets/New Asssets/Plant Animations/Plant 4/Plant4_00009.png
  artifactKey: Guid(d0a3bd963e2fa4d45b8a215f11cf0250) Importer(815301076,1909f56bfc062723c751e8b465ee728b)
Start importing Assets/New Asssets/Plant Animations/Plant 4/Plant4_00009.png using Guid(d0a3bd963e2fa4d45b8a215f11cf0250) Importer(815301076,1909f56bfc062723c751e8b465ee728b) (PreviewImporter) -> (artifact id: '5a32b03e68524871b74496b85668d2a4') in 0.0190158 seconds
Number of updated asset objects reloaded before import = 0Number of asset objects unloaded after import = 3

========================================================================
Received Import Request.
  Time since last request: 0.000026 seconds.
  path: Assets/New Asssets/Plant Animations/Plant 6/Plant6_00007.png
  artifactKey: Guid(ef38dabb7181187419dc0957167d07a3) Importer(815301076,1909f56bfc062723c751e8b465ee728b)
Start importing Assets/New Asssets/Plant Animations/Plant 6/Plant6_00007.png using Guid(ef38dabb7181187419dc0957167d07a3) Importer(815301076,1909f56bfc062723c751e8b465ee728b) (PreviewImporter) -> (artifact id: '31432db176d62997e2a686af4fa12b8e') in 0.0242253 seconds
Number of updated asset objects reloaded before import = 0Number of asset objects unloaded after import = 3

========================================================================
Received Import Request.
  Time since last request: 0.000022 seconds.
  path: Assets/New Asssets/Plant Animations/Plant 4/Plant4_00012.png
  artifactKey: Guid(1e94d8f40e9819345833a11bf48cadce) Importer(815301076,1909f56bfc062723c751e8b465ee728b)
Start importing Assets/New Asssets/Plant Animations/Plant 4/Plant4_00012.png using Guid(1e94d8f40e9819345833a11bf48cadce) Importer(815301076,1909f56bfc062723c751e8b465ee728b) (PreviewImporter) -> (artifact id: '6b725d0e2052b7a079a72781d355a9e8') in 0.0238379 seconds
Number of updated asset objects reloaded before import = 0Number of asset objects unloaded after import = 3

========================================================================
Received Import Request.
  Time since last request: 0.000034 seconds.
  path: Assets/New Asssets/Plant Animations/Plant 8 Poison/PlantPosion_00012.png
  artifactKey: Guid(72017df166b41d043a4054ada601538c) Importer(815301076,1909f56bfc062723c751e8b465ee728b)
Start importing Assets/New Asssets/Plant Animations/Plant 8 Poison/PlantPosion_00012.png using Guid(72017df166b41d043a4054ada601538c) Importer(815301076,1909f56bfc062723c751e8b465ee728b) (PreviewImporter) -> (artifact id: '9b8bd52c0c12055fca5fab4be35902c0') in 0.0200802 seconds
Number of updated asset objects reloaded before import = 0Number of asset objects unloaded after import = 3

========================================================================
Received Import Request.
  Time since last request: 0.000033 seconds.
  path: Assets/New Asssets/Plant Animations/Plant 5/Plant5_00039.png
  artifactKey: Guid(396c2820428a8d247b3c86734279238d) Importer(815301076,1909f56bfc062723c751e8b465ee728b)
Start importing Assets/New Asssets/Plant Animations/Plant 5/Plant5_00039.png using Guid(396c2820428a8d247b3c86734279238d) Importer(815301076,1909f56bfc062723c751e8b465ee728b) (PreviewImporter) -> (artifact id: 'b430a3b271e565c5a61d0bf62f99d6db') in 0.0238881 seconds
Number of updated asset objects reloaded before import = 0Number of asset objects unloaded after import = 3

========================================================================
Received Import Request.
  Time since last request: 0.000021 seconds.
  path: Assets/New Asssets/Plant Animations/Plant 3/Plant3_00029.png
  artifactKey: Guid(ce1c5d592e042744d8104538565c0fb3) Importer(815301076,1909f56bfc062723c751e8b465ee728b)
Start importing Assets/New Asssets/Plant Animations/Plant 3/Plant3_00029.png using Guid(ce1c5d592e042744d8104538565c0fb3) Importer(815301076,1909f56bfc062723c751e8b465ee728b) (PreviewImporter) -> (artifact id: '632628e4f5398fd2d44124b0d1e2597b') in 0.0242098 seconds
Number of updated asset objects reloaded before import = 0Number of asset objects unloaded after import = 4

========================================================================
Received Import Request.
  Time since last request: 0.000020 seconds.
  path: Assets/New Asssets/Plant Animations/Plant 3/Plant3_00026.png
  artifactKey: Guid(4d54a228efd276e43bd849ed0b56355b) Importer(815301076,1909f56bfc062723c751e8b465ee728b)
Start importing Assets/New Asssets/Plant Animations/Plant 3/Plant3_00026.png using Guid(4d54a228efd276e43bd849ed0b56355b) Importer(815301076,1909f56bfc062723c751e8b465ee728b) (PreviewImporter) -> (artifact id: '68affd7eea6a1690df1a35f72cccf16a') in 0.0242136 seconds
Number of updated asset objects reloaded before import = 0Number of asset objects unloaded after import = 4

========================================================================
Received Import Request.
  Time since last request: 0.000028 seconds.
  path: Assets/New Asssets/Plant Animations/Plant 3/Plant3_00013.png
  artifactKey: Guid(5dd0d0844397b23449eaeed8ca5dd62b) Importer(815301076,1909f56bfc062723c751e8b465ee728b)
Start importing Assets/New Asssets/Plant Animations/Plant 3/Plant3_00013.png using Guid(5dd0d0844397b23449eaeed8ca5dd62b) Importer(815301076,1909f56bfc062723c751e8b465ee728b) (PreviewImporter) -> (artifact id: 'd9f6b3f41cf6d3df8425a1f5c69d7661') in 0.0229786 seconds
Number of updated asset objects reloaded before import = 0Number of asset objects unloaded after import = 4

========================================================================
Received Import Request.
  Time since last request: 0.000028 seconds.
  path: Assets/New Asssets/Plant Animations/Plant 3/Plant3_00015.png
  artifactKey: Guid(469ec47c7ccc57447bb793ebd0a442c7) Importer(815301076,1909f56bfc062723c751e8b465ee728b)
Start importing Assets/New Asssets/Plant Animations/Plant 3/Plant3_00015.png using Guid(469ec47c7ccc57447bb793ebd0a442c7) Importer(815301076,1909f56bfc062723c751e8b465ee728b) (PreviewImporter) -> (artifact id: '3ab3ba4ad2a29431e9bc1bad2f9d6967') in 0.0218802 seconds
Number of updated asset objects reloaded before import = 0Number of asset objects unloaded after import = 4

========================================================================
Received Import Request.
  Time since last request: 0.000025 seconds.
  path: Assets/New Asssets/Plant Animations/Plant 3/Plant3_00010.png
  artifactKey: Guid(713472ea255ddc641a71cbe651a1026e) Importer(815301076,1909f56bfc062723c751e8b465ee728b)
Start importing Assets/New Asssets/Plant Animations/Plant 3/Plant3_00010.png using Guid(713472ea255ddc641a71cbe651a1026e) Importer(815301076,1909f56bfc062723c751e8b465ee728b) (PreviewImporter) -> (artifact id: '1925ab367a32c716813c344f056bef10') in 0.0255064 seconds
Number of updated asset objects reloaded before import = 0Number of asset objects unloaded after import = 4

========================================================================
Received Import Request.
  Time since last request: 0.000017 seconds.
  path: Assets/New Asssets/Plant Animations/Plant 3/Plant3_00006.png
  artifactKey: Guid(7d4ea635095763e4f9102d3536d6cb98) Importer(815301076,1909f56bfc062723c751e8b465ee728b)
Start importing Assets/New Asssets/Plant Animations/Plant 3/Plant3_00006.png using Guid(7d4ea635095763e4f9102d3536d6cb98) Importer(815301076,1909f56bfc062723c751e8b465ee728b) (PreviewImporter) -> (artifact id: '01bb4fd2b715a188c846128ac33896c3') in 0.0284938 seconds
Number of updated asset objects reloaded before import = 0Number of asset objects unloaded after import = 4

========================================================================
Received Import Request.
  Time since last request: 0.000021 seconds.
  path: Assets/New Asssets/Plant Animations/Plant 2/Plant2_00089.png
  artifactKey: Guid(edaba6f316bd5064887e98a9d77cef7b) Importer(815301076,1909f56bfc062723c751e8b465ee728b)
Start importing Assets/New Asssets/Plant Animations/Plant 2/Plant2_00089.png using Guid(edaba6f316bd5064887e98a9d77cef7b) Importer(815301076,1909f56bfc062723c751e8b465ee728b) (PreviewImporter) -> (artifact id: '614eac1c8217200bd850b0e459f0e5bb') in 0.0255961 seconds
Number of updated asset objects reloaded before import = 0Number of asset objects unloaded after import = 5

========================================================================
Received Import Request.
  Time since last request: 0.000029 seconds.
  path: Assets/New Asssets/Plant Animations/Plant 2/Plant2_00088.png
  artifactKey: Guid(fba297be5ddf73f45a74c77e01db1816) Importer(815301076,1909f56bfc062723c751e8b465ee728b)
Start importing Assets/New Asssets/Plant Animations/Plant 2/Plant2_00088.png using Guid(fba297be5ddf73f45a74c77e01db1816) Importer(815301076,1909f56bfc062723c751e8b465ee728b) (PreviewImporter) -> (artifact id: '54e47ad7ab7106eccbdfe56425bf4e65') in 0.0253215 seconds
Number of updated asset objects reloaded before import = 0Number of asset objects unloaded after import = 5

========================================================================
Received Import Request.
  Time since last request: 0.000017 seconds.
  path: Assets/New Asssets/Plant Animations/Plant 6/Plant6_00039.png
  artifactKey: Guid(3dddfd7bbaad6014284cb9628cb2603b) Importer(815301076,1909f56bfc062723c751e8b465ee728b)
Start importing Assets/New Asssets/Plant Animations/Plant 6/Plant6_00039.png using Guid(3dddfd7bbaad6014284cb9628cb2603b) Importer(815301076,1909f56bfc062723c751e8b465ee728b) (PreviewImporter) -> (artifact id: '087a45a2ed82689cfbe2f8097ca67c93') in 0.0192261 seconds
Number of updated asset objects reloaded before import = 0Number of asset objects unloaded after import = 3

========================================================================
Received Import Request.
  Time since last request: 0.000018 seconds.
  path: Assets/New Asssets/Plant Animations/Plant 7/Plant7_00052.png
  artifactKey: Guid(1ddf910abf840f241ac25e3b8333a8d2) Importer(815301076,1909f56bfc062723c751e8b465ee728b)
Start importing Assets/New Asssets/Plant Animations/Plant 7/Plant7_00052.png using Guid(1ddf910abf840f241ac25e3b8333a8d2) Importer(815301076,1909f56bfc062723c751e8b465ee728b) (PreviewImporter) -> (artifact id: 'ff9dcb69937868b5b248494d931712eb') in 0.018327 seconds
Number of updated asset objects reloaded before import = 0Number of asset objects unloaded after import = 3

========================================================================
Received Import Request.
  Time since last request: 0.000019 seconds.
  path: Assets/New Asssets/SlimeOrange/SlimeOrange_00013.png
  artifactKey: Guid(ffc5136fd50e20a4d82b964957f8a450) Importer(815301076,1909f56bfc062723c751e8b465ee728b)
Start importing Assets/New Asssets/SlimeOrange/SlimeOrange_00013.png using Guid(ffc5136fd50e20a4d82b964957f8a450) Importer(815301076,1909f56bfc062723c751e8b465ee728b) (PreviewImporter) -> (artifact id: '87add989e8840eec474ea2f77395f24a') in 0.0229793 seconds
Number of updated asset objects reloaded before import = 0Number of asset objects unloaded after import = 3

========================================================================
Received Import Request.
  Time since last request: 0.000020 seconds.
  path: Assets/New Asssets/SlimeOrange/SlimeOrange_00025.png
  artifactKey: Guid(6d8d2281cbe2cab408cdd9be93b3bfc6) Importer(815301076,1909f56bfc062723c751e8b465ee728b)
Start importing Assets/New Asssets/SlimeOrange/SlimeOrange_00025.png using Guid(6d8d2281cbe2cab408cdd9be93b3bfc6) Importer(815301076,1909f56bfc062723c751e8b465ee728b) (PreviewImporter) -> (artifact id: '6552d6dbbf52622717297cb9c564cf01') in 0.0176809 seconds
Number of updated asset objects reloaded before import = 0Number of asset objects unloaded after import = 3

========================================================================
Received Import Request.
  Time since last request: 0.000028 seconds.
  path: Assets/New Asssets/Plant Animations/Plant 6/Plant6_00031.png
  artifactKey: Guid(8b479bad8f5a33c479dab3c90c91b23c) Importer(815301076,1909f56bfc062723c751e8b465ee728b)
Start importing Assets/New Asssets/Plant Animations/Plant 6/Plant6_00031.png using Guid(8b479bad8f5a33c479dab3c90c91b23c) Importer(815301076,1909f56bfc062723c751e8b465ee728b) (PreviewImporter) -> (artifact id: '556377f1c0b7c07908715e4c7a92a687') in 0.0189749 seconds
Number of updated asset objects reloaded before import = 0Number of asset objects unloaded after import = 3

========================================================================
Received Import Request.
  Time since last request: 0.000023 seconds.
  path: Assets/New Asssets/Plant Animations/Plant 5/Plant5_00035.png
  artifactKey: Guid(af0cedd4f8b466849914847a6bb1b1b3) Importer(815301076,1909f56bfc062723c751e8b465ee728b)
Start importing Assets/New Asssets/Plant Animations/Plant 5/Plant5_00035.png using Guid(af0cedd4f8b466849914847a6bb1b1b3) Importer(815301076,1909f56bfc062723c751e8b465ee728b) (PreviewImporter) -> (artifact id: '8e8d85e15540bfa58edfc5165e030604') in 0.0214685 seconds
Number of updated asset objects reloaded before import = 0Number of asset objects unloaded after import = 3

========================================================================
Received Import Request.
  Time since last request: 0.000023 seconds.
  path: Assets/New Asssets/Plant Animations/Plant 7/Plant7_00048.png
  artifactKey: Guid(16d53c4a2269f7d43a40b83c824ce954) Importer(815301076,1909f56bfc062723c751e8b465ee728b)
Start importing Assets/New Asssets/Plant Animations/Plant 7/Plant7_00048.png using Guid(16d53c4a2269f7d43a40b83c824ce954) Importer(815301076,1909f56bfc062723c751e8b465ee728b) (PreviewImporter) -> (artifact id: 'ec76e362270ae2ec7a2d80033301b2eb') in 0.0184882 seconds
Number of updated asset objects reloaded before import = 0Number of asset objects unloaded after import = 3

========================================================================
Received Import Request.
  Time since last request: 0.000019 seconds.
  path: Assets/New Asssets/Plant Animations/Plant 6/Plant6_00045.png
  artifactKey: Guid(7aaaf7efa725c1c429068876226ececb) Importer(815301076,1909f56bfc062723c751e8b465ee728b)
Start importing Assets/New Asssets/Plant Animations/Plant 6/Plant6_00045.png using Guid(7aaaf7efa725c1c429068876226ececb) Importer(815301076,1909f56bfc062723c751e8b465ee728b) (PreviewImporter) -> (artifact id: '1cbc412d76228ac3305ecaf25e5a5342') in 0.0190716 seconds
Number of updated asset objects reloaded before import = 0Number of asset objects unloaded after import = 3

========================================================================
Received Import Request.
  Time since last request: 0.000027 seconds.
  path: Assets/New Asssets/Plant Animations/Plant 3/Plant3_00004.png
  artifactKey: Guid(81395c5b92498374caef573035edeeeb) Importer(815301076,1909f56bfc062723c751e8b465ee728b)
Start importing Assets/New Asssets/Plant Animations/Plant 3/Plant3_00004.png using Guid(81395c5b92498374caef573035edeeeb) Importer(815301076,1909f56bfc062723c751e8b465ee728b) (PreviewImporter) -> (artifact id: '07c3b9a08ab4606285a3441030e90bea') in 0.022673 seconds
Number of updated asset objects reloaded before import = 0Number of asset objects unloaded after import = 4

========================================================================
Received Import Request.
  Time since last request: 0.000035 seconds.
  path: Assets/New Asssets/Plant Animations/Plant 5/Plant5_00008.png
  artifactKey: Guid(f0d65dbe10050814e8c25a182fab5318) Importer(815301076,1909f56bfc062723c751e8b465ee728b)
Start importing Assets/New Asssets/Plant Animations/Plant 5/Plant5_00008.png using Guid(f0d65dbe10050814e8c25a182fab5318) Importer(815301076,1909f56bfc062723c751e8b465ee728b) (PreviewImporter) -> (artifact id: '24e0567f4e615d22881a3e35b2bb4ed6') in 0.018825 seconds
Number of updated asset objects reloaded before import = 0Number of asset objects unloaded after import = 3

========================================================================
Received Import Request.
  Time since last request: 0.000016 seconds.
  path: Assets/New Asssets/Plant Animations/Plant 2/Plant2_00083.png
  artifactKey: Guid(34a8c9693689d7147981e6c48808e5d8) Importer(815301076,1909f56bfc062723c751e8b465ee728b)
Start importing Assets/New Asssets/Plant Animations/Plant 2/Plant2_00083.png using Guid(34a8c9693689d7147981e6c48808e5d8) Importer(815301076,1909f56bfc062723c751e8b465ee728b) (PreviewImporter) -> (artifact id: '1dbcaa234da638ab6a7cba823be4e15b') in 0.02562 seconds
Number of updated asset objects reloaded before import = 0Number of asset objects unloaded after import = 5

========================================================================
Received Import Request.
  Time since last request: 0.000022 seconds.
  path: Assets/New Asssets/Plant Animations/Plant 2/Plant2_00078.png
  artifactKey: Guid(097413d7fa4cac540a5cbc923b9369f5) Importer(815301076,1909f56bfc062723c751e8b465ee728b)
Start importing Assets/New Asssets/Plant Animations/Plant 2/Plant2_00078.png using Guid(097413d7fa4cac540a5cbc923b9369f5) Importer(815301076,1909f56bfc062723c751e8b465ee728b) (PreviewImporter) -> (artifact id: '7802cedef151401f84f4b6c4edf9fe8d') in 0.0273985 seconds
Number of updated asset objects reloaded before import = 0Number of asset objects unloaded after import = 5

========================================================================
Received Import Request.
  Time since last request: 0.000023 seconds.
  path: Assets/New Asssets/Plant Animations/Plant 2/Plant2_00079.png
  artifactKey: Guid(7e72295ac62bbda42b4ff66e701a3f7f) Importer(815301076,1909f56bfc062723c751e8b465ee728b)
Start importing Assets/New Asssets/Plant Animations/Plant 2/Plant2_00079.png using Guid(7e72295ac62bbda42b4ff66e701a3f7f) Importer(815301076,1909f56bfc062723c751e8b465ee728b) (PreviewImporter) -> (artifact id: '0ae9ac8bcd9c1a2a2ad819d11c760259') in 0.0266164 seconds
Number of updated asset objects reloaded before import = 0Number of asset objects unloaded after import = 5

========================================================================
Received Import Request.
  Time since last request: 0.000027 seconds.
  path: Assets/New Asssets/Plant Animations/Plant 2/Plant2_00075.png
  artifactKey: Guid(528865334ea896b42a101bcb0468e7ab) Importer(815301076,1909f56bfc062723c751e8b465ee728b)
Start importing Assets/New Asssets/Plant Animations/Plant 2/Plant2_00075.png using Guid(528865334ea896b42a101bcb0468e7ab) Importer(815301076,1909f56bfc062723c751e8b465ee728b) (PreviewImporter) -> (artifact id: '437248b32f848de491f7a3bd6a1a5f58') in 0.0235879 seconds
Number of updated asset objects reloaded before import = 0Number of asset objects unloaded after import = 5

========================================================================
Received Import Request.
  Time since last request: 0.000020 seconds.
  path: Assets/New Asssets/Plant Animations/Plant 3/Plant3_00031.png
  artifactKey: Guid(fd71e43f0b36b5e4b8c23fb4bdfbcd43) Importer(815301076,1909f56bfc062723c751e8b465ee728b)
Start importing Assets/New Asssets/Plant Animations/Plant 3/Plant3_00031.png using Guid(fd71e43f0b36b5e4b8c23fb4bdfbcd43) Importer(815301076,1909f56bfc062723c751e8b465ee728b) (PreviewImporter) -> (artifact id: '605044cde7cae8172213a3c206da80ed') in 0.0229002 seconds
Number of updated asset objects reloaded before import = 0Number of asset objects unloaded after import = 4

========================================================================
Received Import Request.
  Time since last request: 0.000018 seconds.
  path: Assets/New Asssets/Plant Animations/Plant 4/Plant4_00050.png
  artifactKey: Guid(2fc0161a4874ba449a0ff4051181e743) Importer(815301076,1909f56bfc062723c751e8b465ee728b)
Start importing Assets/New Asssets/Plant Animations/Plant 4/Plant4_00050.png using Guid(2fc0161a4874ba449a0ff4051181e743) Importer(815301076,1909f56bfc062723c751e8b465ee728b) (PreviewImporter) -> (artifact id: '422db2e7c761630d070def6f1c2e48a3') in 0.0198224 seconds
Number of updated asset objects reloaded before import = 0Number of asset objects unloaded after import = 3

========================================================================
Received Import Request.
  Time since last request: 0.000024 seconds.
  path: Assets/New Asssets/Plant Animations/Plant 4/Plant4_00001.png
  artifactKey: Guid(689e5d21c55c9b24eb29d52606cbf3bd) Importer(815301076,1909f56bfc062723c751e8b465ee728b)
Start importing Assets/New Asssets/Plant Animations/Plant 4/Plant4_00001.png using Guid(689e5d21c55c9b24eb29d52606cbf3bd) Importer(815301076,1909f56bfc062723c751e8b465ee728b) (PreviewImporter) -> (artifact id: 'cb2c89e81c7f92d86deec3c4bdbd30a0') in 0.0195557 seconds
Number of updated asset objects reloaded before import = 0Number of asset objects unloaded after import = 3

========================================================================
Received Import Request.
  Time since last request: 0.000038 seconds.
  path: Assets/New Asssets/Plant Animations/Plant 6/Plant6_00017.png
  artifactKey: Guid(a2b6f4269e303174380e2b20b49b5853) Importer(815301076,1909f56bfc062723c751e8b465ee728b)
Start importing Assets/New Asssets/Plant Animations/Plant 6/Plant6_00017.png using Guid(a2b6f4269e303174380e2b20b49b5853) Importer(815301076,1909f56bfc062723c751e8b465ee728b) (PreviewImporter) -> (artifact id: '5364622d5f43bd877c011e18088d0f09') in 0.0191412 seconds
Number of updated asset objects reloaded before import = 0Number of asset objects unloaded after import = 3

========================================================================
Received Import Request.
  Time since last request: 0.000017 seconds.
  path: Assets/New Asssets/Plant Animations/Plant 2/Plant2_00066.png
  artifactKey: Guid(67821866759b47842878b5b571861c54) Importer(815301076,1909f56bfc062723c751e8b465ee728b)
Start importing Assets/New Asssets/Plant Animations/Plant 2/Plant2_00066.png using Guid(67821866759b47842878b5b571861c54) Importer(815301076,1909f56bfc062723c751e8b465ee728b) (PreviewImporter) -> (artifact id: 'f0ebc154a7ee4af083a0dd0b0575ee3d') in 0.0254109 seconds
Number of updated asset objects reloaded before import = 0Number of asset objects unloaded after import = 5

========================================================================
Received Import Request.
  Time since last request: 0.000018 seconds.
  path: Assets/New Asssets/Plant Animations/Plant 2/Plant2_00057.png
  artifactKey: Guid(e89aedab983c4274eb2a3f014d2c4fda) Importer(815301076,1909f56bfc062723c751e8b465ee728b)
Start importing Assets/New Asssets/Plant Animations/Plant 2/Plant2_00057.png using Guid(e89aedab983c4274eb2a3f014d2c4fda) Importer(815301076,1909f56bfc062723c751e8b465ee728b) (PreviewImporter) -> (artifact id: '929c112dec05bd5ce8cf15901c9063dd') in 0.0225684 seconds
Number of updated asset objects reloaded before import = 0Number of asset objects unloaded after import = 5

========================================================================
Received Import Request.
  Time since last request: 0.000027 seconds.
  path: Assets/New Asssets/Plant Animations/Plant 2/Plant2_00056.png
  artifactKey: Guid(8f3217eb49c7d444590901bce79fc9f7) Importer(815301076,1909f56bfc062723c751e8b465ee728b)
Start importing Assets/New Asssets/Plant Animations/Plant 2/Plant2_00056.png using Guid(8f3217eb49c7d444590901bce79fc9f7) Importer(815301076,1909f56bfc062723c751e8b465ee728b) (PreviewImporter) -> (artifact id: 'd1ff6166f12360592f579d9355f05c37') in 0.0239464 seconds
Number of updated asset objects reloaded before import = 0Number of asset objects unloaded after import = 5

========================================================================
Received Import Request.
  Time since last request: 0.000031 seconds.
  path: Assets/New Asssets/Plant Animations/Plant 2/Plant2_00051.png
  artifactKey: Guid(1d259a56b8a8b8c4294154466fc79c68) Importer(815301076,1909f56bfc062723c751e8b465ee728b)
Start importing Assets/New Asssets/Plant Animations/Plant 2/Plant2_00051.png using Guid(1d259a56b8a8b8c4294154466fc79c68) Importer(815301076,1909f56bfc062723c751e8b465ee728b) (PreviewImporter) -> (artifact id: '20272cdab253f288f75a991f64883049') in 0.0304871 seconds
Number of updated asset objects reloaded before import = 0Number of asset objects unloaded after import = 5

========================================================================
Received Import Request.
  Time since last request: 0.000017 seconds.
  path: Assets/New Asssets/Plant Animations/Plant 2/Plant2_00049.png
  artifactKey: Guid(c15e54f3939498c47afb2893d9246a17) Importer(815301076,1909f56bfc062723c751e8b465ee728b)
Start importing Assets/New Asssets/Plant Animations/Plant 2/Plant2_00049.png using Guid(c15e54f3939498c47afb2893d9246a17) Importer(815301076,1909f56bfc062723c751e8b465ee728b) (PreviewImporter) -> (artifact id: 'c763d17634647087526bb622c2ada667') in 0.0277958 seconds
Number of updated asset objects reloaded before import = 0Number of asset objects unloaded after import = 5

========================================================================
Received Import Request.
  Time since last request: 0.000029 seconds.
  path: Assets/New Asssets/Plant Animations/Plant 2/Plant2_00047.png
  artifactKey: Guid(f6667b8fa8fba5340872fbb3fb05bc8d) Importer(815301076,1909f56bfc062723c751e8b465ee728b)
Start importing Assets/New Asssets/Plant Animations/Plant 2/Plant2_00047.png using Guid(f6667b8fa8fba5340872fbb3fb05bc8d) Importer(815301076,1909f56bfc062723c751e8b465ee728b) (PreviewImporter) -> (artifact id: '97d22b71cc2b5a478e545dc86fb8e20a') in 0.0249742 seconds
Number of updated asset objects reloaded before import = 0Number of asset objects unloaded after import = 5

========================================================================
Received Import Request.
  Time since last request: 0.394608 seconds.
  path: Assets/New Asssets/Plant Animations/Plant 2/Plant2_00041.png
  artifactKey: Guid(e560abec9ed733a498469c4bb67c1d3c) Importer(815301076,1909f56bfc062723c751e8b465ee728b)
Start importing Assets/New Asssets/Plant Animations/Plant 2/Plant2_00041.png using Guid(e560abec9ed733a498469c4bb67c1d3c) Importer(815301076,1909f56bfc062723c751e8b465ee728b) (PreviewImporter) -> (artifact id: 'bbb51c3106980d284e98a9128a33f79d') in 0.0254063 seconds
Number of updated asset objects reloaded before import = 0Number of asset objects unloaded after import = 5

========================================================================
Received Import Request.
  Time since last request: 0.000023 seconds.
  path: Assets/New Asssets/Plant Animations/Plant 2/Plant2_00036.png
  artifactKey: Guid(aa27f148b3a280748a8ee44f5183ab69) Importer(815301076,1909f56bfc062723c751e8b465ee728b)
Start importing Assets/New Asssets/Plant Animations/Plant 2/Plant2_00036.png using Guid(aa27f148b3a280748a8ee44f5183ab69) Importer(815301076,1909f56bfc062723c751e8b465ee728b) (PreviewImporter) -> (artifact id: '7e088370bbb3ed2bb85c51767120ed8f') in 0.025697 seconds
Number of updated asset objects reloaded before import = 0Number of asset objects unloaded after import = 5

========================================================================
Received Import Request.
  Time since last request: 0.000030 seconds.
  path: Assets/New Asssets/Plant Animations/Plant 2/Plant2_00034.png
  artifactKey: Guid(c3ccdd5309c77c44fbf77c363100e3aa) Importer(815301076,1909f56bfc062723c751e8b465ee728b)
Start importing Assets/New Asssets/Plant Animations/Plant 2/Plant2_00034.png using Guid(c3ccdd5309c77c44fbf77c363100e3aa) Importer(815301076,1909f56bfc062723c751e8b465ee728b) (PreviewImporter) -> (artifact id: '1fc7f6269ccadb744d33f71549c4ff3f') in 0.02655 seconds
Number of updated asset objects reloaded before import = 0Number of asset objects unloaded after import = 5

========================================================================
Received Import Request.
  Time since last request: 0.000017 seconds.
  path: Assets/New Asssets/Plant Animations/Plant 2/Plant2_00032.png
  artifactKey: Guid(aec5d9c7ed833164b941b5ec0c7e57d3) Importer(815301076,1909f56bfc062723c751e8b465ee728b)
Start importing Assets/New Asssets/Plant Animations/Plant 2/Plant2_00032.png using Guid(aec5d9c7ed833164b941b5ec0c7e57d3) Importer(815301076,1909f56bfc062723c751e8b465ee728b) (PreviewImporter) -> (artifact id: 'fddca89c880c0b5b7f31044afd68b2f7') in 0.0245282 seconds
Number of updated asset objects reloaded before import = 0Number of asset objects unloaded after import = 5

========================================================================
Received Import Request.
  Time since last request: 0.000018 seconds.
  path: Assets/New Asssets/Plant Animations/Plant 2/Plant2_00023.png
  artifactKey: Guid(67cb373a8bce42f44b8f17b29177c642) Importer(815301076,1909f56bfc062723c751e8b465ee728b)
Start importing Assets/New Asssets/Plant Animations/Plant 2/Plant2_00023.png using Guid(67cb373a8bce42f44b8f17b29177c642) Importer(815301076,1909f56bfc062723c751e8b465ee728b) (PreviewImporter) -> (artifact id: '5bc04a2911a119d155336523bb9b8a9e') in 0.0225815 seconds
Number of updated asset objects reloaded before import = 0Number of asset objects unloaded after import = 5

========================================================================
Received Import Request.
  Time since last request: 0.000018 seconds.
  path: Assets/New Asssets/Plant Animations/Plant 2/Plant2_00021.png
  artifactKey: Guid(b91af8d2f565b304db176c09c7584cfb) Importer(815301076,1909f56bfc062723c751e8b465ee728b)
Start importing Assets/New Asssets/Plant Animations/Plant 2/Plant2_00021.png using Guid(b91af8d2f565b304db176c09c7584cfb) Importer(815301076,1909f56bfc062723c751e8b465ee728b) (PreviewImporter) -> (artifact id: '5d9be15fb7c68fe49acd019d43039a0b') in 0.0236093 seconds
Number of updated asset objects reloaded before import = 0Number of asset objects unloaded after import = 5

========================================================================
Received Import Request.
  Time since last request: 0.071254 seconds.
  path: Assets/New Asssets/Plant Animations/Plant 2/Plant2_00017.png
  artifactKey: Guid(b170a74ef0340334cb2301aca521589d) Importer(815301076,1909f56bfc062723c751e8b465ee728b)
Start importing Assets/New Asssets/Plant Animations/Plant 2/Plant2_00017.png using Guid(b170a74ef0340334cb2301aca521589d) Importer(815301076,1909f56bfc062723c751e8b465ee728b) (PreviewImporter) -> (artifact id: '817f1c40ca1d47e37aa9e4a487e8b406') in 0.0198355 seconds
Number of updated asset objects reloaded before import = 0Number of asset objects unloaded after import = 5

========================================================================
Received Import Request.
  Time since last request: 0.000014 seconds.
  path: Assets/New Asssets/Plant Animations/Plant 2/Plant2_00015.png
  artifactKey: Guid(b8a60f9b000a3cb4f849563ba50332aa) Importer(815301076,1909f56bfc062723c751e8b465ee728b)
Start importing Assets/New Asssets/Plant Animations/Plant 2/Plant2_00015.png using Guid(b8a60f9b000a3cb4f849563ba50332aa) Importer(815301076,1909f56bfc062723c751e8b465ee728b) (PreviewImporter) -> (artifact id: 'c28920942533d2c9e4a12e40b56ca847') in 0.0221625 seconds
Number of updated asset objects reloaded before import = 0Number of asset objects unloaded after import = 5

========================================================================
Received Import Request.
  Time since last request: 0.000016 seconds.
  path: Assets/New Asssets/Plant Animations/Plant 2/Plant2_00008.png
  artifactKey: Guid(631930c441e5b4d4aaed42fc776fc4d1) Importer(815301076,1909f56bfc062723c751e8b465ee728b)
Start importing Assets/New Asssets/Plant Animations/Plant 2/Plant2_00008.png using Guid(631930c441e5b4d4aaed42fc776fc4d1) Importer(815301076,1909f56bfc062723c751e8b465ee728b) (PreviewImporter) -> (artifact id: '750b9237d0b5eff11028d2a185038648') in 0.0245956 seconds
Number of updated asset objects reloaded before import = 0Number of asset objects unloaded after import = 5

========================================================================
Received Import Request.
  Time since last request: 0.000035 seconds.
  path: Assets/New Asssets/Plant Animations/Plant 2/Plant2_00006.png
  artifactKey: Guid(9e6f0f161aca74a4e9b5de81282b29bd) Importer(815301076,1909f56bfc062723c751e8b465ee728b)
Start importing Assets/New Asssets/Plant Animations/Plant 2/Plant2_00006.png using Guid(9e6f0f161aca74a4e9b5de81282b29bd) Importer(815301076,1909f56bfc062723c751e8b465ee728b) (PreviewImporter) -> (artifact id: 'b9481beda04ad4e04e0c3b9c92e5b588') in 0.0213328 seconds
Number of updated asset objects reloaded before import = 0Number of asset objects unloaded after import = 5

========================================================================
Received Import Request.
  Time since last request: 0.000035 seconds.
  path: Assets/New Asssets/Plant Animations/Plant 1/Plant1_00089.png
  artifactKey: Guid(c3665497b717b4a4380afb6f1d0cc8eb) Importer(815301076,1909f56bfc062723c751e8b465ee728b)
Start importing Assets/New Asssets/Plant Animations/Plant 1/Plant1_00089.png using Guid(c3665497b717b4a4380afb6f1d0cc8eb) Importer(815301076,1909f56bfc062723c751e8b465ee728b) (PreviewImporter) -> (artifact id: '880a00f67a810b3148830cf6ac5c0bf4') in 0.0219749 seconds
Number of updated asset objects reloaded before import = 0Number of asset objects unloaded after import = 3

========================================================================
Received Import Request.
  Time since last request: 0.000018 seconds.
  path: Assets/New Asssets/Plant Animations/Plant 2/Plant2_00000.png
  artifactKey: Guid(86d2fba990d88c642ac2b1815806b39e) Importer(815301076,1909f56bfc062723c751e8b465ee728b)
Start importing Assets/New Asssets/Plant Animations/Plant 2/Plant2_00000.png using Guid(86d2fba990d88c642ac2b1815806b39e) Importer(815301076,1909f56bfc062723c751e8b465ee728b) (PreviewImporter) -> (artifact id: '3c6a377c177a5793c85af40c02cfe277') in 0.023586 seconds
Number of updated asset objects reloaded before import = 0Number of asset objects unloaded after import = 5

========================================================================
Received Import Request.
  Time since last request: 0.000018 seconds.
  path: Assets/New Asssets/Plant Animations/Plant 1/Plant1_00080.png
  artifactKey: Guid(b212a290e40c2d843ae24552afb9ec56) Importer(815301076,1909f56bfc062723c751e8b465ee728b)
Start importing Assets/New Asssets/Plant Animations/Plant 1/Plant1_00080.png using Guid(b212a290e40c2d843ae24552afb9ec56) Importer(815301076,1909f56bfc062723c751e8b465ee728b) (PreviewImporter) -> (artifact id: '40fe8091c3afdb85f840115d6e35b9cf') in 0.0202104 seconds
Number of updated asset objects reloaded before import = 0Number of asset objects unloaded after import = 3

========================================================================
Received Import Request.
  Time since last request: 0.000021 seconds.
  path: Assets/New Asssets/Plant Animations/Plant 1/Plant1_00051.png
  artifactKey: Guid(bcb72ab50600d3e41bdd3f91ce2cb79b) Importer(815301076,1909f56bfc062723c751e8b465ee728b)
Start importing Assets/New Asssets/Plant Animations/Plant 1/Plant1_00051.png using Guid(bcb72ab50600d3e41bdd3f91ce2cb79b) Importer(815301076,1909f56bfc062723c751e8b465ee728b) (PreviewImporter) -> (artifact id: '6d724d63ffeb3bba020e6d28c0b9a421') in 0.0219304 seconds
Number of updated asset objects reloaded before import = 0Number of asset objects unloaded after import = 3

========================================================================
Received Import Request.
  Time since last request: 0.000019 seconds.
  path: Assets/New Asssets/Plant Animations/Plant 1/Plant1_00041.png
  artifactKey: Guid(19e09c1cd87d92c489c22be5720b3ad4) Importer(815301076,1909f56bfc062723c751e8b465ee728b)
Start importing Assets/New Asssets/Plant Animations/Plant 1/Plant1_00041.png using Guid(19e09c1cd87d92c489c22be5720b3ad4) Importer(815301076,1909f56bfc062723c751e8b465ee728b) (PreviewImporter) -> (artifact id: '91762c7b9d27e4f64dc01b73db4dc4b4') in 0.0199503 seconds
Number of updated asset objects reloaded before import = 0Number of asset objects unloaded after import = 3

========================================================================
Received Import Request.
  Time since last request: 0.000052 seconds.
  path: Assets/New Asssets/Plant Animations/Plant 1/Plant1_00024.png
  artifactKey: Guid(60b62223ea9ba8741985c59f39bfae5b) Importer(815301076,1909f56bfc062723c751e8b465ee728b)
Start importing Assets/New Asssets/Plant Animations/Plant 1/Plant1_00024.png using Guid(60b62223ea9ba8741985c59f39bfae5b) Importer(815301076,1909f56bfc062723c751e8b465ee728b) (PreviewImporter) -> (artifact id: 'b76d5958b30f4707207e7616375484f7') in 0.018836 seconds
Number of updated asset objects reloaded before import = 0Number of asset objects unloaded after import = 3

========================================================================
Received Import Request.
  Time since last request: 0.000015 seconds.
  path: Assets/New Asssets/Plant Animations/Plant 1/Plant1_00013.png
  artifactKey: Guid(05d0d2a08d6d26a4ab59892927bd8b0f) Importer(815301076,1909f56bfc062723c751e8b465ee728b)
Start importing Assets/New Asssets/Plant Animations/Plant 1/Plant1_00013.png using Guid(05d0d2a08d6d26a4ab59892927bd8b0f) Importer(815301076,1909f56bfc062723c751e8b465ee728b) (PreviewImporter) -> (artifact id: '429f88cf3d4d7ca9d1f1ae883c638849') in 0.0200799 seconds
Number of updated asset objects reloaded before import = 0Number of asset objects unloaded after import = 3

========================================================================
Received Import Request.
  Time since last request: 0.000017 seconds.
  path: Assets/New Asssets/Plant Animations/Plant 1/Plant1_00049.png
  artifactKey: Guid(21e40697b8fedaf4b95499bbd8e6cee5) Importer(815301076,1909f56bfc062723c751e8b465ee728b)
Start importing Assets/New Asssets/Plant Animations/Plant 1/Plant1_00049.png using Guid(21e40697b8fedaf4b95499bbd8e6cee5) Importer(815301076,1909f56bfc062723c751e8b465ee728b) (PreviewImporter) -> (artifact id: '4489e28cc7d64b38a177bb22c23d3826') in 0.0195348 seconds
Number of updated asset objects reloaded before import = 0Number of asset objects unloaded after import = 3

========================================================================
Received Import Request.
  Time since last request: 0.000019 seconds.
  path: Assets/New Asssets/Plant Animations/Plant 1/Plant1_00023.png
  artifactKey: Guid(95050c86e27a4d34796c5a1b95071a0b) Importer(815301076,1909f56bfc062723c751e8b465ee728b)
Start importing Assets/New Asssets/Plant Animations/Plant 1/Plant1_00023.png using Guid(95050c86e27a4d34796c5a1b95071a0b) Importer(815301076,1909f56bfc062723c751e8b465ee728b) (PreviewImporter) -> (artifact id: '67c3bc4a3bbf089a29fd8659cd08a2d5') in 0.0195572 seconds
Number of updated asset objects reloaded before import = 0Number of asset objects unloaded after import = 3

========================================================================
Received Import Request.
  Time since last request: 0.000034 seconds.
  path: Assets/New Asssets/Plant Animations/Plant 1/Plant1_00016.png
  artifactKey: Guid(593307fe5694e024ca5a6b2ff79c1048) Importer(815301076,1909f56bfc062723c751e8b465ee728b)
Start importing Assets/New Asssets/Plant Animations/Plant 1/Plant1_00016.png using Guid(593307fe5694e024ca5a6b2ff79c1048) Importer(815301076,1909f56bfc062723c751e8b465ee728b) (PreviewImporter) -> (artifact id: '3a32a21e01c0cd9243881aae6b6a7edc') in 0.0209502 seconds
Number of updated asset objects reloaded before import = 0Number of asset objects unloaded after import = 3

========================================================================
Received Import Request.
  Time since last request: 0.000024 seconds.
  path: Assets/New Asssets/Plant Animations/Plant Wind 1/Plant Wind 1_00015.png
  artifactKey: Guid(8f7d86bb91d8b274cb1c91cde8139915) Importer(815301076,1909f56bfc062723c751e8b465ee728b)
Start importing Assets/New Asssets/Plant Animations/Plant Wind 1/Plant Wind 1_00015.png using Guid(8f7d86bb91d8b274cb1c91cde8139915) Importer(815301076,1909f56bfc062723c751e8b465ee728b) (PreviewImporter) -> (artifact id: 'c2300df17fae893978c7c6570ee555ee') in 0.0191497 seconds
Number of updated asset objects reloaded before import = 0Number of asset objects unloaded after import = 3

========================================================================
Received Import Request.
  Time since last request: 0.000019 seconds.
  path: Assets/New Asssets/Plant Animations/Plant Wind 1/Plant Wind 1_00018.png
  artifactKey: Guid(687ffd800883d9045aeff43a15b96b9d) Importer(815301076,1909f56bfc062723c751e8b465ee728b)
Start importing Assets/New Asssets/Plant Animations/Plant Wind 1/Plant Wind 1_00018.png using Guid(687ffd800883d9045aeff43a15b96b9d) Importer(815301076,1909f56bfc062723c751e8b465ee728b) (PreviewImporter) -> (artifact id: 'fec8ef38b27df4d8e498323b5e464981') in 0.0217213 seconds
Number of updated asset objects reloaded before import = 0Number of asset objects unloaded after import = 3

========================================================================
Received Import Request.
  Time since last request: 0.000017 seconds.
  path: Assets/New Asssets/Plant Animations/Plant Wind 1/Plant Wind 1_00019.png
  artifactKey: Guid(5464c28e13d600e49845834199e9ffdd) Importer(815301076,1909f56bfc062723c751e8b465ee728b)
Start importing Assets/New Asssets/Plant Animations/Plant Wind 1/Plant Wind 1_00019.png using Guid(5464c28e13d600e49845834199e9ffdd) Importer(815301076,1909f56bfc062723c751e8b465ee728b) (PreviewImporter) -> (artifact id: '2f1f43636097d2aadba4951cb568c34c') in 0.0210906 seconds
Number of updated asset objects reloaded before import = 0Number of asset objects unloaded after import = 3

========================================================================
Received Import Request.
  Time since last request: 0.000021 seconds.
  path: Assets/New Asssets/Plant Animations/Plant Wind 1/Plant Wind 1_00008.png
  artifactKey: Guid(7ef00697e0e02b548bc7d194adce176f) Importer(815301076,1909f56bfc062723c751e8b465ee728b)
Start importing Assets/New Asssets/Plant Animations/Plant Wind 1/Plant Wind 1_00008.png using Guid(7ef00697e0e02b548bc7d194adce176f) Importer(815301076,1909f56bfc062723c751e8b465ee728b) (PreviewImporter) -> (artifact id: 'b7a19639b7d6981442a0ea971b30bcbc') in 0.0199225 seconds
Number of updated asset objects reloaded before import = 0Number of asset objects unloaded after import = 3

========================================================================
Received Import Request.
  Time since last request: 0.000024 seconds.
  path: Assets/New Asssets/Plant Animations/Plant 1/Plant1_00035.png
  artifactKey: Guid(a03e108377eb68846a62dbffc8e5e193) Importer(815301076,1909f56bfc062723c751e8b465ee728b)
Start importing Assets/New Asssets/Plant Animations/Plant 1/Plant1_00035.png using Guid(a03e108377eb68846a62dbffc8e5e193) Importer(815301076,1909f56bfc062723c751e8b465ee728b) (PreviewImporter) -> (artifact id: 'b1710045f732b80629525539f4b1abd0') in 0.0187469 seconds
Number of updated asset objects reloaded before import = 0Number of asset objects unloaded after import = 3

========================================================================
Received Import Request.
  Time since last request: 0.000017 seconds.
  path: Assets/New Asssets/Plant Animations/Plant 1/Plant1_00040.png
  artifactKey: Guid(064d46438f1098d4e9ea19ec4dace004) Importer(815301076,1909f56bfc062723c751e8b465ee728b)
Start importing Assets/New Asssets/Plant Animations/Plant 1/Plant1_00040.png using Guid(064d46438f1098d4e9ea19ec4dace004) Importer(815301076,1909f56bfc062723c751e8b465ee728b) (PreviewImporter) -> (artifact id: '4e4632e3deb259e0860a301c37a5530a') in 0.0212158 seconds
Number of updated asset objects reloaded before import = 0Number of asset objects unloaded after import = 3

========================================================================
Received Import Request.
  Time since last request: 0.000021 seconds.
  path: Assets/New Asssets/Plant Animations/Plant 1/Plant1_00082.png
  artifactKey: Guid(b02e277bb37e0ee48a5a24301257c5b5) Importer(815301076,1909f56bfc062723c751e8b465ee728b)
Start importing Assets/New Asssets/Plant Animations/Plant 1/Plant1_00082.png using Guid(b02e277bb37e0ee48a5a24301257c5b5) Importer(815301076,1909f56bfc062723c751e8b465ee728b) (PreviewImporter) -> (artifact id: '42d5cfd5c78b86ed947fba02af534952') in 0.0188022 seconds
Number of updated asset objects reloaded before import = 0Number of asset objects unloaded after import = 3

========================================================================
Received Import Request.
  Time since last request: 0.000018 seconds.
  path: Assets/New Asssets/Plant Animations/Plant 1/Plant1_00015.png
  artifactKey: Guid(b1dab0e811c443545bb441c746366ec8) Importer(815301076,1909f56bfc062723c751e8b465ee728b)
Start importing Assets/New Asssets/Plant Animations/Plant 1/Plant1_00015.png using Guid(b1dab0e811c443545bb441c746366ec8) Importer(815301076,1909f56bfc062723c751e8b465ee728b) (PreviewImporter) -> (artifact id: 'f3b4e506df6ddb14d8369e7488ebe7d7') in 0.0176477 seconds
Number of updated asset objects reloaded before import = 0Number of asset objects unloaded after import = 3

========================================================================
Received Import Request.
  Time since last request: 0.000025 seconds.
  path: Assets/New Asssets/Plant Animations/Plant Wind 1/Plant Wind 1_00009.png
  artifactKey: Guid(831a73d028ad52946b339ca7a523b14b) Importer(815301076,1909f56bfc062723c751e8b465ee728b)
Start importing Assets/New Asssets/Plant Animations/Plant Wind 1/Plant Wind 1_00009.png using Guid(831a73d028ad52946b339ca7a523b14b) Importer(815301076,1909f56bfc062723c751e8b465ee728b) (PreviewImporter) -> (artifact id: 'd82736c0ab75ead0b91dd4008bdf59f5') in 0.0204494 seconds
Number of updated asset objects reloaded before import = 0Number of asset objects unloaded after import = 3

========================================================================
Received Import Request.
  Time since last request: 0.000029 seconds.
  path: Assets/New Asssets/Plant Animations/Plant Wind 1/Plant Wind 1_00007.png
  artifactKey: Guid(5273b4a8a26ead64b86244ee5c3f3983) Importer(815301076,1909f56bfc062723c751e8b465ee728b)
Start importing Assets/New Asssets/Plant Animations/Plant Wind 1/Plant Wind 1_00007.png using Guid(5273b4a8a26ead64b86244ee5c3f3983) Importer(815301076,1909f56bfc062723c751e8b465ee728b) (PreviewImporter) -> (artifact id: '854ef12e5019e5593fe5d4040614059e') in 0.0205204 seconds
Number of updated asset objects reloaded before import = 0Number of asset objects unloaded after import = 3

========================================================================
Received Import Request.
  Time since last request: 0.000022 seconds.
  path: Assets/New Asssets/Mossy Tileset/Mossy - Decorations&Hazards.png
  artifactKey: Guid(d8e24151775fb244888f66acef9683ff) Importer(815301076,1909f56bfc062723c751e8b465ee728b)
Start importing Assets/New Asssets/Mossy Tileset/Mossy - Decorations&Hazards.png using Guid(d8e24151775fb244888f66acef9683ff) Importer(815301076,1909f56bfc062723c751e8b465ee728b) (PreviewImporter) -> (artifact id: '5058c5ee1c06a3b7e62fe7262d4cdb47') in 0.1395469 seconds
Number of updated asset objects reloaded before import = 0Number of asset objects unloaded after import = 37

========================================================================
Received Import Request.
  Time since last request: 0.000018 seconds.
  path: Assets/New Asssets/Plant Animations/Plant 1/Plant1_00006.png
  artifactKey: Guid(9da2d6afdf8af894ebbad5d0eb8464c5) Importer(815301076,1909f56bfc062723c751e8b465ee728b)
Start importing Assets/New Asssets/Plant Animations/Plant 1/Plant1_00006.png using Guid(9da2d6afdf8af894ebbad5d0eb8464c5) Importer(815301076,1909f56bfc062723c751e8b465ee728b) (PreviewImporter) -> (artifact id: '8dfbe6293e7747feddea2493f633b1cc') in 0.0212802 seconds
Number of updated asset objects reloaded before import = 0Number of asset objects unloaded after import = 3

========================================================================
Received Import Request.
  Time since last request: 0.000039 seconds.
  path: Assets/New Asssets/Plant Animations/Plant Wind 1/Plant Wind 1_00029.png
  artifactKey: Guid(ae2264ee76d212647a620f0f27670422) Importer(815301076,1909f56bfc062723c751e8b465ee728b)
Start importing Assets/New Asssets/Plant Animations/Plant Wind 1/Plant Wind 1_00029.png using Guid(ae2264ee76d212647a620f0f27670422) Importer(815301076,1909f56bfc062723c751e8b465ee728b) (PreviewImporter) -> (artifact id: '4b6e454c674be42af807b24bcff3b638') in 0.0217252 seconds
Number of updated asset objects reloaded before import = 0Number of asset objects unloaded after import = 3

========================================================================
Received Import Request.
  Time since last request: 0.000032 seconds.
  path: Assets/New Asssets/Plant Animations/Plant 1/Plant1_00038.png
  artifactKey: Guid(c90aa8bb53b54074bb897cfa840c2592) Importer(815301076,1909f56bfc062723c751e8b465ee728b)
Start importing Assets/New Asssets/Plant Animations/Plant 1/Plant1_00038.png using Guid(c90aa8bb53b54074bb897cfa840c2592) Importer(815301076,1909f56bfc062723c751e8b465ee728b) (PreviewImporter) -> (artifact id: '1101b8afbc4e719b351c6097629bf5be') in 0.0199056 seconds
Number of updated asset objects reloaded before import = 0Number of asset objects unloaded after import = 3

========================================================================
Received Import Request.
  Time since last request: 0.000020 seconds.
  path: Assets/New Asssets/Plant Animations/Plant 1/Plant1_00052.png
  artifactKey: Guid(aef0d57e87d83134f9add28cf6e86747) Importer(815301076,1909f56bfc062723c751e8b465ee728b)
Start importing Assets/New Asssets/Plant Animations/Plant 1/Plant1_00052.png using Guid(aef0d57e87d83134f9add28cf6e86747) Importer(815301076,1909f56bfc062723c751e8b465ee728b) (PreviewImporter) -> (artifact id: 'f56e12fb08b35926349fe81984a02010') in 0.015738 seconds
Number of updated asset objects reloaded before import = 0Number of asset objects unloaded after import = 3

========================================================================
Received Import Request.
  Time since last request: 0.425039 seconds.
  path: Assets/sprites/knight.png
  artifactKey: Guid(a23dd6ae62a78ce4eab4e3145c6d1acf) Importer(815301076,1909f56bfc062723c751e8b465ee728b)
Start importing Assets/sprites/knight.png using Guid(a23dd6ae62a78ce4eab4e3145c6d1acf) Importer(815301076,1909f56bfc062723c751e8b465ee728b) (PreviewImporter) -> (artifact id: 'fba020db95ecddaab6f574be4ee1d5e0') in 0.075341 seconds
Number of updated asset objects reloaded before import = 0Number of asset objects unloaded after import = 24

========================================================================
Received Import Request.
  Time since last request: 0.000017 seconds.
  path: Assets/New Asssets/Plant Animations/PlantJump/JumpPlant_00019.png
  artifactKey: Guid(deb2affca5bea5a448a2d2afb832767d) Importer(815301076,1909f56bfc062723c751e8b465ee728b)
Start importing Assets/New Asssets/Plant Animations/PlantJump/JumpPlant_00019.png using Guid(deb2affca5bea5a448a2d2afb832767d) Importer(815301076,1909f56bfc062723c751e8b465ee728b) (PreviewImporter) -> (artifact id: '321371fe9b98462ec12a8ce7769a10ab') in 0.018401 seconds
Number of updated asset objects reloaded before import = 0Number of asset objects unloaded after import = 3

========================================================================
Received Import Request.
  Time since last request: 0.000020 seconds.
  path: Assets/New Asssets/Plant Animations/PlantJump/JumpPlant_00007.png
  artifactKey: Guid(609afba08f2142b48b9e1c6ceff3a964) Importer(815301076,1909f56bfc062723c751e8b465ee728b)
Start importing Assets/New Asssets/Plant Animations/PlantJump/JumpPlant_00007.png using Guid(609afba08f2142b48b9e1c6ceff3a964) Importer(815301076,1909f56bfc062723c751e8b465ee728b) (PreviewImporter) -> (artifact id: '769ec5d64e457a28367eae30064928c4') in 0.0201715 seconds
Number of updated asset objects reloaded before import = 0Number of asset objects unloaded after import = 3

========================================================================
Received Import Request.
  Time since last request: 0.000033 seconds.
  path: Assets/New Asssets/Plant Animations/PlantJump/JumpPlant_00000.png
  artifactKey: Guid(a2998f0398a603a4ca81c7a0d8bbd304) Importer(815301076,1909f56bfc062723c751e8b465ee728b)
Start importing Assets/New Asssets/Plant Animations/PlantJump/JumpPlant_00000.png using Guid(a2998f0398a603a4ca81c7a0d8bbd304) Importer(815301076,1909f56bfc062723c751e8b465ee728b) (PreviewImporter) -> (artifact id: '3941cee0cbf6927938b2b3ad6897d2d2') in 0.0168022 seconds
Number of updated asset objects reloaded before import = 0Number of asset objects unloaded after import = 3

========================================================================
Received Import Request.
  Time since last request: 0.000016 seconds.
  path: Assets/New Asssets/Plant Animations/PlantJump2/JumpPlant 2_00002.png
  artifactKey: Guid(e2e1a0da9b986f043bf00c79dbbcea88) Importer(815301076,1909f56bfc062723c751e8b465ee728b)
Start importing Assets/New Asssets/Plant Animations/PlantJump2/JumpPlant 2_00002.png using Guid(e2e1a0da9b986f043bf00c79dbbcea88) Importer(815301076,1909f56bfc062723c751e8b465ee728b) (PreviewImporter) -> (artifact id: 'bb741babf747a262c1cd2782fd34bf49') in 0.020962 seconds
Number of updated asset objects reloaded before import = 0Number of asset objects unloaded after import = 3

========================================================================
Received Import Request.
  Time since last request: 0.000020 seconds.
  path: Assets/New Asssets/BlueWizard/2BlueWizardJump/Dash2/DashBlue_00011.png
  artifactKey: Guid(02da107bdcd2f1844ae546f92155b09e) Importer(815301076,1909f56bfc062723c751e8b465ee728b)
Start importing Assets/New Asssets/BlueWizard/2BlueWizardJump/Dash2/DashBlue_00011.png using Guid(02da107bdcd2f1844ae546f92155b09e) Importer(815301076,1909f56bfc062723c751e8b465ee728b) (PreviewImporter) -> (artifact id: 'f04479c2eaf0b09664e40c474b07066c') in 0.0185411 seconds
Number of updated asset objects reloaded before import = 0Number of asset objects unloaded after import = 3

========================================================================
Received Import Request.
  Time since last request: 0.000023 seconds.
  path: Assets/New Asssets/BlueWizard/2BlueWizardJump/Dash3/Dash3_00012.png
  artifactKey: Guid(3377814ec83b38e45aca51ee8ba31594) Importer(815301076,1909f56bfc062723c751e8b465ee728b)
Start importing Assets/New Asssets/BlueWizard/2BlueWizardJump/Dash3/Dash3_00012.png using Guid(3377814ec83b38e45aca51ee8ba31594) Importer(815301076,1909f56bfc062723c751e8b465ee728b) (PreviewImporter) -> (artifact id: '8032dc37647799d5230517dd5c6a003d') in 0.017449 seconds
Number of updated asset objects reloaded before import = 0Number of asset objects unloaded after import = 3

========================================================================
Received Import Request.
  Time since last request: 0.000028 seconds.
  path: Assets/New Asssets/BlueWizard/2BlueWizardJump/Dash3/Dash3_00006.png
  artifactKey: Guid(1b9e2ca1382e113478e6fb7580059131) Importer(815301076,1909f56bfc062723c751e8b465ee728b)
Start importing Assets/New Asssets/BlueWizard/2BlueWizardJump/Dash3/Dash3_00006.png using Guid(1b9e2ca1382e113478e6fb7580059131) Importer(815301076,1909f56bfc062723c751e8b465ee728b) (PreviewImporter) -> (artifact id: '58ec9dd3c0dfeb1c52d4a35588bd052b') in 0.0190182 seconds
Number of updated asset objects reloaded before import = 0Number of asset objects unloaded after import = 3

========================================================================
Received Import Request.
  Time since last request: 0.000028 seconds.
  path: Assets/New Asssets/BlueWizard/2BlueWizardJump/Dash2/DashBlue_00007.png
  artifactKey: Guid(038fe7615b5966d4585ce2bb555f3775) Importer(815301076,1909f56bfc062723c751e8b465ee728b)
Start importing Assets/New Asssets/BlueWizard/2BlueWizardJump/Dash2/DashBlue_00007.png using Guid(038fe7615b5966d4585ce2bb555f3775) Importer(815301076,1909f56bfc062723c751e8b465ee728b) (PreviewImporter) -> (artifact id: 'cdc48cdd872b6cc8dc72056a0b26ed3d') in 0.0197794 seconds
Number of updated asset objects reloaded before import = 0Number of asset objects unloaded after import = 3

========================================================================
Received Import Request.
  Time since last request: 0.000021 seconds.
  path: Assets/New Asssets/BlueWizard/2BlueWizardJump/Dash2/DashBlue_00002.png
  artifactKey: Guid(39c8ccfb556ca9a4e8835eb93998b6eb) Importer(815301076,1909f56bfc062723c751e8b465ee728b)
Start importing Assets/New Asssets/BlueWizard/2BlueWizardJump/Dash2/DashBlue_00002.png using Guid(39c8ccfb556ca9a4e8835eb93998b6eb) Importer(815301076,1909f56bfc062723c751e8b465ee728b) (PreviewImporter) -> (artifact id: '62752dd9abbcc3cf42cbdedda6105360') in 0.0214191 seconds
Number of updated asset objects reloaded before import = 0Number of asset objects unloaded after import = 3

========================================================================
Received Import Request.
  Time since last request: 0.000019 seconds.
  path: Assets/New Asssets/BlueWizard/2BlueWizardJump/Dash2/DashBlue_00008.png
  artifactKey: Guid(53c84b4113aa4d94d802abbc908a02d4) Importer(815301076,1909f56bfc062723c751e8b465ee728b)
Start importing Assets/New Asssets/BlueWizard/2BlueWizardJump/Dash2/DashBlue_00008.png using Guid(53c84b4113aa4d94d802abbc908a02d4) Importer(815301076,1909f56bfc062723c751e8b465ee728b) (PreviewImporter) -> (artifact id: '7a0fb45c8aecf331162a56655030e03e') in 0.019255 seconds
Number of updated asset objects reloaded before import = 0Number of asset objects unloaded after import = 3

========================================================================
Received Import Request.
  Time since last request: 0.000018 seconds.
  path: Assets/New Asssets/Plant Animations/PlantJump2/JumpPlant 2_00010.png
  artifactKey: Guid(10badf3c0488d2e4a8d203309f256e59) Importer(815301076,1909f56bfc062723c751e8b465ee728b)
Start importing Assets/New Asssets/Plant Animations/PlantJump2/JumpPlant 2_00010.png using Guid(10badf3c0488d2e4a8d203309f256e59) Importer(815301076,1909f56bfc062723c751e8b465ee728b) (PreviewImporter) -> (artifact id: '1181b8b70415628226044d76a16e1c21') in 0.0207783 seconds
Number of updated asset objects reloaded before import = 0Number of asset objects unloaded after import = 3

========================================================================
Received Import Request.
  Time since last request: 0.000040 seconds.
  path: Assets/New Asssets/BlueWizard/2BlueWizardJump/Dash3/Dash3_00009.png
  artifactKey: Guid(bc1bd0f974cedb140a8e5a73860eb1bf) Importer(815301076,1909f56bfc062723c751e8b465ee728b)
Start importing Assets/New Asssets/BlueWizard/2BlueWizardJump/Dash3/Dash3_00009.png using Guid(bc1bd0f974cedb140a8e5a73860eb1bf) Importer(815301076,1909f56bfc062723c751e8b465ee728b) (PreviewImporter) -> (artifact id: '4c0cdf955f4ba1b499ef978fa1f57a31') in 0.0226674 seconds
Number of updated asset objects reloaded before import = 0Number of asset objects unloaded after import = 3

========================================================================
Received Import Request.
  Time since last request: 0.000018 seconds.
  path: Assets/New Asssets/BlueWizard/2BlueWizardJump/Dash3/Dash3_00015.png
  artifactKey: Guid(5b61c004fff218c48985098df732180b) Importer(815301076,1909f56bfc062723c751e8b465ee728b)
Start importing Assets/New Asssets/BlueWizard/2BlueWizardJump/Dash3/Dash3_00015.png using Guid(5b61c004fff218c48985098df732180b) Importer(815301076,1909f56bfc062723c751e8b465ee728b) (PreviewImporter) -> (artifact id: '3f8f3a6c37cd32a14f8fbb7bc2c201c8') in 0.0194808 seconds
Number of updated asset objects reloaded before import = 0Number of asset objects unloaded after import = 3

========================================================================
Received Import Request.
  Time since last request: 0.000018 seconds.
  path: Assets/New Asssets/BlueWizard/2BlueWizardJump/Dash3/Dash3_00001.png
  artifactKey: Guid(b12fc84dc15b4cc4398ef223fdf58e89) Importer(815301076,1909f56bfc062723c751e8b465ee728b)
Start importing Assets/New Asssets/BlueWizard/2BlueWizardJump/Dash3/Dash3_00001.png using Guid(b12fc84dc15b4cc4398ef223fdf58e89) Importer(815301076,1909f56bfc062723c751e8b465ee728b) (PreviewImporter) -> (artifact id: '8be84cb0564f8302466c1dd4d3f24cba') in 0.0209793 seconds
Number of updated asset objects reloaded before import = 0Number of asset objects unloaded after import = 3

========================================================================
Received Import Request.
  Time since last request: 0.000025 seconds.
  path: Assets/New Asssets/Plant Animations/PlantJump2/JumpPlant 2_00011.png
  artifactKey: Guid(fcbff0ffae9718242bbe8f54225f2c20) Importer(815301076,1909f56bfc062723c751e8b465ee728b)
Start importing Assets/New Asssets/Plant Animations/PlantJump2/JumpPlant 2_00011.png using Guid(fcbff0ffae9718242bbe8f54225f2c20) Importer(815301076,1909f56bfc062723c751e8b465ee728b) (PreviewImporter) -> (artifact id: '50c2061572f3d325b73b20bb001efc32') in 0.0183612 seconds
Number of updated asset objects reloaded before import = 0Number of asset objects unloaded after import = 3

========================================================================
Received Import Request.
  Time since last request: 0.000022 seconds.
  path: Assets/New Asssets/Plant Animations/PlantJump/JumpPlant_00001.png
  artifactKey: Guid(5b1d864a96bb6064f8ff5f2d8654f519) Importer(815301076,1909f56bfc062723c751e8b465ee728b)
Start importing Assets/New Asssets/Plant Animations/PlantJump/JumpPlant_00001.png using Guid(5b1d864a96bb6064f8ff5f2d8654f519) Importer(815301076,1909f56bfc062723c751e8b465ee728b) (PreviewImporter) -> (artifact id: 'bb39ea50429e88476970bdafd5203fad') in 0.0219597 seconds
Number of updated asset objects reloaded before import = 0Number of asset objects unloaded after import = 3

========================================================================
Received Import Request.
  Time since last request: 0.000023 seconds.
  path: Assets/New Asssets/BlueWizard/2BlueWizardJump/Dash2/DashBlue_00000.png
  artifactKey: Guid(d49ec5f9f03d37a489702a894e6ba022) Importer(815301076,1909f56bfc062723c751e8b465ee728b)
Start importing Assets/New Asssets/BlueWizard/2BlueWizardJump/Dash2/DashBlue_00000.png using Guid(d49ec5f9f03d37a489702a894e6ba022) Importer(815301076,1909f56bfc062723c751e8b465ee728b) (PreviewImporter) -> (artifact id: 'b5f3114c8be39f17745762a5e01badf9') in 0.0212854 seconds
Number of updated asset objects reloaded before import = 0Number of asset objects unloaded after import = 3

========================================================================
Received Import Request.
  Time since last request: 0.025666 seconds.
  path: Assets/New Asssets/BlueWizard/2BlueWizardJump/Dash3/Dash3_00000.png
  artifactKey: Guid(a8122139265e6c64cafa7840c8e00235) Importer(815301076,1909f56bfc062723c751e8b465ee728b)
Start importing Assets/New Asssets/BlueWizard/2BlueWizardJump/Dash3/Dash3_00000.png using Guid(a8122139265e6c64cafa7840c8e00235) Importer(815301076,1909f56bfc062723c751e8b465ee728b) (PreviewImporter) -> (artifact id: '38cf7b936bf9c80c272d04aa42c200cb') in 0.0179026 seconds
Number of updated asset objects reloaded before import = 0Number of asset objects unloaded after import = 3

========================================================================
Received Import Request.
  Time since last request: 827.347772 seconds.
  path: Assets/New Asssets/BlueWizard/2BlueWizardWalk/Chara_BlueWalk00018.png
  artifactKey: Guid(2a6c5e3b3f88f7a42954f432a0c1f55c) Importer(815301076,1909f56bfc062723c751e8b465ee728b)
Start importing Assets/New Asssets/BlueWizard/2BlueWizardWalk/Chara_BlueWalk00018.png using Guid(2a6c5e3b3f88f7a42954f432a0c1f55c) Importer(815301076,1909f56bfc062723c751e8b465ee728b) (PreviewImporter) -> (artifact id: 'e9a26c093cd46b0e410bfb16e25c41c2') in 0.0180556 seconds
Number of updated asset objects reloaded before import = 0Number of asset objects unloaded after import = 3

========================================================================
Received Import Request.
  Time since last request: 0.000022 seconds.
  path: Assets/New Asssets/BlueWizard/2BlueWizardWalk/Chara_BlueWalk00016.png
  artifactKey: Guid(003222601aeaae04ba6ae20e26bc8daf) Importer(815301076,1909f56bfc062723c751e8b465ee728b)
Start importing Assets/New Asssets/BlueWizard/2BlueWizardWalk/Chara_BlueWalk00016.png using Guid(003222601aeaae04ba6ae20e26bc8daf) Importer(815301076,1909f56bfc062723c751e8b465ee728b) (PreviewImporter) -> (artifact id: '873c8aefca6331ed44444a38e5933634') in 0.0172932 seconds
Number of updated asset objects reloaded before import = 0Number of asset objects unloaded after import = 3

========================================================================
Received Import Request.
  Time since last request: 0.433885 seconds.
  path: Assets/New Asssets/BlueWizard/2BlueWizardWalk/Chara_BlueWalk00014.png
  artifactKey: Guid(94ab4e127e2ae994887a3870631354b8) Importer(815301076,1909f56bfc062723c751e8b465ee728b)
Start importing Assets/New Asssets/BlueWizard/2BlueWizardWalk/Chara_BlueWalk00014.png using Guid(94ab4e127e2ae994887a3870631354b8) Importer(815301076,1909f56bfc062723c751e8b465ee728b) (PreviewImporter) -> (artifact id: '90c820c7bd91a9260a4da8017566fe5e') in 0.0175097 seconds
Number of updated asset objects reloaded before import = 0Number of asset objects unloaded after import = 3

========================================================================
Received Import Request.
  Time since last request: 0.031212 seconds.
  path: Assets/New Asssets/BlueWizard/2BlueWizardWalk/Chara_BlueWalk00012.png
  artifactKey: Guid(237935b4454b612419f19e9bebab6248) Importer(815301076,1909f56bfc062723c751e8b465ee728b)
Start importing Assets/New Asssets/BlueWizard/2BlueWizardWalk/Chara_BlueWalk00012.png using Guid(237935b4454b612419f19e9bebab6248) Importer(815301076,1909f56bfc062723c751e8b465ee728b) (PreviewImporter) -> (artifact id: 'ba4c60dd5d7cea519cdefd3c04e445c7') in 0.0158935 seconds
Number of updated asset objects reloaded before import = 0Number of asset objects unloaded after import = 3

========================================================================
Received Import Request.
  Time since last request: 0.000014 seconds.
  path: Assets/New Asssets/BlueWizard/2BlueWizardWalk/Chara_BlueWalk00010.png
  artifactKey: Guid(1cb8b9d023c229542af7d8e9a10e8b7e) Importer(815301076,1909f56bfc062723c751e8b465ee728b)
Start importing Assets/New Asssets/BlueWizard/2BlueWizardWalk/Chara_BlueWalk00010.png using Guid(1cb8b9d023c229542af7d8e9a10e8b7e) Importer(815301076,1909f56bfc062723c751e8b465ee728b) (PreviewImporter) -> (artifact id: '04c19cb8f2ad698711bc875207004ccc') in 0.017336 seconds
Number of updated asset objects reloaded before import = 0Number of asset objects unloaded after import = 3

========================================================================
Received Import Request.
  Time since last request: 0.367821 seconds.
  path: Assets/New Asssets/BlueWizard/2BlueWizardWalk/Chara_BlueWalk00008.png
  artifactKey: Guid(1b236cc03fc27d647b02c11cd7a35de4) Importer(815301076,1909f56bfc062723c751e8b465ee728b)
Start importing Assets/New Asssets/BlueWizard/2BlueWizardWalk/Chara_BlueWalk00008.png using Guid(1b236cc03fc27d647b02c11cd7a35de4) Importer(815301076,1909f56bfc062723c751e8b465ee728b) (PreviewImporter) -> (artifact id: 'b23d684456e15fcaad7fbd2041319795') in 0.0182479 seconds
Number of updated asset objects reloaded before import = 0Number of asset objects unloaded after import = 3

========================================================================
Received Import Request.
  Time since last request: 0.000016 seconds.
  path: Assets/New Asssets/BlueWizard/2BlueWizardWalk/Chara_BlueWalk00006.png
  artifactKey: Guid(22bb8e7c35c6c95488c087ace8d38347) Importer(815301076,1909f56bfc062723c751e8b465ee728b)
Start importing Assets/New Asssets/BlueWizard/2BlueWizardWalk/Chara_BlueWalk00006.png using Guid(22bb8e7c35c6c95488c087ace8d38347) Importer(815301076,1909f56bfc062723c751e8b465ee728b) (PreviewImporter) -> (artifact id: 'e789d41884be866a92922a290fecb85b') in 0.0175002 seconds
Number of updated asset objects reloaded before import = 0Number of asset objects unloaded after import = 3

========================================================================
Received Import Request.
  Time since last request: 0.103156 seconds.
  path: Assets/New Asssets/BlueWizard/2BlueWizardWalk/Chara_BlueWalk00004.png
  artifactKey: Guid(14f4c7faf0456984ca75010e97193899) Importer(815301076,1909f56bfc062723c751e8b465ee728b)
Start importing Assets/New Asssets/BlueWizard/2BlueWizardWalk/Chara_BlueWalk00004.png using Guid(14f4c7faf0456984ca75010e97193899) Importer(815301076,1909f56bfc062723c751e8b465ee728b) (PreviewImporter) -> (artifact id: '29413c1689a90c7480a776bf2b5bb845') in 0.0221278 seconds
Number of updated asset objects reloaded before import = 0Number of asset objects unloaded after import = 3

========================================================================
Received Import Request.
  Time since last request: 0.010570 seconds.
  path: Assets/New Asssets/BlueWizard/2BlueWizardWalk/Chara_BlueWalk00002.png
  artifactKey: Guid(41b01e135ee86004f932e33bb1eef3ee) Importer(815301076,1909f56bfc062723c751e8b465ee728b)
Start importing Assets/New Asssets/BlueWizard/2BlueWizardWalk/Chara_BlueWalk00002.png using Guid(41b01e135ee86004f932e33bb1eef3ee) Importer(815301076,1909f56bfc062723c751e8b465ee728b) (PreviewImporter) -> (artifact id: 'd7018a8bfb5c4d69d1cbe1d1eecc8176') in 0.0154724 seconds
Number of updated asset objects reloaded before import = 0Number of asset objects unloaded after import = 3

========================================================================
Received Prepare
Begin MonoManager ReloadAssembly
[Licensing::Client] Successfully resolved entitlement details
- Loaded All Assemblies, in  0.763 seconds
Refreshing native plugins compatible for Editor in 1.93 ms, found 4 plugins.
Native extension for Android target not found
Native extension for WindowsStandalone target not found
Native extension for WebGL target not found
[Package Manager] Failed to launch server process. Reason: Unity was launched with the -noUpm command-line argument
[Package Manager] Unable to send message (not connected to server process).
[Package Manager] Cannot connect to Unity Package Manager local server
Mono: successfully reloaded assembly
- Finished resetting the current domain, in  0.732 seconds
Domain Reload Profiling: 1492ms
	BeginReloadAssembly (226ms)
		ExecutionOrderSort (0ms)
		DisableScriptedObjects (14ms)
		BackupInstance (0ms)
		ReleaseScriptingObjects (0ms)
		CreateAndSetChildDomain (59ms)
	RebuildCommonClasses (33ms)
	RebuildNativeTypeToScriptingClass (12ms)
	initialDomainReloadingComplete (32ms)
	LoadAllAssembliesAndSetupDomain (457ms)
		LoadAssemblies (371ms)
		RebuildTransferFunctionScriptingTraits (0ms)
		AnalyzeDomain (179ms)
			TypeCache.Refresh (6ms)
				TypeCache.ScanAssembly (0ms)
			BuildScriptInfoCaches (159ms)
			ResolveRequiredComponents (9ms)
	FinalizeReload (732ms)
		ReleaseScriptCaches (0ms)
		RebuildScriptCaches (0ms)
		SetupLoadedEditorAssemblies (572ms)
			LogAssemblyErrors (0ms)
			InitializePlatformSupportModulesInManaged (10ms)
			SetLoadedEditorAssemblies (5ms)
			BeforeProcessingInitializeOnLoad (152ms)
			ProcessInitializeOnLoadAttributes (324ms)
			ProcessInitializeOnLoadMethodAttributes (72ms)
			AfterProcessingInitializeOnLoad (8ms)
			EditorAssembliesLoaded (0ms)
		ExecutionOrderSort2 (0ms)
		AwakeInstancesAfterBackupRestoration (14ms)
Refreshing native plugins compatible for Editor in 2.05 ms, found 4 plugins.
Preloading 0 native plugins for Editor in 0.00 ms.
Unloading 16 Unused Serialized files (Serialized files now loaded: 0)
Unloading 6874 unused Assets / (5.5 MB). Loaded Objects now: 7943.
Memory consumption went from 159.2 MB to 153.7 MB.
Total: 12.842700 ms (FindLiveObjects: 0.732000 ms CreateObjectMapping: 0.729700 ms MarkObjects: 7.019200 ms  DeleteObjects: 4.360100 ms)

Prepare: number of updated asset objects reloaded= 0
========================================================================
Received Prepare
Begin MonoManager ReloadAssembly
- Loaded All Assemblies, in  0.749 seconds
Refreshing native plugins compatible for Editor in 1.69 ms, found 4 plugins.
Native extension for Android target not found
Native extension for WindowsStandalone target not found
Native extension for WebGL target not found
[Package Manager] Failed to launch server process. Reason: Unity was launched with the -noUpm command-line argument
[Package Manager] Unable to send message (not connected to server process).
[Package Manager] Cannot connect to Unity Package Manager local server
Mono: successfully reloaded assembly
- Finished resetting the current domain, in  0.758 seconds
Domain Reload Profiling: 1504ms
	BeginReloadAssembly (210ms)
		ExecutionOrderSort (0ms)
		DisableScriptedObjects (13ms)
		BackupInstance (0ms)
		ReleaseScriptingObjects (0ms)
		CreateAndSetChildDomain (52ms)
	RebuildCommonClasses (33ms)
	RebuildNativeTypeToScriptingClass (11ms)
	initialDomainReloadingComplete (30ms)
	LoadAllAssembliesAndSetupDomain (460ms)
		LoadAssemblies (372ms)
		RebuildTransferFunctionScriptingTraits (0ms)
		AnalyzeDomain (181ms)
			TypeCache.Refresh (6ms)
				TypeCache.ScanAssembly (0ms)
			BuildScriptInfoCaches (160ms)
			ResolveRequiredComponents (9ms)
	FinalizeReload (759ms)
		ReleaseScriptCaches (0ms)
		RebuildScriptCaches (0ms)
		SetupLoadedEditorAssemblies (597ms)
			LogAssemblyErrors (0ms)
			InitializePlatformSupportModulesInManaged (10ms)
			SetLoadedEditorAssemblies (5ms)
			BeforeProcessingInitializeOnLoad (161ms)
			ProcessInitializeOnLoadAttributes (332ms)
			ProcessInitializeOnLoadMethodAttributes (80ms)
			AfterProcessingInitializeOnLoad (9ms)
			EditorAssembliesLoaded (0ms)
		ExecutionOrderSort2 (0ms)
		AwakeInstancesAfterBackupRestoration (16ms)
Refreshing native plugins compatible for Editor in 1.96 ms, found 4 plugins.
Preloading 0 native plugins for Editor in 0.00 ms.
Unloading 16 Unused Serialized files (Serialized files now loaded: 0)
Unloading 6874 unused Assets / (5.0 MB). Loaded Objects now: 7946.
Memory consumption went from 159.3 MB to 154.3 MB.
Total: 11.555300 ms (FindLiveObjects: 0.875500 ms CreateObjectMapping: 0.829600 ms MarkObjects: 6.619800 ms  DeleteObjects: 3.229100 ms)

Prepare: number of updated asset objects reloaded= 0
========================================================================
Received Import Request.
  Time since last request: 428.821425 seconds.
  path: Assets/New Asssets/Plant Animations/BlueFlower2/BluePlantClosed_00058.png
  artifactKey: Guid(120ce766de69caa429a908fc5d0b46b5) Importer(815301076,1909f56bfc062723c751e8b465ee728b)
Start importing Assets/New Asssets/Plant Animations/BlueFlower2/BluePlantClosed_00058.png using Guid(120ce766de69caa429a908fc5d0b46b5) Importer(815301076,1909f56bfc062723c751e8b465ee728b) (PreviewImporter) -> (artifact id: '7328d16512e2f3e923a2e76cbf163044') in 0.1448053 seconds
Number of updated asset objects reloaded before import = 0Number of asset objects unloaded after import = 9

========================================================================
Received Import Request.
  Time since last request: 0.000016 seconds.
  path: Assets/New Asssets/Plant Animations/BlueFlower2/BluePlantClosed_00046.png
  artifactKey: Guid(c2828c5183acd2542a03b5c3827386da) Importer(815301076,1909f56bfc062723c751e8b465ee728b)
Start importing Assets/New Asssets/Plant Animations/BlueFlower2/BluePlantClosed_00046.png using Guid(c2828c5183acd2542a03b5c3827386da) Importer(815301076,1909f56bfc062723c751e8b465ee728b) (PreviewImporter) -> (artifact id: '12d745c7fdb22eeba99fa031ba3a7484') in 0.0689378 seconds
Number of updated asset objects reloaded before import = 0Number of asset objects unloaded after import = 8

========================================================================
Received Import Request.
  Time since last request: 0.000021 seconds.
  path: Assets/New Asssets/Plant Animations/BlueFlower2/BluePlantClosed_00047.png
  artifactKey: Guid(ee4ad509b54ef2149a2c2a937b4f9554) Importer(815301076,1909f56bfc062723c751e8b465ee728b)
Start importing Assets/New Asssets/Plant Animations/BlueFlower2/BluePlantClosed_00047.png using Guid(ee4ad509b54ef2149a2c2a937b4f9554) Importer(815301076,1909f56bfc062723c751e8b465ee728b) (PreviewImporter) -> (artifact id: '9b2ff4e083bef727f8e721f34d44bfe8') in 0.0419239 seconds
Number of updated asset objects reloaded before import = 0Number of asset objects unloaded after import = 8

========================================================================
Received Import Request.
  Time since last request: 0.000029 seconds.
  path: Assets/New Asssets/Plant Animations/BlueFlower2/BluePlantClosed_00014.png
  artifactKey: Guid(b68cda64dc60102489fc0558e4dc4412) Importer(815301076,1909f56bfc062723c751e8b465ee728b)
Start importing Assets/New Asssets/Plant Animations/BlueFlower2/BluePlantClosed_00014.png using Guid(b68cda64dc60102489fc0558e4dc4412) Importer(815301076,1909f56bfc062723c751e8b465ee728b) (PreviewImporter) -> (artifact id: '0b906aa8e472996dddceceb3b10b055f') in 0.0469962 seconds
Number of updated asset objects reloaded before import = 0Number of asset objects unloaded after import = 8

========================================================================
Received Import Request.
  Time since last request: 0.000024 seconds.
  path: Assets/New Asssets/Plant Animations/BlueFlower2/BluePlantClosed_00013.png
  artifactKey: Guid(3f5a79d95e9bac24196fea5374d40e50) Importer(815301076,1909f56bfc062723c751e8b465ee728b)
Start importing Assets/New Asssets/Plant Animations/BlueFlower2/BluePlantClosed_00013.png using Guid(3f5a79d95e9bac24196fea5374d40e50) Importer(815301076,1909f56bfc062723c751e8b465ee728b) (PreviewImporter) -> (artifact id: '10ded476d4fb00fb47e1c75887eab31f') in 0.0314167 seconds
Number of updated asset objects reloaded before import = 0Number of asset objects unloaded after import = 8

========================================================================
Received Import Request.
  Time since last request: 0.000015 seconds.
  path: Assets/New Asssets/Plant Animations/BlueFlower2/BluePlantClosed_00022.png
  artifactKey: Guid(42e97bd6460f3384886cc89484b28d7e) Importer(815301076,1909f56bfc062723c751e8b465ee728b)
Start importing Assets/New Asssets/Plant Animations/BlueFlower2/BluePlantClosed_00022.png using Guid(42e97bd6460f3384886cc89484b28d7e) Importer(815301076,1909f56bfc062723c751e8b465ee728b) (PreviewImporter) -> (artifact id: 'c7e2bedee43b7e4c5f0c3704aa1c1ca0') in 0.0400013 seconds
Number of updated asset objects reloaded before import = 0Number of asset objects unloaded after import = 7

========================================================================
Received Import Request.
  Time since last request: 0.000021 seconds.
  path: Assets/New Asssets/Plant Animations/BlueFlower1/BlueFlower_00055.png
  artifactKey: Guid(0fa9032054daab54688c6eb537434f93) Importer(815301076,1909f56bfc062723c751e8b465ee728b)
Start importing Assets/New Asssets/Plant Animations/BlueFlower1/BlueFlower_00055.png using Guid(0fa9032054daab54688c6eb537434f93) Importer(815301076,1909f56bfc062723c751e8b465ee728b) (PreviewImporter) -> (artifact id: '40f70b4b4e59b0541367bf7e135101fd') in 0.0245842 seconds
Number of updated asset objects reloaded before import = 0Number of asset objects unloaded after import = 3

========================================================================
Received Import Request.
  Time since last request: 0.000034 seconds.
  path: Assets/New Asssets/Plant Animations/BlueFlower1/BlueFlower_00013.png
  artifactKey: Guid(87bfa662d1c913643af9e0281d8759b5) Importer(815301076,1909f56bfc062723c751e8b465ee728b)
Start importing Assets/New Asssets/Plant Animations/BlueFlower1/BlueFlower_00013.png using Guid(87bfa662d1c913643af9e0281d8759b5) Importer(815301076,1909f56bfc062723c751e8b465ee728b) (PreviewImporter) -> (artifact id: '6f62d9528f1bac615bd2810237f54b68') in 0.0228313 seconds
Number of updated asset objects reloaded before import = 0Number of asset objects unloaded after import = 3

========================================================================
Received Import Request.
  Time since last request: 0.000021 seconds.
  path: Assets/New Asssets/Plant Animations/BlueFlower1/BlueFlower_00044.png
  artifactKey: Guid(b1a0eb5dc7e410d48a438f78d06e0071) Importer(815301076,1909f56bfc062723c751e8b465ee728b)
Start importing Assets/New Asssets/Plant Animations/BlueFlower1/BlueFlower_00044.png using Guid(b1a0eb5dc7e410d48a438f78d06e0071) Importer(815301076,1909f56bfc062723c751e8b465ee728b) (PreviewImporter) -> (artifact id: '0569fd6c951fd8785ed354e8b1965a58') in 0.0212375 seconds
Number of updated asset objects reloaded before import = 0Number of asset objects unloaded after import = 3

========================================================================
Received Import Request.
  Time since last request: 0.000025 seconds.
  path: Assets/New Asssets/Plant Animations/BlueFlower1/BlueFlower_00041.png
  artifactKey: Guid(bd598e3bb61fb36438a81e44f4cc37c2) Importer(815301076,1909f56bfc062723c751e8b465ee728b)
Start importing Assets/New Asssets/Plant Animations/BlueFlower1/BlueFlower_00041.png using Guid(bd598e3bb61fb36438a81e44f4cc37c2) Importer(815301076,1909f56bfc062723c751e8b465ee728b) (PreviewImporter) -> (artifact id: 'd8512ede7f559f41c8bd0cfea6072f5c') in 0.0198514 seconds
Number of updated asset objects reloaded before import = 0Number of asset objects unloaded after import = 3

========================================================================
Received Import Request.
  Time since last request: 0.000021 seconds.
  path: Assets/New Asssets/Plant Animations/BlueFlower1/BlueFlower_00048.png
  artifactKey: Guid(d188d4e6127ed8844ad3285390e0d20e) Importer(815301076,1909f56bfc062723c751e8b465ee728b)
Start importing Assets/New Asssets/Plant Animations/BlueFlower1/BlueFlower_00048.png using Guid(d188d4e6127ed8844ad3285390e0d20e) Importer(815301076,1909f56bfc062723c751e8b465ee728b) (PreviewImporter) -> (artifact id: '7f7a695e8c46d024e8d0493ca14b9ce8') in 0.0197667 seconds
Number of updated asset objects reloaded before import = 0Number of asset objects unloaded after import = 3

========================================================================
Received Import Request.
  Time since last request: 0.000036 seconds.
  path: Assets/New Asssets/Plant Animations/BlueFlower2/BluePlantClosed_00001.png
  artifactKey: Guid(f988e82d6f8d2b94fba40c299bd997e3) Importer(815301076,1909f56bfc062723c751e8b465ee728b)
Start importing Assets/New Asssets/Plant Animations/BlueFlower2/BluePlantClosed_00001.png using Guid(f988e82d6f8d2b94fba40c299bd997e3) Importer(815301076,1909f56bfc062723c751e8b465ee728b) (PreviewImporter) -> (artifact id: 'd5548d610d3a33838f1c1250c0a8c94e') in 0.0370319 seconds
Number of updated asset objects reloaded before import = 0Number of asset objects unloaded after import = 8

========================================================================
Received Import Request.
  Time since last request: 0.000021 seconds.
  path: Assets/New Asssets/Plant Animations/BlueFlower1/BlueFlower_00014.png
  artifactKey: Guid(82263b80d9ca15e4da767f2915450f69) Importer(815301076,1909f56bfc062723c751e8b465ee728b)
Start importing Assets/New Asssets/Plant Animations/BlueFlower1/BlueFlower_00014.png using Guid(82263b80d9ca15e4da767f2915450f69) Importer(815301076,1909f56bfc062723c751e8b465ee728b) (PreviewImporter) -> (artifact id: 'fab04b2678a3aee4bf1b380dddfb1c76') in 0.0184842 seconds
Number of updated asset objects reloaded before import = 0Number of asset objects unloaded after import = 3

========================================================================
Received Import Request.
  Time since last request: 0.000024 seconds.
  path: Assets/New Asssets/Plant Animations/BlueFlower2/BluePlantClosed_00008.png
  artifactKey: Guid(17adcd4bdef0e274e90d62f4f7e7f795) Importer(815301076,1909f56bfc062723c751e8b465ee728b)
Start importing Assets/New Asssets/Plant Animations/BlueFlower2/BluePlantClosed_00008.png using Guid(17adcd4bdef0e274e90d62f4f7e7f795) Importer(815301076,1909f56bfc062723c751e8b465ee728b) (PreviewImporter) -> (artifact id: 'b3efe01072589b5a3713c0b6daeee0d1') in 0.0291582 seconds
Number of updated asset objects reloaded before import = 0Number of asset objects unloaded after import = 8

========================================================================
Received Import Request.
  Time since last request: 0.000023 seconds.
  path: Assets/New Asssets/Plant Animations/BlueFlower1/BlueFlower_00009.png
  artifactKey: Guid(688924bd6f764ba48963a60a1f544b35) Importer(815301076,1909f56bfc062723c751e8b465ee728b)
Start importing Assets/New Asssets/Plant Animations/BlueFlower1/BlueFlower_00009.png using Guid(688924bd6f764ba48963a60a1f544b35) Importer(815301076,1909f56bfc062723c751e8b465ee728b) (PreviewImporter) -> (artifact id: '2577032a0d5ee1f080ea163a973e2704') in 0.0189794 seconds
Number of updated asset objects reloaded before import = 0Number of asset objects unloaded after import = 3

========================================================================
Received Import Request.
  Time since last request: 0.000034 seconds.
  path: Assets/New Asssets/Plant Animations/BlueFlower1/BlueFlower_00051.png
  artifactKey: Guid(c7fd5e9a07cc2904b87e6fafb1e1733a) Importer(815301076,1909f56bfc062723c751e8b465ee728b)
Start importing Assets/New Asssets/Plant Animations/BlueFlower1/BlueFlower_00051.png using Guid(c7fd5e9a07cc2904b87e6fafb1e1733a) Importer(815301076,1909f56bfc062723c751e8b465ee728b) (PreviewImporter) -> (artifact id: 'fe5d61f6d860300df7dd45acc181f1e9') in 0.0189005 seconds
Number of updated asset objects reloaded before import = 0Number of asset objects unloaded after import = 3

========================================================================
Received Import Request.
  Time since last request: 0.000016 seconds.
  path: Assets/New Asssets/Plant Animations/BlueFlower2/BluePlantClosed_00011.png
  artifactKey: Guid(c31a0f8363301fc41a96d28d39d088d9) Importer(815301076,1909f56bfc062723c751e8b465ee728b)
Start importing Assets/New Asssets/Plant Animations/BlueFlower2/BluePlantClosed_00011.png using Guid(c31a0f8363301fc41a96d28d39d088d9) Importer(815301076,1909f56bfc062723c751e8b465ee728b) (PreviewImporter) -> (artifact id: 'a268367e48e0e2cd34e3769b7716f2f9') in 0.0332949 seconds
Number of updated asset objects reloaded before import = 0Number of asset objects unloaded after import = 8

========================================================================
Received Import Request.
  Time since last request: 0.000019 seconds.
  path: Assets/New Asssets/Plant Animations/BlueFlower1/BlueFlower_00038.png
  artifactKey: Guid(a897ba906bb24f742a4c17e44398113a) Importer(815301076,1909f56bfc062723c751e8b465ee728b)
Start importing Assets/New Asssets/Plant Animations/BlueFlower1/BlueFlower_00038.png using Guid(a897ba906bb24f742a4c17e44398113a) Importer(815301076,1909f56bfc062723c751e8b465ee728b) (PreviewImporter) -> (artifact id: '5a17db2d89b331285dbc21cfd1c5d0f6') in 0.0189554 seconds
Number of updated asset objects reloaded before import = 0Number of asset objects unloaded after import = 3

========================================================================
Received Import Request.
  Time since last request: 0.000016 seconds.
  path: Assets/New Asssets/Plant Animations/BlueFlower1/BlueFlower_00039.png
  artifactKey: Guid(27f344f425b84764c9ace1a70516526c) Importer(815301076,1909f56bfc062723c751e8b465ee728b)
Start importing Assets/New Asssets/Plant Animations/BlueFlower1/BlueFlower_00039.png using Guid(27f344f425b84764c9ace1a70516526c) Importer(815301076,1909f56bfc062723c751e8b465ee728b) (PreviewImporter) -> (artifact id: '3c7d0339dbc0ce081d504a8bccb4f744') in 0.0189897 seconds
Number of updated asset objects reloaded before import = 0Number of asset objects unloaded after import = 3

========================================================================
Received Import Request.
  Time since last request: 0.000021 seconds.
  path: Assets/New Asssets/Plant Animations/BlueFlower1/BlueFlower_00011.png
  artifactKey: Guid(31061eae97c5d7145836e48f9bfb42bd) Importer(815301076,1909f56bfc062723c751e8b465ee728b)
Start importing Assets/New Asssets/Plant Animations/BlueFlower1/BlueFlower_00011.png using Guid(31061eae97c5d7145836e48f9bfb42bd) Importer(815301076,1909f56bfc062723c751e8b465ee728b) (PreviewImporter) -> (artifact id: 'e5b2a58c9b99fd143849c8b31916b7b4') in 0.0186875 seconds
Number of updated asset objects reloaded before import = 0Number of asset objects unloaded after import = 3

========================================================================
Received Import Request.
  Time since last request: 0.000032 seconds.
  path: Assets/New Asssets/Plant Animations/BlueFlower2/BluePlantClosed_00027.png
  artifactKey: Guid(7cbd75345643f554c8191c40adc14d14) Importer(815301076,1909f56bfc062723c751e8b465ee728b)
Start importing Assets/New Asssets/Plant Animations/BlueFlower2/BluePlantClosed_00027.png using Guid(7cbd75345643f554c8191c40adc14d14) Importer(815301076,1909f56bfc062723c751e8b465ee728b) (PreviewImporter) -> (artifact id: '92234d653802164678ae7d66a098b255') in 0.0277295 seconds
Number of updated asset objects reloaded before import = 0Number of asset objects unloaded after import = 7

========================================================================
Received Import Request.
  Time since last request: 0.000023 seconds.
  path: Assets/New Asssets/Plant Animations/BlueFlower2/BluePlantClosed_00002.png
  artifactKey: Guid(50f757707eb916b4aa2abf9995255a29) Importer(815301076,1909f56bfc062723c751e8b465ee728b)
Start importing Assets/New Asssets/Plant Animations/BlueFlower2/BluePlantClosed_00002.png using Guid(50f757707eb916b4aa2abf9995255a29) Importer(815301076,1909f56bfc062723c751e8b465ee728b) (PreviewImporter) -> (artifact id: '46d71fca9b4b01e8fa8ad4a28e3428c6') in 0.0293816 seconds
Number of updated asset objects reloaded before import = 0Number of asset objects unloaded after import = 8

========================================================================
Received Import Request.
  Time since last request: 0.000019 seconds.
  path: Assets/New Asssets/Plant Animations/BlueFlower2/BluePlantClosed_00020.png
  artifactKey: Guid(94fa89cfa8931664fb3bfc804d2b09e2) Importer(815301076,1909f56bfc062723c751e8b465ee728b)
Start importing Assets/New Asssets/Plant Animations/BlueFlower2/BluePlantClosed_00020.png using Guid(94fa89cfa8931664fb3bfc804d2b09e2) Importer(815301076,1909f56bfc062723c751e8b465ee728b) (PreviewImporter) -> (artifact id: '24beb4d94915d71ff6e798f12cea3d5f') in 0.0282545 seconds
Number of updated asset objects reloaded before import = 0Number of asset objects unloaded after import = 7

========================================================================
Received Import Request.
  Time since last request: 0.000021 seconds.
  path: Assets/New Asssets/Plant Animations/BlueFlower1/BlueFlower_00054.png
  artifactKey: Guid(9035374e3dde1aa4086892a15a015bdd) Importer(815301076,1909f56bfc062723c751e8b465ee728b)
Start importing Assets/New Asssets/Plant Animations/BlueFlower1/BlueFlower_00054.png using Guid(9035374e3dde1aa4086892a15a015bdd) Importer(815301076,1909f56bfc062723c751e8b465ee728b) (PreviewImporter) -> (artifact id: '9af0647095e14b12addd3bc6fdfc674e') in 0.020369 seconds
Number of updated asset objects reloaded before import = 0Number of asset objects unloaded after import = 3

========================================================================
Received Import Request.
  Time since last request: 0.000033 seconds.
  path: Assets/New Asssets/Plant Animations/BlueFlower1/BlueFlower_00056.png
  artifactKey: Guid(f47e4b9a47638d14e9c9813997e19ad7) Importer(815301076,1909f56bfc062723c751e8b465ee728b)
Start importing Assets/New Asssets/Plant Animations/BlueFlower1/BlueFlower_00056.png using Guid(f47e4b9a47638d14e9c9813997e19ad7) Importer(815301076,1909f56bfc062723c751e8b465ee728b) (PreviewImporter) -> (artifact id: '90c695279d724ca94b8b8d754041cd6b') in 0.0213922 seconds
Number of updated asset objects reloaded before import = 0Number of asset objects unloaded after import = 3

========================================================================
Received Import Request.
  Time since last request: 0.000020 seconds.
  path: Assets/New Asssets/Plant Animations/BlueFlower1/BlueFlower_00043.png
  artifactKey: Guid(e6a5c230f0f7dc0419f1916a9aa16ef9) Importer(815301076,1909f56bfc062723c751e8b465ee728b)
Start importing Assets/New Asssets/Plant Animations/BlueFlower1/BlueFlower_00043.png using Guid(e6a5c230f0f7dc0419f1916a9aa16ef9) Importer(815301076,1909f56bfc062723c751e8b465ee728b) (PreviewImporter) -> (artifact id: 'd821ce1494a84c1861eb099056ee82af') in 0.0201876 seconds
Number of updated asset objects reloaded before import = 0Number of asset objects unloaded after import = 3

========================================================================
Received Import Request.
  Time since last request: 0.000024 seconds.
  path: Assets/New Asssets/Plant Animations/BlueFlower1/BlueFlower_00017.png
  artifactKey: Guid(4648f9a0de69ad94987d0a08e6de5edf) Importer(815301076,1909f56bfc062723c751e8b465ee728b)
Start importing Assets/New Asssets/Plant Animations/BlueFlower1/BlueFlower_00017.png using Guid(4648f9a0de69ad94987d0a08e6de5edf) Importer(815301076,1909f56bfc062723c751e8b465ee728b) (PreviewImporter) -> (artifact id: '514c166f5ff7fc4b2eb76d12e61c7e14') in 0.019058 seconds
Number of updated asset objects reloaded before import = 0Number of asset objects unloaded after import = 3

========================================================================
Received Import Request.
  Time since last request: 0.000027 seconds.
  path: Assets/New Asssets/Plant Animations/BlueFlower1/BlueFlower_00040.png
  artifactKey: Guid(e8f1fb4e4964ba24c8ab7439b40f8c79) Importer(815301076,1909f56bfc062723c751e8b465ee728b)
Start importing Assets/New Asssets/Plant Animations/BlueFlower1/BlueFlower_00040.png using Guid(e8f1fb4e4964ba24c8ab7439b40f8c79) Importer(815301076,1909f56bfc062723c751e8b465ee728b) (PreviewImporter) -> (artifact id: '40fd4164da026806c4f89e87b0db6a30') in 0.0179443 seconds
Number of updated asset objects reloaded before import = 0Number of asset objects unloaded after import = 3

========================================================================
Received Import Request.
  Time since last request: 0.000031 seconds.
  path: Assets/New Asssets/Plant Animations/BlueFlower2/BluePlantClosed_00039.png
  artifactKey: Guid(6b9dc3516b782e94a8612712eabc9a34) Importer(815301076,1909f56bfc062723c751e8b465ee728b)
Start importing Assets/New Asssets/Plant Animations/BlueFlower2/BluePlantClosed_00039.png using Guid(6b9dc3516b782e94a8612712eabc9a34) Importer(815301076,1909f56bfc062723c751e8b465ee728b) (PreviewImporter) -> (artifact id: 'd119a35d20870c4a5437707c3b2aa763') in 0.0315629 seconds
Number of updated asset objects reloaded before import = 0Number of asset objects unloaded after import = 8

========================================================================
Received Import Request.
  Time since last request: 0.000018 seconds.
  path: Assets/New Asssets/Plant Animations/BlueFlower1/BlueFlower_00034.png
  artifactKey: Guid(934040300339bd640a1cbb51b18b9960) Importer(815301076,1909f56bfc062723c751e8b465ee728b)
Start importing Assets/New Asssets/Plant Animations/BlueFlower1/BlueFlower_00034.png using Guid(934040300339bd640a1cbb51b18b9960) Importer(815301076,1909f56bfc062723c751e8b465ee728b) (PreviewImporter) -> (artifact id: 'a6aaeb1e078f7b1e6316d9f4de5bd67a') in 0.017941 seconds
Number of updated asset objects reloaded before import = 0Number of asset objects unloaded after import = 3

========================================================================
Received Import Request.
  Time since last request: 0.000021 seconds.
  path: Assets/New Asssets/Plant Animations/BlueFlower1/BlueFlower_00049.png
  artifactKey: Guid(bd9a5ae3962e6c943b275bc5d852658a) Importer(815301076,1909f56bfc062723c751e8b465ee728b)
Start importing Assets/New Asssets/Plant Animations/BlueFlower1/BlueFlower_00049.png using Guid(bd9a5ae3962e6c943b275bc5d852658a) Importer(815301076,1909f56bfc062723c751e8b465ee728b) (PreviewImporter) -> (artifact id: '2820314cdf01fe65bb50d55769ef3eb8') in 0.0177292 seconds
Number of updated asset objects reloaded before import = 0Number of asset objects unloaded after import = 3

========================================================================
Received Import Request.
  Time since last request: 0.000021 seconds.
  path: Assets/New Asssets/Plant Animations/BlueFlower1/BlueFlower_00059.png
  artifactKey: Guid(9d783a889d936484182a4f4378082714) Importer(815301076,1909f56bfc062723c751e8b465ee728b)
Start importing Assets/New Asssets/Plant Animations/BlueFlower1/BlueFlower_00059.png using Guid(9d783a889d936484182a4f4378082714) Importer(815301076,1909f56bfc062723c751e8b465ee728b) (PreviewImporter) -> (artifact id: 'dab81c29668b6e4758d530e000626d89') in 0.0196702 seconds
Number of updated asset objects reloaded before import = 0Number of asset objects unloaded after import = 3

========================================================================
Received Import Request.
  Time since last request: 0.000023 seconds.
  path: Assets/New Asssets/Plant Animations/BlueFlower2/BluePlantClosed_00006.png
  artifactKey: Guid(c8a17e38ef044d84fad279a7de0949ab) Importer(815301076,1909f56bfc062723c751e8b465ee728b)
Start importing Assets/New Asssets/Plant Animations/BlueFlower2/BluePlantClosed_00006.png using Guid(c8a17e38ef044d84fad279a7de0949ab) Importer(815301076,1909f56bfc062723c751e8b465ee728b) (PreviewImporter) -> (artifact id: '9f00f8e6f2e7e75bf8ebf7aa79eff62a') in 0.030713 seconds
Number of updated asset objects reloaded before import = 0Number of asset objects unloaded after import = 8

========================================================================
Received Import Request.
  Time since last request: 0.000025 seconds.
  path: Assets/New Asssets/Plant Animations/BlueFlower1/BlueFlower_00050.png
  artifactKey: Guid(e007dd4327bf950409767c26e007fa88) Importer(815301076,1909f56bfc062723c751e8b465ee728b)
Start importing Assets/New Asssets/Plant Animations/BlueFlower1/BlueFlower_00050.png using Guid(e007dd4327bf950409767c26e007fa88) Importer(815301076,1909f56bfc062723c751e8b465ee728b) (PreviewImporter) -> (artifact id: '4406b7c00232537bcc561c556a8f5634') in 0.019295 seconds
Number of updated asset objects reloaded before import = 0Number of asset objects unloaded after import = 3

========================================================================
Received Import Request.
  Time since last request: 0.085353 seconds.
  path: Assets/New Asssets/Plant Animations/BlueFlower1/BlueFlower_00002.png
  artifactKey: Guid(670c56d0faa49e54e90257051ac7a6d6) Importer(815301076,1909f56bfc062723c751e8b465ee728b)
Start importing Assets/New Asssets/Plant Animations/BlueFlower1/BlueFlower_00002.png using Guid(670c56d0faa49e54e90257051ac7a6d6) Importer(815301076,1909f56bfc062723c751e8b465ee728b) (PreviewImporter) -> (artifact id: 'f83f655b7e5fea53c2717f9b3fbb1e09') in 0.0190341 seconds
Number of updated asset objects reloaded before import = 0Number of asset objects unloaded after import = 3

========================================================================
Received Import Request.
  Time since last request: 0.000021 seconds.
  path: Assets/New Asssets/Plant Animations/BlueFlower1/BlueFlower_00000.png
  artifactKey: Guid(fb239b6d1f3cb224db9a999820bef1d0) Importer(815301076,1909f56bfc062723c751e8b465ee728b)
Start importing Assets/New Asssets/Plant Animations/BlueFlower1/BlueFlower_00000.png using Guid(fb239b6d1f3cb224db9a999820bef1d0) Importer(815301076,1909f56bfc062723c751e8b465ee728b) (PreviewImporter) -> (artifact id: '84487426ef15c2ad5f2535b452075524') in 0.0193423 seconds
Number of updated asset objects reloaded before import = 0Number of asset objects unloaded after import = 3

========================================================================
Received Import Request.
  Time since last request: 0.000030 seconds.
  path: Assets/New Asssets/Plant Animations/BlueFlower1/BlueFlower_00008.png
  artifactKey: Guid(fe030d05ab26e30428d0120c172e5170) Importer(815301076,1909f56bfc062723c751e8b465ee728b)
Start importing Assets/New Asssets/Plant Animations/BlueFlower1/BlueFlower_00008.png using Guid(fe030d05ab26e30428d0120c172e5170) Importer(815301076,1909f56bfc062723c751e8b465ee728b) (PreviewImporter) -> (artifact id: '9f196c7fd7675cf9c73ae363b926f472') in 0.0201355 seconds
Number of updated asset objects reloaded before import = 0Number of asset objects unloaded after import = 3

========================================================================
Received Import Request.
  Time since last request: 0.000016 seconds.
  path: Assets/New Asssets/Plant Animations/BlueFlower1/BlueFlower_00005.png
  artifactKey: Guid(1ec3c3dd325e10c40b0cefef2ca7f5c2) Importer(815301076,1909f56bfc062723c751e8b465ee728b)
Start importing Assets/New Asssets/Plant Animations/BlueFlower1/BlueFlower_00005.png using Guid(1ec3c3dd325e10c40b0cefef2ca7f5c2) Importer(815301076,1909f56bfc062723c751e8b465ee728b) (PreviewImporter) -> (artifact id: '0d64113550b8b85801ad1fe2d26be288') in 0.0184105 seconds
Number of updated asset objects reloaded before import = 0Number of asset objects unloaded after import = 3

========================================================================
Received Import Request.
  Time since last request: 1.942908 seconds.
  path: Assets/New Asssets/Plant Animations/BlueFlower1/BlueFlower_00019.png
  artifactKey: Guid(b88d144da72be9f449c30ab6f395e3f1) Importer(815301076,1909f56bfc062723c751e8b465ee728b)
Start importing Assets/New Asssets/Plant Animations/BlueFlower1/BlueFlower_00019.png using Guid(b88d144da72be9f449c30ab6f395e3f1) Importer(815301076,1909f56bfc062723c751e8b465ee728b) (PreviewImporter) -> (artifact id: 'dd99815832a4c2c6198f4c7b77b949d1') in 0.0229727 seconds
Number of updated asset objects reloaded before import = 0Number of asset objects unloaded after import = 3

========================================================================
Received Import Request.
  Time since last request: 0.000017 seconds.
  path: Assets/New Asssets/Plant Animations/BlueFlower1/BlueFlower_00021.png
  artifactKey: Guid(831da7452e2b9534b91b9b53dbc15644) Importer(815301076,1909f56bfc062723c751e8b465ee728b)
Start importing Assets/New Asssets/Plant Animations/BlueFlower1/BlueFlower_00021.png using Guid(831da7452e2b9534b91b9b53dbc15644) Importer(815301076,1909f56bfc062723c751e8b465ee728b) (PreviewImporter) -> (artifact id: 'ca506215568f99d542ebc27cb7f07dad') in 0.0203214 seconds
Number of updated asset objects reloaded before import = 0Number of asset objects unloaded after import = 3

========================================================================
Received Import Request.
  Time since last request: 0.234654 seconds.
  path: Assets/New Asssets/Plant Animations/BlueFlower1/BlueFlower_00024.png
  artifactKey: Guid(b145aacdf7844184392d12399e28eb16) Importer(815301076,1909f56bfc062723c751e8b465ee728b)
Start importing Assets/New Asssets/Plant Animations/BlueFlower1/BlueFlower_00024.png using Guid(b145aacdf7844184392d12399e28eb16) Importer(815301076,1909f56bfc062723c751e8b465ee728b) (PreviewImporter) -> (artifact id: '5b3b2f10b883663c675412e0f6c8489d') in 0.0211594 seconds
Number of updated asset objects reloaded before import = 0Number of asset objects unloaded after import = 3

========================================================================
Received Import Request.
  Time since last request: 0.000019 seconds.
  path: Assets/New Asssets/Plant Animations/BlueFlower1/BlueFlower_00027.png
  artifactKey: Guid(1a50b4921f764d24a817ff43a4c5b4ec) Importer(815301076,1909f56bfc062723c751e8b465ee728b)
Start importing Assets/New Asssets/Plant Animations/BlueFlower1/BlueFlower_00027.png using Guid(1a50b4921f764d24a817ff43a4c5b4ec) Importer(815301076,1909f56bfc062723c751e8b465ee728b) (PreviewImporter) -> (artifact id: 'f394570837d09516d3d80573e78aee2b') in 0.0211558 seconds
Number of updated asset objects reloaded before import = 0Number of asset objects unloaded after import = 3

========================================================================
Received Import Request.
  Time since last request: 18.358721 seconds.
  path: Assets/New Asssets/Plant Animations/BlueFlower2/BluePlantClosed_00038.png
  artifactKey: Guid(c9a802c292b1f0541bea9dc8c1e0a633) Importer(815301076,1909f56bfc062723c751e8b465ee728b)
Start importing Assets/New Asssets/Plant Animations/BlueFlower2/BluePlantClosed_00038.png using Guid(c9a802c292b1f0541bea9dc8c1e0a633) Importer(815301076,1909f56bfc062723c751e8b465ee728b) (PreviewImporter) -> (artifact id: '23471c2e1a6eaa2e76b8d57300f1802b') in 0.0287293 seconds
Number of updated asset objects reloaded before import = 0Number of asset objects unloaded after import = 8

========================================================================
Received Import Request.
  Time since last request: 0.282394 seconds.
  path: Assets/New Asssets/Plant Animations/BlueFlower2/BluePlantClosed_00045.png
  artifactKey: Guid(d8706b992811ea14a814b07041fe2f0d) Importer(815301076,1909f56bfc062723c751e8b465ee728b)
Start importing Assets/New Asssets/Plant Animations/BlueFlower2/BluePlantClosed_00045.png using Guid(d8706b992811ea14a814b07041fe2f0d) Importer(815301076,1909f56bfc062723c751e8b465ee728b) (PreviewImporter) -> (artifact id: 'b0ec4db1814065a290b72cbc911215c6') in 0.0296067 seconds
Number of updated asset objects reloaded before import = 0Number of asset objects unloaded after import = 8

========================================================================
Received Import Request.
  Time since last request: 0.120684 seconds.
  path: Assets/New Asssets/Plant Animations/BlueFlower2/BluePlantClosed_00050.png
  artifactKey: Guid(d9ccde711b6b8fb44acba8bda45457b5) Importer(815301076,1909f56bfc062723c751e8b465ee728b)
Start importing Assets/New Asssets/Plant Animations/BlueFlower2/BluePlantClosed_00050.png using Guid(d9ccde711b6b8fb44acba8bda45457b5) Importer(815301076,1909f56bfc062723c751e8b465ee728b) (PreviewImporter) -> (artifact id: '76e13d2df9b18562f32bcf455edd0d15') in 0.0263353 seconds
Number of updated asset objects reloaded before import = 0Number of asset objects unloaded after import = 8

========================================================================
Received Import Request.
  Time since last request: 0.000018 seconds.
  path: Assets/New Asssets/Plant Animations/BlueFlower2/BluePlantClosed_00053.png
  artifactKey: Guid(a24d8590c209f804d8298d8734db5cf7) Importer(815301076,1909f56bfc062723c751e8b465ee728b)
Start importing Assets/New Asssets/Plant Animations/BlueFlower2/BluePlantClosed_00053.png using Guid(a24d8590c209f804d8298d8734db5cf7) Importer(815301076,1909f56bfc062723c751e8b465ee728b) (PreviewImporter) -> (artifact id: '6d264b5b6314003529fdfe4b3d8dc210') in 0.0293305 seconds
Number of updated asset objects reloaded before import = 0Number of asset objects unloaded after import = 8

========================================================================
Received Import Request.
  Time since last request: 0.515462 seconds.
  path: Assets/New Asssets/BlueWizard/2BlueWizardJump/DashEffect/BlueWizardDash_00001.png
  artifactKey: Guid(3c41a453459359446ad2e1946a99b471) Importer(815301076,1909f56bfc062723c751e8b465ee728b)
Start importing Assets/New Asssets/BlueWizard/2BlueWizardJump/DashEffect/BlueWizardDash_00001.png using Guid(3c41a453459359446ad2e1946a99b471) Importer(815301076,1909f56bfc062723c751e8b465ee728b) (PreviewImporter) -> (artifact id: 'b4f94c818736454eea8eaed7c7d995ad') in 0.0200777 seconds
Number of updated asset objects reloaded before import = 0Number of asset objects unloaded after import = 3

========================================================================
Received Import Request.
  Time since last request: 0.000014 seconds.
  path: Assets/New Asssets/BlueWizard/2BlueWizardJump/DashEffect/BlueWizardDash_00003.png
  artifactKey: Guid(f7fe85b5585505c4d806708ded10ccb7) Importer(815301076,1909f56bfc062723c751e8b465ee728b)
Start importing Assets/New Asssets/BlueWizard/2BlueWizardJump/DashEffect/BlueWizardDash_00003.png using Guid(f7fe85b5585505c4d806708ded10ccb7) Importer(815301076,1909f56bfc062723c751e8b465ee728b) (PreviewImporter) -> (artifact id: '708dee31b190fae2e4e2bd96b44eb64a') in 0.0205329 seconds
Number of updated asset objects reloaded before import = 0Number of asset objects unloaded after import = 3

========================================================================
Received Import Request.
  Time since last request: 0.009144 seconds.
  path: Assets/New Asssets/BlueWizard/2BlueWizardJump/DashEffect/BlueWizardDash_00009.png
  artifactKey: Guid(93e6d4e6145752649a6e82bf03425d51) Importer(815301076,1909f56bfc062723c751e8b465ee728b)
Start importing Assets/New Asssets/BlueWizard/2BlueWizardJump/DashEffect/BlueWizardDash_00009.png using Guid(93e6d4e6145752649a6e82bf03425d51) Importer(815301076,1909f56bfc062723c751e8b465ee728b) (PreviewImporter) -> (artifact id: 'ba72db14cbad9316fa067a85076957d3') in 0.0211755 seconds
Number of updated asset objects reloaded before import = 0Number of asset objects unloaded after import = 3

========================================================================
Received Import Request.
  Time since last request: 0.000013 seconds.
  path: Assets/New Asssets/BlueWizard/2BlueWizardJump/DashEffect/BlueWizardDash_00015.png
  artifactKey: Guid(e8a574decb2d83b4fb713bbd103c59f4) Importer(815301076,1909f56bfc062723c751e8b465ee728b)
Start importing Assets/New Asssets/BlueWizard/2BlueWizardJump/DashEffect/BlueWizardDash_00015.png using Guid(e8a574decb2d83b4fb713bbd103c59f4) Importer(815301076,1909f56bfc062723c751e8b465ee728b) (PreviewImporter) -> (artifact id: 'db1ea558b2828095f755dec1e47c1ca2') in 0.0192274 seconds
Number of updated asset objects reloaded before import = 0Number of asset objects unloaded after import = 3

========================================================================
Received Import Request.
  Time since last request: 14.492337 seconds.
  path: Assets/New Asssets/Plant Animations/Plant 2/Plant2_00070.png
  artifactKey: Guid(94376ce0cbf669746b4a67f276b3b3bf) Importer(815301076,1909f56bfc062723c751e8b465ee728b)
Start importing Assets/New Asssets/Plant Animations/Plant 2/Plant2_00070.png using Guid(94376ce0cbf669746b4a67f276b3b3bf) Importer(815301076,1909f56bfc062723c751e8b465ee728b) (PreviewImporter) -> (artifact id: '2a2007fb0e34fc61510a6a2967d66196') in 0.0247952 seconds
Number of updated asset objects reloaded before import = 0Number of asset objects unloaded after import = 5

========================================================================
Received Import Request.
  Time since last request: 0.151294 seconds.
  path: Assets/New Asssets/Plant Animations/Plant 3/Plant3_00084.png
  artifactKey: Guid(7a1959246a44c2b4d8a7c5a2e108e73d) Importer(815301076,1909f56bfc062723c751e8b465ee728b)
Start importing Assets/New Asssets/Plant Animations/Plant 3/Plant3_00084.png using Guid(7a1959246a44c2b4d8a7c5a2e108e73d) Importer(815301076,1909f56bfc062723c751e8b465ee728b) (PreviewImporter) -> (artifact id: 'ed0c0a135e5d33c244c4922440bc0959') in 0.0215927 seconds
Number of updated asset objects reloaded before import = 0Number of asset objects unloaded after import = 4

========================================================================
Received Import Request.
  Time since last request: 0.001788 seconds.
  path: Assets/New Asssets/Plant Animations/Plant 4/Plant4_00025.png
  artifactKey: Guid(71378861dc823354cbcb1fd87a9ed4ae) Importer(815301076,1909f56bfc062723c751e8b465ee728b)
Start importing Assets/New Asssets/Plant Animations/Plant 4/Plant4_00025.png using Guid(71378861dc823354cbcb1fd87a9ed4ae) Importer(815301076,1909f56bfc062723c751e8b465ee728b) (PreviewImporter) -> (artifact id: '344248d1b8200626f9233d50bea30d8b') in 0.0179395 seconds
Number of updated asset objects reloaded before import = 0Number of asset objects unloaded after import = 3

========================================================================
Received Import Request.
  Time since last request: 0.115448 seconds.
  path: Assets/New Asssets/Plant Animations/Plant 4/Plant4_00029.png
  artifactKey: Guid(498bb1c427a3f37489880c49f4d98375) Importer(815301076,1909f56bfc062723c751e8b465ee728b)
Start importing Assets/New Asssets/Plant Animations/Plant 4/Plant4_00029.png using Guid(498bb1c427a3f37489880c49f4d98375) Importer(815301076,1909f56bfc062723c751e8b465ee728b) (PreviewImporter) -> (artifact id: '03e66122c77ab5dbd7ffa4f51f95a589') in 0.0199475 seconds
Number of updated asset objects reloaded before import = 0Number of asset objects unloaded after import = 3

========================================================================
Received Import Request.
  Time since last request: 0.000025 seconds.
  path: Assets/New Asssets/Plant Animations/Plant 4/Plant4_00041.png
  artifactKey: Guid(1701721d1b3957046a9d2df1b815e6dc) Importer(815301076,1909f56bfc062723c751e8b465ee728b)
Start importing Assets/New Asssets/Plant Animations/Plant 4/Plant4_00041.png using Guid(1701721d1b3957046a9d2df1b815e6dc) Importer(815301076,1909f56bfc062723c751e8b465ee728b) (PreviewImporter) -> (artifact id: 'b2a3102d204ff70386034224338de5ce') in 0.0190324 seconds
Number of updated asset objects reloaded before import = 0Number of asset objects unloaded after import = 3

========================================================================
Received Import Request.
  Time since last request: 0.000034 seconds.
  path: Assets/New Asssets/Plant Animations/Plant 4/Plant4_00055.png
  artifactKey: Guid(36d3f5ccbc7ad4746a4a2b68a9e01c7d) Importer(815301076,1909f56bfc062723c751e8b465ee728b)
Start importing Assets/New Asssets/Plant Animations/Plant 4/Plant4_00055.png using Guid(36d3f5ccbc7ad4746a4a2b68a9e01c7d) Importer(815301076,1909f56bfc062723c751e8b465ee728b) (PreviewImporter) -> (artifact id: '572c6dfd66a9e7986944ab530e7fc12a') in 0.0187208 seconds
Number of updated asset objects reloaded before import = 0Number of asset objects unloaded after import = 3

========================================================================
Received Import Request.
  Time since last request: 0.000015 seconds.
  path: Assets/New Asssets/Plant Animations/Plant 5/Plant5_00000.png
  artifactKey: Guid(00ac1ec56d2fcb8438dc97390ff553d0) Importer(815301076,1909f56bfc062723c751e8b465ee728b)
Start importing Assets/New Asssets/Plant Animations/Plant 5/Plant5_00000.png using Guid(00ac1ec56d2fcb8438dc97390ff553d0) Importer(815301076,1909f56bfc062723c751e8b465ee728b) (PreviewImporter) -> (artifact id: '006f4858e11c0bf3ac099f7ae2f35951') in 0.0184558 seconds
Number of updated asset objects reloaded before import = 0Number of asset objects unloaded after import = 3

========================================================================
Received Import Request.
  Time since last request: 0.000015 seconds.
  path: Assets/New Asssets/Plant Animations/Plant 5/Plant5_00001.png
  artifactKey: Guid(48b2ead412860584a91ed5e7a4af119e) Importer(815301076,1909f56bfc062723c751e8b465ee728b)
Start importing Assets/New Asssets/Plant Animations/Plant 5/Plant5_00001.png using Guid(48b2ead412860584a91ed5e7a4af119e) Importer(815301076,1909f56bfc062723c751e8b465ee728b) (PreviewImporter) -> (artifact id: '33666b0cfe68192b08bbf4f2fe31f641') in 0.0194512 seconds
Number of updated asset objects reloaded before import = 0Number of asset objects unloaded after import = 3

========================================================================
Received Import Request.
  Time since last request: 0.000024 seconds.
  path: Assets/New Asssets/Plant Animations/Plant 5/Plant5_00014.png
  artifactKey: Guid(e4b43a6b5d07211459f81d839bc3b872) Importer(815301076,1909f56bfc062723c751e8b465ee728b)
Start importing Assets/New Asssets/Plant Animations/Plant 5/Plant5_00014.png using Guid(e4b43a6b5d07211459f81d839bc3b872) Importer(815301076,1909f56bfc062723c751e8b465ee728b) (PreviewImporter) -> (artifact id: 'c8e939ac7f237bb2b29ca17d2282f277') in 0.0169936 seconds
Number of updated asset objects reloaded before import = 0Number of asset objects unloaded after import = 3

========================================================================
Received Import Request.
  Time since last request: 0.000019 seconds.
  path: Assets/New Asssets/Plant Animations/Plant 6/Plant6_00027.png
  artifactKey: Guid(8d714799572fcb742bec73877725b7b0) Importer(815301076,1909f56bfc062723c751e8b465ee728b)
Start importing Assets/New Asssets/Plant Animations/Plant 6/Plant6_00027.png using Guid(8d714799572fcb742bec73877725b7b0) Importer(815301076,1909f56bfc062723c751e8b465ee728b) (PreviewImporter) -> (artifact id: '259d10274b31aef981a3f554b4974fde') in 0.0166309 seconds
Number of updated asset objects reloaded before import = 0Number of asset objects unloaded after import = 3

========================================================================
Received Import Request.
  Time since last request: 0.280475 seconds.
  path: Assets/New Asssets/Plant Animations/Plant 6/Plant6_00025.png
  artifactKey: Guid(3388e383e5e1e53458a1d39b6b5fde80) Importer(815301076,1909f56bfc062723c751e8b465ee728b)
Start importing Assets/New Asssets/Plant Animations/Plant 6/Plant6_00025.png using Guid(3388e383e5e1e53458a1d39b6b5fde80) Importer(815301076,1909f56bfc062723c751e8b465ee728b) (PreviewImporter) -> (artifact id: '2ebdfc81b82cecf060e4d3d487e3e0bc') in 0.0201439 seconds
Number of updated asset objects reloaded before import = 0Number of asset objects unloaded after import = 3

========================================================================
Received Import Request.
  Time since last request: 0.075857 seconds.
  path: Assets/New Asssets/Plant Animations/Plant 1/Plant1_00074.png
  artifactKey: Guid(683bb522082c19f488e3aeea44915d45) Importer(815301076,1909f56bfc062723c751e8b465ee728b)
Start importing Assets/New Asssets/Plant Animations/Plant 1/Plant1_00074.png using Guid(683bb522082c19f488e3aeea44915d45) Importer(815301076,1909f56bfc062723c751e8b465ee728b) (PreviewImporter) -> (artifact id: '251f06e292ec8f54d810c3fa26e8111c') in 0.0198531 seconds
Number of updated asset objects reloaded before import = 0Number of asset objects unloaded after import = 3

========================================================================
Received Import Request.
  Time since last request: 0.000014 seconds.
  path: Assets/New Asssets/Plant Animations/Plant 1/Plant1_00060.png
  artifactKey: Guid(ff9e240d97b3add439751b0f5a445676) Importer(815301076,1909f56bfc062723c751e8b465ee728b)
Start importing Assets/New Asssets/Plant Animations/Plant 1/Plant1_00060.png using Guid(ff9e240d97b3add439751b0f5a445676) Importer(815301076,1909f56bfc062723c751e8b465ee728b) (PreviewImporter) -> (artifact id: '576e14b26b9404530b05a3aec9360a5d') in 0.0191379 seconds
Number of updated asset objects reloaded before import = 0Number of asset objects unloaded after import = 3

========================================================================
Received Import Request.
  Time since last request: 0.000019 seconds.
  path: Assets/New Asssets/Plant Animations/Plant 1/Plant1_00057.png
  artifactKey: Guid(c78b120fa852de943bb5d96dcf187dae) Importer(815301076,1909f56bfc062723c751e8b465ee728b)
Start importing Assets/New Asssets/Plant Animations/Plant 1/Plant1_00057.png using Guid(c78b120fa852de943bb5d96dcf187dae) Importer(815301076,1909f56bfc062723c751e8b465ee728b) (PreviewImporter) -> (artifact id: '9619e2befeaa0759399e2fb667cbaf8c') in 0.0181417 seconds
Number of updated asset objects reloaded before import = 0Number of asset objects unloaded after import = 3

========================================================================
Received Import Request.
  Time since last request: 0.000023 seconds.
  path: Assets/New Asssets/Plant Animations/Plant 1/Plant1_00064.png
  artifactKey: Guid(3f677d54233603e4c84107ad3945023c) Importer(815301076,1909f56bfc062723c751e8b465ee728b)
Start importing Assets/New Asssets/Plant Animations/Plant 1/Plant1_00064.png using Guid(3f677d54233603e4c84107ad3945023c) Importer(815301076,1909f56bfc062723c751e8b465ee728b) (PreviewImporter) -> (artifact id: '2b8dbc2d46b024722d15df08da750072') in 0.0195674 seconds
Number of updated asset objects reloaded before import = 0Number of asset objects unloaded after import = 3

========================================================================
Received Import Request.
  Time since last request: 24.590792 seconds.
  path: Assets/New Asssets/Plant Animations/Plant 1/Plant1_00067.png
  artifactKey: Guid(895f9a0102bb15045b30494f5a2d7d14) Importer(815301076,1909f56bfc062723c751e8b465ee728b)
Start importing Assets/New Asssets/Plant Animations/Plant 1/Plant1_00067.png using Guid(895f9a0102bb15045b30494f5a2d7d14) Importer(815301076,1909f56bfc062723c751e8b465ee728b) (PreviewImporter) -> (artifact id: '809004aab3805f108ef28139317e3978') in 0.0193933 seconds
Number of updated asset objects reloaded before import = 0Number of asset objects unloaded after import = 3

========================================================================
Received Import Request.
  Time since last request: 0.000026 seconds.
  path: Assets/New Asssets/Plant Animations/Plant 1/Plant1_00071.png
  artifactKey: Guid(8cf64eb5f47b3ac4ca044aa535ae8c7a) Importer(815301076,1909f56bfc062723c751e8b465ee728b)
Start importing Assets/New Asssets/Plant Animations/Plant 1/Plant1_00071.png using Guid(8cf64eb5f47b3ac4ca044aa535ae8c7a) Importer(815301076,1909f56bfc062723c751e8b465ee728b) (PreviewImporter) -> (artifact id: '9099e87f30603e384cdf0cc4e94e2c25') in 0.0182715 seconds
Number of updated asset objects reloaded before import = 0Number of asset objects unloaded after import = 3

========================================================================
Received Import Request.
  Time since last request: 0.000024 seconds.
  path: Assets/New Asssets/Plant Animations/Plant 1/Plant1_00070.png
  artifactKey: Guid(dfca89fa14398ea428d47254b66e16ba) Importer(815301076,1909f56bfc062723c751e8b465ee728b)
Start importing Assets/New Asssets/Plant Animations/Plant 1/Plant1_00070.png using Guid(dfca89fa14398ea428d47254b66e16ba) Importer(815301076,1909f56bfc062723c751e8b465ee728b) (PreviewImporter) -> (artifact id: '3298e56813bb8e9a7d11346c742a4405') in 0.0156263 seconds
Number of updated asset objects reloaded before import = 0Number of asset objects unloaded after import = 3

========================================================================
Received Prepare
Begin MonoManager ReloadAssembly
[Licensing::Client] Successfully resolved entitlement details
- Loaded All Assemblies, in  0.864 seconds
Refreshing native plugins compatible for Editor in 1.87 ms, found 4 plugins.
Native extension for Android target not found
Native extension for WindowsStandalone target not found
Native extension for WebGL target not found
[Package Manager] Failed to launch server process. Reason: Unity was launched with the -noUpm command-line argument
[Package Manager] Unable to send message (not connected to server process).
[Package Manager] Cannot connect to Unity Package Manager local server
Mono: successfully reloaded assembly
- Finished resetting the current domain, in  0.738 seconds
Domain Reload Profiling: 1598ms
	BeginReloadAssembly (239ms)
		ExecutionOrderSort (0ms)
		DisableScriptedObjects (16ms)
		BackupInstance (0ms)
		ReleaseScriptingObjects (0ms)
		CreateAndSetChildDomain (65ms)
	RebuildCommonClasses (35ms)
	RebuildNativeTypeToScriptingClass (12ms)
	initialDomainReloadingComplete (32ms)
	LoadAllAssembliesAndSetupDomain (540ms)
		LoadAssemblies (441ms)
		RebuildTransferFunctionScriptingTraits (0ms)
		AnalyzeDomain (198ms)
			TypeCache.Refresh (6ms)
				TypeCache.ScanAssembly (0ms)
			BuildScriptInfoCaches (178ms)
			ResolveRequiredComponents (9ms)
	FinalizeReload (739ms)
		ReleaseScriptCaches (0ms)
		RebuildScriptCaches (0ms)
		SetupLoadedEditorAssemblies (575ms)
			LogAssemblyErrors (0ms)
			InitializePlatformSupportModulesInManaged (10ms)
			SetLoadedEditorAssemblies (5ms)
			BeforeProcessingInitializeOnLoad (156ms)
			ProcessInitializeOnLoadAttributes (320ms)
			ProcessInitializeOnLoadMethodAttributes (72ms)
			AfterProcessingInitializeOnLoad (12ms)
			EditorAssembliesLoaded (0ms)
		ExecutionOrderSort2 (0ms)
		AwakeInstancesAfterBackupRestoration (16ms)
Refreshing native plugins compatible for Editor in 1.81 ms, found 4 plugins.
Preloading 0 native plugins for Editor in 0.00 ms.
Unloading 16 Unused Serialized files (Serialized files now loaded: 0)
Unloading 6874 unused Assets / (4.3 MB). Loaded Objects now: 8072.
Memory consumption went from 159.7 MB to 155.5 MB.
Total: 10.485100 ms (FindLiveObjects: 0.708200 ms CreateObjectMapping: 0.886800 ms MarkObjects: 6.500500 ms  DeleteObjects: 2.388300 ms)

Prepare: number of updated asset objects reloaded= 0
========================================================================
Received Prepare
Begin MonoManager ReloadAssembly
[Licensing::Client] Successfully resolved entitlement details
- Loaded All Assemblies, in  0.836 seconds
Refreshing native plugins compatible for Editor in 2.13 ms, found 4 plugins.
Native extension for Android target not found
Native extension for WindowsStandalone target not found
Native extension for WebGL target not found
[Package Manager] Failed to launch server process. Reason: Unity was launched with the -noUpm command-line argument
[Package Manager] Unable to send message (not connected to server process).
[Package Manager] Cannot connect to Unity Package Manager local server
Mono: successfully reloaded assembly
- Finished resetting the current domain, in  0.913 seconds
Domain Reload Profiling: 1746ms
	BeginReloadAssembly (247ms)
		ExecutionOrderSort (0ms)
		DisableScriptedObjects (15ms)
		BackupInstance (0ms)
		ReleaseScriptingObjects (0ms)
		CreateAndSetChildDomain (58ms)
	RebuildCommonClasses (35ms)
	RebuildNativeTypeToScriptingClass (12ms)
	initialDomainReloadingComplete (32ms)
	LoadAllAssembliesAndSetupDomain (507ms)
		LoadAssemblies (425ms)
		RebuildTransferFunctionScriptingTraits (0ms)
		AnalyzeDomain (192ms)
			TypeCache.Refresh (8ms)
				TypeCache.ScanAssembly (0ms)
			BuildScriptInfoCaches (169ms)
			ResolveRequiredComponents (10ms)
	FinalizeReload (914ms)
		ReleaseScriptCaches (0ms)
		RebuildScriptCaches (0ms)
		SetupLoadedEditorAssemblies (729ms)
			LogAssemblyErrors (0ms)
			InitializePlatformSupportModulesInManaged (11ms)
			SetLoadedEditorAssemblies (6ms)
			BeforeProcessingInitializeOnLoad (210ms)
			ProcessInitializeOnLoadAttributes (372ms)
			ProcessInitializeOnLoadMethodAttributes (117ms)
			AfterProcessingInitializeOnLoad (13ms)
			EditorAssembliesLoaded (1ms)
		ExecutionOrderSort2 (0ms)
		AwakeInstancesAfterBackupRestoration (19ms)
Refreshing native plugins compatible for Editor in 2.89 ms, found 4 plugins.
Preloading 0 native plugins for Editor in 0.00 ms.
Unloading 16 Unused Serialized files (Serialized files now loaded: 0)
Unloading 6874 unused Assets / (4.8 MB). Loaded Objects now: 8075.
Memory consumption went from 159.8 MB to 155.0 MB.
Total: 18.769700 ms (FindLiveObjects: 0.990800 ms CreateObjectMapping: 1.383800 ms MarkObjects: 10.999800 ms  DeleteObjects: 5.393300 ms)

Prepare: number of updated asset objects reloaded= 0
========================================================================
Received Prepare
Begin MonoManager ReloadAssembly
[Licensing::Client] Successfully resolved entitlement details
- Loaded All Assemblies, in  0.829 seconds
Refreshing native plugins compatible for Editor in 1.96 ms, found 4 plugins.
Native extension for Android target not found
Native extension for WindowsStandalone target not found
Native extension for WebGL target not found
[Package Manager] Failed to launch server process. Reason: Unity was launched with the -noUpm command-line argument
[Package Manager] Unable to send message (not connected to server process).
[Package Manager] Cannot connect to Unity Package Manager local server
Mono: successfully reloaded assembly
- Finished resetting the current domain, in  0.780 seconds
Domain Reload Profiling: 1606ms
	BeginReloadAssembly (235ms)
		ExecutionOrderSort (0ms)
		DisableScriptedObjects (16ms)
		BackupInstance (0ms)
		ReleaseScriptingObjects (0ms)
		CreateAndSetChildDomain (59ms)
	RebuildCommonClasses (35ms)
	RebuildNativeTypeToScriptingClass (12ms)
	initialDomainReloadingComplete (35ms)
	LoadAllAssembliesAndSetupDomain (509ms)
		LoadAssemblies (415ms)
		RebuildTransferFunctionScriptingTraits (0ms)
		AnalyzeDomain (193ms)
			TypeCache.Refresh (8ms)
				TypeCache.ScanAssembly (0ms)
			BuildScriptInfoCaches (166ms)
			ResolveRequiredComponents (13ms)
	FinalizeReload (780ms)
		ReleaseScriptCaches (0ms)
		RebuildScriptCaches (0ms)
		SetupLoadedEditorAssemblies (612ms)
			LogAssemblyErrors (0ms)
			InitializePlatformSupportModulesInManaged (11ms)
			SetLoadedEditorAssemblies (6ms)
			BeforeProcessingInitializeOnLoad (182ms)
			ProcessInitializeOnLoadAttributes (322ms)
			ProcessInitializeOnLoadMethodAttributes (82ms)
			AfterProcessingInitializeOnLoad (9ms)
			EditorAssembliesLoaded (0ms)
		ExecutionOrderSort2 (0ms)
		AwakeInstancesAfterBackupRestoration (17ms)
Refreshing native plugins compatible for Editor in 2.33 ms, found 4 plugins.
Preloading 0 native plugins for Editor in 0.00 ms.
Unloading 16 Unused Serialized files (Serialized files now loaded: 0)
Unloading 6874 unused Assets / (4.5 MB). Loaded Objects now: 8078.
Memory consumption went from 158.5 MB to 154.0 MB.
Total: 12.111700 ms (FindLiveObjects: 1.096500 ms CreateObjectMapping: 1.340000 ms MarkObjects: 6.551600 ms  DeleteObjects: 3.122200 ms)

Prepare: number of updated asset objects reloaded= 0
========================================================================
Received Prepare
Begin MonoManager ReloadAssembly
- Loaded All Assemblies, in  0.777 seconds
Refreshing native plugins compatible for Editor in 1.87 ms, found 4 plugins.
Native extension for Android target not found
Native extension for WindowsStandalone target not found
Native extension for WebGL target not found
[Package Manager] Failed to launch server process. Reason: Unity was launched with the -noUpm command-line argument
[Package Manager] Unable to send message (not connected to server process).
[Package Manager] Cannot connect to Unity Package Manager local server
Mono: successfully reloaded assembly
- Finished resetting the current domain, in  0.769 seconds
Domain Reload Profiling: 1543ms
	BeginReloadAssembly (228ms)
		ExecutionOrderSort (0ms)
		DisableScriptedObjects (16ms)
		BackupInstance (0ms)
		ReleaseScriptingObjects (0ms)
		CreateAndSetChildDomain (52ms)
	RebuildCommonClasses (35ms)
	RebuildNativeTypeToScriptingClass (14ms)
	initialDomainReloadingComplete (32ms)
	LoadAllAssembliesAndSetupDomain (465ms)
		LoadAssemblies (364ms)
		RebuildTransferFunctionScriptingTraits (0ms)
		AnalyzeDomain (194ms)
			TypeCache.Refresh (7ms)
				TypeCache.ScanAssembly (0ms)
			BuildScriptInfoCaches (172ms)
			ResolveRequiredComponents (10ms)
	FinalizeReload (769ms)
		ReleaseScriptCaches (0ms)
		RebuildScriptCaches (0ms)
		SetupLoadedEditorAssemblies (581ms)
			LogAssemblyErrors (0ms)
			InitializePlatformSupportModulesInManaged (13ms)
			SetLoadedEditorAssemblies (6ms)
			BeforeProcessingInitializeOnLoad (157ms)
			ProcessInitializeOnLoadAttributes (319ms)
			ProcessInitializeOnLoadMethodAttributes (72ms)
			AfterProcessingInitializeOnLoad (13ms)
			EditorAssembliesLoaded (0ms)
		ExecutionOrderSort2 (0ms)
		AwakeInstancesAfterBackupRestoration (16ms)
Refreshing native plugins compatible for Editor in 2.11 ms, found 4 plugins.
Preloading 0 native plugins for Editor in 0.00 ms.
Unloading 16 Unused Serialized files (Serialized files now loaded: 0)
Unloading 6874 unused Assets / (4.5 MB). Loaded Objects now: 8081.
Memory consumption went from 158.5 MB to 154.1 MB.
Total: 11.107300 ms (FindLiveObjects: 0.872800 ms CreateObjectMapping: 0.941200 ms MarkObjects: 6.311400 ms  DeleteObjects: 2.980000 ms)

Prepare: number of updated asset objects reloaded= 0
========================================================================
Received Prepare
Begin MonoManager ReloadAssembly
[Licensing::Client] Successfully resolved entitlement details
- Loaded All Assemblies, in  0.777 seconds
Refreshing native plugins compatible for Editor in 1.95 ms, found 4 plugins.
Native extension for Android target not found
Native extension for WindowsStandalone target not found
Native extension for WebGL target not found
[Package Manager] Failed to launch server process. Reason: Unity was launched with the -noUpm command-line argument
[Package Manager] Unable to send message (not connected to server process).
[Package Manager] Cannot connect to Unity Package Manager local server
Mono: successfully reloaded assembly
- Finished resetting the current domain, in  0.714 seconds
Domain Reload Profiling: 1488ms
	BeginReloadAssembly (223ms)
		ExecutionOrderSort (0ms)
		DisableScriptedObjects (17ms)
		BackupInstance (0ms)
		ReleaseScriptingObjects (0ms)
		CreateAndSetChildDomain (50ms)
	RebuildCommonClasses (34ms)
	RebuildNativeTypeToScriptingClass (17ms)
	initialDomainReloadingComplete (31ms)
	LoadAllAssembliesAndSetupDomain (469ms)
		LoadAssemblies (375ms)
		RebuildTransferFunctionScriptingTraits (0ms)
		AnalyzeDomain (190ms)
			TypeCache.Refresh (6ms)
				TypeCache.ScanAssembly (0ms)
			BuildScriptInfoCaches (170ms)
			ResolveRequiredComponents (10ms)
	FinalizeReload (715ms)
		ReleaseScriptCaches (0ms)
		RebuildScriptCaches (0ms)
		SetupLoadedEditorAssemblies (558ms)
			LogAssemblyErrors (0ms)
			InitializePlatformSupportModulesInManaged (10ms)
			SetLoadedEditorAssemblies (5ms)
			BeforeProcessingInitializeOnLoad (154ms)
			ProcessInitializeOnLoadAttributes (310ms)
			ProcessInitializeOnLoadMethodAttributes (70ms)
			AfterProcessingInitializeOnLoad (8ms)
			EditorAssembliesLoaded (0ms)
		ExecutionOrderSort2 (0ms)
		AwakeInstancesAfterBackupRestoration (16ms)
Refreshing native plugins compatible for Editor in 1.77 ms, found 4 plugins.
Preloading 0 native plugins for Editor in 0.00 ms.
Unloading 16 Unused Serialized files (Serialized files now loaded: 0)
Unloading 6874 unused Assets / (5.0 MB). Loaded Objects now: 8084.
Memory consumption went from 158.6 MB to 153.6 MB.
Total: 13.543100 ms (FindLiveObjects: 0.760400 ms CreateObjectMapping: 1.141900 ms MarkObjects: 7.430300 ms  DeleteObjects: 4.208400 ms)

Prepare: number of updated asset objects reloaded= 0
========================================================================
Received Prepare
Begin MonoManager ReloadAssembly
[Licensing::Client] Successfully resolved entitlement details
- Loaded All Assemblies, in  0.757 seconds
Refreshing native plugins compatible for Editor in 2.05 ms, found 4 plugins.
Native extension for Android target not found
Native extension for WindowsStandalone target not found
Native extension for WebGL target not found
[Package Manager] Failed to launch server process. Reason: Unity was launched with the -noUpm command-line argument
[Package Manager] Unable to send message (not connected to server process).
[Package Manager] Cannot connect to Unity Package Manager local server
Mono: successfully reloaded assembly
- Finished resetting the current domain, in  0.734 seconds
Domain Reload Profiling: 1489ms
	BeginReloadAssembly (216ms)
		ExecutionOrderSort (0ms)
		DisableScriptedObjects (15ms)
		BackupInstance (0ms)
		ReleaseScriptingObjects (0ms)
		CreateAndSetChildDomain (51ms)
	RebuildCommonClasses (34ms)
	RebuildNativeTypeToScriptingClass (17ms)
	initialDomainReloadingComplete (32ms)
	LoadAllAssembliesAndSetupDomain (455ms)
		LoadAssemblies (369ms)
		RebuildTransferFunctionScriptingTraits (0ms)
		AnalyzeDomain (178ms)
			TypeCache.Refresh (6ms)
				TypeCache.ScanAssembly (0ms)
			BuildScriptInfoCaches (157ms)
			ResolveRequiredComponents (9ms)
	FinalizeReload (735ms)
		ReleaseScriptCaches (0ms)
		RebuildScriptCaches (0ms)
		SetupLoadedEditorAssemblies (577ms)
			LogAssemblyErrors (0ms)
			InitializePlatformSupportModulesInManaged (10ms)
			SetLoadedEditorAssemblies (6ms)
			BeforeProcessingInitializeOnLoad (158ms)
			ProcessInitializeOnLoadAttributes (321ms)
			ProcessInitializeOnLoadMethodAttributes (72ms)
			AfterProcessingInitializeOnLoad (9ms)
			EditorAssembliesLoaded (0ms)
		ExecutionOrderSort2 (0ms)
		AwakeInstancesAfterBackupRestoration (15ms)
Refreshing native plugins compatible for Editor in 2.16 ms, found 4 plugins.
Preloading 0 native plugins for Editor in 0.00 ms.
Unloading 16 Unused Serialized files (Serialized files now loaded: 0)
Unloading 6874 unused Assets / (4.5 MB). Loaded Objects now: 8087.
Memory consumption went from 158.6 MB to 154.1 MB.
Total: 11.782900 ms (FindLiveObjects: 0.891700 ms CreateObjectMapping: 0.999800 ms MarkObjects: 6.949800 ms  DeleteObjects: 2.939900 ms)

Prepare: number of updated asset objects reloaded= 0
========================================================================
Received Prepare
Begin MonoManager ReloadAssembly
[Licensing::Client] Successfully resolved entitlement details
- Loaded All Assemblies, in  0.787 seconds
Refreshing native plugins compatible for Editor in 1.66 ms, found 4 plugins.
Native extension for Android target not found
Native extension for WindowsStandalone target not found
Native extension for WebGL target not found
[Package Manager] Failed to launch server process. Reason: Unity was launched with the -noUpm command-line argument
[Package Manager] Unable to send message (not connected to server process).
[Package Manager] Cannot connect to Unity Package Manager local server
Mono: successfully reloaded assembly
- Finished resetting the current domain, in  0.760 seconds
Domain Reload Profiling: 1544ms
	BeginReloadAssembly (216ms)
		ExecutionOrderSort (0ms)
		DisableScriptedObjects (16ms)
		BackupInstance (0ms)
		ReleaseScriptingObjects (0ms)
		CreateAndSetChildDomain (50ms)
	RebuildCommonClasses (33ms)
	RebuildNativeTypeToScriptingClass (15ms)
	initialDomainReloadingComplete (31ms)
	LoadAllAssembliesAndSetupDomain (488ms)
		LoadAssemblies (384ms)
		RebuildTransferFunctionScriptingTraits (0ms)
		AnalyzeDomain (197ms)
			TypeCache.Refresh (7ms)
				TypeCache.ScanAssembly (0ms)
			BuildScriptInfoCaches (176ms)
			ResolveRequiredComponents (10ms)
	FinalizeReload (761ms)
		ReleaseScriptCaches (0ms)
		RebuildScriptCaches (0ms)
		SetupLoadedEditorAssemblies (598ms)
			LogAssemblyErrors (0ms)
			InitializePlatformSupportModulesInManaged (11ms)
			SetLoadedEditorAssemblies (5ms)
			BeforeProcessingInitializeOnLoad (159ms)
			ProcessInitializeOnLoadAttributes (329ms)
			ProcessInitializeOnLoadMethodAttributes (83ms)
			AfterProcessingInitializeOnLoad (10ms)
			EditorAssembliesLoaded (0ms)
		ExecutionOrderSort2 (0ms)
		AwakeInstancesAfterBackupRestoration (18ms)
Refreshing native plugins compatible for Editor in 2.07 ms, found 4 plugins.
Preloading 0 native plugins for Editor in 0.00 ms.
Unloading 16 Unused Serialized files (Serialized files now loaded: 0)
Unloading 6874 unused Assets / (4.9 MB). Loaded Objects now: 8090.
Memory consumption went from 158.7 MB to 153.8 MB.
Total: 12.502000 ms (FindLiveObjects: 0.940100 ms CreateObjectMapping: 1.167600 ms MarkObjects: 6.987200 ms  DeleteObjects: 3.405500 ms)

Prepare: number of updated asset objects reloaded= 0
========================================================================
Received Prepare
Refreshing native plugins compatible for Editor in 3.70 ms, found 4 plugins.
Preloading 0 native plugins for Editor in 0.00 ms.
Unloading 16 Unused Serialized files (Serialized files now loaded: 0)
Unloading 6864 unused Assets / (4.6 MB). Loaded Objects now: 8090.
Memory consumption went from 158.8 MB to 154.2 MB.
Total: 15.145700 ms (FindLiveObjects: 0.910700 ms CreateObjectMapping: 0.750500 ms MarkObjects: 9.688100 ms  DeleteObjects: 3.794300 ms)

Prepare: number of updated asset objects reloaded= 0
========================================================================
Received Prepare
Begin MonoManager ReloadAssembly
[Licensing::Client] Successfully resolved entitlement details
- Loaded All Assemblies, in  1.186 seconds
Refreshing native plugins compatible for Editor in 2.05 ms, found 4 plugins.
Native extension for Android target not found
Native extension for WindowsStandalone target not found
Native extension for WebGL target not found
[Package Manager] Failed to launch server process. Reason: Unity was launched with the -noUpm command-line argument
[Package Manager] Unable to send message (not connected to server process).
[Package Manager] Cannot connect to Unity Package Manager local server
Mono: successfully reloaded assembly
- Finished resetting the current domain, in  0.745 seconds
Domain Reload Profiling: 1926ms
	BeginReloadAssembly (311ms)
		ExecutionOrderSort (0ms)
		DisableScriptedObjects (19ms)
		BackupInstance (0ms)
		ReleaseScriptingObjects (0ms)
		CreateAndSetChildDomain (72ms)
	RebuildCommonClasses (60ms)
	RebuildNativeTypeToScriptingClass (16ms)
	initialDomainReloadingComplete (44ms)
	LoadAllAssembliesAndSetupDomain (750ms)
		LoadAssemblies (584ms)
		RebuildTransferFunctionScriptingTraits (0ms)
		AnalyzeDomain (306ms)
			TypeCache.Refresh (13ms)
				TypeCache.ScanAssembly (0ms)
			BuildScriptInfoCaches (273ms)
			ResolveRequiredComponents (15ms)
	FinalizeReload (746ms)
		ReleaseScriptCaches (0ms)
		RebuildScriptCaches (0ms)
		SetupLoadedEditorAssemblies (586ms)
			LogAssemblyErrors (0ms)
			InitializePlatformSupportModulesInManaged (10ms)
			SetLoadedEditorAssemblies (6ms)
			BeforeProcessingInitializeOnLoad (170ms)
			ProcessInitializeOnLoadAttributes (323ms)
			ProcessInitializeOnLoadMethodAttributes (68ms)
			AfterProcessingInitializeOnLoad (8ms)
			EditorAssembliesLoaded (0ms)
		ExecutionOrderSort2 (0ms)
		AwakeInstancesAfterBackupRestoration (14ms)
Refreshing native plugins compatible for Editor in 1.96 ms, found 4 plugins.
Preloading 0 native plugins for Editor in 0.00 ms.
Unloading 16 Unused Serialized files (Serialized files now loaded: 0)
Unloading 6874 unused Assets / (4.5 MB). Loaded Objects now: 8093.
Memory consumption went from 158.7 MB to 154.2 MB.
Total: 11.232900 ms (FindLiveObjects: 1.096600 ms CreateObjectMapping: 1.073200 ms MarkObjects: 6.472800 ms  DeleteObjects: 2.588800 ms)

Prepare: number of updated asset objects reloaded= 0
========================================================================
Received Prepare
Begin MonoManager ReloadAssembly
- Loaded All Assemblies, in  0.787 seconds
Refreshing native plugins compatible for Editor in 1.75 ms, found 4 plugins.
Native extension for Android target not found
Native extension for WindowsStandalone target not found
Native extension for WebGL target not found
[Package Manager] Failed to launch server process. Reason: Unity was launched with the -noUpm command-line argument
[Package Manager] Unable to send message (not connected to server process).
[Package Manager] Cannot connect to Unity Package Manager local server
Mono: successfully reloaded assembly
- Finished resetting the current domain, in  0.733 seconds
Domain Reload Profiling: 1517ms
	BeginReloadAssembly (224ms)
		ExecutionOrderSort (0ms)
		DisableScriptedObjects (14ms)
		BackupInstance (0ms)
		ReleaseScriptingObjects (0ms)
		CreateAndSetChildDomain (52ms)
	RebuildCommonClasses (34ms)
	RebuildNativeTypeToScriptingClass (12ms)
	initialDomainReloadingComplete (31ms)
	LoadAllAssembliesAndSetupDomain (482ms)
		LoadAssemblies (381ms)
		RebuildTransferFunctionScriptingTraits (0ms)
		AnalyzeDomain (201ms)
			TypeCache.Refresh (7ms)
				TypeCache.ScanAssembly (0ms)
			BuildScriptInfoCaches (179ms)
			ResolveRequiredComponents (10ms)
	FinalizeReload (734ms)
		ReleaseScriptCaches (0ms)
		RebuildScriptCaches (0ms)
		SetupLoadedEditorAssemblies (573ms)
			LogAssemblyErrors (0ms)
			InitializePlatformSupportModulesInManaged (10ms)
			SetLoadedEditorAssemblies (6ms)
			BeforeProcessingInitializeOnLoad (158ms)
			ProcessInitializeOnLoadAttributes (316ms)
			ProcessInitializeOnLoadMethodAttributes (72ms)
			AfterProcessingInitializeOnLoad (11ms)
			EditorAssembliesLoaded (0ms)
		ExecutionOrderSort2 (0ms)
		AwakeInstancesAfterBackupRestoration (15ms)
Refreshing native plugins compatible for Editor in 1.91 ms, found 4 plugins.
Preloading 0 native plugins for Editor in 0.00 ms.
Unloading 16 Unused Serialized files (Serialized files now loaded: 0)
Unloading 6874 unused Assets / (4.9 MB). Loaded Objects now: 8096.
Memory consumption went from 158.7 MB to 153.8 MB.
Total: 11.650600 ms (FindLiveObjects: 0.779500 ms CreateObjectMapping: 1.067700 ms MarkObjects: 6.684800 ms  DeleteObjects: 3.117200 ms)

Prepare: number of updated asset objects reloaded= 0
========================================================================
Received Prepare
Begin MonoManager ReloadAssembly
[Licensing::Client] Successfully resolved entitlement details
- Loaded All Assemblies, in  0.789 seconds
Refreshing native plugins compatible for Editor in 1.74 ms, found 4 plugins.
Native extension for Android target not found
Native extension for WindowsStandalone target not found
Native extension for WebGL target not found
[Package Manager] Failed to launch server process. Reason: Unity was launched with the -noUpm command-line argument
[Package Manager] Unable to send message (not connected to server process).
[Package Manager] Cannot connect to Unity Package Manager local server
Mono: successfully reloaded assembly
- Finished resetting the current domain, in  0.758 seconds
Domain Reload Profiling: 1544ms
	BeginReloadAssembly (228ms)
		ExecutionOrderSort (0ms)
		DisableScriptedObjects (15ms)
		BackupInstance (0ms)
		ReleaseScriptingObjects (0ms)
		CreateAndSetChildDomain (53ms)
	RebuildCommonClasses (35ms)
	RebuildNativeTypeToScriptingClass (13ms)
	initialDomainReloadingComplete (33ms)
	LoadAllAssembliesAndSetupDomain (477ms)
		LoadAssemblies (389ms)
		RebuildTransferFunctionScriptingTraits (0ms)
		AnalyzeDomain (187ms)
			TypeCache.Refresh (7ms)
				TypeCache.ScanAssembly (0ms)
			BuildScriptInfoCaches (167ms)
			ResolveRequiredComponents (9ms)
	FinalizeReload (758ms)
		ReleaseScriptCaches (0ms)
		RebuildScriptCaches (0ms)
		SetupLoadedEditorAssemblies (600ms)
			LogAssemblyErrors (0ms)
			InitializePlatformSupportModulesInManaged (10ms)
			SetLoadedEditorAssemblies (7ms)
			BeforeProcessingInitializeOnLoad (163ms)
			ProcessInitializeOnLoadAttributes (327ms)
			ProcessInitializeOnLoadMethodAttributes (84ms)
			AfterProcessingInitializeOnLoad (8ms)
			EditorAssembliesLoaded (0ms)
		ExecutionOrderSort2 (0ms)
		AwakeInstancesAfterBackupRestoration (16ms)
Refreshing native plugins compatible for Editor in 2.13 ms, found 4 plugins.
Preloading 0 native plugins for Editor in 0.00 ms.
Unloading 16 Unused Serialized files (Serialized files now loaded: 0)
Unloading 6874 unused Assets / (5.0 MB). Loaded Objects now: 8099.
Memory consumption went from 158.8 MB to 153.8 MB.
Total: 12.309600 ms (FindLiveObjects: 0.956900 ms CreateObjectMapping: 1.053400 ms MarkObjects: 6.883700 ms  DeleteObjects: 3.414400 ms)

Prepare: number of updated asset objects reloaded= 0
========================================================================
Received Prepare
Refreshing native plugins compatible for Editor in 2.86 ms, found 4 plugins.
Preloading 0 native plugins for Editor in 0.00 ms.
Unloading 16 Unused Serialized files (Serialized files now loaded: 0)
Unloading 6864 unused Assets / (3.7 MB). Loaded Objects now: 8099.
Memory consumption went from 158.9 MB to 155.2 MB.
Total: 12.960200 ms (FindLiveObjects: 0.836700 ms CreateObjectMapping: 0.951900 ms MarkObjects: 8.554900 ms  DeleteObjects: 2.615400 ms)

Prepare: number of updated asset objects reloaded= 0
========================================================================
Received Prepare
Begin MonoManager ReloadAssembly
- Loaded All Assemblies, in  1.100 seconds
Refreshing native plugins compatible for Editor in 1.71 ms, found 4 plugins.
Native extension for Android target not found
Native extension for WindowsStandalone target not found
Native extension for WebGL target not found
[Package Manager] Failed to launch server process. Reason: Unity was launched with the -noUpm command-line argument
[Package Manager] Unable to send message (not connected to server process).
[Package Manager] Cannot connect to Unity Package Manager local server
Mono: successfully reloaded assembly
- Finished resetting the current domain, in  0.776 seconds
Domain Reload Profiling: 1870ms
	BeginReloadAssembly (327ms)
		ExecutionOrderSort (0ms)
		DisableScriptedObjects (24ms)
		BackupInstance (0ms)
		ReleaseScriptingObjects (0ms)
		CreateAndSetChildDomain (71ms)
	RebuildCommonClasses (57ms)
	RebuildNativeTypeToScriptingClass (22ms)
	initialDomainReloadingComplete (47ms)
	LoadAllAssembliesAndSetupDomain (641ms)
		LoadAssemblies (590ms)
		RebuildTransferFunctionScriptingTraits (0ms)
		AnalyzeDomain (207ms)
			TypeCache.Refresh (10ms)
				TypeCache.ScanAssembly (0ms)
			BuildScriptInfoCaches (181ms)
			ResolveRequiredComponents (11ms)
	FinalizeReload (777ms)
		ReleaseScriptCaches (0ms)
		RebuildScriptCaches (0ms)
		SetupLoadedEditorAssemblies (623ms)
			LogAssemblyErrors (0ms)
			InitializePlatformSupportModulesInManaged (11ms)
			SetLoadedEditorAssemblies (6ms)
			BeforeProcessingInitializeOnLoad (174ms)
			ProcessInitializeOnLoadAttributes (356ms)
			ProcessInitializeOnLoadMethodAttributes (65ms)
			AfterProcessingInitializeOnLoad (9ms)
			EditorAssembliesLoaded (0ms)
		ExecutionOrderSort2 (0ms)
		AwakeInstancesAfterBackupRestoration (14ms)
Refreshing native plugins compatible for Editor in 1.81 ms, found 4 plugins.
Preloading 0 native plugins for Editor in 0.00 ms.
Unloading 16 Unused Serialized files (Serialized files now loaded: 0)
Unloading 6874 unused Assets / (4.0 MB). Loaded Objects now: 8102.
Memory consumption went from 158.8 MB to 154.8 MB.
Total: 9.080000 ms (FindLiveObjects: 0.788100 ms CreateObjectMapping: 0.518700 ms MarkObjects: 5.665300 ms  DeleteObjects: 2.107100 ms)

Prepare: number of updated asset objects reloaded= 0
========================================================================
Received Prepare
Begin MonoManager ReloadAssembly
[Licensing::Client] Successfully resolved entitlement details
- Loaded All Assemblies, in  0.760 seconds
Refreshing native plugins compatible for Editor in 1.69 ms, found 4 plugins.
Native extension for Android target not found
Native extension for WindowsStandalone target not found
Native extension for WebGL target not found
[Package Manager] Failed to launch server process. Reason: Unity was launched with the -noUpm command-line argument
[Package Manager] Unable to send message (not connected to server process).
[Package Manager] Cannot connect to Unity Package Manager local server
Mono: successfully reloaded assembly
- Finished resetting the current domain, in  0.740 seconds
Domain Reload Profiling: 1497ms
	BeginReloadAssembly (218ms)
		ExecutionOrderSort (0ms)
		DisableScriptedObjects (14ms)
		BackupInstance (0ms)
		ReleaseScriptingObjects (0ms)
		CreateAndSetChildDomain (49ms)
	RebuildCommonClasses (34ms)
	RebuildNativeTypeToScriptingClass (11ms)
	initialDomainReloadingComplete (30ms)
	LoadAllAssembliesAndSetupDomain (463ms)
		LoadAssemblies (375ms)
		RebuildTransferFunctionScriptingTraits (0ms)
		AnalyzeDomain (183ms)
			TypeCache.Refresh (7ms)
				TypeCache.ScanAssembly (0ms)
			BuildScriptInfoCaches (162ms)
			ResolveRequiredComponents (9ms)
	FinalizeReload (740ms)
		ReleaseScriptCaches (0ms)
		RebuildScriptCaches (0ms)
		SetupLoadedEditorAssemblies (590ms)
			LogAssemblyErrors (0ms)
			InitializePlatformSupportModulesInManaged (10ms)
			SetLoadedEditorAssemblies (5ms)
			BeforeProcessingInitializeOnLoad (159ms)
			ProcessInitializeOnLoadAttributes (337ms)
			ProcessInitializeOnLoadMethodAttributes (70ms)
			AfterProcessingInitializeOnLoad (8ms)
			EditorAssembliesLoaded (0ms)
		ExecutionOrderSort2 (0ms)
		AwakeInstancesAfterBackupRestoration (15ms)
Refreshing native plugins compatible for Editor in 1.91 ms, found 4 plugins.
Preloading 0 native plugins for Editor in 0.00 ms.
Unloading 16 Unused Serialized files (Serialized files now loaded: 0)
Unloading 6874 unused Assets / (4.5 MB). Loaded Objects now: 8105.
Memory consumption went from 158.9 MB to 154.4 MB.
Total: 10.877900 ms (FindLiveObjects: 0.871900 ms CreateObjectMapping: 1.007400 ms MarkObjects: 6.284400 ms  DeleteObjects: 2.712200 ms)

Prepare: number of updated asset objects reloaded= 0
========================================================================
Received Prepare
Refreshing native plugins compatible for Editor in 3.59 ms, found 4 plugins.
Preloading 0 native plugins for Editor in 0.00 ms.
Unloading 16 Unused Serialized files (Serialized files now loaded: 0)
Unloading 6864 unused Assets / (4.8 MB). Loaded Objects now: 8105.
Memory consumption went from 159.0 MB to 154.2 MB.
Total: 17.860400 ms (FindLiveObjects: 1.336800 ms CreateObjectMapping: 1.877300 ms MarkObjects: 10.517900 ms  DeleteObjects: 4.126700 ms)

Prepare: number of updated asset objects reloaded= 0
========================================================================
Received Prepare
Begin MonoManager ReloadAssembly
[Licensing::Client] Successfully resolved entitlement details
- Loaded All Assemblies, in  1.193 seconds
Refreshing native plugins compatible for Editor in 3.48 ms, found 4 plugins.
Native extension for Android target not found
Native extension for WindowsStandalone target not found
Native extension for WebGL target not found
[Package Manager] Failed to launch server process. Reason: Unity was launched with the -noUpm command-line argument
[Package Manager] Unable to send message (not connected to server process).
[Package Manager] Cannot connect to Unity Package Manager local server
Mono: successfully reloaded assembly
- Finished resetting the current domain, in  1.167 seconds
Domain Reload Profiling: 2351ms
	BeginReloadAssembly (323ms)
		ExecutionOrderSort (0ms)
		DisableScriptedObjects (22ms)
		BackupInstance (0ms)
		ReleaseScriptingObjects (0ms)
		CreateAndSetChildDomain (64ms)
	RebuildCommonClasses (77ms)
	RebuildNativeTypeToScriptingClass (25ms)
	initialDomainReloadingComplete (43ms)
	LoadAllAssembliesAndSetupDomain (715ms)
		LoadAssemblies (576ms)
		RebuildTransferFunctionScriptingTraits (0ms)
		AnalyzeDomain (286ms)
			TypeCache.Refresh (17ms)
				TypeCache.ScanAssembly (1ms)
			BuildScriptInfoCaches (244ms)
			ResolveRequiredComponents (18ms)
	FinalizeReload (1167ms)
		ReleaseScriptCaches (0ms)
		RebuildScriptCaches (0ms)
		SetupLoadedEditorAssemblies (904ms)
			LogAssemblyErrors (0ms)
			InitializePlatformSupportModulesInManaged (14ms)
			SetLoadedEditorAssemblies (11ms)
			BeforeProcessingInitializeOnLoad (275ms)
			ProcessInitializeOnLoadAttributes (468ms)
			ProcessInitializeOnLoadMethodAttributes (117ms)
			AfterProcessingInitializeOnLoad (18ms)
			EditorAssembliesLoaded (1ms)
		ExecutionOrderSort2 (0ms)
		AwakeInstancesAfterBackupRestoration (22ms)
Refreshing native plugins compatible for Editor in 3.42 ms, found 4 plugins.
Preloading 0 native plugins for Editor in 0.00 ms.
Unloading 16 Unused Serialized files (Serialized files now loaded: 0)
Unloading 6874 unused Assets / (5.6 MB). Loaded Objects now: 8108.
Memory consumption went from 158.9 MB to 153.3 MB.
Total: 14.337100 ms (FindLiveObjects: 1.332700 ms CreateObjectMapping: 1.048000 ms MarkObjects: 7.897100 ms  DeleteObjects: 4.057500 ms)

Prepare: number of updated asset objects reloaded= 0
========================================================================
Received Prepare
Refreshing native plugins compatible for Editor in 3.56 ms, found 4 plugins.
Preloading 0 native plugins for Editor in 0.00 ms.
Unloading 16 Unused Serialized files (Serialized files now loaded: 0)
Unloading 6864 unused Assets / (4.7 MB). Loaded Objects now: 8108.
Memory consumption went from 159.1 MB to 154.3 MB.
Total: 18.985100 ms (FindLiveObjects: 1.310100 ms CreateObjectMapping: 1.668800 ms MarkObjects: 11.767200 ms  DeleteObjects: 4.237700 ms)

Prepare: number of updated asset objects reloaded= 0
========================================================================
Received Prepare
Begin MonoManager ReloadAssembly
- Loaded All Assemblies, in  1.026 seconds
Refreshing native plugins compatible for Editor in 1.80 ms, found 4 plugins.
Native extension for Android target not found
Native extension for WindowsStandalone target not found
Native extension for WebGL target not found
[Package Manager] Failed to launch server process. Reason: Unity was launched with the -noUpm command-line argument
[Package Manager] Unable to send message (not connected to server process).
[Package Manager] Cannot connect to Unity Package Manager local server
Mono: successfully reloaded assembly
- Finished resetting the current domain, in  0.700 seconds
Domain Reload Profiling: 1718ms
	BeginReloadAssembly (302ms)
		ExecutionOrderSort (0ms)
		DisableScriptedObjects (18ms)
		BackupInstance (0ms)
		ReleaseScriptingObjects (0ms)
		CreateAndSetChildDomain (66ms)
	RebuildCommonClasses (52ms)
	RebuildNativeTypeToScriptingClass (25ms)
	initialDomainReloadingComplete (50ms)
	LoadAllAssembliesAndSetupDomain (587ms)
		LoadAssemblies (539ms)
		RebuildTransferFunctionScriptingTraits (0ms)
		AnalyzeDomain (196ms)
			TypeCache.Refresh (10ms)
				TypeCache.ScanAssembly (1ms)
			BuildScriptInfoCaches (171ms)
			ResolveRequiredComponents (10ms)
	FinalizeReload (701ms)
		ReleaseScriptCaches (0ms)
		RebuildScriptCaches (0ms)
		SetupLoadedEditorAssemblies (547ms)
			LogAssemblyErrors (0ms)
			InitializePlatformSupportModulesInManaged (9ms)
			SetLoadedEditorAssemblies (6ms)
			BeforeProcessingInitializeOnLoad (152ms)
			ProcessInitializeOnLoadAttributes (302ms)
			ProcessInitializeOnLoadMethodAttributes (69ms)
			AfterProcessingInitializeOnLoad (8ms)
			EditorAssembliesLoaded (0ms)
		ExecutionOrderSort2 (0ms)
		AwakeInstancesAfterBackupRestoration (14ms)
Refreshing native plugins compatible for Editor in 2.05 ms, found 4 plugins.
Preloading 0 native plugins for Editor in 0.00 ms.
Unloading 16 Unused Serialized files (Serialized files now loaded: 0)
Unloading 6874 unused Assets / (5.1 MB). Loaded Objects now: 8111.
Memory consumption went from 158.9 MB to 153.9 MB.
Total: 12.743600 ms (FindLiveObjects: 0.765100 ms CreateObjectMapping: 0.978300 ms MarkObjects: 7.710200 ms  DeleteObjects: 3.288400 ms)

Prepare: number of updated asset objects reloaded= 0
========================================================================
Received Prepare
Begin MonoManager ReloadAssembly
[Licensing::Client] Successfully resolved entitlement details
- Loaded All Assemblies, in  0.786 seconds
Refreshing native plugins compatible for Editor in 1.69 ms, found 4 plugins.
Native extension for Android target not found
Native extension for WindowsStandalone target not found
Native extension for WebGL target not found
[Package Manager] Failed to launch server process. Reason: Unity was launched with the -noUpm command-line argument
[Package Manager] Unable to send message (not connected to server process).
[Package Manager] Cannot connect to Unity Package Manager local server
Mono: successfully reloaded assembly
- Finished resetting the current domain, in  0.734 seconds
Domain Reload Profiling: 1517ms
	BeginReloadAssembly (221ms)
		ExecutionOrderSort (0ms)
		DisableScriptedObjects (14ms)
		BackupInstance (0ms)
		ReleaseScriptingObjects (0ms)
		CreateAndSetChildDomain (52ms)
	RebuildCommonClasses (38ms)
	RebuildNativeTypeToScriptingClass (11ms)
	initialDomainReloadingComplete (30ms)
	LoadAllAssembliesAndSetupDomain (481ms)
		LoadAssemblies (383ms)
		RebuildTransferFunctionScriptingTraits (0ms)
		AnalyzeDomain (195ms)
			TypeCache.Refresh (6ms)
				TypeCache.ScanAssembly (0ms)
			BuildScriptInfoCaches (171ms)
			ResolveRequiredComponents (12ms)
	FinalizeReload (734ms)
		ReleaseScriptCaches (0ms)
		RebuildScriptCaches (0ms)
		SetupLoadedEditorAssemblies (574ms)
			LogAssemblyErrors (0ms)
			InitializePlatformSupportModulesInManaged (10ms)
			SetLoadedEditorAssemblies (5ms)
			BeforeProcessingInitializeOnLoad (157ms)
			ProcessInitializeOnLoadAttributes (321ms)
			ProcessInitializeOnLoadMethodAttributes (72ms)
			AfterProcessingInitializeOnLoad (8ms)
			EditorAssembliesLoaded (0ms)
		ExecutionOrderSort2 (0ms)
		AwakeInstancesAfterBackupRestoration (14ms)
Refreshing native plugins compatible for Editor in 1.94 ms, found 4 plugins.
Preloading 0 native plugins for Editor in 0.00 ms.
Unloading 16 Unused Serialized files (Serialized files now loaded: 0)
Unloading 6874 unused Assets / (5.2 MB). Loaded Objects now: 8114.
Memory consumption went from 159.0 MB to 153.8 MB.
Total: 12.739100 ms (FindLiveObjects: 0.743200 ms CreateObjectMapping: 0.961500 ms MarkObjects: 7.456800 ms  DeleteObjects: 3.576100 ms)

Prepare: number of updated asset objects reloaded= 0
========================================================================
Received Prepare
Refreshing native plugins compatible for Editor in 3.34 ms, found 4 plugins.
Preloading 0 native plugins for Editor in 0.00 ms.
Unloading 16 Unused Serialized files (Serialized files now loaded: 0)
Unloading 6864 unused Assets / (4.8 MB). Loaded Objects now: 8114.
Memory consumption went from 159.1 MB to 154.3 MB.
Total: 16.631500 ms (FindLiveObjects: 1.260200 ms CreateObjectMapping: 1.516400 ms MarkObjects: 9.770300 ms  DeleteObjects: 4.083200 ms)

Prepare: number of updated asset objects reloaded= 0
========================================================================
Received Prepare
Begin MonoManager ReloadAssembly
[Licensing::Client] Successfully resolved entitlement details
- Loaded All Assemblies, in  1.203 seconds
Refreshing native plugins compatible for Editor in 4.29 ms, found 4 plugins.
Native extension for Android target not found
Native extension for WindowsStandalone target not found
Native extension for WebGL target not found
[Package Manager] Failed to launch server process. Reason: Unity was launched with the -noUpm command-line argument
[Package Manager] Unable to send message (not connected to server process).
[Package Manager] Cannot connect to Unity Package Manager local server
Mono: successfully reloaded assembly
- Finished resetting the current domain, in  1.135 seconds
Domain Reload Profiling: 2328ms
	BeginReloadAssembly (324ms)
		ExecutionOrderSort (0ms)
		DisableScriptedObjects (22ms)
		BackupInstance (0ms)
		ReleaseScriptingObjects (0ms)
		CreateAndSetChildDomain (63ms)
	RebuildCommonClasses (70ms)
	RebuildNativeTypeToScriptingClass (18ms)
	initialDomainReloadingComplete (43ms)
	LoadAllAssembliesAndSetupDomain (738ms)
		LoadAssemblies (570ms)
		RebuildTransferFunctionScriptingTraits (0ms)
		AnalyzeDomain (322ms)
			TypeCache.Refresh (14ms)
				TypeCache.ScanAssembly (1ms)
			BuildScriptInfoCaches (288ms)
			ResolveRequiredComponents (13ms)
	FinalizeReload (1136ms)
		ReleaseScriptCaches (0ms)
		RebuildScriptCaches (0ms)
		SetupLoadedEditorAssemblies (905ms)
			LogAssemblyErrors (0ms)
			InitializePlatformSupportModulesInManaged (18ms)
			SetLoadedEditorAssemblies (11ms)
			BeforeProcessingInitializeOnLoad (280ms)
			ProcessInitializeOnLoadAttributes (485ms)
			ProcessInitializeOnLoadMethodAttributes (100ms)
			AfterProcessingInitializeOnLoad (11ms)
			EditorAssembliesLoaded (0ms)
		ExecutionOrderSort2 (0ms)
		AwakeInstancesAfterBackupRestoration (26ms)
Refreshing native plugins compatible for Editor in 3.27 ms, found 4 plugins.
Preloading 0 native plugins for Editor in 0.00 ms.
Unloading 16 Unused Serialized files (Serialized files now loaded: 0)
Unloading 6874 unused Assets / (5.5 MB). Loaded Objects now: 8117.
Memory consumption went from 159.0 MB to 153.5 MB.
Total: 14.536200 ms (FindLiveObjects: 0.906300 ms CreateObjectMapping: 1.223200 ms MarkObjects: 7.998800 ms  DeleteObjects: 4.406400 ms)

Prepare: number of updated asset objects reloaded= 0
========================================================================
Received Prepare
Refreshing native plugins compatible for Editor in 3.51 ms, found 4 plugins.
Preloading 0 native plugins for Editor in 0.00 ms.
Unloading 16 Unused Serialized files (Serialized files now loaded: 0)
Unloading 6864 unused Assets / (4.7 MB). Loaded Objects now: 8117.
Memory consumption went from 159.2 MB to 154.5 MB.
Total: 15.222100 ms (FindLiveObjects: 1.435300 ms CreateObjectMapping: 1.620600 ms MarkObjects: 8.129400 ms  DeleteObjects: 4.035000 ms)

Prepare: number of updated asset objects reloaded= 0
========================================================================
Received Prepare
Begin MonoManager ReloadAssembly
[Licensing::Client] Successfully resolved entitlement details
- Loaded All Assemblies, in  0.789 seconds
Refreshing native plugins compatible for Editor in 1.68 ms, found 4 plugins.
Native extension for Android target not found
Native extension for WindowsStandalone target not found
Native extension for WebGL target not found
[Package Manager] Failed to launch server process. Reason: Unity was launched with the -noUpm command-line argument
[Package Manager] Unable to send message (not connected to server process).
[Package Manager] Cannot connect to Unity Package Manager local server
Mono: successfully reloaded assembly
- Finished resetting the current domain, in  0.767 seconds
Domain Reload Profiling: 1553ms
	BeginReloadAssembly (233ms)
		ExecutionOrderSort (0ms)
		DisableScriptedObjects (15ms)
		BackupInstance (0ms)
		ReleaseScriptingObjects (0ms)
		CreateAndSetChildDomain (60ms)
	RebuildCommonClasses (34ms)
	RebuildNativeTypeToScriptingClass (12ms)
	initialDomainReloadingComplete (32ms)
	LoadAllAssembliesAndSetupDomain (474ms)
		LoadAssemblies (372ms)
		RebuildTransferFunctionScriptingTraits (0ms)
		AnalyzeDomain (191ms)
			TypeCache.Refresh (9ms)
				TypeCache.ScanAssembly (0ms)
			BuildScriptInfoCaches (168ms)
			ResolveRequiredComponents (9ms)
	FinalizeReload (768ms)
		ReleaseScriptCaches (0ms)
		RebuildScriptCaches (0ms)
		SetupLoadedEditorAssemblies (601ms)
			LogAssemblyErrors (0ms)
			InitializePlatformSupportModulesInManaged (10ms)
			SetLoadedEditorAssemblies (6ms)
			BeforeProcessingInitializeOnLoad (163ms)
			ProcessInitializeOnLoadAttributes (335ms)
			ProcessInitializeOnLoadMethodAttributes (79ms)
			AfterProcessingInitializeOnLoad (9ms)
			EditorAssembliesLoaded (0ms)
		ExecutionOrderSort2 (0ms)
		AwakeInstancesAfterBackupRestoration (19ms)
Refreshing native plugins compatible for Editor in 1.81 ms, found 4 plugins.
Preloading 0 native plugins for Editor in 0.00 ms.
Unloading 16 Unused Serialized files (Serialized files now loaded: 0)
Unloading 6874 unused Assets / (4.5 MB). Loaded Objects now: 8120.
Memory consumption went from 159.1 MB to 154.6 MB.
Total: 9.898800 ms (FindLiveObjects: 0.717300 ms CreateObjectMapping: 0.667300 ms MarkObjects: 5.425200 ms  DeleteObjects: 3.088000 ms)

Prepare: number of updated asset objects reloaded= 0
========================================================================
Received Prepare
Begin MonoManager ReloadAssembly
- Loaded All Assemblies, in  0.770 seconds
Refreshing native plugins compatible for Editor in 1.91 ms, found 4 plugins.
Native extension for Android target not found
Native extension for WindowsStandalone target not found
Native extension for WebGL target not found
[Package Manager] Failed to launch server process. Reason: Unity was launched with the -noUpm command-line argument
[Package Manager] Unable to send message (not connected to server process).
[Package Manager] Cannot connect to Unity Package Manager local server
Mono: successfully reloaded assembly
- Finished resetting the current domain, in  0.722 seconds
Domain Reload Profiling: 1489ms
	BeginReloadAssembly (214ms)
		ExecutionOrderSort (0ms)
		DisableScriptedObjects (13ms)
		BackupInstance (0ms)
		ReleaseScriptingObjects (0ms)
		CreateAndSetChildDomain (50ms)
	RebuildCommonClasses (41ms)
	RebuildNativeTypeToScriptingClass (12ms)
	initialDomainReloadingComplete (31ms)
	LoadAllAssembliesAndSetupDomain (468ms)
		LoadAssemblies (379ms)
		RebuildTransferFunctionScriptingTraits (0ms)
		AnalyzeDomain (184ms)
			TypeCache.Refresh (8ms)
				TypeCache.ScanAssembly (0ms)
			BuildScriptInfoCaches (163ms)
			ResolveRequiredComponents (9ms)
	FinalizeReload (722ms)
		ReleaseScriptCaches (0ms)
		RebuildScriptCaches (0ms)
		SetupLoadedEditorAssemblies (570ms)
			LogAssemblyErrors (0ms)
			InitializePlatformSupportModulesInManaged (10ms)
			SetLoadedEditorAssemblies (5ms)
			BeforeProcessingInitializeOnLoad (158ms)
			ProcessInitializeOnLoadAttributes (316ms)
			ProcessInitializeOnLoadMethodAttributes (71ms)
			AfterProcessingInitializeOnLoad (9ms)
			EditorAssembliesLoaded (0ms)
		ExecutionOrderSort2 (0ms)
		AwakeInstancesAfterBackupRestoration (15ms)
Refreshing native plugins compatible for Editor in 2.22 ms, found 4 plugins.
Preloading 0 native plugins for Editor in 0.00 ms.
Unloading 16 Unused Serialized files (Serialized files now loaded: 0)
Unloading 6874 unused Assets / (4.6 MB). Loaded Objects now: 8123.
Memory consumption went from 159.1 MB to 154.6 MB.
Total: 13.072700 ms (FindLiveObjects: 0.969500 ms CreateObjectMapping: 1.258400 ms MarkObjects: 7.717500 ms  DeleteObjects: 3.125800 ms)

Prepare: number of updated asset objects reloaded= 0
========================================================================
Received Prepare
Refreshing native plugins compatible for Editor in 3.58 ms, found 4 plugins.
Preloading 0 native plugins for Editor in 0.00 ms.
Unloading 16 Unused Serialized files (Serialized files now loaded: 0)
Unloading 6864 unused Assets / (4.7 MB). Loaded Objects now: 8123.
Memory consumption went from 159.3 MB to 154.5 MB.
Total: 16.327400 ms (FindLiveObjects: 1.123600 ms CreateObjectMapping: 1.415300 ms MarkObjects: 9.649700 ms  DeleteObjects: 4.136900 ms)

Prepare: number of updated asset objects reloaded= 0
========================================================================
Received Prepare
Begin MonoManager ReloadAssembly
[Licensing::Client] Successfully resolved entitlement details
- Loaded All Assemblies, in  1.233 seconds
Refreshing native plugins compatible for Editor in 3.70 ms, found 4 plugins.
Native extension for Android target not found
Native extension for WindowsStandalone target not found
Native extension for WebGL target not found
[Package Manager] Failed to launch server process. Reason: Unity was launched with the -noUpm command-line argument
[Package Manager] Unable to send message (not connected to server process).
[Package Manager] Cannot connect to Unity Package Manager local server
Mono: successfully reloaded assembly
- Finished resetting the current domain, in  1.179 seconds
Domain Reload Profiling: 2406ms
	BeginReloadAssembly (326ms)
		ExecutionOrderSort (0ms)
		DisableScriptedObjects (22ms)
		BackupInstance (0ms)
		ReleaseScriptingObjects (0ms)
		CreateAndSetChildDomain (72ms)
	RebuildCommonClasses (67ms)
	RebuildNativeTypeToScriptingClass (19ms)
	initialDomainReloadingComplete (55ms)
	LoadAllAssembliesAndSetupDomain (761ms)
		LoadAssemblies (581ms)
		RebuildTransferFunctionScriptingTraits (0ms)
		AnalyzeDomain (322ms)
			TypeCache.Refresh (15ms)
				TypeCache.ScanAssembly (1ms)
			BuildScriptInfoCaches (281ms)
			ResolveRequiredComponents (20ms)
	FinalizeReload (1179ms)
		ReleaseScriptCaches (0ms)
		RebuildScriptCaches (0ms)
		SetupLoadedEditorAssemblies (936ms)
			LogAssemblyErrors (0ms)
			InitializePlatformSupportModulesInManaged (18ms)
			SetLoadedEditorAssemblies (8ms)
			BeforeProcessingInitializeOnLoad (290ms)
			ProcessInitializeOnLoadAttributes (493ms)
			ProcessInitializeOnLoadMethodAttributes (116ms)
			AfterProcessingInitializeOnLoad (11ms)
			EditorAssembliesLoaded (0ms)
		ExecutionOrderSort2 (0ms)
		AwakeInstancesAfterBackupRestoration (19ms)
Refreshing native plugins compatible for Editor in 3.44 ms, found 4 plugins.
Preloading 0 native plugins for Editor in 0.00 ms.
Unloading 16 Unused Serialized files (Serialized files now loaded: 0)
Unloading 6874 unused Assets / (5.5 MB). Loaded Objects now: 8126.
Memory consumption went from 159.2 MB to 153.7 MB.
Total: 14.121000 ms (FindLiveObjects: 0.931600 ms CreateObjectMapping: 0.698600 ms MarkObjects: 8.450100 ms  DeleteObjects: 4.039100 ms)

Prepare: number of updated asset objects reloaded= 0
========================================================================
Received Prepare
Begin MonoManager ReloadAssembly
- Loaded All Assemblies, in  0.771 seconds
Refreshing native plugins compatible for Editor in 1.88 ms, found 4 plugins.
Native extension for Android target not found
Native extension for WindowsStandalone target not found
Native extension for WebGL target not found
[Package Manager] Failed to launch server process. Reason: Unity was launched with the -noUpm command-line argument
[Package Manager] Unable to send message (not connected to server process).
[Package Manager] Cannot connect to Unity Package Manager local server
Mono: successfully reloaded assembly
- Finished resetting the current domain, in  0.744 seconds
Domain Reload Profiling: 1511ms
	BeginReloadAssembly (222ms)
		ExecutionOrderSort (0ms)
		DisableScriptedObjects (13ms)
		BackupInstance (0ms)
		ReleaseScriptingObjects (0ms)
		CreateAndSetChildDomain (60ms)
	RebuildCommonClasses (41ms)
	RebuildNativeTypeToScriptingClass (12ms)
	initialDomainReloadingComplete (31ms)
	LoadAllAssembliesAndSetupDomain (460ms)
		LoadAssemblies (367ms)
		RebuildTransferFunctionScriptingTraits (0ms)
		AnalyzeDomain (186ms)
			TypeCache.Refresh (9ms)
				TypeCache.ScanAssembly (0ms)
			BuildScriptInfoCaches (162ms)
			ResolveRequiredComponents (10ms)
	FinalizeReload (745ms)
		ReleaseScriptCaches (0ms)
		RebuildScriptCaches (0ms)
		SetupLoadedEditorAssemblies (581ms)
			LogAssemblyErrors (0ms)
			InitializePlatformSupportModulesInManaged (10ms)
			SetLoadedEditorAssemblies (6ms)
			BeforeProcessingInitializeOnLoad (154ms)
			ProcessInitializeOnLoadAttributes (332ms)
			ProcessInitializeOnLoadMethodAttributes (70ms)
			AfterProcessingInitializeOnLoad (8ms)
			EditorAssembliesLoaded (0ms)
		ExecutionOrderSort2 (0ms)
		AwakeInstancesAfterBackupRestoration (16ms)
Refreshing native plugins compatible for Editor in 1.91 ms, found 4 plugins.
Preloading 0 native plugins for Editor in 0.00 ms.
Unloading 16 Unused Serialized files (Serialized files now loaded: 0)
Unloading 6874 unused Assets / (4.9 MB). Loaded Objects now: 8129.
Memory consumption went from 159.2 MB to 154.3 MB.
Total: 11.271800 ms (FindLiveObjects: 0.801900 ms CreateObjectMapping: 0.979200 ms MarkObjects: 6.353000 ms  DeleteObjects: 3.135900 ms)

Prepare: number of updated asset objects reloaded= 0
========================================================================
Received Prepare
Begin MonoManager ReloadAssembly
- Loaded All Assemblies, in  0.791 seconds
Refreshing native plugins compatible for Editor in 1.97 ms, found 4 plugins.
Native extension for Android target not found
Native extension for WindowsStandalone target not found
Native extension for WebGL target not found
[Package Manager] Failed to launch server process. Reason: Unity was launched with the -noUpm command-line argument
[Package Manager] Unable to send message (not connected to server process).
[Package Manager] Cannot connect to Unity Package Manager local server
Mono: successfully reloaded assembly
- Finished resetting the current domain, in  0.734 seconds
Domain Reload Profiling: 1522ms
	BeginReloadAssembly (222ms)
		ExecutionOrderSort (0ms)
		DisableScriptedObjects (14ms)
		BackupInstance (0ms)
		ReleaseScriptingObjects (0ms)
		CreateAndSetChildDomain (51ms)
	RebuildCommonClasses (37ms)
	RebuildNativeTypeToScriptingClass (16ms)
	initialDomainReloadingComplete (33ms)
	LoadAllAssembliesAndSetupDomain (481ms)
		LoadAssemblies (382ms)
		RebuildTransferFunctionScriptingTraits (0ms)
		AnalyzeDomain (193ms)
			TypeCache.Refresh (6ms)
				TypeCache.ScanAssembly (0ms)
			BuildScriptInfoCaches (170ms)
			ResolveRequiredComponents (12ms)
	FinalizeReload (735ms)
		ReleaseScriptCaches (0ms)
		RebuildScriptCaches (0ms)
		SetupLoadedEditorAssemblies (580ms)
			LogAssemblyErrors (0ms)
			InitializePlatformSupportModulesInManaged (9ms)
			SetLoadedEditorAssemblies (5ms)
			BeforeProcessingInitializeOnLoad (157ms)
			ProcessInitializeOnLoadAttributes (327ms)
			ProcessInitializeOnLoadMethodAttributes (74ms)
			AfterProcessingInitializeOnLoad (8ms)
			EditorAssembliesLoaded (0ms)
		ExecutionOrderSort2 (0ms)
		AwakeInstancesAfterBackupRestoration (15ms)
Refreshing native plugins compatible for Editor in 2.19 ms, found 4 plugins.
Preloading 0 native plugins for Editor in 0.00 ms.
Unloading 16 Unused Serialized files (Serialized files now loaded: 0)
Unloading 6874 unused Assets / (5.1 MB). Loaded Objects now: 8132.
Memory consumption went from 159.2 MB to 154.1 MB.
Total: 12.157800 ms (FindLiveObjects: 0.833600 ms CreateObjectMapping: 0.789300 ms MarkObjects: 7.075600 ms  DeleteObjects: 3.457500 ms)

Prepare: number of updated asset objects reloaded= 0
========================================================================
Received Prepare
Refreshing native plugins compatible for Editor in 3.62 ms, found 4 plugins.
Preloading 0 native plugins for Editor in 0.00 ms.
Unloading 16 Unused Serialized files (Serialized files now loaded: 0)
Unloading 6864 unused Assets / (5.4 MB). Loaded Objects now: 8132.
Memory consumption went from 159.4 MB to 154.0 MB.
Total: 14.826600 ms (FindLiveObjects: 0.769500 ms CreateObjectMapping: 0.765000 ms MarkObjects: 8.787200 ms  DeleteObjects: 4.503300 ms)

Prepare: number of updated asset objects reloaded= 0
========================================================================
Received Prepare
Begin MonoManager ReloadAssembly
- Loaded All Assemblies, in  1.209 seconds
Refreshing native plugins compatible for Editor in 3.05 ms, found 4 plugins.
Native extension for Android target not found
Native extension for WindowsStandalone target not found
Native extension for WebGL target not found
[Package Manager] Failed to launch server process. Reason: Unity was launched with the -noUpm command-line argument
[Package Manager] Unable to send message (not connected to server process).
[Package Manager] Cannot connect to Unity Package Manager local server
Mono: successfully reloaded assembly
- Finished resetting the current domain, in  0.969 seconds
Domain Reload Profiling: 2171ms
	BeginReloadAssembly (336ms)
		ExecutionOrderSort (0ms)
		DisableScriptedObjects (22ms)
		BackupInstance (0ms)
		ReleaseScriptingObjects (0ms)
		CreateAndSetChildDomain (72ms)
	RebuildCommonClasses (53ms)
	RebuildNativeTypeToScriptingClass (21ms)
	initialDomainReloadingComplete (51ms)
	LoadAllAssembliesAndSetupDomain (741ms)
		LoadAssemblies (573ms)
		RebuildTransferFunctionScriptingTraits (0ms)
		AnalyzeDomain (319ms)
			TypeCache.Refresh (12ms)
				TypeCache.ScanAssembly (1ms)
			BuildScriptInfoCaches (282ms)
			ResolveRequiredComponents (18ms)
	FinalizeReload (969ms)
		ReleaseScriptCaches (0ms)
		RebuildScriptCaches (0ms)
		SetupLoadedEditorAssemblies (726ms)
			LogAssemblyErrors (0ms)
			InitializePlatformSupportModulesInManaged (17ms)
			SetLoadedEditorAssemblies (11ms)
			BeforeProcessingInitializeOnLoad (278ms)
			ProcessInitializeOnLoadAttributes (329ms)
			ProcessInitializeOnLoadMethodAttributes (80ms)
			AfterProcessingInitializeOnLoad (10ms)
			EditorAssembliesLoaded (0ms)
		ExecutionOrderSort2 (0ms)
		AwakeInstancesAfterBackupRestoration (17ms)
Refreshing native plugins compatible for Editor in 2.13 ms, found 4 plugins.
Preloading 0 native plugins for Editor in 0.00 ms.
Unloading 16 Unused Serialized files (Serialized files now loaded: 0)
Unloading 6874 unused Assets / (4.8 MB). Loaded Objects now: 8135.
Memory consumption went from 159.3 MB to 154.4 MB.
Total: 10.415400 ms (FindLiveObjects: 0.763100 ms CreateObjectMapping: 0.675300 ms MarkObjects: 6.093000 ms  DeleteObjects: 2.882500 ms)

Prepare: number of updated asset objects reloaded= 0
========================================================================
Received Import Request.
  Time since last request: 6256.564641 seconds.
  path: Assets/sprites/Mossy Tileset/Mossy - TileSet_0.asset
  artifactKey: Guid(171be81d16ccd674b8fd3b24093ac016) Importer(815301076,1909f56bfc062723c751e8b465ee728b)
Start importing Assets/sprites/Mossy Tileset/Mossy - TileSet_0.asset using Guid(171be81d16ccd674b8fd3b24093ac016) Importer(815301076,1909f56bfc062723c751e8b465ee728b) (PreviewImporter) -> (artifact id: 'a358b2ec02d9fe8f316429f50cf06a87') in 1.3970857 seconds
Number of updated asset objects reloaded before import = 0Number of asset objects unloaded after import = 3

Editor requested this worker to shutdown with reason: Scaling down because of idle timeout
AssetImportWorker is now disconnected from the server
Process exiting
Exiting without the bug reporter. Application will terminate with return code 0