[Licensing::Module] Trying to connect to existing licensing client channel...
Built from '6000.3/respin/6000.3.1f1-f56f53296c2c' branch; Version is '6000.3.1f1 (37142da19a94) revision 3609645'; Using compiler version '194234433'; Build Type 'Release'
OS: 'Windows 11  (10.0.26200) 64bit Professional' Language: 'en' Physical Memory: 16200 MB
[Licensing::IpcConnector] Successfully connected to: "LicenseClient-Huseyn" at "2026-04-17T16:41:34.8412639Z"
BatchMode: 1, IsHumanControllingUs: 0, StartBugReporterOnCrash: 0, Is64bit: 1
Date: 2026-04-17T16:41:34Z

COMMAND LINE ARGUMENTS:
C:\Program Files\Unity\Hub\Editor\6000.3.1f1\Editor\Unity.exe
-adb2
-batchMode
-noUpm
-name
AssetImportWorker5
-projectPath
C:/Users/Huseyn/Desktop/New folder (2)/PlatformGameForLesson
-logFile
Logs/AssetImportWorker5.log
-srvPort
52413
-licensingIpc
LicenseClient-Huseyn
-job-worker-count
7
-background-job-worker-count
8
-gc-helper-count
1
-name
AssetImport
Successfully changed project path to: C:/Users/Huseyn/Desktop/New folder (2)/PlatformGameForLesson
C:/Users/Huseyn/Desktop/New folder (2)/PlatformGameForLesson
[UnityMemory] Configuration Parameters - Can be set up in boot.config
    "memorysetup-temp-allocator-size-nav-mesh-worker=65536"
    "memorysetup-temp-allocator-size-audio-worker=65536"
    "memorysetup-temp-allocator-size-gfx=262144"
    "memorysetup-allocator-temp-initial-block-size-main=262144"
    "memorysetup-allocator-temp-initial-block-size-worker=262144"
    "memorysetup-temp-allocator-size-background-worker=32768"
    "memorysetup-temp-allocator-size-job-worker=262144"
    "memorysetup-temp-allocator-size-preload-manager=33554432"
    "memorysetup-temp-allocator-size-gi-baking-worker=262144"
    "memorysetup-temp-allocator-size-gi-baking-worker=262144"
    "memorysetup-temp-allocator-size-gi-baking-worker=262144"
    "memorysetup-temp-allocator-size-gi-baking-worker=262144"
    "memorysetup-temp-allocator-size-gi-baking-worker=262144"
    "memorysetup-bucket-allocator-granularity=16"
    "memorysetup-bucket-allocator-bucket-count=8"
    "memorysetup-bucket-allocator-block-size=33554432"
    "memorysetup-bucket-allocator-block-count=8"
    "memorysetup-main-allocator-block-size=16777216"
    "memorysetup-thread-allocator-block-size=16777216"
    "memorysetup-gfx-main-allocator-block-size=16777216"
    "memorysetup-gfx-thread-allocator-block-size=16777216"
    "memorysetup-cache-allocator-block-size=4194304"
    "memorysetup-typetree-allocator-block-size=2097152"
    "memorysetup-profiler-bucket-allocator-granularity=16"
    "memorysetup-profiler-bucket-allocator-bucket-count=8"
    "memorysetup-profiler-bucket-allocator-block-size=33554432"
    "memorysetup-profiler-bucket-allocator-block-count=8"
    "memorysetup-profiler-allocator-block-size=16777216"
    "memorysetup-profiler-editor-allocator-block-size=1048576"
    "memorysetup-temp-allocator-size-main=16777216"
    "memorysetup-job-temp-allocator-block-size=2097152"
    "memorysetup-job-temp-allocator-block-size-background=1048576"
    "memorysetup-job-temp-allocator-reduction-small-platforms=262144"
    "memorysetup-temp-allocator-size-cloud-worker=32768"
Player connection [29332]  Target information:

Player connection [29332]  * "[IP] 192.168.56.1 [Port] 0 [Flags] 2 [Guid] 3175904316 [EditorId] 3175904316 [Version] 1048832 [Id] WindowsEditor(7,DESKTOP-P8DN92Q) [Debug] 1 [PackageName] WindowsEditor [ProjectName] Editor" 

Player connection [29332]  * "[IP] 192.168.0.200 [Port] 0 [Flags] 2 [Guid] 3175904316 [EditorId] 3175904316 [Version] 1048832 [Id] WindowsEditor(7,DESKTOP-P8DN92Q) [Debug] 1 [PackageName] WindowsEditor [ProjectName] Editor" 

Player connection [29332] Host joined multi-casting on [225.0.0.222:54997]...
Player connection [29332] Host joined alternative multi-casting on [225.0.0.222:34997]...
JobSystem: Creating JobQueue using job-worker-count value 7
Input System module state changed to: Initialized.
[Physics::Module] Initialized fallback backend.
[Physics::Module] Id: 0xdecafbad
Library Redirect Path: Library/
[Physics::Module] Selected backend.
[Physics::Module] Name: PhysX
[Physics::Module] Id: 0xf2b8ea05
[Physics::Module] SDK Version: 4.1.2
[Physics::Module] Integration Version: 1.0.0
[Physics::Module] Threading Mode: Multi-Threaded
Refreshing native plugins compatible for Editor in 9.11 ms, found 4 plugins.
Preloading 0 native plugins for Editor in 0.00 ms.
Initialize engine version: 6000.3.1f1 (37142da19a94)
[Subsystems] Discovering subsystems at path C:/Program Files/Unity/Hub/Editor/6000.3.1f1/Editor/Data/Resources/UnitySubsystems
[Subsystems] Discovering subsystems at path C:/Users/Huseyn/Desktop/New folder (2)/PlatformGameForLesson/Assets
GfxDevice: creating device client; kGfxThreadingModeNonThreaded
Direct3D:
    Version:  Direct3D 11.0 [level 11.1]
    Renderer: NVIDIA GeForce RTX 3050 Laptop GPU (ID=0x25a2)
    Vendor:   NVIDIA
    VRAM:     3962 MB
    Driver:   32.0.15.9186
Initialize mono
Mono path[0] = 'C:/Program Files/Unity/Hub/Editor/6000.3.1f1/Editor/Data/Managed'
Mono path[1] = 'C:/Program Files/Unity/Hub/Editor/6000.3.1f1/Editor/Data/MonoBleedingEdge/lib/mono/unityjit-win32'
Mono config path = 'C:/Program Files/Unity/Hub/Editor/6000.3.1f1/Editor/Data/MonoBleedingEdge/etc'
Using monoOptions --debugger-agent=transport=dt_socket,embedding=1,server=y,suspend=n,address=127.0.0.1:56980
Begin MonoManager ReloadAssembly
Registering precompiled unity dll's ...
Register platform support module: C:/Program Files/Unity/Hub/Editor/6000.3.1f1/Editor/Data/PlaybackEngines/WebGLSupport/UnityEditor.WebGL.Extensions.dll
Register platform support module: C:/Program Files/Unity/Hub/Editor/6000.3.1f1/Editor/Data/PlaybackEngines/WindowsStandaloneSupport/UnityEditor.WindowsStandalone.Extensions.dll
[Licensing::Module] Licensing is not yet initialized.
[Licensing::Client] Handshaking with LicensingClient:
  Version:                 1.17.4+4293ba1
  Session Id:              c41fb1d6d114424797a3d60739ca499c
  Correlation Id:          b6c0715d3a820be36b2f7da351ade35c
  External correlation Id: 4511648596502837932
  Machine Id:              tv/gQBm3jDMfnTwrqsG2ELGBXbM=
[Licensing::Module] Successfully connected to LicensingClient on channel: "LicenseClient-Huseyn" (connect: 0.00s, validation: 0.00s, handshake: 1.23s)
[Licensing::IpcConnector] Successfully connected to: "LicenseClient-Huseyn-notifications" at "2026-04-17T16:41:36.0698686Z"
[Licensing::Module] Licensing Background thread has ended after 1.23s
[Licensing::Module] Licensing is initialized (took 0.19s).
[Licensing::Client] Successfully resolved entitlement details
[Licensing::Module] License group:
  Id: 18966791570336-UnityPersXXXX
  Product: Unity Personal
  Type: Assigned
  Expiration: Unlimited
Register platform support module: C:/Program Files/Unity/Hub/Editor/6000.3.1f1/Editor/Data/PlaybackEngines/AndroidPlayer/UnityEditor.Android.Extensions.dll
Registered in 0.197875 seconds.
- Loaded All Assemblies, in  0.765 seconds
Native extension for Android target not found
Android Extension - Scanning For ADB Devices 294 ms
Native extension for WindowsStandalone target not found
Native extension for WebGL target not found
Mono: successfully reloaded assembly
- Finished resetting the current domain, in  0.802 seconds
Domain Reload Profiling: 1562ms
	BeginReloadAssembly (216ms)
		ExecutionOrderSort (0ms)
		DisableScriptedObjects (0ms)
		BackupInstance (0ms)
		ReleaseScriptingObjects (0ms)
		CreateAndSetChildDomain (1ms)
	RebuildCommonClasses (54ms)
	RebuildNativeTypeToScriptingClass (14ms)
	initialDomainReloadingComplete (256ms)
	LoadAllAssembliesAndSetupDomain (221ms)
		LoadAssemblies (212ms)
		RebuildTransferFunctionScriptingTraits (0ms)
		AnalyzeDomain (215ms)
			TypeCache.Refresh (213ms)
				TypeCache.ScanAssembly (196ms)
			BuildScriptInfoCaches (0ms)
			ResolveRequiredComponents (0ms)
	FinalizeReload (802ms)
		ReleaseScriptCaches (0ms)
		RebuildScriptCaches (0ms)
		SetupLoadedEditorAssemblies (747ms)
			LogAssemblyErrors (0ms)
			InitializePlatformSupportModulesInManaged (398ms)
			SetLoadedEditorAssemblies (4ms)
			BeforeProcessingInitializeOnLoad (91ms)
			ProcessInitializeOnLoadAttributes (158ms)
			ProcessInitializeOnLoadMethodAttributes (96ms)
			AfterProcessingInitializeOnLoad (0ms)
			EditorAssembliesLoaded (0ms)
		ExecutionOrderSort2 (0ms)
		AwakeInstancesAfterBackupRestoration (0ms)
========================================================================
Worker process is ready to serve import requests
Import Worker Mode flag is 0x00
Begin MonoManager ReloadAssembly
[Licensing::Client] Successfully resolved entitlement details
- Loaded All Assemblies, in  1.351 seconds
Refreshing native plugins compatible for Editor in 1.87 ms, found 4 plugins.
Native extension for Android target not found
Native extension for WindowsStandalone target not found
Native extension for WebGL target not found
Package Manager log level set to [2]
[Package Manager] Failed to launch server process. Reason: Unity was launched with the -noUpm command-line argument
[Package Manager] Unable to send message (not connected to server process).
[Package Manager] Cannot connect to Unity Package Manager local server
Mono: successfully reloaded assembly
- Finished resetting the current domain, in  0.934 seconds
Domain Reload Profiling: 2269ms
	BeginReloadAssembly (261ms)
		ExecutionOrderSort (0ms)
		DisableScriptedObjects (7ms)
		BackupInstance (0ms)
		ReleaseScriptingObjects (0ms)
		CreateAndSetChildDomain (53ms)
	RebuildCommonClasses (60ms)
	RebuildNativeTypeToScriptingClass (19ms)
	initialDomainReloadingComplete (61ms)
	LoadAllAssembliesAndSetupDomain (933ms)
		LoadAssemblies (656ms)
		RebuildTransferFunctionScriptingTraits (0ms)
		AnalyzeDomain (421ms)
			TypeCache.Refresh (303ms)
				TypeCache.ScanAssembly (279ms)
			BuildScriptInfoCaches (92ms)
			ResolveRequiredComponents (18ms)
	FinalizeReload (934ms)
		ReleaseScriptCaches (0ms)
		RebuildScriptCaches (0ms)
		SetupLoadedEditorAssemblies (756ms)
			LogAssemblyErrors (0ms)
			InitializePlatformSupportModulesInManaged (12ms)
			SetLoadedEditorAssemblies (6ms)
			BeforeProcessingInitializeOnLoad (183ms)
			ProcessInitializeOnLoadAttributes (396ms)
			ProcessInitializeOnLoadMethodAttributes (149ms)
			AfterProcessingInitializeOnLoad (10ms)
			EditorAssembliesLoaded (0ms)
		ExecutionOrderSort2 (0ms)
		AwakeInstancesAfterBackupRestoration (8ms)
Launched and connected shader compiler UnityShaderCompiler.exe after 0.02 seconds
Refreshing native plugins compatible for Editor in 2.40 ms, found 4 plugins.
Preloading 0 native plugins for Editor in 0.00 ms.
Unloading 16 Unused Serialized files (Serialized files now loaded: 0)
Unloading 6876 unused Assets / (5.6 MB). Loaded Objects now: 7709.
Memory consumption went from 155.3 MB to 149.7 MB.
Total: 14.471700 ms (FindLiveObjects: 0.805900 ms CreateObjectMapping: 1.707100 ms MarkObjects: 7.242300 ms  DeleteObjects: 4.715100 ms)

========================================================================
Received Import Request.
  Time since last request: 16911.886146 seconds.
  path: Assets/New Asssets/Plant Animations/BlueFlower2/BluePlantClosed_00051.png
  artifactKey: Guid(f38769fbfdde9704d900da2bfe956487) Importer(2089858483,b0f066a214c2f5e87bad3c948f4d605d)
Start importing Assets/New Asssets/Plant Animations/BlueFlower2/BluePlantClosed_00051.png using Guid(f38769fbfdde9704d900da2bfe956487) Importer(2089858483,b0f066a214c2f5e87bad3c948f4d605d) (ScriptedImporter) -> (artifact id: '99495b1da3f719bdb10e723c46ad2eb0') in 0.1648865 seconds
Number of updated asset objects reloaded before import = 0Number of asset objects unloaded after import = 8

========================================================================
Received Import Request.
  Time since last request: 0.521883 seconds.
  path: Assets/New Asssets/Plant Animations/Plant 6/Plant6_00027.png
  artifactKey: Guid(8d714799572fcb742bec73877725b7b0) Importer(2089858483,b0f066a214c2f5e87bad3c948f4d605d)
Start importing Assets/New Asssets/Plant Animations/Plant 6/Plant6_00027.png using Guid(8d714799572fcb742bec73877725b7b0) Importer(2089858483,b0f066a214c2f5e87bad3c948f4d605d) (ScriptedImporter) -> (artifact id: 'affe1e2531929bcc29b71b6aaac91c63') in 0.0193048 seconds
Number of updated asset objects reloaded before import = 0Number of asset objects unloaded after import = 3

========================================================================
Received Import Request.
  Time since last request: 0.000024 seconds.
  path: Assets/New Asssets/Plant Animations/Plant 4/Plant4_00051.png
  artifactKey: Guid(d0a12e215e40122449a80f3adf1cc122) Importer(2089858483,b0f066a214c2f5e87bad3c948f4d605d)
Start importing Assets/New Asssets/Plant Animations/Plant 4/Plant4_00051.png using Guid(d0a12e215e40122449a80f3adf1cc122) Importer(2089858483,b0f066a214c2f5e87bad3c948f4d605d) (ScriptedImporter) -> (artifact id: 'c1c425d92b4f98d5666f570ec0f3a1e0') in 0.0189483 seconds
Number of updated asset objects reloaded before import = 0Number of asset objects unloaded after import = 3

========================================================================
Received Import Request.
  Time since last request: 0.000026 seconds.
  path: Assets/New Asssets/Plant Animations/BlueFlower2/BluePlantClosed_00024.png
  artifactKey: Guid(a5d1b2fb707e79f4c9fc2a066a231cb6) Importer(2089858483,b0f066a214c2f5e87bad3c948f4d605d)
Start importing Assets/New Asssets/Plant Animations/BlueFlower2/BluePlantClosed_00024.png using Guid(a5d1b2fb707e79f4c9fc2a066a231cb6) Importer(2089858483,b0f066a214c2f5e87bad3c948f4d605d) (ScriptedImporter) -> (artifact id: '4fa60253e560233e920d2c745483bc46') in 0.0244922 seconds
Number of updated asset objects reloaded before import = 0Number of asset objects unloaded after import = 7

========================================================================
Received Import Request.
  Time since last request: 0.533789 seconds.
  path: Assets/New Asssets/Plant Animations/Plant 2/Plant2_00025.png
  artifactKey: Guid(437d880b3ab2ecb4092668cc021cfdfd) Importer(2089858483,b0f066a214c2f5e87bad3c948f4d605d)
Start importing Assets/New Asssets/Plant Animations/Plant 2/Plant2_00025.png using Guid(437d880b3ab2ecb4092668cc021cfdfd) Importer(2089858483,b0f066a214c2f5e87bad3c948f4d605d) (ScriptedImporter) -> (artifact id: '76da8763bc8902899256f2bde02f3d9e') in 0.0212275 seconds
Number of updated asset objects reloaded before import = 0Number of asset objects unloaded after import = 5

========================================================================
Received Import Request.
  Time since last request: 0.000014 seconds.
  path: Assets/New Asssets/Plant Animations/Plant 6/Plant6_00055.png
  artifactKey: Guid(178042aac613e7345a120b1aabdbd6f5) Importer(2089858483,b0f066a214c2f5e87bad3c948f4d605d)
Start importing Assets/New Asssets/Plant Animations/Plant 6/Plant6_00055.png using Guid(178042aac613e7345a120b1aabdbd6f5) Importer(2089858483,b0f066a214c2f5e87bad3c948f4d605d) (ScriptedImporter) -> (artifact id: '84f22effdcf904ff67e0fb04157d3ecf') in 0.016059 seconds
Number of updated asset objects reloaded before import = 0Number of asset objects unloaded after import = 3

========================================================================
Received Import Request.
  Time since last request: 0.000024 seconds.
  path: Assets/New Asssets/Plant Animations/Plant 4/Plant4_00029.png
  artifactKey: Guid(498bb1c427a3f37489880c49f4d98375) Importer(2089858483,b0f066a214c2f5e87bad3c948f4d605d)
Start importing Assets/New Asssets/Plant Animations/Plant 4/Plant4_00029.png using Guid(498bb1c427a3f37489880c49f4d98375) Importer(2089858483,b0f066a214c2f5e87bad3c948f4d605d) (ScriptedImporter) -> (artifact id: '207a014e630c4d200d860676c5ab27de') in 0.0170735 seconds
Number of updated asset objects reloaded before import = 0Number of asset objects unloaded after import = 3

========================================================================
Received Import Request.
  Time since last request: 0.525494 seconds.
  path: Assets/New Asssets/Plant Animations/Plant 2/Plant2_00043.png
  artifactKey: Guid(745a439c7d5bacd489383b28c43ab0aa) Importer(2089858483,b0f066a214c2f5e87bad3c948f4d605d)
Start importing Assets/New Asssets/Plant Animations/Plant 2/Plant2_00043.png using Guid(745a439c7d5bacd489383b28c43ab0aa) Importer(2089858483,b0f066a214c2f5e87bad3c948f4d605d) (ScriptedImporter) -> (artifact id: '403eb83cb910509e1b5725b988956644') in 0.0171379 seconds
Number of updated asset objects reloaded before import = 0Number of asset objects unloaded after import = 5

========================================================================
Received Import Request.
  Time since last request: 0.000014 seconds.
  path: Assets/New Asssets/Plant Animations/Plant 2/Plant2_00001.png
  artifactKey: Guid(96f65b1948b508f4eae3c9d314b62ff3) Importer(2089858483,b0f066a214c2f5e87bad3c948f4d605d)
Start importing Assets/New Asssets/Plant Animations/Plant 2/Plant2_00001.png using Guid(96f65b1948b508f4eae3c9d314b62ff3) Importer(2089858483,b0f066a214c2f5e87bad3c948f4d605d) (ScriptedImporter) -> (artifact id: '7dd9c9b1834b96883fb2d8de436adb6c') in 0.0180787 seconds
Number of updated asset objects reloaded before import = 0Number of asset objects unloaded after import = 5

========================================================================
Received Import Request.
  Time since last request: 0.582735 seconds.
  path: Assets/New Asssets/Plant Animations/BlueFlower1/BlueFlower_00033.png
  artifactKey: Guid(20560809317316c489b46fb612df779d) Importer(2089858483,b0f066a214c2f5e87bad3c948f4d605d)
Start importing Assets/New Asssets/Plant Animations/BlueFlower1/BlueFlower_00033.png using Guid(20560809317316c489b46fb612df779d) Importer(2089858483,b0f066a214c2f5e87bad3c948f4d605d) (ScriptedImporter) -> (artifact id: '4ece84248bf75b6c0c2d0ce276cf87d9') in 0.0232772 seconds
Number of updated asset objects reloaded before import = 0Number of asset objects unloaded after import = 3

========================================================================
Received Import Request.
  Time since last request: 0.000022 seconds.
  path: Assets/New Asssets/Plant Animations/BlueFlower2/BluePlantClosed_00056.png
  artifactKey: Guid(792ba70e1c23e8f4684840e4dfd0d78e) Importer(2089858483,b0f066a214c2f5e87bad3c948f4d605d)
Start importing Assets/New Asssets/Plant Animations/BlueFlower2/BluePlantClosed_00056.png using Guid(792ba70e1c23e8f4684840e4dfd0d78e) Importer(2089858483,b0f066a214c2f5e87bad3c948f4d605d) (ScriptedImporter) -> (artifact id: 'c7c75f6403645e61c86a14232cdba082') in 0.0223755 seconds
Number of updated asset objects reloaded before import = 0Number of asset objects unloaded after import = 7

========================================================================
Received Import Request.
  Time since last request: 0.563309 seconds.
  path: Assets/New Asssets/Plant Animations/Plant 5/Plant5_00050.png
  artifactKey: Guid(00f92e4bb1e1ae647a18d016b8179d32) Importer(2089858483,b0f066a214c2f5e87bad3c948f4d605d)
Start importing Assets/New Asssets/Plant Animations/Plant 5/Plant5_00050.png using Guid(00f92e4bb1e1ae647a18d016b8179d32) Importer(2089858483,b0f066a214c2f5e87bad3c948f4d605d) (ScriptedImporter) -> (artifact id: '0d8e0938d9c7da4e0a5b61559d5187f6') in 0.020059 seconds
Number of updated asset objects reloaded before import = 0Number of asset objects unloaded after import = 3

========================================================================
Received Import Request.
  Time since last request: 0.000017 seconds.
  path: Assets/New Asssets/Plant Animations/Plant 6/Plant6_00034.png
  artifactKey: Guid(43b9692233accfd42a0d3432ae4a0eb1) Importer(2089858483,b0f066a214c2f5e87bad3c948f4d605d)
Start importing Assets/New Asssets/Plant Animations/Plant 6/Plant6_00034.png using Guid(43b9692233accfd42a0d3432ae4a0eb1) Importer(2089858483,b0f066a214c2f5e87bad3c948f4d605d) (ScriptedImporter) -> (artifact id: '23c48b3b564670650e14b21794f11365') in 0.0178376 seconds
Number of updated asset objects reloaded before import = 0Number of asset objects unloaded after import = 3

========================================================================
Received Import Request.
  Time since last request: 0.553759 seconds.
  path: Assets/New Asssets/Plant Animations/Plant 3/Plant3_00006.png
  artifactKey: Guid(7d4ea635095763e4f9102d3536d6cb98) Importer(2089858483,b0f066a214c2f5e87bad3c948f4d605d)
Start importing Assets/New Asssets/Plant Animations/Plant 3/Plant3_00006.png using Guid(7d4ea635095763e4f9102d3536d6cb98) Importer(2089858483,b0f066a214c2f5e87bad3c948f4d605d) (ScriptedImporter) -> (artifact id: '2e247da5fc6fbf382ce7ec822e1e008c') in 0.0193789 seconds
Number of updated asset objects reloaded before import = 0Number of asset objects unloaded after import = 4

========================================================================
Received Import Request.
  Time since last request: 0.000017 seconds.
  path: Assets/New Asssets/Plant Animations/Plant 4/Plant4_00009.png
  artifactKey: Guid(d0a3bd963e2fa4d45b8a215f11cf0250) Importer(2089858483,b0f066a214c2f5e87bad3c948f4d605d)
Start importing Assets/New Asssets/Plant Animations/Plant 4/Plant4_00009.png using Guid(d0a3bd963e2fa4d45b8a215f11cf0250) Importer(2089858483,b0f066a214c2f5e87bad3c948f4d605d) (ScriptedImporter) -> (artifact id: '33abe88a12a802a0b1acf8993e55f60e') in 0.0168955 seconds
Number of updated asset objects reloaded before import = 0Number of asset objects unloaded after import = 3

========================================================================
Received Import Request.
  Time since last request: 0.000030 seconds.
  path: Assets/New Asssets/Plant Animations/Plant 1/Plant1_00059.png
  artifactKey: Guid(f8a8c7e512ffc874299b6f295af2bb48) Importer(2089858483,b0f066a214c2f5e87bad3c948f4d605d)
Start importing Assets/New Asssets/Plant Animations/Plant 1/Plant1_00059.png using Guid(f8a8c7e512ffc874299b6f295af2bb48) Importer(2089858483,b0f066a214c2f5e87bad3c948f4d605d) (ScriptedImporter) -> (artifact id: '76b433dd9398a91acdcfd696ff5beaf0') in 0.0195825 seconds
Number of updated asset objects reloaded before import = 0Number of asset objects unloaded after import = 3

========================================================================
Received Import Request.
  Time since last request: 0.000030 seconds.
  path: Assets/New Asssets/BlueWizard/2BlueWizardIdle/Chara - BlueIdle00003.png
  artifactKey: Guid(1973f76caa1c31b49b5e52259affdacf) Importer(815301076,1909f56bfc062723c751e8b465ee728b)
Start importing Assets/New Asssets/BlueWizard/2BlueWizardIdle/Chara - BlueIdle00003.png using Guid(1973f76caa1c31b49b5e52259affdacf) Importer(815301076,1909f56bfc062723c751e8b465ee728b) (PreviewImporter) -> (artifact id: '537195bc8f61380e51aeeae4dd6efeb3') in 0.0862927 seconds
Number of updated asset objects reloaded before import = 0Number of asset objects unloaded after import = 3

========================================================================
Received Import Request.
  Time since last request: 0.000024 seconds.
  path: Assets/New Asssets/BlueWizard/2BlueWizardIdle/Chara - BlueIdle00006.png
  artifactKey: Guid(4681a80c79c001748bc5d592bbd02c7f) Importer(815301076,1909f56bfc062723c751e8b465ee728b)
Start importing Assets/New Asssets/BlueWizard/2BlueWizardIdle/Chara - BlueIdle00006.png using Guid(4681a80c79c001748bc5d592bbd02c7f) Importer(815301076,1909f56bfc062723c751e8b465ee728b) (PreviewImporter) -> (artifact id: '7502aed0aa6c946813cb6682210f0852') in 0.0220631 seconds
Number of updated asset objects reloaded before import = 0Number of asset objects unloaded after import = 3

========================================================================
Received Import Request.
  Time since last request: 0.000023 seconds.
  path: Assets/New Asssets/BlueWizard/2BlueWizardIdle/Chara - BlueIdle00007.png
  artifactKey: Guid(4318e55b556abb1478ff90ef0dd81624) Importer(815301076,1909f56bfc062723c751e8b465ee728b)
Start importing Assets/New Asssets/BlueWizard/2BlueWizardIdle/Chara - BlueIdle00007.png using Guid(4318e55b556abb1478ff90ef0dd81624) Importer(815301076,1909f56bfc062723c751e8b465ee728b) (PreviewImporter) -> (artifact id: '65fc12ed768e8cd1863126d9dec0711c') in 0.0189808 seconds
Number of updated asset objects reloaded before import = 0Number of asset objects unloaded after import = 3

========================================================================
Received Import Request.
  Time since last request: 0.000026 seconds.
  path: Assets/New Asssets/Plant Animations/Plant 7/Plant7_00002.png
  artifactKey: Guid(4eb8e7b887ade2b49984b34273596fb1) Importer(2089858483,b0f066a214c2f5e87bad3c948f4d605d)
Start importing Assets/New Asssets/Plant Animations/Plant 7/Plant7_00002.png using Guid(4eb8e7b887ade2b49984b34273596fb1) Importer(2089858483,b0f066a214c2f5e87bad3c948f4d605d) (ScriptedImporter) -> (artifact id: '5d38da55bb819b46be2312381e257a19') in 0.0165158 seconds
Number of updated asset objects reloaded before import = 0Number of asset objects unloaded after import = 3

========================================================================
Received Import Request.
  Time since last request: 0.000013 seconds.
  path: Assets/New Asssets/Plant Animations/Plant 4/Plant4_00026.png
  artifactKey: Guid(7d448f33bfdbaba49a71c3dd45daf843) Importer(2089858483,b0f066a214c2f5e87bad3c948f4d605d)
Start importing Assets/New Asssets/Plant Animations/Plant 4/Plant4_00026.png using Guid(7d448f33bfdbaba49a71c3dd45daf843) Importer(2089858483,b0f066a214c2f5e87bad3c948f4d605d) (ScriptedImporter) -> (artifact id: 'db17712c9f032eba7e6c893d683a65d0') in 0.0181366 seconds
Number of updated asset objects reloaded before import = 0Number of asset objects unloaded after import = 3

========================================================================
Received Import Request.
  Time since last request: 0.000020 seconds.
  path: Assets/New Asssets/BlueWizard/2BlueWizardIdle/Chara - BlueIdle00017.png
  artifactKey: Guid(df8da1384c9354a4581e57f91247a3c6) Importer(815301076,1909f56bfc062723c751e8b465ee728b)
Start importing Assets/New Asssets/BlueWizard/2BlueWizardIdle/Chara - BlueIdle00017.png using Guid(df8da1384c9354a4581e57f91247a3c6) Importer(815301076,1909f56bfc062723c751e8b465ee728b) (PreviewImporter) -> (artifact id: 'ea1ca837208397f86bc407c635d1be19') in 0.0196922 seconds
Number of updated asset objects reloaded before import = 0Number of asset objects unloaded after import = 3

========================================================================
Received Import Request.
  Time since last request: 0.000019 seconds.
  path: Assets/New Asssets/BlueWizard/2BlueWizardJump/Dash2/DashBlue_00015.png
  artifactKey: Guid(a49e44affa6634e4ea2b62139cc60724) Importer(2089858483,b0f066a214c2f5e87bad3c948f4d605d)
Start importing Assets/New Asssets/BlueWizard/2BlueWizardJump/Dash2/DashBlue_00015.png using Guid(a49e44affa6634e4ea2b62139cc60724) Importer(2089858483,b0f066a214c2f5e87bad3c948f4d605d) (ScriptedImporter) -> (artifact id: '034a4190fe894e201eeaf3495e0605a5') in 0.0188077 seconds
Number of updated asset objects reloaded before import = 0Number of asset objects unloaded after import = 3

========================================================================
Received Import Request.
  Time since last request: 0.000018 seconds.
  path: Assets/New Asssets/Plant Animations/BlueFlower2/BluePlantClosed_00055.png
  artifactKey: Guid(225f9c3dd9ac1ea439a849c6367a522c) Importer(2089858483,b0f066a214c2f5e87bad3c948f4d605d)
Start importing Assets/New Asssets/Plant Animations/BlueFlower2/BluePlantClosed_00055.png using Guid(225f9c3dd9ac1ea439a849c6367a522c) Importer(2089858483,b0f066a214c2f5e87bad3c948f4d605d) (ScriptedImporter) -> (artifact id: '83e1a1c3ac814968855f3ec9b1c06676') in 0.0249725 seconds
Number of updated asset objects reloaded before import = 0Number of asset objects unloaded after import = 7

========================================================================
Received Import Request.
  Time since last request: 0.000031 seconds.
  path: Assets/New Asssets/Plant Animations/BlueFlower1/BlueFlower_00053.png
  artifactKey: Guid(0982ceb444013d947be6c3ddad50bda7) Importer(2089858483,b0f066a214c2f5e87bad3c948f4d605d)
Start importing Assets/New Asssets/Plant Animations/BlueFlower1/BlueFlower_00053.png using Guid(0982ceb444013d947be6c3ddad50bda7) Importer(2089858483,b0f066a214c2f5e87bad3c948f4d605d) (ScriptedImporter) -> (artifact id: 'b49f95f418cd4634b95e178633776fa1') in 0.0179875 seconds
Number of updated asset objects reloaded before import = 0Number of asset objects unloaded after import = 3

========================================================================
Received Import Request.
  Time since last request: 0.000017 seconds.
  path: Assets/New Asssets/Plant Animations/Plant 4/Plant4_00003.png
  artifactKey: Guid(f0e8c763e93125c4daa7a7be33580fe6) Importer(2089858483,b0f066a214c2f5e87bad3c948f4d605d)
Start importing Assets/New Asssets/Plant Animations/Plant 4/Plant4_00003.png using Guid(f0e8c763e93125c4daa7a7be33580fe6) Importer(2089858483,b0f066a214c2f5e87bad3c948f4d605d) (ScriptedImporter) -> (artifact id: '4e794a5fc24536bdd3028b30a0eb3117') in 0.0198059 seconds
Number of updated asset objects reloaded before import = 0Number of asset objects unloaded after import = 3

========================================================================
Received Import Request.
  Time since last request: 0.000017 seconds.
  path: Assets/New Asssets/Plant Animations/Plant 1/Plant1_00017.png
  artifactKey: Guid(23fcd060ce33c134abf91746f39d0a25) Importer(2089858483,b0f066a214c2f5e87bad3c948f4d605d)
Start importing Assets/New Asssets/Plant Animations/Plant 1/Plant1_00017.png using Guid(23fcd060ce33c134abf91746f39d0a25) Importer(2089858483,b0f066a214c2f5e87bad3c948f4d605d) (ScriptedImporter) -> (artifact id: '18e47ea0bd79ca1ecc362c3293cfca83') in 0.0186973 seconds
Number of updated asset objects reloaded before import = 0Number of asset objects unloaded after import = 3

========================================================================
Received Import Request.
  Time since last request: 0.000017 seconds.
  path: Assets/New Asssets/Plant Animations/Plant 4/Plant4_00059.png
  artifactKey: Guid(5cdcb97579c76e54ea641cb3a442cd1b) Importer(2089858483,b0f066a214c2f5e87bad3c948f4d605d)
Start importing Assets/New Asssets/Plant Animations/Plant 4/Plant4_00059.png using Guid(5cdcb97579c76e54ea641cb3a442cd1b) Importer(2089858483,b0f066a214c2f5e87bad3c948f4d605d) (ScriptedImporter) -> (artifact id: '1e35db55948aa1c4ead6b7716cf1c2aa') in 0.0194336 seconds
Number of updated asset objects reloaded before import = 0Number of asset objects unloaded after import = 3

========================================================================
Received Import Request.
  Time since last request: 0.000027 seconds.
  path: Assets/New Asssets/Plant Animations/Plant Wind 1/Plant Wind 1_00024.png
  artifactKey: Guid(009c6082fc840774f8517755ea36b26c) Importer(2089858483,b0f066a214c2f5e87bad3c948f4d605d)
Start importing Assets/New Asssets/Plant Animations/Plant Wind 1/Plant Wind 1_00024.png using Guid(009c6082fc840774f8517755ea36b26c) Importer(2089858483,b0f066a214c2f5e87bad3c948f4d605d) (ScriptedImporter) -> (artifact id: '928bc62f833ed0696610aca103d5b2bd') in 0.0191328 seconds
Number of updated asset objects reloaded before import = 0Number of asset objects unloaded after import = 3

========================================================================
Received Import Request.
  Time since last request: 0.000040 seconds.
  path: Assets/New Asssets/Plant Animations/Plant 7/Plant7_00051.png
  artifactKey: Guid(8e91923eb6b5f2147a344521839821ed) Importer(2089858483,b0f066a214c2f5e87bad3c948f4d605d)
Start importing Assets/New Asssets/Plant Animations/Plant 7/Plant7_00051.png using Guid(8e91923eb6b5f2147a344521839821ed) Importer(2089858483,b0f066a214c2f5e87bad3c948f4d605d) (ScriptedImporter) -> (artifact id: '1c43c18e4bebdc6e257b0a63fa02b305') in 0.0184325 seconds
Number of updated asset objects reloaded before import = 0Number of asset objects unloaded after import = 3

========================================================================
Received Import Request.
  Time since last request: 0.000024 seconds.
  path: Assets/New Asssets/Plant Animations/Plant 5/Plant5_00055.png
  artifactKey: Guid(3c215d6758d5d3641a91404365d53271) Importer(2089858483,b0f066a214c2f5e87bad3c948f4d605d)
Start importing Assets/New Asssets/Plant Animations/Plant 5/Plant5_00055.png using Guid(3c215d6758d5d3641a91404365d53271) Importer(2089858483,b0f066a214c2f5e87bad3c948f4d605d) (ScriptedImporter) -> (artifact id: '47194d2d1bf92295d1d5497e32a03adb') in 0.0164931 seconds
Number of updated asset objects reloaded before import = 0Number of asset objects unloaded after import = 3

========================================================================
Received Import Request.
  Time since last request: 0.000016 seconds.
  path: Assets/New Asssets/Plant Animations/Plant 8 Poison/PlantPosion_00003.png
  artifactKey: Guid(1ca07bb285537e14f9b483681c5b8849) Importer(2089858483,b0f066a214c2f5e87bad3c948f4d605d)
Start importing Assets/New Asssets/Plant Animations/Plant 8 Poison/PlantPosion_00003.png using Guid(1ca07bb285537e14f9b483681c5b8849) Importer(2089858483,b0f066a214c2f5e87bad3c948f4d605d) (ScriptedImporter) -> (artifact id: '6f048cb68f822df65351313599244e9c') in 0.0192074 seconds
Number of updated asset objects reloaded before import = 0Number of asset objects unloaded after import = 3

========================================================================
Received Import Request.
  Time since last request: 0.000022 seconds.
  path: Assets/New Asssets/Plant Animations/Plant 6/Plant6_00003.png
  artifactKey: Guid(c4b19e16762ecaa4ba0f293cca46e65c) Importer(2089858483,b0f066a214c2f5e87bad3c948f4d605d)
Start importing Assets/New Asssets/Plant Animations/Plant 6/Plant6_00003.png using Guid(c4b19e16762ecaa4ba0f293cca46e65c) Importer(2089858483,b0f066a214c2f5e87bad3c948f4d605d) (ScriptedImporter) -> (artifact id: '9cc89a7924bb49185dc1674724325add') in 0.020161 seconds
Number of updated asset objects reloaded before import = 0Number of asset objects unloaded after import = 3

========================================================================
Received Import Request.
  Time since last request: 0.000028 seconds.
  path: Assets/New Asssets/Plant Animations/Plant 7/Plant7_00036.png
  artifactKey: Guid(8324cca579ccae5479069652c1a87928) Importer(2089858483,b0f066a214c2f5e87bad3c948f4d605d)
Start importing Assets/New Asssets/Plant Animations/Plant 7/Plant7_00036.png using Guid(8324cca579ccae5479069652c1a87928) Importer(2089858483,b0f066a214c2f5e87bad3c948f4d605d) (ScriptedImporter) -> (artifact id: 'a0fe1d4a8af457266d7f5d4b93f2d025') in 0.0173455 seconds
Number of updated asset objects reloaded before import = 0Number of asset objects unloaded after import = 3

========================================================================
Received Import Request.
  Time since last request: 0.000031 seconds.
  path: Assets/New Asssets/Plant Animations/Plant 1/Plant1_00020.png
  artifactKey: Guid(b277428f42ae53c4c80b235f3ff2955a) Importer(2089858483,b0f066a214c2f5e87bad3c948f4d605d)
Start importing Assets/New Asssets/Plant Animations/Plant 1/Plant1_00020.png using Guid(b277428f42ae53c4c80b235f3ff2955a) Importer(2089858483,b0f066a214c2f5e87bad3c948f4d605d) (ScriptedImporter) -> (artifact id: '359729f808ab18c25171353e5226fad3') in 0.0189912 seconds
Number of updated asset objects reloaded before import = 0Number of asset objects unloaded after import = 3

========================================================================
Received Import Request.
  Time since last request: 0.000018 seconds.
  path: Assets/New Asssets/BlueWizard/2BlueWizardJump/Dash2/DashBlue_00010.png
  artifactKey: Guid(34bf400e6ea83e74e9fe3610378bf6d9) Importer(2089858483,b0f066a214c2f5e87bad3c948f4d605d)
Start importing Assets/New Asssets/BlueWizard/2BlueWizardJump/Dash2/DashBlue_00010.png using Guid(34bf400e6ea83e74e9fe3610378bf6d9) Importer(2089858483,b0f066a214c2f5e87bad3c948f4d605d) (ScriptedImporter) -> (artifact id: 'a95c1c8b366ae5c2aa27650f162d4fe7') in 0.0172358 seconds
Number of updated asset objects reloaded before import = 0Number of asset objects unloaded after import = 3

========================================================================
Received Import Request.
  Time since last request: 0.000028 seconds.
  path: Assets/New Asssets/Plant Animations/Plant 5/Plant5_00018.png
  artifactKey: Guid(a1931fec9aeb70442a573d68ec698c4e) Importer(2089858483,b0f066a214c2f5e87bad3c948f4d605d)
Start importing Assets/New Asssets/Plant Animations/Plant 5/Plant5_00018.png using Guid(a1931fec9aeb70442a573d68ec698c4e) Importer(2089858483,b0f066a214c2f5e87bad3c948f4d605d) (ScriptedImporter) -> (artifact id: '682dbb12070993578680d228a3ab9ab0') in 0.0177464 seconds
Number of updated asset objects reloaded before import = 0Number of asset objects unloaded after import = 3

========================================================================
Received Import Request.
  Time since last request: 0.000024 seconds.
  path: Assets/New Asssets/BlueWizard/2BlueWizardIdle/Chara - BlueIdle00008.png
  artifactKey: Guid(9f06efe705db1c641886663f8d086618) Importer(2089858483,b0f066a214c2f5e87bad3c948f4d605d)
Start importing Assets/New Asssets/BlueWizard/2BlueWizardIdle/Chara - BlueIdle00008.png using Guid(9f06efe705db1c641886663f8d086618) Importer(2089858483,b0f066a214c2f5e87bad3c948f4d605d) (ScriptedImporter) -> (artifact id: '20cac9db40237e2959d3a7b2485dfa43') in 0.0177612 seconds
Number of updated asset objects reloaded before import = 0Number of asset objects unloaded after import = 3

========================================================================
Received Import Request.
  Time since last request: 0.000020 seconds.
  path: Assets/New Asssets/Plant Animations/BlueFlower2/BluePlantClosed_00029.png
  artifactKey: Guid(fc90955d6b06ab44281cf00c0a445497) Importer(2089858483,b0f066a214c2f5e87bad3c948f4d605d)
Start importing Assets/New Asssets/Plant Animations/BlueFlower2/BluePlantClosed_00029.png using Guid(fc90955d6b06ab44281cf00c0a445497) Importer(2089858483,b0f066a214c2f5e87bad3c948f4d605d) (ScriptedImporter) -> (artifact id: 'dfdbc62a752a770c4bfa90c5672357a4') in 0.025086 seconds
Number of updated asset objects reloaded before import = 0Number of asset objects unloaded after import = 7

========================================================================
Received Import Request.
  Time since last request: 0.000033 seconds.
  path: Assets/New Asssets/Plant Animations/BlueFlower1/BlueFlower_00055.png
  artifactKey: Guid(0fa9032054daab54688c6eb537434f93) Importer(2089858483,b0f066a214c2f5e87bad3c948f4d605d)
Start importing Assets/New Asssets/Plant Animations/BlueFlower1/BlueFlower_00055.png using Guid(0fa9032054daab54688c6eb537434f93) Importer(2089858483,b0f066a214c2f5e87bad3c948f4d605d) (ScriptedImporter) -> (artifact id: '7da6ba6738c5c34e3656617eca9bcac7') in 0.015919 seconds
Number of updated asset objects reloaded before import = 0Number of asset objects unloaded after import = 3

========================================================================
Received Import Request.
  Time since last request: 0.000026 seconds.
  path: Assets/New Asssets/BlueWizard/2BlueWizardJump/CharaWizardJump_00003.png
  artifactKey: Guid(b1d3bb1366729df408fe0f9d8d819f0a) Importer(2089858483,b0f066a214c2f5e87bad3c948f4d605d)
Start importing Assets/New Asssets/BlueWizard/2BlueWizardJump/CharaWizardJump_00003.png using Guid(b1d3bb1366729df408fe0f9d8d819f0a) Importer(2089858483,b0f066a214c2f5e87bad3c948f4d605d) (ScriptedImporter) -> (artifact id: 'd7dce7d7283e52a6fc0951322b19af8d') in 0.0180094 seconds
Number of updated asset objects reloaded before import = 0Number of asset objects unloaded after import = 3

========================================================================
Received Import Request.
  Time since last request: 0.000023 seconds.
  path: Assets/New Asssets/Plant Animations/Plant 7/Plant7_00020.png
  artifactKey: Guid(609478cb89049a34493f6e1de3699153) Importer(2089858483,b0f066a214c2f5e87bad3c948f4d605d)
Start importing Assets/New Asssets/Plant Animations/Plant 7/Plant7_00020.png using Guid(609478cb89049a34493f6e1de3699153) Importer(2089858483,b0f066a214c2f5e87bad3c948f4d605d) (ScriptedImporter) -> (artifact id: '15664c563c298c86fc7a3122cf776e38') in 0.0194533 seconds
Number of updated asset objects reloaded before import = 0Number of asset objects unloaded after import = 3

========================================================================
Received Import Request.
  Time since last request: 0.000024 seconds.
  path: Assets/New Asssets/Plant Animations/Plant 2/Plant2_00073.png
  artifactKey: Guid(0128107b51c10b8478a4bdcaced7bed1) Importer(2089858483,b0f066a214c2f5e87bad3c948f4d605d)
Start importing Assets/New Asssets/Plant Animations/Plant 2/Plant2_00073.png using Guid(0128107b51c10b8478a4bdcaced7bed1) Importer(2089858483,b0f066a214c2f5e87bad3c948f4d605d) (ScriptedImporter) -> (artifact id: '52fd3dfd556fd6ea53c9e19aa0d80895') in 0.0258114 seconds
Number of updated asset objects reloaded before import = 0Number of asset objects unloaded after import = 5

========================================================================
Received Import Request.
  Time since last request: 0.000027 seconds.
  path: Assets/New Asssets/Plant Animations/Plant 1/Plant1_00052.png
  artifactKey: Guid(aef0d57e87d83134f9add28cf6e86747) Importer(2089858483,b0f066a214c2f5e87bad3c948f4d605d)
Start importing Assets/New Asssets/Plant Animations/Plant 1/Plant1_00052.png using Guid(aef0d57e87d83134f9add28cf6e86747) Importer(2089858483,b0f066a214c2f5e87bad3c948f4d605d) (ScriptedImporter) -> (artifact id: 'cc2ec1393a1db4385660a318280942fc') in 0.0200081 seconds
Number of updated asset objects reloaded before import = 0Number of asset objects unloaded after import = 3

========================================================================
Received Import Request.
  Time since last request: 0.000038 seconds.
  path: Assets/New Asssets/Plant Animations/Plant 1/Plant1_00076.png
  artifactKey: Guid(b5398d86259b4324a96c20f46cb33365) Importer(2089858483,b0f066a214c2f5e87bad3c948f4d605d)
Start importing Assets/New Asssets/Plant Animations/Plant 1/Plant1_00076.png using Guid(b5398d86259b4324a96c20f46cb33365) Importer(2089858483,b0f066a214c2f5e87bad3c948f4d605d) (ScriptedImporter) -> (artifact id: 'dd15635226cfefa62014e30468a07e1a') in 0.01831 seconds
Number of updated asset objects reloaded before import = 0Number of asset objects unloaded after import = 3

========================================================================
Received Import Request.
  Time since last request: 0.000022 seconds.
  path: Assets/New Asssets/Plant Animations/Plant 1/Plant1_00034.png
  artifactKey: Guid(2f16884b9aa68ca4fbe6715609c13ae1) Importer(2089858483,b0f066a214c2f5e87bad3c948f4d605d)
Start importing Assets/New Asssets/Plant Animations/Plant 1/Plant1_00034.png using Guid(2f16884b9aa68ca4fbe6715609c13ae1) Importer(2089858483,b0f066a214c2f5e87bad3c948f4d605d) (ScriptedImporter) -> (artifact id: '3787a128840ff3fe8a5ae0cb73da3df0') in 0.0206092 seconds
Number of updated asset objects reloaded before import = 0Number of asset objects unloaded after import = 3

========================================================================
Received Import Request.
  Time since last request: 0.000018 seconds.
  path: Assets/New Asssets/Plant Animations/Plant 8 Poison/PlantPosion_00028.png
  artifactKey: Guid(3ee7d2647df712c4bb4b2f6d6ee9646f) Importer(2089858483,b0f066a214c2f5e87bad3c948f4d605d)
Start importing Assets/New Asssets/Plant Animations/Plant 8 Poison/PlantPosion_00028.png using Guid(3ee7d2647df712c4bb4b2f6d6ee9646f) Importer(2089858483,b0f066a214c2f5e87bad3c948f4d605d) (ScriptedImporter) -> (artifact id: 'bf529e142a78b40c12dad915cface889') in 0.0200054 seconds
Number of updated asset objects reloaded before import = 0Number of asset objects unloaded after import = 3

========================================================================
Received Import Request.
  Time since last request: 0.000017 seconds.
  path: Assets/New Asssets/Plant Animations/Plant 4/Plant4_00015.png
  artifactKey: Guid(1f7c8f4de4884a24ca713d35567aa55b) Importer(2089858483,b0f066a214c2f5e87bad3c948f4d605d)
Start importing Assets/New Asssets/Plant Animations/Plant 4/Plant4_00015.png using Guid(1f7c8f4de4884a24ca713d35567aa55b) Importer(2089858483,b0f066a214c2f5e87bad3c948f4d605d) (ScriptedImporter) -> (artifact id: '6a3f258e672feceeb22dd3a31503b88a') in 0.0192477 seconds
Number of updated asset objects reloaded before import = 0Number of asset objects unloaded after import = 3

========================================================================
Received Import Request.
  Time since last request: 0.000021 seconds.
  path: Assets/New Asssets/Plant Animations/Plant Wind 1/Plant Wind 1_00009.png
  artifactKey: Guid(831a73d028ad52946b339ca7a523b14b) Importer(2089858483,b0f066a214c2f5e87bad3c948f4d605d)
Start importing Assets/New Asssets/Plant Animations/Plant Wind 1/Plant Wind 1_00009.png using Guid(831a73d028ad52946b339ca7a523b14b) Importer(2089858483,b0f066a214c2f5e87bad3c948f4d605d) (ScriptedImporter) -> (artifact id: 'ccd7c9c9fa2213b2ba7564fba3c8709e') in 0.0186645 seconds
Number of updated asset objects reloaded before import = 0Number of asset objects unloaded after import = 3

========================================================================
Received Import Request.
  Time since last request: 0.000030 seconds.
  path: Assets/New Asssets/Plant Animations/BlueFlower2/BluePlantClosed_00039.png
  artifactKey: Guid(6b9dc3516b782e94a8612712eabc9a34) Importer(2089858483,b0f066a214c2f5e87bad3c948f4d605d)
Start importing Assets/New Asssets/Plant Animations/BlueFlower2/BluePlantClosed_00039.png using Guid(6b9dc3516b782e94a8612712eabc9a34) Importer(2089858483,b0f066a214c2f5e87bad3c948f4d605d) (ScriptedImporter) -> (artifact id: 'f0fe44f4979af6d07631e71875df0da7') in 0.0245308 seconds
Number of updated asset objects reloaded before import = 0Number of asset objects unloaded after import = 8

========================================================================
Received Import Request.
  Time since last request: 0.000018 seconds.
  path: Assets/New Asssets/Plant Animations/Plant 7/Plant7_00034.png
  artifactKey: Guid(0e4dc266bb19b9547b792f03b51e6203) Importer(2089858483,b0f066a214c2f5e87bad3c948f4d605d)
Start importing Assets/New Asssets/Plant Animations/Plant 7/Plant7_00034.png using Guid(0e4dc266bb19b9547b792f03b51e6203) Importer(2089858483,b0f066a214c2f5e87bad3c948f4d605d) (ScriptedImporter) -> (artifact id: '4d5d1e264de7f77325cf7a6f862c6f75') in 0.0214165 seconds
Number of updated asset objects reloaded before import = 0Number of asset objects unloaded after import = 3

========================================================================
Received Import Request.
  Time since last request: 0.000021 seconds.
  path: Assets/New Asssets/Plant Animations/BlueFlower1/BlueFlower_00004.png
  artifactKey: Guid(c398664cc7310a94d889ca9c909d8627) Importer(2089858483,b0f066a214c2f5e87bad3c948f4d605d)
Start importing Assets/New Asssets/Plant Animations/BlueFlower1/BlueFlower_00004.png using Guid(c398664cc7310a94d889ca9c909d8627) Importer(2089858483,b0f066a214c2f5e87bad3c948f4d605d) (ScriptedImporter) -> (artifact id: '7fd86162810a5e0af02743317dd3125c') in 0.0175449 seconds
Number of updated asset objects reloaded before import = 0Number of asset objects unloaded after import = 3

========================================================================
Received Import Request.
  Time since last request: 0.000087 seconds.
  path: Assets/New Asssets/Plant Animations/Plant 8 Poison/PlantPosion_00005.png
  artifactKey: Guid(23a296ec44d78d240afbecbc9f9f7ff8) Importer(2089858483,b0f066a214c2f5e87bad3c948f4d605d)
Start importing Assets/New Asssets/Plant Animations/Plant 8 Poison/PlantPosion_00005.png using Guid(23a296ec44d78d240afbecbc9f9f7ff8) Importer(2089858483,b0f066a214c2f5e87bad3c948f4d605d) (ScriptedImporter) -> (artifact id: '7095876390ae9127bc8a950ae72c1db4') in 0.0183065 seconds
Number of updated asset objects reloaded before import = 0Number of asset objects unloaded after import = 3

========================================================================
Received Import Request.
  Time since last request: 0.000036 seconds.
  path: Assets/New Asssets/Plant Animations/Plant 4/Plant4_00038.png
  artifactKey: Guid(349c9ef7623226b4eba0163916f01f8a) Importer(2089858483,b0f066a214c2f5e87bad3c948f4d605d)
Start importing Assets/New Asssets/Plant Animations/Plant 4/Plant4_00038.png using Guid(349c9ef7623226b4eba0163916f01f8a) Importer(2089858483,b0f066a214c2f5e87bad3c948f4d605d) (ScriptedImporter) -> (artifact id: '37590444afee7e4c8db88e244b02d7ea') in 0.0186191 seconds
Number of updated asset objects reloaded before import = 0Number of asset objects unloaded after import = 3

========================================================================
Received Import Request.
  Time since last request: 0.000032 seconds.
  path: Assets/New Asssets/Plant Animations/Plant Wind 1/Plant Wind 1_00021.png
  artifactKey: Guid(359666aeadf402648b3977701b0cd32e) Importer(2089858483,b0f066a214c2f5e87bad3c948f4d605d)
Start importing Assets/New Asssets/Plant Animations/Plant Wind 1/Plant Wind 1_00021.png using Guid(359666aeadf402648b3977701b0cd32e) Importer(2089858483,b0f066a214c2f5e87bad3c948f4d605d) (ScriptedImporter) -> (artifact id: 'b9e2a3ce55e2f69e7df1670bf5a3ea02') in 0.0207357 seconds
Number of updated asset objects reloaded before import = 0Number of asset objects unloaded after import = 3

========================================================================
Received Import Request.
  Time since last request: 0.000018 seconds.
  path: Assets/New Asssets/Plant Animations/Plant 3/Plant3_00076.png
  artifactKey: Guid(194efd304f27e954cb4d116e92905d0b) Importer(2089858483,b0f066a214c2f5e87bad3c948f4d605d)
Start importing Assets/New Asssets/Plant Animations/Plant 3/Plant3_00076.png using Guid(194efd304f27e954cb4d116e92905d0b) Importer(2089858483,b0f066a214c2f5e87bad3c948f4d605d) (ScriptedImporter) -> (artifact id: '532d16e2dd4cd82a03cbfe557d941be6') in 0.0184976 seconds
Number of updated asset objects reloaded before import = 0Number of asset objects unloaded after import = 4

========================================================================
Received Import Request.
  Time since last request: 0.000016 seconds.
  path: Assets/New Asssets/Plant Animations/BlueFlower1/BlueFlower_00047.png
  artifactKey: Guid(d8ba833a698676c498cf8149359ab85c) Importer(2089858483,b0f066a214c2f5e87bad3c948f4d605d)
Start importing Assets/New Asssets/Plant Animations/BlueFlower1/BlueFlower_00047.png using Guid(d8ba833a698676c498cf8149359ab85c) Importer(2089858483,b0f066a214c2f5e87bad3c948f4d605d) (ScriptedImporter) -> (artifact id: '79501283dc71204df0e34c734df5514e') in 0.0185953 seconds
Number of updated asset objects reloaded before import = 0Number of asset objects unloaded after import = 3

========================================================================
Received Import Request.
  Time since last request: 0.000020 seconds.
  path: Assets/New Asssets/Plant Animations/Plant 5/Plant5_00008.png
  artifactKey: Guid(f0d65dbe10050814e8c25a182fab5318) Importer(2089858483,b0f066a214c2f5e87bad3c948f4d605d)
Start importing Assets/New Asssets/Plant Animations/Plant 5/Plant5_00008.png using Guid(f0d65dbe10050814e8c25a182fab5318) Importer(2089858483,b0f066a214c2f5e87bad3c948f4d605d) (ScriptedImporter) -> (artifact id: '1e2c706cda1f803da098a565dfc24f2c') in 0.0191658 seconds
Number of updated asset objects reloaded before import = 0Number of asset objects unloaded after import = 3

========================================================================
Received Import Request.
  Time since last request: 0.000018 seconds.
  path: Assets/New Asssets/Plant Animations/Plant 2/Plant2_00079.png
  artifactKey: Guid(7e72295ac62bbda42b4ff66e701a3f7f) Importer(2089858483,b0f066a214c2f5e87bad3c948f4d605d)
Start importing Assets/New Asssets/Plant Animations/Plant 2/Plant2_00079.png using Guid(7e72295ac62bbda42b4ff66e701a3f7f) Importer(2089858483,b0f066a214c2f5e87bad3c948f4d605d) (ScriptedImporter) -> (artifact id: '732d69e4542ab512cc9245ba9fd1ae2f') in 0.0252477 seconds
Number of updated asset objects reloaded before import = 0Number of asset objects unloaded after import = 5

========================================================================
Received Import Request.
  Time since last request: 0.000030 seconds.
  path: Assets/New Asssets/Plant Animations/Plant 8 Poison/PlantPosion_00015.png
  artifactKey: Guid(ed864675ecb7af24d869693a8bb10195) Importer(2089858483,b0f066a214c2f5e87bad3c948f4d605d)
Start importing Assets/New Asssets/Plant Animations/Plant 8 Poison/PlantPosion_00015.png using Guid(ed864675ecb7af24d869693a8bb10195) Importer(2089858483,b0f066a214c2f5e87bad3c948f4d605d) (ScriptedImporter) -> (artifact id: '484568a28a32f01666ece43e361791e8') in 0.0188341 seconds
Number of updated asset objects reloaded before import = 0Number of asset objects unloaded after import = 3

========================================================================
Received Import Request.
  Time since last request: 0.000025 seconds.
  path: Assets/New Asssets/Plant Animations/Plant 1/Plant1_00039.png
  artifactKey: Guid(529c900fa4a897d44a4d33e173fd7b19) Importer(2089858483,b0f066a214c2f5e87bad3c948f4d605d)
Start importing Assets/New Asssets/Plant Animations/Plant 1/Plant1_00039.png using Guid(529c900fa4a897d44a4d33e173fd7b19) Importer(2089858483,b0f066a214c2f5e87bad3c948f4d605d) (ScriptedImporter) -> (artifact id: 'e8b0cc2a6f0f682ea48f66d3a019587e') in 0.020956 seconds
Number of updated asset objects reloaded before import = 0Number of asset objects unloaded after import = 3

========================================================================
Received Import Request.
  Time since last request: 0.000023 seconds.
  path: Assets/New Asssets/Plant Animations/Plant 1/Plant1_00015.png
  artifactKey: Guid(b1dab0e811c443545bb441c746366ec8) Importer(2089858483,b0f066a214c2f5e87bad3c948f4d605d)
Start importing Assets/New Asssets/Plant Animations/Plant 1/Plant1_00015.png using Guid(b1dab0e811c443545bb441c746366ec8) Importer(2089858483,b0f066a214c2f5e87bad3c948f4d605d) (ScriptedImporter) -> (artifact id: '8e95f6b1f6f3775de01b531be1e64c1f') in 0.0212028 seconds
Number of updated asset objects reloaded before import = 0Number of asset objects unloaded after import = 3

========================================================================
Received Import Request.
  Time since last request: 0.000019 seconds.
  path: Assets/New Asssets/Plant Animations/Plant 2/Plant2_00064.png
  artifactKey: Guid(061b3dc96b83ce0418d02c65c903662f) Importer(2089858483,b0f066a214c2f5e87bad3c948f4d605d)
Start importing Assets/New Asssets/Plant Animations/Plant 2/Plant2_00064.png using Guid(061b3dc96b83ce0418d02c65c903662f) Importer(2089858483,b0f066a214c2f5e87bad3c948f4d605d) (ScriptedImporter) -> (artifact id: '4f9de9d643bcf89b971dae698839f1da') in 0.0212483 seconds
Number of updated asset objects reloaded before import = 0Number of asset objects unloaded after import = 5

========================================================================
Received Import Request.
  Time since last request: 0.000018 seconds.
  path: Assets/New Asssets/Plant Animations/Plant 3/Plant3_00052.png
  artifactKey: Guid(35cf517d91984e8408a7bc761bb000e7) Importer(2089858483,b0f066a214c2f5e87bad3c948f4d605d)
Start importing Assets/New Asssets/Plant Animations/Plant 3/Plant3_00052.png using Guid(35cf517d91984e8408a7bc761bb000e7) Importer(2089858483,b0f066a214c2f5e87bad3c948f4d605d) (ScriptedImporter) -> (artifact id: 'b2cdfdd42b2972333b6f0d7219319625') in 0.0228648 seconds
Number of updated asset objects reloaded before import = 0Number of asset objects unloaded after import = 4

========================================================================
Received Import Request.
  Time since last request: 0.000025 seconds.
  path: Assets/New Asssets/Plant Animations/BlueFlower1/BlueFlower_00044.png
  artifactKey: Guid(b1a0eb5dc7e410d48a438f78d06e0071) Importer(2089858483,b0f066a214c2f5e87bad3c948f4d605d)
Start importing Assets/New Asssets/Plant Animations/BlueFlower1/BlueFlower_00044.png using Guid(b1a0eb5dc7e410d48a438f78d06e0071) Importer(2089858483,b0f066a214c2f5e87bad3c948f4d605d) (ScriptedImporter) -> (artifact id: '4e9bcf14464a1d2bdbf8d4545240a2bc') in 0.0210813 seconds
Number of updated asset objects reloaded before import = 0Number of asset objects unloaded after import = 3

========================================================================
Received Import Request.
  Time since last request: 0.000017 seconds.
  path: Assets/New Asssets/Plant Animations/Plant Wind 1/Plant Wind 1_00019.png
  artifactKey: Guid(5464c28e13d600e49845834199e9ffdd) Importer(2089858483,b0f066a214c2f5e87bad3c948f4d605d)
Start importing Assets/New Asssets/Plant Animations/Plant Wind 1/Plant Wind 1_00019.png using Guid(5464c28e13d600e49845834199e9ffdd) Importer(2089858483,b0f066a214c2f5e87bad3c948f4d605d) (ScriptedImporter) -> (artifact id: '40bc5e1af09703f897123fb8a3bbb5a4') in 0.0189807 seconds
Number of updated asset objects reloaded before import = 0Number of asset objects unloaded after import = 3

========================================================================
Received Import Request.
  Time since last request: 0.000019 seconds.
  path: Assets/New Asssets/Plant Animations/Plant 2/Plant2_00028.png
  artifactKey: Guid(6423dc47e5d25cb41be39bdcd6e7feab) Importer(2089858483,b0f066a214c2f5e87bad3c948f4d605d)
Start importing Assets/New Asssets/Plant Animations/Plant 2/Plant2_00028.png using Guid(6423dc47e5d25cb41be39bdcd6e7feab) Importer(2089858483,b0f066a214c2f5e87bad3c948f4d605d) (ScriptedImporter) -> (artifact id: '91396abd1fe3ff4871aceb2dc35b781d') in 0.0209712 seconds
Number of updated asset objects reloaded before import = 0Number of asset objects unloaded after import = 5

========================================================================
Received Import Request.
  Time since last request: 0.000021 seconds.
  path: Assets/New Asssets/BlueWizard/2BlueWizardWalk/Chara_BlueWalk00018.png
  artifactKey: Guid(2a6c5e3b3f88f7a42954f432a0c1f55c) Importer(2089858483,b0f066a214c2f5e87bad3c948f4d605d)
Start importing Assets/New Asssets/BlueWizard/2BlueWizardWalk/Chara_BlueWalk00018.png using Guid(2a6c5e3b3f88f7a42954f432a0c1f55c) Importer(2089858483,b0f066a214c2f5e87bad3c948f4d605d) (ScriptedImporter) -> (artifact id: 'b7bf527ba00b6ad8c9fe04b00528034d') in 0.0167819 seconds
Number of updated asset objects reloaded before import = 0Number of asset objects unloaded after import = 3

========================================================================
Received Import Request.
  Time since last request: 0.000026 seconds.
  path: Assets/New Asssets/Plant Animations/Plant 7/Plant7_00005.png
  artifactKey: Guid(e02d188f88155ce4fb0140d2e06b317c) Importer(2089858483,b0f066a214c2f5e87bad3c948f4d605d)
Start importing Assets/New Asssets/Plant Animations/Plant 7/Plant7_00005.png using Guid(e02d188f88155ce4fb0140d2e06b317c) Importer(2089858483,b0f066a214c2f5e87bad3c948f4d605d) (ScriptedImporter) -> (artifact id: '5406bf8341e94f01e7ea2cc7d04dd357') in 0.0185678 seconds
Number of updated asset objects reloaded before import = 0Number of asset objects unloaded after import = 3

========================================================================
Received Import Request.
  Time since last request: 0.000033 seconds.
  path: Assets/New Asssets/Plant Animations/Plant 8 Poison/PlantPosion_00024.png
  artifactKey: Guid(33d41318866915f4fa8eaae34283044e) Importer(2089858483,b0f066a214c2f5e87bad3c948f4d605d)
Start importing Assets/New Asssets/Plant Animations/Plant 8 Poison/PlantPosion_00024.png using Guid(33d41318866915f4fa8eaae34283044e) Importer(2089858483,b0f066a214c2f5e87bad3c948f4d605d) (ScriptedImporter) -> (artifact id: '7f6483c491ffdd1de115e0600fa0c428') in 0.0186515 seconds
Number of updated asset objects reloaded before import = 0Number of asset objects unloaded after import = 3

========================================================================
Received Import Request.
  Time since last request: 0.000018 seconds.
  path: Assets/New Asssets/Plant Animations/Plant 5/Plant5_00057.png
  artifactKey: Guid(9da2cc55eadb39d41bf5a00854d8aae7) Importer(2089858483,b0f066a214c2f5e87bad3c948f4d605d)
Start importing Assets/New Asssets/Plant Animations/Plant 5/Plant5_00057.png using Guid(9da2cc55eadb39d41bf5a00854d8aae7) Importer(2089858483,b0f066a214c2f5e87bad3c948f4d605d) (ScriptedImporter) -> (artifact id: '1fbf153db4649c0fc67dda9b0e3227ad') in 0.0204381 seconds
Number of updated asset objects reloaded before import = 0Number of asset objects unloaded after import = 3

========================================================================
Received Import Request.
  Time since last request: 0.000023 seconds.
  path: Assets/New Asssets/Plant Animations/BlueFlower2/BluePlantClosed_00053.png
  artifactKey: Guid(a24d8590c209f804d8298d8734db5cf7) Importer(2089858483,b0f066a214c2f5e87bad3c948f4d605d)
Start importing Assets/New Asssets/Plant Animations/BlueFlower2/BluePlantClosed_00053.png using Guid(a24d8590c209f804d8298d8734db5cf7) Importer(2089858483,b0f066a214c2f5e87bad3c948f4d605d) (ScriptedImporter) -> (artifact id: '001b0b299033308aa14a9eddfcbc5e59') in 0.0257987 seconds
Number of updated asset objects reloaded before import = 0Number of asset objects unloaded after import = 8

========================================================================
Received Import Request.
  Time since last request: 0.000020 seconds.
  path: Assets/New Asssets/Plant Animations/Plant 2/Plant2_00075.png
  artifactKey: Guid(528865334ea896b42a101bcb0468e7ab) Importer(2089858483,b0f066a214c2f5e87bad3c948f4d605d)
Start importing Assets/New Asssets/Plant Animations/Plant 2/Plant2_00075.png using Guid(528865334ea896b42a101bcb0468e7ab) Importer(2089858483,b0f066a214c2f5e87bad3c948f4d605d) (ScriptedImporter) -> (artifact id: '750cf08034a699b060798f2f3a16c35c') in 0.0207226 seconds
Number of updated asset objects reloaded before import = 0Number of asset objects unloaded after import = 5

========================================================================
Received Import Request.
  Time since last request: 0.000026 seconds.
  path: Assets/New Asssets/BlueWizard/2BlueWizardJump/CharaWizardJump_00000.png
  artifactKey: Guid(8aeb3a38339b939468665303da94b9fa) Importer(815301076,1909f56bfc062723c751e8b465ee728b)
Start importing Assets/New Asssets/BlueWizard/2BlueWizardJump/CharaWizardJump_00000.png using Guid(8aeb3a38339b939468665303da94b9fa) Importer(815301076,1909f56bfc062723c751e8b465ee728b) (PreviewImporter) -> (artifact id: '9e46574478c6b7f1e2ab085e62610b8c') in 0.0206643 seconds
Number of updated asset objects reloaded before import = 0Number of asset objects unloaded after import = 3

========================================================================
Received Import Request.
  Time since last request: 0.000019 seconds.
  path: Assets/New Asssets/Plant Animations/Plant 1/Plant1_00064.png
  artifactKey: Guid(3f677d54233603e4c84107ad3945023c) Importer(2089858483,b0f066a214c2f5e87bad3c948f4d605d)
Start importing Assets/New Asssets/Plant Animations/Plant 1/Plant1_00064.png using Guid(3f677d54233603e4c84107ad3945023c) Importer(2089858483,b0f066a214c2f5e87bad3c948f4d605d) (ScriptedImporter) -> (artifact id: '54b7baa220fcfce86dac5f735443d7c9') in 0.0161227 seconds
Number of updated asset objects reloaded before import = 0Number of asset objects unloaded after import = 3

========================================================================
Received Import Request.
  Time since last request: 0.000028 seconds.
  path: Assets/New Asssets/Plant Animations/PlantJump2/JumpPlant 2_00005.png
  artifactKey: Guid(9ea1a2f2ab1ec8c4aa9ec48519a86621) Importer(2089858483,b0f066a214c2f5e87bad3c948f4d605d)
Start importing Assets/New Asssets/Plant Animations/PlantJump2/JumpPlant 2_00005.png using Guid(9ea1a2f2ab1ec8c4aa9ec48519a86621) Importer(2089858483,b0f066a214c2f5e87bad3c948f4d605d) (ScriptedImporter) -> (artifact id: 'd205683a8494ced49558112d1b32e0bd') in 0.0174001 seconds
Number of updated asset objects reloaded before import = 0Number of asset objects unloaded after import = 3

========================================================================
Received Import Request.
  Time since last request: 0.000020 seconds.
  path: Assets/New Asssets/Plant Animations/Plant 1/Plant1_00003.png
  artifactKey: Guid(b11d6d60ca4795242a4d57820ac0bdd3) Importer(2089858483,b0f066a214c2f5e87bad3c948f4d605d)
Start importing Assets/New Asssets/Plant Animations/Plant 1/Plant1_00003.png using Guid(b11d6d60ca4795242a4d57820ac0bdd3) Importer(2089858483,b0f066a214c2f5e87bad3c948f4d605d) (ScriptedImporter) -> (artifact id: '768ca1bb1f62ed8b4ba9b02cc4b96aa9') in 0.018569 seconds
Number of updated asset objects reloaded before import = 0Number of asset objects unloaded after import = 3

========================================================================
Received Import Request.
  Time since last request: 0.000021 seconds.
  path: Assets/New Asssets/Plant Animations/Plant 5/Plant5_00039.png
  artifactKey: Guid(396c2820428a8d247b3c86734279238d) Importer(2089858483,b0f066a214c2f5e87bad3c948f4d605d)
Start importing Assets/New Asssets/Plant Animations/Plant 5/Plant5_00039.png using Guid(396c2820428a8d247b3c86734279238d) Importer(2089858483,b0f066a214c2f5e87bad3c948f4d605d) (ScriptedImporter) -> (artifact id: 'f77b1bbe02b0d35809dce8cbddd64a2a') in 0.0179231 seconds
Number of updated asset objects reloaded before import = 0Number of asset objects unloaded after import = 3

========================================================================
Received Import Request.
  Time since last request: 0.000037 seconds.
  path: Assets/New Asssets/Plant Animations/Plant 4/Plant4_00045.png
  artifactKey: Guid(bc44a05b632f2244488ed580fbee389e) Importer(2089858483,b0f066a214c2f5e87bad3c948f4d605d)
Start importing Assets/New Asssets/Plant Animations/Plant 4/Plant4_00045.png using Guid(bc44a05b632f2244488ed580fbee389e) Importer(2089858483,b0f066a214c2f5e87bad3c948f4d605d) (ScriptedImporter) -> (artifact id: '0247fef3374d2e05df072fc2aaa7d145') in 0.0206965 seconds
Number of updated asset objects reloaded before import = 0Number of asset objects unloaded after import = 3

========================================================================
Received Import Request.
  Time since last request: 0.000024 seconds.
  path: Assets/New Asssets/BlueWizard/2BlueWizardJump/CharaWizardJump_00003.png
  artifactKey: Guid(b1d3bb1366729df408fe0f9d8d819f0a) Importer(815301076,1909f56bfc062723c751e8b465ee728b)
Start importing Assets/New Asssets/BlueWizard/2BlueWizardJump/CharaWizardJump_00003.png using Guid(b1d3bb1366729df408fe0f9d8d819f0a) Importer(815301076,1909f56bfc062723c751e8b465ee728b) (PreviewImporter) -> (artifact id: '1018c75cb774f60e449d537f11cbd880') in 0.0214827 seconds
Number of updated asset objects reloaded before import = 0Number of asset objects unloaded after import = 3

========================================================================
Received Import Request.
  Time since last request: 0.000017 seconds.
  path: Assets/New Asssets/Plant Animations/Plant 5/Plant5_00035.png
  artifactKey: Guid(af0cedd4f8b466849914847a6bb1b1b3) Importer(2089858483,b0f066a214c2f5e87bad3c948f4d605d)
Start importing Assets/New Asssets/Plant Animations/Plant 5/Plant5_00035.png using Guid(af0cedd4f8b466849914847a6bb1b1b3) Importer(2089858483,b0f066a214c2f5e87bad3c948f4d605d) (ScriptedImporter) -> (artifact id: '9526acebfccb90f1ee196440679d956b') in 0.0171268 seconds
Number of updated asset objects reloaded before import = 0Number of asset objects unloaded after import = 3

========================================================================
Received Import Request.
  Time since last request: 0.000024 seconds.
  path: Assets/New Asssets/Plant Animations/Plant 7/Plant7_00041.png
  artifactKey: Guid(4e3c256b4dbfe7b419615f938fd6806b) Importer(2089858483,b0f066a214c2f5e87bad3c948f4d605d)
Start importing Assets/New Asssets/Plant Animations/Plant 7/Plant7_00041.png using Guid(4e3c256b4dbfe7b419615f938fd6806b) Importer(2089858483,b0f066a214c2f5e87bad3c948f4d605d) (ScriptedImporter) -> (artifact id: 'd793bfdad1ddfb46388f3451bbfc565d') in 0.0182987 seconds
Number of updated asset objects reloaded before import = 0Number of asset objects unloaded after import = 3

========================================================================
Received Import Request.
  Time since last request: 0.000030 seconds.
  path: Assets/New Asssets/Plant Animations/Plant 6/Plant6_00041.png
  artifactKey: Guid(7a80200c89934d7479cda7e54f5a2572) Importer(2089858483,b0f066a214c2f5e87bad3c948f4d605d)
Start importing Assets/New Asssets/Plant Animations/Plant 6/Plant6_00041.png using Guid(7a80200c89934d7479cda7e54f5a2572) Importer(2089858483,b0f066a214c2f5e87bad3c948f4d605d) (ScriptedImporter) -> (artifact id: '1d7535f026a819c9b28e7c91018aa503') in 0.0188369 seconds
Number of updated asset objects reloaded before import = 0Number of asset objects unloaded after import = 3

========================================================================
Received Import Request.
  Time since last request: 0.000029 seconds.
  path: Assets/New Asssets/Plant Animations/BlueFlower1/BlueFlower_00043.png
  artifactKey: Guid(e6a5c230f0f7dc0419f1916a9aa16ef9) Importer(2089858483,b0f066a214c2f5e87bad3c948f4d605d)
Start importing Assets/New Asssets/Plant Animations/BlueFlower1/BlueFlower_00043.png using Guid(e6a5c230f0f7dc0419f1916a9aa16ef9) Importer(2089858483,b0f066a214c2f5e87bad3c948f4d605d) (ScriptedImporter) -> (artifact id: '995065163931c3a88a5be9f04dd57abe') in 0.0188106 seconds
Number of updated asset objects reloaded before import = 0Number of asset objects unloaded after import = 3

========================================================================
Received Import Request.
  Time since last request: 0.000016 seconds.
  path: Assets/New Asssets/Plant Animations/Plant 3/Plant3_00057.png
  artifactKey: Guid(6bdfe83d14753134d80bea4da92de049) Importer(2089858483,b0f066a214c2f5e87bad3c948f4d605d)
Start importing Assets/New Asssets/Plant Animations/Plant 3/Plant3_00057.png using Guid(6bdfe83d14753134d80bea4da92de049) Importer(2089858483,b0f066a214c2f5e87bad3c948f4d605d) (ScriptedImporter) -> (artifact id: '29c4dc00b9d9604120ac39a96e213e6e') in 0.0208606 seconds
Number of updated asset objects reloaded before import = 0Number of asset objects unloaded after import = 4

========================================================================
Received Import Request.
  Time since last request: 0.000021 seconds.
  path: Assets/New Asssets/Plant Animations/Plant 5/Plant5_00049.png
  artifactKey: Guid(87f01790030f73540b814dfc96764fb5) Importer(2089858483,b0f066a214c2f5e87bad3c948f4d605d)
Start importing Assets/New Asssets/Plant Animations/Plant 5/Plant5_00049.png using Guid(87f01790030f73540b814dfc96764fb5) Importer(2089858483,b0f066a214c2f5e87bad3c948f4d605d) (ScriptedImporter) -> (artifact id: '98ae97e4f2bf7fb2524b1a9ccd44d9b9') in 0.019197 seconds
Number of updated asset objects reloaded before import = 0Number of asset objects unloaded after import = 3

========================================================================
Received Import Request.
  Time since last request: 0.000026 seconds.
  path: Assets/New Asssets/Plant Animations/PlantJump/JumpPlant_00013.png
  artifactKey: Guid(6a5b42b1c993a044b9e0da3369df4c3f) Importer(2089858483,b0f066a214c2f5e87bad3c948f4d605d)
Start importing Assets/New Asssets/Plant Animations/PlantJump/JumpPlant_00013.png using Guid(6a5b42b1c993a044b9e0da3369df4c3f) Importer(2089858483,b0f066a214c2f5e87bad3c948f4d605d) (ScriptedImporter) -> (artifact id: '9e9984c05649c011a8a2f68c9bb4deee') in 0.0171267 seconds
Number of updated asset objects reloaded before import = 0Number of asset objects unloaded after import = 3

========================================================================
Received Import Request.
  Time since last request: 0.000025 seconds.
  path: Assets/New Asssets/BlueWizard/2BlueWizardJump/CharaWizardJump_00007.png
  artifactKey: Guid(d9082cab965f4034c8d5b6545a30ea3a) Importer(815301076,1909f56bfc062723c751e8b465ee728b)
Start importing Assets/New Asssets/BlueWizard/2BlueWizardJump/CharaWizardJump_00007.png using Guid(d9082cab965f4034c8d5b6545a30ea3a) Importer(815301076,1909f56bfc062723c751e8b465ee728b) (PreviewImporter) -> (artifact id: '0378a124f02584af1522098b97e94bda') in 0.0212954 seconds
Number of updated asset objects reloaded before import = 0Number of asset objects unloaded after import = 3

========================================================================
Received Import Request.
  Time since last request: 0.000029 seconds.
  path: Assets/New Asssets/Plant Animations/PlantJump2/JumpPlant 2_00010.png
  artifactKey: Guid(10badf3c0488d2e4a8d203309f256e59) Importer(2089858483,b0f066a214c2f5e87bad3c948f4d605d)
Start importing Assets/New Asssets/Plant Animations/PlantJump2/JumpPlant 2_00010.png using Guid(10badf3c0488d2e4a8d203309f256e59) Importer(2089858483,b0f066a214c2f5e87bad3c948f4d605d) (ScriptedImporter) -> (artifact id: '8343a7790cb21128e37b8e67da0ad64c') in 0.0197269 seconds
Number of updated asset objects reloaded before import = 0Number of asset objects unloaded after import = 3

========================================================================
Received Import Request.
  Time since last request: 0.000017 seconds.
  path: Assets/New Asssets/Plant Animations/Plant 1/Plant1_00023.png
  artifactKey: Guid(95050c86e27a4d34796c5a1b95071a0b) Importer(2089858483,b0f066a214c2f5e87bad3c948f4d605d)
Start importing Assets/New Asssets/Plant Animations/Plant 1/Plant1_00023.png using Guid(95050c86e27a4d34796c5a1b95071a0b) Importer(2089858483,b0f066a214c2f5e87bad3c948f4d605d) (ScriptedImporter) -> (artifact id: '44edc69d7978b98405892cc55eb9d5bd') in 0.0204295 seconds
Number of updated asset objects reloaded before import = 0Number of asset objects unloaded after import = 3

========================================================================
Received Import Request.
  Time since last request: 0.000029 seconds.
  path: Assets/New Asssets/Plant Animations/Plant Wind 1/Plant Wind 1_00025.png
  artifactKey: Guid(e01f3b84b3920464a949d9dbc0b08e9f) Importer(2089858483,b0f066a214c2f5e87bad3c948f4d605d)
Start importing Assets/New Asssets/Plant Animations/Plant Wind 1/Plant Wind 1_00025.png using Guid(e01f3b84b3920464a949d9dbc0b08e9f) Importer(2089858483,b0f066a214c2f5e87bad3c948f4d605d) (ScriptedImporter) -> (artifact id: '4bb789341c10bf7b0a8a8c5730cf837e') in 0.0212139 seconds
Number of updated asset objects reloaded before import = 0Number of asset objects unloaded after import = 3

========================================================================
Received Import Request.
  Time since last request: 0.000018 seconds.
  path: Assets/New Asssets/Plant Animations/Plant 2/Plant2_00089.png
  artifactKey: Guid(edaba6f316bd5064887e98a9d77cef7b) Importer(2089858483,b0f066a214c2f5e87bad3c948f4d605d)
Start importing Assets/New Asssets/Plant Animations/Plant 2/Plant2_00089.png using Guid(edaba6f316bd5064887e98a9d77cef7b) Importer(2089858483,b0f066a214c2f5e87bad3c948f4d605d) (ScriptedImporter) -> (artifact id: '5ea7e9f007e582eff9ab81e0e00784bb') in 0.0208334 seconds
Number of updated asset objects reloaded before import = 0Number of asset objects unloaded after import = 5

========================================================================
Received Import Request.
  Time since last request: 0.000028 seconds.
  path: Assets/New Asssets/Plant Animations/Plant 3/Plant3_00070.png
  artifactKey: Guid(4d2d9ea4a7db98f49b7c7994c0094a96) Importer(2089858483,b0f066a214c2f5e87bad3c948f4d605d)
Start importing Assets/New Asssets/Plant Animations/Plant 3/Plant3_00070.png using Guid(4d2d9ea4a7db98f49b7c7994c0094a96) Importer(2089858483,b0f066a214c2f5e87bad3c948f4d605d) (ScriptedImporter) -> (artifact id: '5784a8eb46be6a65d3dd981073fb57d0') in 0.0195671 seconds
Number of updated asset objects reloaded before import = 0Number of asset objects unloaded after import = 4

========================================================================
Received Import Request.
  Time since last request: 0.000029 seconds.
  path: Assets/New Asssets/Plant Animations/BlueFlower1/BlueFlower_00007.png
  artifactKey: Guid(35b891aaabb3f374980182d8f265f903) Importer(2089858483,b0f066a214c2f5e87bad3c948f4d605d)
Start importing Assets/New Asssets/Plant Animations/BlueFlower1/BlueFlower_00007.png using Guid(35b891aaabb3f374980182d8f265f903) Importer(2089858483,b0f066a214c2f5e87bad3c948f4d605d) (ScriptedImporter) -> (artifact id: 'ae7e691e5eb2166c6585f625faf50593') in 0.0185239 seconds
Number of updated asset objects reloaded before import = 0Number of asset objects unloaded after import = 3

========================================================================
Received Import Request.
  Time since last request: 0.000023 seconds.
  path: Assets/New Asssets/Plant Animations/BlueFlower2/BluePlantClosed_00005.png
  artifactKey: Guid(ede18a5e6c24b174683049c236eec32e) Importer(2089858483,b0f066a214c2f5e87bad3c948f4d605d)
Start importing Assets/New Asssets/Plant Animations/BlueFlower2/BluePlantClosed_00005.png using Guid(ede18a5e6c24b174683049c236eec32e) Importer(2089858483,b0f066a214c2f5e87bad3c948f4d605d) (ScriptedImporter) -> (artifact id: '8547dffe02af3d6a98f79d8a3cf409af') in 0.0264625 seconds
Number of updated asset objects reloaded before import = 0Number of asset objects unloaded after import = 7

========================================================================
Received Import Request.
  Time since last request: 0.000023 seconds.
  path: Assets/New Asssets/Plant Animations/Plant 6/Plant6_00014.png
  artifactKey: Guid(b6c5f5cec06a51e4a982ea05ea653a53) Importer(2089858483,b0f066a214c2f5e87bad3c948f4d605d)
Start importing Assets/New Asssets/Plant Animations/Plant 6/Plant6_00014.png using Guid(b6c5f5cec06a51e4a982ea05ea653a53) Importer(2089858483,b0f066a214c2f5e87bad3c948f4d605d) (ScriptedImporter) -> (artifact id: '68e3404436d19159d18506b27ab7d9c5') in 0.0189044 seconds
Number of updated asset objects reloaded before import = 0Number of asset objects unloaded after import = 3

========================================================================
Received Import Request.
  Time since last request: 0.000030 seconds.
  path: Assets/New Asssets/Plant Animations/Plant 2/Plant2_00042.png
  artifactKey: Guid(d188cfb34d41cbe4db7eac1f381dcc78) Importer(2089858483,b0f066a214c2f5e87bad3c948f4d605d)
Start importing Assets/New Asssets/Plant Animations/Plant 2/Plant2_00042.png using Guid(d188cfb34d41cbe4db7eac1f381dcc78) Importer(2089858483,b0f066a214c2f5e87bad3c948f4d605d) (ScriptedImporter) -> (artifact id: '9b1ef7c3d8028996a3ffe2f14b769a95') in 0.0209425 seconds
Number of updated asset objects reloaded before import = 0Number of asset objects unloaded after import = 5

========================================================================
Received Import Request.
  Time since last request: 0.000028 seconds.
  path: Assets/New Asssets/Plant Animations/Plant 3/Plant3_00062.png
  artifactKey: Guid(8eb7cac649a84774dbf4fc4bbb7e8fdd) Importer(2089858483,b0f066a214c2f5e87bad3c948f4d605d)
Start importing Assets/New Asssets/Plant Animations/Plant 3/Plant3_00062.png using Guid(8eb7cac649a84774dbf4fc4bbb7e8fdd) Importer(2089858483,b0f066a214c2f5e87bad3c948f4d605d) (ScriptedImporter) -> (artifact id: '1778214d1029e3b122208348f5830dca') in 0.0201623 seconds
Number of updated asset objects reloaded before import = 0Number of asset objects unloaded after import = 4

========================================================================
Received Import Request.
  Time since last request: 0.000027 seconds.
  path: Assets/New Asssets/Plant Animations/Plant 3/Plant3_00026.png
  artifactKey: Guid(4d54a228efd276e43bd849ed0b56355b) Importer(2089858483,b0f066a214c2f5e87bad3c948f4d605d)
Start importing Assets/New Asssets/Plant Animations/Plant 3/Plant3_00026.png using Guid(4d54a228efd276e43bd849ed0b56355b) Importer(2089858483,b0f066a214c2f5e87bad3c948f4d605d) (ScriptedImporter) -> (artifact id: '8a00595e9899fe0fbbec004f05ed43bf') in 0.0196853 seconds
Number of updated asset objects reloaded before import = 0Number of asset objects unloaded after import = 4

========================================================================
Received Import Request.
  Time since last request: 0.000018 seconds.
  path: Assets/New Asssets/Plant Animations/Plant 1/Plant1_00061.png
  artifactKey: Guid(f9c2426b7335e964586db6a166cb7450) Importer(2089858483,b0f066a214c2f5e87bad3c948f4d605d)
Start importing Assets/New Asssets/Plant Animations/Plant 1/Plant1_00061.png using Guid(f9c2426b7335e964586db6a166cb7450) Importer(2089858483,b0f066a214c2f5e87bad3c948f4d605d) (ScriptedImporter) -> (artifact id: 'bfa92f9d822dc2f169870472094bf099') in 0.01787 seconds
Number of updated asset objects reloaded before import = 0Number of asset objects unloaded after import = 3

========================================================================
Received Import Request.
  Time since last request: 0.000020 seconds.
  path: Assets/New Asssets/Plant Animations/Plant 3/Plant3_00075.png
  artifactKey: Guid(b612a3982b9f9a64f98b128796164591) Importer(2089858483,b0f066a214c2f5e87bad3c948f4d605d)
Start importing Assets/New Asssets/Plant Animations/Plant 3/Plant3_00075.png using Guid(b612a3982b9f9a64f98b128796164591) Importer(2089858483,b0f066a214c2f5e87bad3c948f4d605d) (ScriptedImporter) -> (artifact id: 'afd6a77d69e9c21ee3a5648c2a88834b') in 0.0197595 seconds
Number of updated asset objects reloaded before import = 0Number of asset objects unloaded after import = 4

========================================================================
Received Import Request.
  Time since last request: 0.000021 seconds.
  path: Assets/New Asssets/Plant Animations/Plant Wind 1/Plant Wind 1_00007.png
  artifactKey: Guid(5273b4a8a26ead64b86244ee5c3f3983) Importer(2089858483,b0f066a214c2f5e87bad3c948f4d605d)
Start importing Assets/New Asssets/Plant Animations/Plant Wind 1/Plant Wind 1_00007.png using Guid(5273b4a8a26ead64b86244ee5c3f3983) Importer(2089858483,b0f066a214c2f5e87bad3c948f4d605d) (ScriptedImporter) -> (artifact id: '152af00291d76052347eb201495aef4b') in 0.0187709 seconds
Number of updated asset objects reloaded before import = 0Number of asset objects unloaded after import = 3

========================================================================
Received Import Request.
  Time since last request: 0.000033 seconds.
  path: Assets/New Asssets/Plant Animations/Plant 3/Plant3_00072.png
  artifactKey: Guid(bba6cb17f1133b04ca37f87601f369c0) Importer(2089858483,b0f066a214c2f5e87bad3c948f4d605d)
Start importing Assets/New Asssets/Plant Animations/Plant 3/Plant3_00072.png using Guid(bba6cb17f1133b04ca37f87601f369c0) Importer(2089858483,b0f066a214c2f5e87bad3c948f4d605d) (ScriptedImporter) -> (artifact id: '53e4a58cfe780c91c593f38326e40001') in 0.0213664 seconds
Number of updated asset objects reloaded before import = 0Number of asset objects unloaded after import = 4

========================================================================
Received Import Request.
  Time since last request: 0.000031 seconds.
  path: Assets/New Asssets/Plant Animations/Plant 2/Plant2_00005.png
  artifactKey: Guid(b0deddbeffeea3c489e21ca3405d5f34) Importer(2089858483,b0f066a214c2f5e87bad3c948f4d605d)
Start importing Assets/New Asssets/Plant Animations/Plant 2/Plant2_00005.png using Guid(b0deddbeffeea3c489e21ca3405d5f34) Importer(2089858483,b0f066a214c2f5e87bad3c948f4d605d) (ScriptedImporter) -> (artifact id: '47636d21a754ec88428deead48734610') in 0.0204411 seconds
Number of updated asset objects reloaded before import = 0Number of asset objects unloaded after import = 5

========================================================================
Received Import Request.
  Time since last request: 0.000018 seconds.
  path: Assets/New Asssets/Plant Animations/Plant 6/Plant6_00030.png
  artifactKey: Guid(f1d6457c18a7e934089fe33a74031643) Importer(2089858483,b0f066a214c2f5e87bad3c948f4d605d)
Start importing Assets/New Asssets/Plant Animations/Plant 6/Plant6_00030.png using Guid(f1d6457c18a7e934089fe33a74031643) Importer(2089858483,b0f066a214c2f5e87bad3c948f4d605d) (ScriptedImporter) -> (artifact id: '77ec7f03caa33f976ef3aeaaa8302a9f') in 0.0207704 seconds
Number of updated asset objects reloaded before import = 0Number of asset objects unloaded after import = 3

========================================================================
Received Import Request.
  Time since last request: 0.000033 seconds.
  path: Assets/New Asssets/Plant Animations/Plant 3/Plant3_00013.png
  artifactKey: Guid(5dd0d0844397b23449eaeed8ca5dd62b) Importer(2089858483,b0f066a214c2f5e87bad3c948f4d605d)
Start importing Assets/New Asssets/Plant Animations/Plant 3/Plant3_00013.png using Guid(5dd0d0844397b23449eaeed8ca5dd62b) Importer(2089858483,b0f066a214c2f5e87bad3c948f4d605d) (ScriptedImporter) -> (artifact id: 'c3de93114e08b55563a5fbbd362dc114') in 0.0187375 seconds
Number of updated asset objects reloaded before import = 0Number of asset objects unloaded after import = 4

========================================================================
Received Import Request.
  Time since last request: 0.000035 seconds.
  path: Assets/New Asssets/Plant Animations/Plant 5/Plant5_00043.png
  artifactKey: Guid(567abd2b455e75b4bb4b985662228dd2) Importer(2089858483,b0f066a214c2f5e87bad3c948f4d605d)
Start importing Assets/New Asssets/Plant Animations/Plant 5/Plant5_00043.png using Guid(567abd2b455e75b4bb4b985662228dd2) Importer(2089858483,b0f066a214c2f5e87bad3c948f4d605d) (ScriptedImporter) -> (artifact id: '7a574a3de6873b8ec8cc1e58aee20c14') in 0.0203385 seconds
Number of updated asset objects reloaded before import = 0Number of asset objects unloaded after import = 3

========================================================================
Received Import Request.
  Time since last request: 0.000017 seconds.
  path: Assets/New Asssets/Plant Animations/Plant 5
  artifactKey: Guid(a3451d7a0a053394d82e39898ab9c6de) Importer(2089858483,b0f066a214c2f5e87bad3c948f4d605d)
Start importing Assets/New Asssets/Plant Animations/Plant 5 using Guid(a3451d7a0a053394d82e39898ab9c6de) Importer(2089858483,b0f066a214c2f5e87bad3c948f4d605d) (ScriptedImporter) -> (artifact id: 'd569304dfd8155d6117453c49d3836f7') in 0.0144926 seconds
Number of updated asset objects reloaded before import = 0Number of asset objects unloaded after import = 1

========================================================================
Received Import Request.
  Time since last request: 0.000016 seconds.
  path: Assets/New Asssets/BlueWizard/2BlueWizardJump/Dash3/Dash3_00000.png
  artifactKey: Guid(a8122139265e6c64cafa7840c8e00235) Importer(2089858483,b0f066a214c2f5e87bad3c948f4d605d)
Start importing Assets/New Asssets/BlueWizard/2BlueWizardJump/Dash3/Dash3_00000.png using Guid(a8122139265e6c64cafa7840c8e00235) Importer(2089858483,b0f066a214c2f5e87bad3c948f4d605d) (ScriptedImporter) -> (artifact id: 'b35792e62ce54b97410c5f0690e0b439') in 0.0196235 seconds
Number of updated asset objects reloaded before import = 0Number of asset objects unloaded after import = 3

========================================================================
Received Import Request.
  Time since last request: 0.000017 seconds.
  path: Assets/New Asssets/Plant Animations/Plant 3/Plant3_00058.png
  artifactKey: Guid(d7480d2426e91714ba36a6d87515d1e7) Importer(2089858483,b0f066a214c2f5e87bad3c948f4d605d)
Start importing Assets/New Asssets/Plant Animations/Plant 3/Plant3_00058.png using Guid(d7480d2426e91714ba36a6d87515d1e7) Importer(2089858483,b0f066a214c2f5e87bad3c948f4d605d) (ScriptedImporter) -> (artifact id: 'fbdd3c4e359af1b3029cb912a185aecb') in 0.0204876 seconds
Number of updated asset objects reloaded before import = 0Number of asset objects unloaded after import = 4

========================================================================
Received Import Request.
  Time since last request: 0.000019 seconds.
  path: Assets/New Asssets/Plant Animations/BlueFlower2/BluePlantClosed_00002.png
  artifactKey: Guid(50f757707eb916b4aa2abf9995255a29) Importer(2089858483,b0f066a214c2f5e87bad3c948f4d605d)
Start importing Assets/New Asssets/Plant Animations/BlueFlower2/BluePlantClosed_00002.png using Guid(50f757707eb916b4aa2abf9995255a29) Importer(2089858483,b0f066a214c2f5e87bad3c948f4d605d) (ScriptedImporter) -> (artifact id: 'ed465c3ebbf5e66499e409f269c45c1c') in 0.0252366 seconds
Number of updated asset objects reloaded before import = 0Number of asset objects unloaded after import = 8

========================================================================
Received Import Request.
  Time since last request: 0.000032 seconds.
  path: Assets/New Asssets/Plant Animations/Plant 1/Plant1_00030.png
  artifactKey: Guid(7e591f8b8945de04f82c89fc8ec2f485) Importer(2089858483,b0f066a214c2f5e87bad3c948f4d605d)
Start importing Assets/New Asssets/Plant Animations/Plant 1/Plant1_00030.png using Guid(7e591f8b8945de04f82c89fc8ec2f485) Importer(2089858483,b0f066a214c2f5e87bad3c948f4d605d) (ScriptedImporter) -> (artifact id: 'cead7d4529f5da73fdf2adb1dc27f506') in 0.0183425 seconds
Number of updated asset objects reloaded before import = 0Number of asset objects unloaded after import = 3

========================================================================
Received Import Request.
  Time since last request: 0.000022 seconds.
  path: Assets/New Asssets/Plant Animations/Plant 2/Plant2_00020.png
  artifactKey: Guid(d79b5e6580144c24f89a24b202cd80a0) Importer(2089858483,b0f066a214c2f5e87bad3c948f4d605d)
Start importing Assets/New Asssets/Plant Animations/Plant 2/Plant2_00020.png using Guid(d79b5e6580144c24f89a24b202cd80a0) Importer(2089858483,b0f066a214c2f5e87bad3c948f4d605d) (ScriptedImporter) -> (artifact id: '8c9afd841732b29ea08bbdbf3b43f788') in 0.0193184 seconds
Number of updated asset objects reloaded before import = 0Number of asset objects unloaded after import = 5

========================================================================
Received Import Request.
  Time since last request: 0.000022 seconds.
  path: Assets/New Asssets/Plant Animations/Plant 3/Plant3_00005.png
  artifactKey: Guid(d228aa19d0a26d34c8baa1539e61c3ee) Importer(2089858483,b0f066a214c2f5e87bad3c948f4d605d)
Start importing Assets/New Asssets/Plant Animations/Plant 3/Plant3_00005.png using Guid(d228aa19d0a26d34c8baa1539e61c3ee) Importer(2089858483,b0f066a214c2f5e87bad3c948f4d605d) (ScriptedImporter) -> (artifact id: '0f53b7f027581db37e28d496090877a3') in 0.0209426 seconds
Number of updated asset objects reloaded before import = 0Number of asset objects unloaded after import = 4

========================================================================
Received Import Request.
  Time since last request: 0.000024 seconds.
  path: Assets/New Asssets/Plant Animations/Plant 2/Plant2_00055.png
  artifactKey: Guid(c6cabef3ff377884d9fd9773f92570e5) Importer(2089858483,b0f066a214c2f5e87bad3c948f4d605d)
Start importing Assets/New Asssets/Plant Animations/Plant 2/Plant2_00055.png using Guid(c6cabef3ff377884d9fd9773f92570e5) Importer(2089858483,b0f066a214c2f5e87bad3c948f4d605d) (ScriptedImporter) -> (artifact id: '4c7c74a16481d43fe402a27d8c80a99d') in 0.0175285 seconds
Number of updated asset objects reloaded before import = 0Number of asset objects unloaded after import = 5

========================================================================
Received Import Request.
  Time since last request: 0.000022 seconds.
  path: Assets/New Asssets/Plant Animations/Plant 1/Plant1_00008.png
  artifactKey: Guid(b7dd1da5e390e76429f4c6083f6c87ef) Importer(2089858483,b0f066a214c2f5e87bad3c948f4d605d)
Start importing Assets/New Asssets/Plant Animations/Plant 1/Plant1_00008.png using Guid(b7dd1da5e390e76429f4c6083f6c87ef) Importer(2089858483,b0f066a214c2f5e87bad3c948f4d605d) (ScriptedImporter) -> (artifact id: '6ecbdbd9c6ad64cee8f1060a70d597a3') in 0.0188657 seconds
Number of updated asset objects reloaded before import = 0Number of asset objects unloaded after import = 3

========================================================================
Received Import Request.
  Time since last request: 0.000029 seconds.
  path: Assets/New Asssets/BlueWizard/2BlueWizardWalk/Chara_BlueWalk00017.png
  artifactKey: Guid(e473159f92cee114e9a5390dd0e8786c) Importer(2089858483,b0f066a214c2f5e87bad3c948f4d605d)
Start importing Assets/New Asssets/BlueWizard/2BlueWizardWalk/Chara_BlueWalk00017.png using Guid(e473159f92cee114e9a5390dd0e8786c) Importer(2089858483,b0f066a214c2f5e87bad3c948f4d605d) (ScriptedImporter) -> (artifact id: '5f66c83d42224e4c826db4ab447d9e3c') in 0.0173162 seconds
Number of updated asset objects reloaded before import = 0Number of asset objects unloaded after import = 3

========================================================================
Received Import Request.
  Time since last request: 0.000056 seconds.
  path: Assets/New Asssets/BlueWizard/2BlueWizardJump/Dash2/DashBlue_00002.png
  artifactKey: Guid(39c8ccfb556ca9a4e8835eb93998b6eb) Importer(2089858483,b0f066a214c2f5e87bad3c948f4d605d)
Start importing Assets/New Asssets/BlueWizard/2BlueWizardJump/Dash2/DashBlue_00002.png using Guid(39c8ccfb556ca9a4e8835eb93998b6eb) Importer(2089858483,b0f066a214c2f5e87bad3c948f4d605d) (ScriptedImporter) -> (artifact id: '66023913d3912c80c2067eb74918ab55') in 0.0178949 seconds
Number of updated asset objects reloaded before import = 0Number of asset objects unloaded after import = 3

========================================================================
Received Import Request.
  Time since last request: 0.000020 seconds.
  path: Assets/New Asssets/Plant Animations/Plant 6/Plant6_00016.png
  artifactKey: Guid(7ea4f3e724fdb1643b277cf3bf4f828a) Importer(2089858483,b0f066a214c2f5e87bad3c948f4d605d)
Start importing Assets/New Asssets/Plant Animations/Plant 6/Plant6_00016.png using Guid(7ea4f3e724fdb1643b277cf3bf4f828a) Importer(2089858483,b0f066a214c2f5e87bad3c948f4d605d) (ScriptedImporter) -> (artifact id: '0dad55cf778468f3ed3845137a5567e9') in 0.0174131 seconds
Number of updated asset objects reloaded before import = 0Number of asset objects unloaded after import = 3

========================================================================
Received Import Request.
  Time since last request: 0.000026 seconds.
  path: Assets/New Asssets/Plant Animations/Plant 6/Plant6_00052.png
  artifactKey: Guid(72052fa42ada03a4dbf94530eb9d5703) Importer(2089858483,b0f066a214c2f5e87bad3c948f4d605d)
Start importing Assets/New Asssets/Plant Animations/Plant 6/Plant6_00052.png using Guid(72052fa42ada03a4dbf94530eb9d5703) Importer(2089858483,b0f066a214c2f5e87bad3c948f4d605d) (ScriptedImporter) -> (artifact id: 'c9dd3d5de67371cd6451cf32e2de418d') in 0.0186324 seconds
Number of updated asset objects reloaded before import = 0Number of asset objects unloaded after import = 3

========================================================================
Received Import Request.
  Time since last request: 0.000027 seconds.
  path: Assets/New Asssets/BlueWizard/2BlueWizardJump/Dash2/DashBlue_00014.png
  artifactKey: Guid(da29aa1a9252e6d48a3cef1e03c31b96) Importer(2089858483,b0f066a214c2f5e87bad3c948f4d605d)
Start importing Assets/New Asssets/BlueWizard/2BlueWizardJump/Dash2/DashBlue_00014.png using Guid(da29aa1a9252e6d48a3cef1e03c31b96) Importer(2089858483,b0f066a214c2f5e87bad3c948f4d605d) (ScriptedImporter) -> (artifact id: 'ea5f42686c031f300eed0ab6938c7b8d') in 0.020049 seconds
Number of updated asset objects reloaded before import = 0Number of asset objects unloaded after import = 3

========================================================================
Received Import Request.
  Time since last request: 0.000033 seconds.
  path: Assets/New Asssets/Plant Animations/Plant 4/Plant4_00004.png
  artifactKey: Guid(99b253610fbcfb846ab13f678db949b7) Importer(2089858483,b0f066a214c2f5e87bad3c948f4d605d)
Start importing Assets/New Asssets/Plant Animations/Plant 4/Plant4_00004.png using Guid(99b253610fbcfb846ab13f678db949b7) Importer(2089858483,b0f066a214c2f5e87bad3c948f4d605d) (ScriptedImporter) -> (artifact id: '77a9067141e8d8d6b93328c775e240c7') in 0.016444 seconds
Number of updated asset objects reloaded before import = 0Number of asset objects unloaded after import = 3

========================================================================
Received Import Request.
  Time since last request: 0.000019 seconds.
  path: Assets/New Asssets/Plant Animations/BlueFlower1/BlueFlower_00059.png
  artifactKey: Guid(9d783a889d936484182a4f4378082714) Importer(2089858483,b0f066a214c2f5e87bad3c948f4d605d)
Start importing Assets/New Asssets/Plant Animations/BlueFlower1/BlueFlower_00059.png using Guid(9d783a889d936484182a4f4378082714) Importer(2089858483,b0f066a214c2f5e87bad3c948f4d605d) (ScriptedImporter) -> (artifact id: '6a05765642b28b99af07780908c9b1ef') in 0.0161321 seconds
Number of updated asset objects reloaded before import = 0Number of asset objects unloaded after import = 3

========================================================================
Received Import Request.
  Time since last request: 0.000021 seconds.
  path: Assets/New Asssets/BlueWizard/2BlueWizardIdle
  artifactKey: Guid(f5989461fe77b7f4f9b6ce2ffde1db9a) Importer(2089858483,b0f066a214c2f5e87bad3c948f4d605d)
Start importing Assets/New Asssets/BlueWizard/2BlueWizardIdle using Guid(f5989461fe77b7f4f9b6ce2ffde1db9a) Importer(2089858483,b0f066a214c2f5e87bad3c948f4d605d) (ScriptedImporter) -> (artifact id: 'abc493d66794cca48a55173692d0eae8') in 0.0138748 seconds
Number of updated asset objects reloaded before import = 0Number of asset objects unloaded after import = 1

========================================================================
Received Import Request.
  Time since last request: 0.000022 seconds.
  path: Assets/New Asssets/Plant Animations/Plant 6/Plant6_00049.png
  artifactKey: Guid(b70ba4e2c6e76754d804d9cfcc3d8ca7) Importer(2089858483,b0f066a214c2f5e87bad3c948f4d605d)
Start importing Assets/New Asssets/Plant Animations/Plant 6/Plant6_00049.png using Guid(b70ba4e2c6e76754d804d9cfcc3d8ca7) Importer(2089858483,b0f066a214c2f5e87bad3c948f4d605d) (ScriptedImporter) -> (artifact id: '6e240d3f62ba030f90f8a9c2cb221466') in 0.018972 seconds
Number of updated asset objects reloaded before import = 0Number of asset objects unloaded after import = 3

========================================================================
Received Import Request.
  Time since last request: 0.000032 seconds.
  path: Assets/New Asssets/Plant Animations/Plant 4/Plant4_00057.png
  artifactKey: Guid(cfaf6e06f459087439c9cc3c0cabb7bf) Importer(2089858483,b0f066a214c2f5e87bad3c948f4d605d)
Start importing Assets/New Asssets/Plant Animations/Plant 4/Plant4_00057.png using Guid(cfaf6e06f459087439c9cc3c0cabb7bf) Importer(2089858483,b0f066a214c2f5e87bad3c948f4d605d) (ScriptedImporter) -> (artifact id: 'be1049b9d47dfc6ab2a07f2a43ff402c') in 0.0182211 seconds
Number of updated asset objects reloaded before import = 0Number of asset objects unloaded after import = 3

========================================================================
Received Import Request.
  Time since last request: 0.000028 seconds.
  path: Assets/New Asssets/Plant Animations/Plant 3/Plant3_00088.png
  artifactKey: Guid(496c8199a6c79b34e97afe729aebec3a) Importer(2089858483,b0f066a214c2f5e87bad3c948f4d605d)
Start importing Assets/New Asssets/Plant Animations/Plant 3/Plant3_00088.png using Guid(496c8199a6c79b34e97afe729aebec3a) Importer(2089858483,b0f066a214c2f5e87bad3c948f4d605d) (ScriptedImporter) -> (artifact id: '5ffb7fd29f959f314a867bdf20415d9f') in 0.0220973 seconds
Number of updated asset objects reloaded before import = 0Number of asset objects unloaded after import = 4

========================================================================
Received Import Request.
  Time since last request: 0.000017 seconds.
  path: Assets/New Asssets/Plant Animations/Plant 2/Plant2_00016.png
  artifactKey: Guid(9f84372be894d934394c58d8ee7997df) Importer(2089858483,b0f066a214c2f5e87bad3c948f4d605d)
Start importing Assets/New Asssets/Plant Animations/Plant 2/Plant2_00016.png using Guid(9f84372be894d934394c58d8ee7997df) Importer(2089858483,b0f066a214c2f5e87bad3c948f4d605d) (ScriptedImporter) -> (artifact id: '0e9cbfe9b7a1bf8f0cb978beaf307f34') in 0.0209228 seconds
Number of updated asset objects reloaded before import = 0Number of asset objects unloaded after import = 5

========================================================================
Received Import Request.
  Time since last request: 0.000028 seconds.
  path: Assets/New Asssets/Plant Animations/Plant 8 Poison/PlantPosion_00002.png
  artifactKey: Guid(0441c639d14b81045bb1ea528d2e9b85) Importer(2089858483,b0f066a214c2f5e87bad3c948f4d605d)
Start importing Assets/New Asssets/Plant Animations/Plant 8 Poison/PlantPosion_00002.png using Guid(0441c639d14b81045bb1ea528d2e9b85) Importer(2089858483,b0f066a214c2f5e87bad3c948f4d605d) (ScriptedImporter) -> (artifact id: '4cad2d14b72703bcb4c24b0738a97e3a') in 0.0195309 seconds
Number of updated asset objects reloaded before import = 0Number of asset objects unloaded after import = 3

========================================================================
Received Import Request.
  Time since last request: 0.000018 seconds.
  path: Assets/New Asssets/Plant Animations/BlueFlower2/BluePlantClosed_00000.png
  artifactKey: Guid(cb6de52942ebcb24ba90a6cea6944543) Importer(2089858483,b0f066a214c2f5e87bad3c948f4d605d)
Start importing Assets/New Asssets/Plant Animations/BlueFlower2/BluePlantClosed_00000.png using Guid(cb6de52942ebcb24ba90a6cea6944543) Importer(2089858483,b0f066a214c2f5e87bad3c948f4d605d) (ScriptedImporter) -> (artifact id: '300d37f94739821740168e4662b53212') in 0.0303198 seconds
Number of updated asset objects reloaded before import = 0Number of asset objects unloaded after import = 8

========================================================================
Received Import Request.
  Time since last request: 0.000029 seconds.
  path: Assets/New Asssets/Plant Animations/Plant 2/Plant2_00056.png
  artifactKey: Guid(8f3217eb49c7d444590901bce79fc9f7) Importer(2089858483,b0f066a214c2f5e87bad3c948f4d605d)
Start importing Assets/New Asssets/Plant Animations/Plant 2/Plant2_00056.png using Guid(8f3217eb49c7d444590901bce79fc9f7) Importer(2089858483,b0f066a214c2f5e87bad3c948f4d605d) (ScriptedImporter) -> (artifact id: '3c245ea058d268af2d15e6119f9fb4dc') in 0.0211295 seconds
Number of updated asset objects reloaded before import = 0Number of asset objects unloaded after import = 5

========================================================================
Received Import Request.
  Time since last request: 0.000036 seconds.
  path: Assets/New Asssets/BlueWizard/2BlueWizardJump/DashEffect/BlueWizardDash_00000.png
  artifactKey: Guid(40c1e5ca502241b4bbb89d7ebb426ffc) Importer(2089858483,b0f066a214c2f5e87bad3c948f4d605d)
Start importing Assets/New Asssets/BlueWizard/2BlueWizardJump/DashEffect/BlueWizardDash_00000.png using Guid(40c1e5ca502241b4bbb89d7ebb426ffc) Importer(2089858483,b0f066a214c2f5e87bad3c948f4d605d) (ScriptedImporter) -> (artifact id: '736158f3eea649b12ac43fc29b5b82f6') in 0.0205114 seconds
Number of updated asset objects reloaded before import = 0Number of asset objects unloaded after import = 3

========================================================================
Received Import Request.
  Time since last request: 0.000024 seconds.
  path: Assets/New Asssets/Plant Animations/Plant 4/Plant4_00037.png
  artifactKey: Guid(928132c199eb1414d8b3f4bfaed16f7c) Importer(2089858483,b0f066a214c2f5e87bad3c948f4d605d)
Start importing Assets/New Asssets/Plant Animations/Plant 4/Plant4_00037.png using Guid(928132c199eb1414d8b3f4bfaed16f7c) Importer(2089858483,b0f066a214c2f5e87bad3c948f4d605d) (ScriptedImporter) -> (artifact id: '1d09da57546850c429cdf297c71eea83') in 0.0208678 seconds
Number of updated asset objects reloaded before import = 0Number of asset objects unloaded after import = 3

========================================================================
Received Import Request.
  Time since last request: 0.000015 seconds.
  path: Assets/New Asssets/Plant Animations/Plant 3/Plant3_00064.png
  artifactKey: Guid(aff45dd5981d549459c28ae9010e97d7) Importer(2089858483,b0f066a214c2f5e87bad3c948f4d605d)
Start importing Assets/New Asssets/Plant Animations/Plant 3/Plant3_00064.png using Guid(aff45dd5981d549459c28ae9010e97d7) Importer(2089858483,b0f066a214c2f5e87bad3c948f4d605d) (ScriptedImporter) -> (artifact id: '29f18c442fc957e232ebb287651b94bf') in 0.0209801 seconds
Number of updated asset objects reloaded before import = 0Number of asset objects unloaded after import = 4

========================================================================
Received Import Request.
  Time since last request: 0.000017 seconds.
  path: Assets/New Asssets/BlueWizard/2BlueWizardJump/Dash3
  artifactKey: Guid(351bcd509ff656b4ea5f7c2e109851b1) Importer(2089858483,b0f066a214c2f5e87bad3c948f4d605d)
Start importing Assets/New Asssets/BlueWizard/2BlueWizardJump/Dash3 using Guid(351bcd509ff656b4ea5f7c2e109851b1) Importer(2089858483,b0f066a214c2f5e87bad3c948f4d605d) (ScriptedImporter) -> (artifact id: '2cfd1b31f48ca5af773480b04d9169ec') in 0.0124976 seconds
Number of updated asset objects reloaded before import = 0Number of asset objects unloaded after import = 1

========================================================================
Received Import Request.
  Time since last request: 0.000022 seconds.
  path: Assets/New Asssets/BlueWizard/2BlueWizardIdle/Chara - BlueIdle00014.png
  artifactKey: Guid(e70f554c1bf9906438b75c9e5fc3cec9) Importer(2089858483,b0f066a214c2f5e87bad3c948f4d605d)
Start importing Assets/New Asssets/BlueWizard/2BlueWizardIdle/Chara - BlueIdle00014.png using Guid(e70f554c1bf9906438b75c9e5fc3cec9) Importer(2089858483,b0f066a214c2f5e87bad3c948f4d605d) (ScriptedImporter) -> (artifact id: 'ed283923c61161db3e27f23f527ff649') in 0.0175244 seconds
Number of updated asset objects reloaded before import = 0Number of asset objects unloaded after import = 3

========================================================================
Received Import Request.
  Time since last request: 0.000027 seconds.
  path: Assets/New Asssets/Plant Animations/Plant 3/Plant3_00086.png
  artifactKey: Guid(951790697c8ef6b4a8103598bb4593f4) Importer(2089858483,b0f066a214c2f5e87bad3c948f4d605d)
Start importing Assets/New Asssets/Plant Animations/Plant 3/Plant3_00086.png using Guid(951790697c8ef6b4a8103598bb4593f4) Importer(2089858483,b0f066a214c2f5e87bad3c948f4d605d) (ScriptedImporter) -> (artifact id: '3e6d9a2827ab6cf7d001bc2a1a2849ef') in 0.019398 seconds
Number of updated asset objects reloaded before import = 0Number of asset objects unloaded after import = 4

========================================================================
Received Import Request.
  Time since last request: 0.000027 seconds.
  path: Assets/New Asssets/Plant Animations/Plant 4/Plant4_00040.png
  artifactKey: Guid(e1a5d905d9809a443a7f3a7148652c75) Importer(2089858483,b0f066a214c2f5e87bad3c948f4d605d)
Start importing Assets/New Asssets/Plant Animations/Plant 4/Plant4_00040.png using Guid(e1a5d905d9809a443a7f3a7148652c75) Importer(2089858483,b0f066a214c2f5e87bad3c948f4d605d) (ScriptedImporter) -> (artifact id: 'ce40b44f1b8cfb35447b65e53e5a1c00') in 0.0162365 seconds
Number of updated asset objects reloaded before import = 0Number of asset objects unloaded after import = 3

========================================================================
Received Import Request.
  Time since last request: 0.000017 seconds.
  path: Assets/New Asssets/Plant Animations/Plant 1/Plant1_00078.png
  artifactKey: Guid(3928a307e790e1344a4e25ecd0ff3ff5) Importer(2089858483,b0f066a214c2f5e87bad3c948f4d605d)
Start importing Assets/New Asssets/Plant Animations/Plant 1/Plant1_00078.png using Guid(3928a307e790e1344a4e25ecd0ff3ff5) Importer(2089858483,b0f066a214c2f5e87bad3c948f4d605d) (ScriptedImporter) -> (artifact id: 'e6215f4e98a5f60736aa4189fb9df963') in 0.0185684 seconds
Number of updated asset objects reloaded before import = 0Number of asset objects unloaded after import = 3

========================================================================
Received Import Request.
  Time since last request: 0.000015 seconds.
  path: Assets/New Asssets/Plant Animations/Plant 6/Plant6_00012.png
  artifactKey: Guid(39561728c5c404941bf9a8ed55ea0ddc) Importer(2089858483,b0f066a214c2f5e87bad3c948f4d605d)
Start importing Assets/New Asssets/Plant Animations/Plant 6/Plant6_00012.png using Guid(39561728c5c404941bf9a8ed55ea0ddc) Importer(2089858483,b0f066a214c2f5e87bad3c948f4d605d) (ScriptedImporter) -> (artifact id: 'e1a2ef3849c788f5d04605d0da501e5f') in 0.0178554 seconds
Number of updated asset objects reloaded before import = 0Number of asset objects unloaded after import = 3

========================================================================
Received Import Request.
  Time since last request: 0.000021 seconds.
  path: Assets/New Asssets/Plant Animations/Plant 7/Plant7_00000.png
  artifactKey: Guid(bc2d6a827a4afe2429c258abe7b00fdf) Importer(2089858483,b0f066a214c2f5e87bad3c948f4d605d)
Start importing Assets/New Asssets/Plant Animations/Plant 7/Plant7_00000.png using Guid(bc2d6a827a4afe2429c258abe7b00fdf) Importer(2089858483,b0f066a214c2f5e87bad3c948f4d605d) (ScriptedImporter) -> (artifact id: '6932c1a385d7ed3b9ae1e49bf15235be') in 0.0202727 seconds
Number of updated asset objects reloaded before import = 0Number of asset objects unloaded after import = 3

========================================================================
Received Import Request.
  Time since last request: 0.000027 seconds.
  path: Assets/New Asssets/BlueWizard/2BlueWizardIdle/Chara - BlueIdle00012.png
  artifactKey: Guid(0489f823eff8b084b8e302b7e419e4a9) Importer(2089858483,b0f066a214c2f5e87bad3c948f4d605d)
Start importing Assets/New Asssets/BlueWizard/2BlueWizardIdle/Chara - BlueIdle00012.png using Guid(0489f823eff8b084b8e302b7e419e4a9) Importer(2089858483,b0f066a214c2f5e87bad3c948f4d605d) (ScriptedImporter) -> (artifact id: '8fe71881fc699c858ea544043fd52300') in 0.0177166 seconds
Number of updated asset objects reloaded before import = 0Number of asset objects unloaded after import = 3

========================================================================
Received Import Request.
  Time since last request: 0.000015 seconds.
  path: Assets/New Asssets/Mossy Tileset/Mossy - MossyHills.png
  artifactKey: Guid(175816b25ca55ea49a7dc103e8d17369) Importer(2089858483,b0f066a214c2f5e87bad3c948f4d605d)
Start importing Assets/New Asssets/Mossy Tileset/Mossy - MossyHills.png using Guid(175816b25ca55ea49a7dc103e8d17369) Importer(2089858483,b0f066a214c2f5e87bad3c948f4d605d) (ScriptedImporter) -> (artifact id: '97079d4b0da85f58a76651a8de7caad2') in 0.0312887 seconds
Number of updated asset objects reloaded before import = 0Number of asset objects unloaded after import = 13

========================================================================
Received Import Request.
  Time since last request: 0.000018 seconds.
  path: Assets/New Asssets/Plant Animations/Plant 2/Plant2_00033.png
  artifactKey: Guid(0dd4ae7a30bc96a4d8e3d99605a7d57b) Importer(2089858483,b0f066a214c2f5e87bad3c948f4d605d)
Start importing Assets/New Asssets/Plant Animations/Plant 2/Plant2_00033.png using Guid(0dd4ae7a30bc96a4d8e3d99605a7d57b) Importer(2089858483,b0f066a214c2f5e87bad3c948f4d605d) (ScriptedImporter) -> (artifact id: '96ee85688b38ca66fa593f901aca632b') in 0.0186984 seconds
Number of updated asset objects reloaded before import = 0Number of asset objects unloaded after import = 5

========================================================================
Received Import Request.
  Time since last request: 0.000019 seconds.
  path: Assets/New Asssets/Plant Animations/BlueFlower1/BlueFlower_00036.png
  artifactKey: Guid(98afd0a4ad999a1419fc2c12f9967e37) Importer(2089858483,b0f066a214c2f5e87bad3c948f4d605d)
Start importing Assets/New Asssets/Plant Animations/BlueFlower1/BlueFlower_00036.png using Guid(98afd0a4ad999a1419fc2c12f9967e37) Importer(2089858483,b0f066a214c2f5e87bad3c948f4d605d) (ScriptedImporter) -> (artifact id: '8516baf2ec07e09ec2960ead7c392d32') in 0.018896 seconds
Number of updated asset objects reloaded before import = 0Number of asset objects unloaded after import = 3

========================================================================
Received Import Request.
  Time since last request: 0.000022 seconds.
  path: Assets/New Asssets/Plant Animations/BlueFlower2/BluePlantClosed_00032.png
  artifactKey: Guid(67d842dffcde4e54fa581e6060ce914d) Importer(2089858483,b0f066a214c2f5e87bad3c948f4d605d)
Start importing Assets/New Asssets/Plant Animations/BlueFlower2/BluePlantClosed_00032.png using Guid(67d842dffcde4e54fa581e6060ce914d) Importer(2089858483,b0f066a214c2f5e87bad3c948f4d605d) (ScriptedImporter) -> (artifact id: 'fcbaa12a3cdb805c18a41ed92c20482d') in 0.0242993 seconds
Number of updated asset objects reloaded before import = 0Number of asset objects unloaded after import = 7

========================================================================
Received Import Request.
  Time since last request: 0.000028 seconds.
  path: Assets/New Asssets/Plant Animations/BlueFlower1/BlueFlower_00034.png
  artifactKey: Guid(934040300339bd640a1cbb51b18b9960) Importer(2089858483,b0f066a214c2f5e87bad3c948f4d605d)
Start importing Assets/New Asssets/Plant Animations/BlueFlower1/BlueFlower_00034.png using Guid(934040300339bd640a1cbb51b18b9960) Importer(2089858483,b0f066a214c2f5e87bad3c948f4d605d) (ScriptedImporter) -> (artifact id: '6ea79358295490aca0e36148fec0c657') in 0.0217337 seconds
Number of updated asset objects reloaded before import = 0Number of asset objects unloaded after import = 3

========================================================================
Received Import Request.
  Time since last request: 0.000023 seconds.
  path: Assets/New Asssets/Plant Animations/PlantJump/JumpPlant_00006.png
  artifactKey: Guid(eb1d4fddc9874ac46a9f937137fc478e) Importer(2089858483,b0f066a214c2f5e87bad3c948f4d605d)
Start importing Assets/New Asssets/Plant Animations/PlantJump/JumpPlant_00006.png using Guid(eb1d4fddc9874ac46a9f937137fc478e) Importer(2089858483,b0f066a214c2f5e87bad3c948f4d605d) (ScriptedImporter) -> (artifact id: 'f8350af415b66557eb5be27084d0965e') in 0.0182204 seconds
Number of updated asset objects reloaded before import = 0Number of asset objects unloaded after import = 3

========================================================================
Received Import Request.
  Time since last request: 0.000015 seconds.
  path: Assets/New Asssets/Plant Animations/Plant 3/Plant3_00024.png
  artifactKey: Guid(1a6efbc0d815afe428d0527b53b8b213) Importer(2089858483,b0f066a214c2f5e87bad3c948f4d605d)
Start importing Assets/New Asssets/Plant Animations/Plant 3/Plant3_00024.png using Guid(1a6efbc0d815afe428d0527b53b8b213) Importer(2089858483,b0f066a214c2f5e87bad3c948f4d605d) (ScriptedImporter) -> (artifact id: 'ad1a8ec23c41c7cca71904c8271a5b4c') in 0.0200781 seconds
Number of updated asset objects reloaded before import = 0Number of asset objects unloaded after import = 4

========================================================================
Received Import Request.
  Time since last request: 0.000020 seconds.
  path: Assets/New Asssets/Plant Animations/Plant 2/Plant2_00088.png
  artifactKey: Guid(fba297be5ddf73f45a74c77e01db1816) Importer(2089858483,b0f066a214c2f5e87bad3c948f4d605d)
Start importing Assets/New Asssets/Plant Animations/Plant 2/Plant2_00088.png using Guid(fba297be5ddf73f45a74c77e01db1816) Importer(2089858483,b0f066a214c2f5e87bad3c948f4d605d) (ScriptedImporter) -> (artifact id: '9598e65a532f2de7a3ff15a121b6f83d') in 0.0191 seconds
Number of updated asset objects reloaded before import = 0Number of asset objects unloaded after import = 5

========================================================================
Received Import Request.
  Time since last request: 0.000020 seconds.
  path: Assets/New Asssets/Plant Animations/PlantJump2/JumpPlant 2_00001.png
  artifactKey: Guid(482cf321603f8cd48934d9847d08c5c9) Importer(2089858483,b0f066a214c2f5e87bad3c948f4d605d)
Start importing Assets/New Asssets/Plant Animations/PlantJump2/JumpPlant 2_00001.png using Guid(482cf321603f8cd48934d9847d08c5c9) Importer(2089858483,b0f066a214c2f5e87bad3c948f4d605d) (ScriptedImporter) -> (artifact id: 'd338ed525533a2f7e86359f7671ea92d') in 0.0189478 seconds
Number of updated asset objects reloaded before import = 0Number of asset objects unloaded after import = 3

========================================================================
Received Import Request.
  Time since last request: 0.000031 seconds.
  path: Assets/New Asssets/Plant Animations/Plant 1/Plant1_00065.png
  artifactKey: Guid(a87cd289fd1e4674c944a73de07418f9) Importer(2089858483,b0f066a214c2f5e87bad3c948f4d605d)
Start importing Assets/New Asssets/Plant Animations/Plant 1/Plant1_00065.png using Guid(a87cd289fd1e4674c944a73de07418f9) Importer(2089858483,b0f066a214c2f5e87bad3c948f4d605d) (ScriptedImporter) -> (artifact id: '0d3a5f2007fab687a597e7fce0429748') in 0.0208767 seconds
Number of updated asset objects reloaded before import = 0Number of asset objects unloaded after import = 3

========================================================================
Received Import Request.
  Time since last request: 0.000018 seconds.
  path: Assets/New Asssets/Plant Animations/Plant 7/Plant7_00024.png
  artifactKey: Guid(97ade62f1ba028c438313b64e9893d96) Importer(2089858483,b0f066a214c2f5e87bad3c948f4d605d)
Start importing Assets/New Asssets/Plant Animations/Plant 7/Plant7_00024.png using Guid(97ade62f1ba028c438313b64e9893d96) Importer(2089858483,b0f066a214c2f5e87bad3c948f4d605d) (ScriptedImporter) -> (artifact id: 'fa269037201fecd22b77b1aa58692998') in 0.016944 seconds
Number of updated asset objects reloaded before import = 0Number of asset objects unloaded after import = 3

========================================================================
Received Import Request.
  Time since last request: 0.000016 seconds.
  path: Assets/New Asssets/Plant Animations/Plant 8 Poison/PlantPosion_00023.png
  artifactKey: Guid(b53b51541e228b44f9a7dc05336f199f) Importer(2089858483,b0f066a214c2f5e87bad3c948f4d605d)
Start importing Assets/New Asssets/Plant Animations/Plant 8 Poison/PlantPosion_00023.png using Guid(b53b51541e228b44f9a7dc05336f199f) Importer(2089858483,b0f066a214c2f5e87bad3c948f4d605d) (ScriptedImporter) -> (artifact id: '9cf5f2604f3ef8c6dab3d4732b7a3130') in 0.0216479 seconds
Number of updated asset objects reloaded before import = 0Number of asset objects unloaded after import = 3

========================================================================
Received Import Request.
  Time since last request: 0.000022 seconds.
  path: Assets/New Asssets/Plant Animations/Plant Wind 1/Plant Wind 1_00013.png
  artifactKey: Guid(7670b833866fa604d9ee9caa1ef9bcc0) Importer(2089858483,b0f066a214c2f5e87bad3c948f4d605d)
Start importing Assets/New Asssets/Plant Animations/Plant Wind 1/Plant Wind 1_00013.png using Guid(7670b833866fa604d9ee9caa1ef9bcc0) Importer(2089858483,b0f066a214c2f5e87bad3c948f4d605d) (ScriptedImporter) -> (artifact id: 'b3a982b11b93d53e98a04e2d5be02d6e') in 0.0200677 seconds
Number of updated asset objects reloaded before import = 0Number of asset objects unloaded after import = 3

========================================================================
Received Import Request.
  Time since last request: 0.000032 seconds.
  path: Assets/New Asssets/Plant Animations/Plant 2/Plant2_00061.png
  artifactKey: Guid(61e094dc380c0524e9adc4eeff44c0fd) Importer(2089858483,b0f066a214c2f5e87bad3c948f4d605d)
Start importing Assets/New Asssets/Plant Animations/Plant 2/Plant2_00061.png using Guid(61e094dc380c0524e9adc4eeff44c0fd) Importer(2089858483,b0f066a214c2f5e87bad3c948f4d605d) (ScriptedImporter) -> (artifact id: 'f5a349692930916c760451c432924617') in 0.0205067 seconds
Number of updated asset objects reloaded before import = 0Number of asset objects unloaded after import = 5

========================================================================
Received Import Request.
  Time since last request: 0.000034 seconds.
  path: Assets/New Asssets/Plant Animations/Plant 7/Plant7_00026.png
  artifactKey: Guid(09b88b1d0eb68e54a95761b034321081) Importer(2089858483,b0f066a214c2f5e87bad3c948f4d605d)
Start importing Assets/New Asssets/Plant Animations/Plant 7/Plant7_00026.png using Guid(09b88b1d0eb68e54a95761b034321081) Importer(2089858483,b0f066a214c2f5e87bad3c948f4d605d) (ScriptedImporter) -> (artifact id: '739b92a458ba7d73c2e4830e99b53995') in 0.018056 seconds
Number of updated asset objects reloaded before import = 0Number of asset objects unloaded after import = 3

========================================================================
Received Import Request.
  Time since last request: 0.000019 seconds.
  path: Assets/New Asssets/Plant Animations/BlueFlower1/BlueFlower_00030.png
  artifactKey: Guid(3a73a36bc0525a143b542f48d80ca7eb) Importer(2089858483,b0f066a214c2f5e87bad3c948f4d605d)
Start importing Assets/New Asssets/Plant Animations/BlueFlower1/BlueFlower_00030.png using Guid(3a73a36bc0525a143b542f48d80ca7eb) Importer(2089858483,b0f066a214c2f5e87bad3c948f4d605d) (ScriptedImporter) -> (artifact id: '0df27fafcb84fc2fe6ad06c0b3637c81') in 0.0221323 seconds
Number of updated asset objects reloaded before import = 0Number of asset objects unloaded after import = 3

========================================================================
Received Import Request.
  Time since last request: 0.000018 seconds.
  path: Assets/New Asssets/Plant Animations/Plant 3/Plant3_00081.png
  artifactKey: Guid(c7636ceae9fc8be45b42bbe7fe0d36ff) Importer(2089858483,b0f066a214c2f5e87bad3c948f4d605d)
Start importing Assets/New Asssets/Plant Animations/Plant 3/Plant3_00081.png using Guid(c7636ceae9fc8be45b42bbe7fe0d36ff) Importer(2089858483,b0f066a214c2f5e87bad3c948f4d605d) (ScriptedImporter) -> (artifact id: '5dcbaf68c029dad49b9498441c6b446c') in 0.0218694 seconds
Number of updated asset objects reloaded before import = 0Number of asset objects unloaded after import = 4

========================================================================
Received Import Request.
  Time since last request: 0.000025 seconds.
  path: Assets/New Asssets/Plant Animations/PlantJump2/JumpPlant 2_00007.png
  artifactKey: Guid(54b0165615f60c542bf14c208d0356a0) Importer(2089858483,b0f066a214c2f5e87bad3c948f4d605d)
Start importing Assets/New Asssets/Plant Animations/PlantJump2/JumpPlant 2_00007.png using Guid(54b0165615f60c542bf14c208d0356a0) Importer(2089858483,b0f066a214c2f5e87bad3c948f4d605d) (ScriptedImporter) -> (artifact id: '2def64e209669ae9321a44b97b976692') in 0.0200994 seconds
Number of updated asset objects reloaded before import = 0Number of asset objects unloaded after import = 3

========================================================================
Received Import Request.
  Time since last request: 0.000024 seconds.
  path: Assets/New Asssets/Plant Animations/Plant 8 Poison/PlantPosion_00014.png
  artifactKey: Guid(8e76347ae1640e843a5eaa77534413b7) Importer(2089858483,b0f066a214c2f5e87bad3c948f4d605d)
Start importing Assets/New Asssets/Plant Animations/Plant 8 Poison/PlantPosion_00014.png using Guid(8e76347ae1640e843a5eaa77534413b7) Importer(2089858483,b0f066a214c2f5e87bad3c948f4d605d) (ScriptedImporter) -> (artifact id: 'fa03543b4748ce3548931891662dcef1') in 0.0191001 seconds
Number of updated asset objects reloaded before import = 0Number of asset objects unloaded after import = 3

========================================================================
Received Import Request.
  Time since last request: 0.000026 seconds.
  path: Assets/New Asssets/Plant Animations/Plant 4/Plant4_00048.png
  artifactKey: Guid(f95e12b9125729645a62318baf8ad33b) Importer(2089858483,b0f066a214c2f5e87bad3c948f4d605d)
Start importing Assets/New Asssets/Plant Animations/Plant 4/Plant4_00048.png using Guid(f95e12b9125729645a62318baf8ad33b) Importer(2089858483,b0f066a214c2f5e87bad3c948f4d605d) (ScriptedImporter) -> (artifact id: 'b1c148984fcd5fe27094a3772a8ad209') in 0.018397 seconds
Number of updated asset objects reloaded before import = 0Number of asset objects unloaded after import = 3

========================================================================
Received Import Request.
  Time since last request: 0.000019 seconds.
  path: Assets/New Asssets/Plant Animations/Plant 4/Plant4_00021.png
  artifactKey: Guid(6804d5fc12022dc4fb8f9461f6e3da83) Importer(2089858483,b0f066a214c2f5e87bad3c948f4d605d)
Start importing Assets/New Asssets/Plant Animations/Plant 4/Plant4_00021.png using Guid(6804d5fc12022dc4fb8f9461f6e3da83) Importer(2089858483,b0f066a214c2f5e87bad3c948f4d605d) (ScriptedImporter) -> (artifact id: '134a511dd59cdb6c5367d94543905492') in 0.0188529 seconds
Number of updated asset objects reloaded before import = 0Number of asset objects unloaded after import = 3

========================================================================
Received Import Request.
  Time since last request: 0.000016 seconds.
  path: Assets/New Asssets/Plant Animations/Plant 6/Plant6_00036.png
  artifactKey: Guid(8c0572e9c8e191d4e96341987c3ccf9c) Importer(2089858483,b0f066a214c2f5e87bad3c948f4d605d)
Start importing Assets/New Asssets/Plant Animations/Plant 6/Plant6_00036.png using Guid(8c0572e9c8e191d4e96341987c3ccf9c) Importer(2089858483,b0f066a214c2f5e87bad3c948f4d605d) (ScriptedImporter) -> (artifact id: '28ad5dcc32270a279d69e0c3105b27a1') in 0.0204443 seconds
Number of updated asset objects reloaded before import = 0Number of asset objects unloaded after import = 3

========================================================================
Received Import Request.
  Time since last request: 0.000022 seconds.
  path: Assets/New Asssets/Plant Animations/BlueFlower1/BlueFlower_00035.png
  artifactKey: Guid(9a339f7fe1df0fe41be45d4f79013909) Importer(2089858483,b0f066a214c2f5e87bad3c948f4d605d)
Start importing Assets/New Asssets/Plant Animations/BlueFlower1/BlueFlower_00035.png using Guid(9a339f7fe1df0fe41be45d4f79013909) Importer(2089858483,b0f066a214c2f5e87bad3c948f4d605d) (ScriptedImporter) -> (artifact id: '9629e93c1d520f56b28eec74cf1c5e33') in 0.0203523 seconds
Number of updated asset objects reloaded before import = 0Number of asset objects unloaded after import = 3

========================================================================
Received Import Request.
  Time since last request: 0.000021 seconds.
  path: Assets/New Asssets/Plant Animations/Plant 2/Plant2_00083.png
  artifactKey: Guid(34a8c9693689d7147981e6c48808e5d8) Importer(2089858483,b0f066a214c2f5e87bad3c948f4d605d)
Start importing Assets/New Asssets/Plant Animations/Plant 2/Plant2_00083.png using Guid(34a8c9693689d7147981e6c48808e5d8) Importer(2089858483,b0f066a214c2f5e87bad3c948f4d605d) (ScriptedImporter) -> (artifact id: '11163749fe080c32e8b94ad9d87c6c75') in 0.020588 seconds
Number of updated asset objects reloaded before import = 0Number of asset objects unloaded after import = 5

========================================================================
Received Import Request.
  Time since last request: 0.000035 seconds.
  path: Assets/New Asssets/Plant Animations/Plant 1/Plant1_00057.png
  artifactKey: Guid(c78b120fa852de943bb5d96dcf187dae) Importer(2089858483,b0f066a214c2f5e87bad3c948f4d605d)
Start importing Assets/New Asssets/Plant Animations/Plant 1/Plant1_00057.png using Guid(c78b120fa852de943bb5d96dcf187dae) Importer(2089858483,b0f066a214c2f5e87bad3c948f4d605d) (ScriptedImporter) -> (artifact id: '53ee9b6085d645b7497e1eb498dc02de') in 0.0171063 seconds
Number of updated asset objects reloaded before import = 0Number of asset objects unloaded after import = 3

========================================================================
Received Import Request.
  Time since last request: 0.000017 seconds.
  path: Assets/New Asssets/Plant Animations/Plant 1/Plant1_00051.png
  artifactKey: Guid(bcb72ab50600d3e41bdd3f91ce2cb79b) Importer(2089858483,b0f066a214c2f5e87bad3c948f4d605d)
Start importing Assets/New Asssets/Plant Animations/Plant 1/Plant1_00051.png using Guid(bcb72ab50600d3e41bdd3f91ce2cb79b) Importer(2089858483,b0f066a214c2f5e87bad3c948f4d605d) (ScriptedImporter) -> (artifact id: '07c75afc1cf715c65c2a902c786031a7') in 0.0192795 seconds
Number of updated asset objects reloaded before import = 0Number of asset objects unloaded after import = 3

========================================================================
Received Import Request.
  Time since last request: 0.000017 seconds.
  path: Assets/New Asssets/Plant Animations/PlantJump2/JumpPlant 2_00002.png
  artifactKey: Guid(e2e1a0da9b986f043bf00c79dbbcea88) Importer(2089858483,b0f066a214c2f5e87bad3c948f4d605d)
Start importing Assets/New Asssets/Plant Animations/PlantJump2/JumpPlant 2_00002.png using Guid(e2e1a0da9b986f043bf00c79dbbcea88) Importer(2089858483,b0f066a214c2f5e87bad3c948f4d605d) (ScriptedImporter) -> (artifact id: '44ab8ebaacca3d9d8e6f92e540318d85') in 0.0185285 seconds
Number of updated asset objects reloaded before import = 0Number of asset objects unloaded after import = 3

========================================================================
Received Import Request.
  Time since last request: 0.000019 seconds.
  path: Assets/New Asssets/Plant Animations/Plant 1/Plant1_00042.png
  artifactKey: Guid(ce70e12e32c783e4bbebb762018b959b) Importer(2089858483,b0f066a214c2f5e87bad3c948f4d605d)
Start importing Assets/New Asssets/Plant Animations/Plant 1/Plant1_00042.png using Guid(ce70e12e32c783e4bbebb762018b959b) Importer(2089858483,b0f066a214c2f5e87bad3c948f4d605d) (ScriptedImporter) -> (artifact id: '109ec4f905f5a89fe2976b7bee8959ea') in 0.0183997 seconds
Number of updated asset objects reloaded before import = 0Number of asset objects unloaded after import = 3

========================================================================
Received Import Request.
  Time since last request: 0.000020 seconds.
  path: Assets/New Asssets/Plant Animations/Plant 7/Plant7_00017.png
  artifactKey: Guid(db8062f582a0cb047a6e91e7a54119ca) Importer(2089858483,b0f066a214c2f5e87bad3c948f4d605d)
Start importing Assets/New Asssets/Plant Animations/Plant 7/Plant7_00017.png using Guid(db8062f582a0cb047a6e91e7a54119ca) Importer(2089858483,b0f066a214c2f5e87bad3c948f4d605d) (ScriptedImporter) -> (artifact id: '6cb1df74be11c321eaa535432feb1e7f') in 0.0180752 seconds
Number of updated asset objects reloaded before import = 0Number of asset objects unloaded after import = 3

========================================================================
Received Import Request.
  Time since last request: 0.000037 seconds.
  path: Assets/New Asssets/Plant Animations/Plant 6/Plant6_00029.png
  artifactKey: Guid(7c38f2f153ac6b948a9c6a2649b52f6e) Importer(2089858483,b0f066a214c2f5e87bad3c948f4d605d)
Start importing Assets/New Asssets/Plant Animations/Plant 6/Plant6_00029.png using Guid(7c38f2f153ac6b948a9c6a2649b52f6e) Importer(2089858483,b0f066a214c2f5e87bad3c948f4d605d) (ScriptedImporter) -> (artifact id: 'd230cc5667abb7e82a21ff6f54241698') in 0.0196345 seconds
Number of updated asset objects reloaded before import = 0Number of asset objects unloaded after import = 3

========================================================================
Received Import Request.
  Time since last request: 0.000025 seconds.
  path: Assets/New Asssets/Plant Animations/Plant 8 Poison/PlantPosion_00027.png
  artifactKey: Guid(0bf1c758e69456b40a427ba443a70ee5) Importer(2089858483,b0f066a214c2f5e87bad3c948f4d605d)
Start importing Assets/New Asssets/Plant Animations/Plant 8 Poison/PlantPosion_00027.png using Guid(0bf1c758e69456b40a427ba443a70ee5) Importer(2089858483,b0f066a214c2f5e87bad3c948f4d605d) (ScriptedImporter) -> (artifact id: 'e35455960d83e552afeaefe97e166012') in 0.0184226 seconds
Number of updated asset objects reloaded before import = 0Number of asset objects unloaded after import = 3

========================================================================
Received Import Request.
  Time since last request: 0.000018 seconds.
  path: Assets/New Asssets/Plant Animations/Plant 2/Plant2_00048.png
  artifactKey: Guid(ac0d9e40ce6d8554caa1c1bf161194f5) Importer(2089858483,b0f066a214c2f5e87bad3c948f4d605d)
Start importing Assets/New Asssets/Plant Animations/Plant 2/Plant2_00048.png using Guid(ac0d9e40ce6d8554caa1c1bf161194f5) Importer(2089858483,b0f066a214c2f5e87bad3c948f4d605d) (ScriptedImporter) -> (artifact id: 'a4963e061ef8f7b6817a6c8af1e2c24e') in 0.0215022 seconds
Number of updated asset objects reloaded before import = 0Number of asset objects unloaded after import = 5

========================================================================
Received Import Request.
  Time since last request: 0.000019 seconds.
  path: Assets/New Asssets/BlueWizard/2BlueWizardWalk/Chara_BlueWalk00004.png
  artifactKey: Guid(14f4c7faf0456984ca75010e97193899) Importer(2089858483,b0f066a214c2f5e87bad3c948f4d605d)
Start importing Assets/New Asssets/BlueWizard/2BlueWizardWalk/Chara_BlueWalk00004.png using Guid(14f4c7faf0456984ca75010e97193899) Importer(2089858483,b0f066a214c2f5e87bad3c948f4d605d) (ScriptedImporter) -> (artifact id: '11249ee873378e7fa17b8c69fe5d7b42') in 0.0202568 seconds
Number of updated asset objects reloaded before import = 0Number of asset objects unloaded after import = 3

========================================================================
Received Import Request.
  Time since last request: 0.000028 seconds.
  path: Assets/New Asssets/Plant Animations/BlueFlower2/BluePlantClosed_00009.png
  artifactKey: Guid(6e3887b41877e254791a24401878fc0b) Importer(2089858483,b0f066a214c2f5e87bad3c948f4d605d)
Start importing Assets/New Asssets/Plant Animations/BlueFlower2/BluePlantClosed_00009.png using Guid(6e3887b41877e254791a24401878fc0b) Importer(2089858483,b0f066a214c2f5e87bad3c948f4d605d) (ScriptedImporter) -> (artifact id: 'bd62e20d41eb8b61f196c7da46ff03e3') in 0.0231167 seconds
Number of updated asset objects reloaded before import = 0Number of asset objects unloaded after import = 8

========================================================================
Received Import Request.
  Time since last request: 0.000027 seconds.
  path: Assets/New Asssets/Plant Animations/Plant 4/Plant4_00028.png
  artifactKey: Guid(5049d0d7c8682b34a9a343ebb5d31055) Importer(2089858483,b0f066a214c2f5e87bad3c948f4d605d)
Start importing Assets/New Asssets/Plant Animations/Plant 4/Plant4_00028.png using Guid(5049d0d7c8682b34a9a343ebb5d31055) Importer(2089858483,b0f066a214c2f5e87bad3c948f4d605d) (ScriptedImporter) -> (artifact id: 'c41dc51112a3b95a55a4fdd5163928bd') in 0.018416 seconds
Number of updated asset objects reloaded before import = 0Number of asset objects unloaded after import = 3

========================================================================
Received Import Request.
  Time since last request: 0.000023 seconds.
  path: Assets/New Asssets/Plant Animations/PlantJump/JumpPlant_00011.png
  artifactKey: Guid(7daf74595b7face42900d32ed18b2902) Importer(2089858483,b0f066a214c2f5e87bad3c948f4d605d)
Start importing Assets/New Asssets/Plant Animations/PlantJump/JumpPlant_00011.png using Guid(7daf74595b7face42900d32ed18b2902) Importer(2089858483,b0f066a214c2f5e87bad3c948f4d605d) (ScriptedImporter) -> (artifact id: 'dce46dd8b0e2ea2533f0ac904be3433d') in 0.0179746 seconds
Number of updated asset objects reloaded before import = 0Number of asset objects unloaded after import = 3

========================================================================
Received Import Request.
  Time since last request: 0.000021 seconds.
  path: Assets/New Asssets/Plant Animations/PlantJump2/JumpPlant 2_00015.png
  artifactKey: Guid(d0b3fb1eb75962f4dbceb61bcbc963c3) Importer(2089858483,b0f066a214c2f5e87bad3c948f4d605d)
Start importing Assets/New Asssets/Plant Animations/PlantJump2/JumpPlant 2_00015.png using Guid(d0b3fb1eb75962f4dbceb61bcbc963c3) Importer(2089858483,b0f066a214c2f5e87bad3c948f4d605d) (ScriptedImporter) -> (artifact id: 'a57ceae5b82f6af0f1c86f4ced2bc123') in 0.0169157 seconds
Number of updated asset objects reloaded before import = 0Number of asset objects unloaded after import = 3

========================================================================
Received Import Request.
  Time since last request: 0.000025 seconds.
  path: Assets/New Asssets/Plant Animations/Plant 2/Plant2_00022.png
  artifactKey: Guid(b8587f38ccc4cb44cbcc8073ed848dd5) Importer(2089858483,b0f066a214c2f5e87bad3c948f4d605d)
Start importing Assets/New Asssets/Plant Animations/Plant 2/Plant2_00022.png using Guid(b8587f38ccc4cb44cbcc8073ed848dd5) Importer(2089858483,b0f066a214c2f5e87bad3c948f4d605d) (ScriptedImporter) -> (artifact id: 'a19536a4cdc8270d10227f195b20dd32') in 0.0189315 seconds
Number of updated asset objects reloaded before import = 0Number of asset objects unloaded after import = 5

========================================================================
Received Import Request.
  Time since last request: 0.000025 seconds.
  path: Assets/New Asssets/Plant Animations/BlueFlower1/BlueFlower_00002.png
  artifactKey: Guid(670c56d0faa49e54e90257051ac7a6d6) Importer(2089858483,b0f066a214c2f5e87bad3c948f4d605d)
Start importing Assets/New Asssets/Plant Animations/BlueFlower1/BlueFlower_00002.png using Guid(670c56d0faa49e54e90257051ac7a6d6) Importer(2089858483,b0f066a214c2f5e87bad3c948f4d605d) (ScriptedImporter) -> (artifact id: '3fb042cdb1b9a6adcf9aca0118b6f67b') in 0.0186137 seconds
Number of updated asset objects reloaded before import = 0Number of asset objects unloaded after import = 3

========================================================================
Received Import Request.
  Time since last request: 0.000030 seconds.
  path: Assets/New Asssets/Plant Animations/Plant 3/Plant3_00023.png
  artifactKey: Guid(532a5e9932504294aa00205ed34f4850) Importer(2089858483,b0f066a214c2f5e87bad3c948f4d605d)
Start importing Assets/New Asssets/Plant Animations/Plant 3/Plant3_00023.png using Guid(532a5e9932504294aa00205ed34f4850) Importer(2089858483,b0f066a214c2f5e87bad3c948f4d605d) (ScriptedImporter) -> (artifact id: 'd028958be2e1763cc37a1245a36eaceb') in 0.0184851 seconds
Number of updated asset objects reloaded before import = 0Number of asset objects unloaded after import = 4

========================================================================
Received Import Request.
  Time since last request: 0.000017 seconds.
  path: Assets/New Asssets/BlueWizard/2BlueWizardIdle/Chara - BlueIdle00002.png
  artifactKey: Guid(393e9c9e6d53f634d8ecd16090e15741) Importer(2089858483,b0f066a214c2f5e87bad3c948f4d605d)
Start importing Assets/New Asssets/BlueWizard/2BlueWizardIdle/Chara - BlueIdle00002.png using Guid(393e9c9e6d53f634d8ecd16090e15741) Importer(2089858483,b0f066a214c2f5e87bad3c948f4d605d) (ScriptedImporter) -> (artifact id: '1fb2dae8bb978162ce4ba8348f884ae9') in 0.0213516 seconds
Number of updated asset objects reloaded before import = 0Number of asset objects unloaded after import = 3

========================================================================
Received Import Request.
  Time since last request: 0.000019 seconds.
  path: Assets/New Asssets/Plant Animations/Plant 2/Plant2_00036.png
  artifactKey: Guid(aa27f148b3a280748a8ee44f5183ab69) Importer(2089858483,b0f066a214c2f5e87bad3c948f4d605d)
Start importing Assets/New Asssets/Plant Animations/Plant 2/Plant2_00036.png using Guid(aa27f148b3a280748a8ee44f5183ab69) Importer(2089858483,b0f066a214c2f5e87bad3c948f4d605d) (ScriptedImporter) -> (artifact id: 'da63712bbc3ab924c64fbc6a8c67a616') in 0.0214125 seconds
Number of updated asset objects reloaded before import = 0Number of asset objects unloaded after import = 5

========================================================================
Received Import Request.
  Time since last request: 0.000022 seconds.
  path: Assets/New Asssets/Plant Animations/BlueFlower2/BluePlantClosed_00050.png
  artifactKey: Guid(d9ccde711b6b8fb44acba8bda45457b5) Importer(2089858483,b0f066a214c2f5e87bad3c948f4d605d)
Start importing Assets/New Asssets/Plant Animations/BlueFlower2/BluePlantClosed_00050.png using Guid(d9ccde711b6b8fb44acba8bda45457b5) Importer(2089858483,b0f066a214c2f5e87bad3c948f4d605d) (ScriptedImporter) -> (artifact id: '357f8eacacb2a97c668234dee73348dd') in 0.0231721 seconds
Number of updated asset objects reloaded before import = 0Number of asset objects unloaded after import = 8

========================================================================
Received Import Request.
  Time since last request: 0.000019 seconds.
  path: Assets/New Asssets/BlueWizard/2BlueWizardIdle/Chara - BlueIdle00006.png
  artifactKey: Guid(4681a80c79c001748bc5d592bbd02c7f) Importer(2089858483,b0f066a214c2f5e87bad3c948f4d605d)
Start importing Assets/New Asssets/BlueWizard/2BlueWizardIdle/Chara - BlueIdle00006.png using Guid(4681a80c79c001748bc5d592bbd02c7f) Importer(2089858483,b0f066a214c2f5e87bad3c948f4d605d) (ScriptedImporter) -> (artifact id: 'c4bd22b38a9020c8c4f0b85bb36cf9a7') in 0.0184604 seconds
Number of updated asset objects reloaded before import = 0Number of asset objects unloaded after import = 3

========================================================================
Received Import Request.
  Time since last request: 0.000029 seconds.
  path: Assets/New Asssets/Plant Animations/Plant 5/Plant5_00021.png
  artifactKey: Guid(61f9b0213d147d245bee09e57bdc7931) Importer(2089858483,b0f066a214c2f5e87bad3c948f4d605d)
Start importing Assets/New Asssets/Plant Animations/Plant 5/Plant5_00021.png using Guid(61f9b0213d147d245bee09e57bdc7931) Importer(2089858483,b0f066a214c2f5e87bad3c948f4d605d) (ScriptedImporter) -> (artifact id: '9b9ec2312cc9c2fce061eabd7b3f73e9') in 0.0177737 seconds
Number of updated asset objects reloaded before import = 0Number of asset objects unloaded after import = 3

========================================================================
Received Import Request.
  Time since last request: 1.168452 seconds.
  path: Assets/New Asssets/SlimeGreen/SlimeBasic_00007.png
  artifactKey: Guid(f2cdb4fed846c5542b50b9f119b0a0bd) Importer(2089858483,b0f066a214c2f5e87bad3c948f4d605d)
Start importing Assets/New Asssets/SlimeGreen/SlimeBasic_00007.png using Guid(f2cdb4fed846c5542b50b9f119b0a0bd) Importer(2089858483,b0f066a214c2f5e87bad3c948f4d605d) (ScriptedImporter) -> (artifact id: '8dab633d379fb0f040de7159977848f7') in 0.0162591 seconds
Number of updated asset objects reloaded before import = 0Number of asset objects unloaded after import = 3

========================================================================
Received Import Request.
  Time since last request: 0.000020 seconds.
  path: Assets/New Asssets/SlimeGreen/SlimeBasic_00002.png
  artifactKey: Guid(7b3d493d08bd1bf468c41549bcf900ee) Importer(2089858483,b0f066a214c2f5e87bad3c948f4d605d)
Start importing Assets/New Asssets/SlimeGreen/SlimeBasic_00002.png using Guid(7b3d493d08bd1bf468c41549bcf900ee) Importer(2089858483,b0f066a214c2f5e87bad3c948f4d605d) (ScriptedImporter) -> (artifact id: '1b4e1ddd07388d578910186c184a4fb7') in 0.0176604 seconds
Number of updated asset objects reloaded before import = 0Number of asset objects unloaded after import = 3

========================================================================
Received Import Request.
  Time since last request: 0.000022 seconds.
  path: Assets/New Asssets/SlimeOrange/SlimeOrange_00006.png
  artifactKey: Guid(0525ed08a907dda42a372430bf71678f) Importer(2089858483,b0f066a214c2f5e87bad3c948f4d605d)
Start importing Assets/New Asssets/SlimeOrange/SlimeOrange_00006.png using Guid(0525ed08a907dda42a372430bf71678f) Importer(2089858483,b0f066a214c2f5e87bad3c948f4d605d) (ScriptedImporter) -> (artifact id: 'c673d83ebe44746d4e4d6e335a00e163') in 0.0200238 seconds
Number of updated asset objects reloaded before import = 0Number of asset objects unloaded after import = 3

========================================================================
Received Import Request.
  Time since last request: 0.000016 seconds.
  path: Assets/New Asssets/SlimeGreen/SlimeBasic_00015.png
  artifactKey: Guid(3102ece76ea82f44eb18918f484cd42b) Importer(2089858483,b0f066a214c2f5e87bad3c948f4d605d)
Start importing Assets/New Asssets/SlimeGreen/SlimeBasic_00015.png using Guid(3102ece76ea82f44eb18918f484cd42b) Importer(2089858483,b0f066a214c2f5e87bad3c948f4d605d) (ScriptedImporter) -> (artifact id: 'c36b51c791c5bf6a886d896660c51cef') in 0.0197769 seconds
Number of updated asset objects reloaded before import = 0Number of asset objects unloaded after import = 3

========================================================================
Received Import Request.
  Time since last request: 0.000018 seconds.
  path: Assets/New Asssets/SlimeGreen/SlimeBasic_00019.png
  artifactKey: Guid(b5e9028fed2e0e34294bce6442486ae2) Importer(2089858483,b0f066a214c2f5e87bad3c948f4d605d)
Start importing Assets/New Asssets/SlimeGreen/SlimeBasic_00019.png using Guid(b5e9028fed2e0e34294bce6442486ae2) Importer(2089858483,b0f066a214c2f5e87bad3c948f4d605d) (ScriptedImporter) -> (artifact id: 'a2dd4df81742ca64cdd035781963b66c') in 0.0189134 seconds
Number of updated asset objects reloaded before import = 0Number of asset objects unloaded after import = 3

========================================================================
Received Import Request.
  Time since last request: 0.000036 seconds.
  path: Assets/New Asssets/SlimeGreen/SlimeBasic_00025.png
  artifactKey: Guid(46b22f634da57074284e95b02cdc6264) Importer(2089858483,b0f066a214c2f5e87bad3c948f4d605d)
Start importing Assets/New Asssets/SlimeGreen/SlimeBasic_00025.png using Guid(46b22f634da57074284e95b02cdc6264) Importer(2089858483,b0f066a214c2f5e87bad3c948f4d605d) (ScriptedImporter) -> (artifact id: '9e63ba318e8b87e433a998b17370e90c') in 0.0156934 seconds
Number of updated asset objects reloaded before import = 0Number of asset objects unloaded after import = 3

========================================================================
Received Import Request.
  Time since last request: 0.000013 seconds.
  path: Assets/New Asssets/SlimeOrange/SlimeOrange_00004.png
  artifactKey: Guid(54c501dba7e66994b91073b5c3b21216) Importer(2089858483,b0f066a214c2f5e87bad3c948f4d605d)
Start importing Assets/New Asssets/SlimeOrange/SlimeOrange_00004.png using Guid(54c501dba7e66994b91073b5c3b21216) Importer(2089858483,b0f066a214c2f5e87bad3c948f4d605d) (ScriptedImporter) -> (artifact id: 'f64b63f74f25f4b5b050856b099c176b') in 0.0168564 seconds
Number of updated asset objects reloaded before import = 0Number of asset objects unloaded after import = 3

========================================================================
Received Import Request.
  Time since last request: 0.000018 seconds.
  path: Assets/New Asssets/SlimeOrange/SlimeOrange_00008.png
  artifactKey: Guid(746312359353c104092732478667da51) Importer(2089858483,b0f066a214c2f5e87bad3c948f4d605d)
Start importing Assets/New Asssets/SlimeOrange/SlimeOrange_00008.png using Guid(746312359353c104092732478667da51) Importer(2089858483,b0f066a214c2f5e87bad3c948f4d605d) (ScriptedImporter) -> (artifact id: '33511544350a134d70f9f07adf581d53') in 0.0168268 seconds
Number of updated asset objects reloaded before import = 0Number of asset objects unloaded after import = 3

========================================================================
Received Import Request.
  Time since last request: 0.000096 seconds.
  path: Assets/New Asssets/SlimeGreen/SlimeBasic_00001.png
  artifactKey: Guid(ab68bbdc0988fac47a85f9af1977bb45) Importer(2089858483,b0f066a214c2f5e87bad3c948f4d605d)
Start importing Assets/New Asssets/SlimeGreen/SlimeBasic_00001.png using Guid(ab68bbdc0988fac47a85f9af1977bb45) Importer(2089858483,b0f066a214c2f5e87bad3c948f4d605d) (ScriptedImporter) -> (artifact id: '254a37442b85b6f50765839617ac9497') in 0.0158064 seconds
Number of updated asset objects reloaded before import = 0Number of asset objects unloaded after import = 3

========================================================================
Received Import Request.
  Time since last request: 0.000027 seconds.
  path: Assets/New Asssets/SlimeOrange/SlimeOrange_00003.png
  artifactKey: Guid(aaef0a45c28f2aa4c9f9bd33e9c4be2f) Importer(2089858483,b0f066a214c2f5e87bad3c948f4d605d)
Start importing Assets/New Asssets/SlimeOrange/SlimeOrange_00003.png using Guid(aaef0a45c28f2aa4c9f9bd33e9c4be2f) Importer(2089858483,b0f066a214c2f5e87bad3c948f4d605d) (ScriptedImporter) -> (artifact id: 'e4d095aa90701577238c2fdff686fa48') in 0.0197159 seconds
Number of updated asset objects reloaded before import = 0Number of asset objects unloaded after import = 3

========================================================================
Received Import Request.
  Time since last request: 0.000031 seconds.
  path: Assets/New Asssets/SlimeGreen/SlimeBasic_00016.png
  artifactKey: Guid(bec7c3892d202bb449e5182714d7200c) Importer(2089858483,b0f066a214c2f5e87bad3c948f4d605d)
Start importing Assets/New Asssets/SlimeGreen/SlimeBasic_00016.png using Guid(bec7c3892d202bb449e5182714d7200c) Importer(2089858483,b0f066a214c2f5e87bad3c948f4d605d) (ScriptedImporter) -> (artifact id: 'f8beccd01e5a9bda2ad8fafc843702c7') in 0.0199834 seconds
Number of updated asset objects reloaded before import = 0Number of asset objects unloaded after import = 3

========================================================================
Received Import Request.
  Time since last request: 0.000017 seconds.
  path: Assets/New Asssets/SlimeGreen/SlimeBasic_00010.png
  artifactKey: Guid(6a5d9d1a6d845274f91c84988cea2a32) Importer(2089858483,b0f066a214c2f5e87bad3c948f4d605d)
Start importing Assets/New Asssets/SlimeGreen/SlimeBasic_00010.png using Guid(6a5d9d1a6d845274f91c84988cea2a32) Importer(2089858483,b0f066a214c2f5e87bad3c948f4d605d) (ScriptedImporter) -> (artifact id: 'b9c6dc9b0ded8cdd0c6243f499dbdfe5') in 0.0154672 seconds
Number of updated asset objects reloaded before import = 0Number of asset objects unloaded after import = 3

========================================================================
Received Import Request.
  Time since last request: 0.000016 seconds.
  path: Assets/New Asssets/SlimeOrange/SlimeOrange_00023.png
  artifactKey: Guid(888c19da2ff23fb48933a84bdd7d7411) Importer(2089858483,b0f066a214c2f5e87bad3c948f4d605d)
Start importing Assets/New Asssets/SlimeOrange/SlimeOrange_00023.png using Guid(888c19da2ff23fb48933a84bdd7d7411) Importer(2089858483,b0f066a214c2f5e87bad3c948f4d605d) (ScriptedImporter) -> (artifact id: 'aa80a6713f5b90727fd4973380a5a9e7') in 0.0173472 seconds
Number of updated asset objects reloaded before import = 0Number of asset objects unloaded after import = 3

========================================================================
Received Import Request.
  Time since last request: 0.000014 seconds.
  path: Assets/New Asssets/SlimeOrange/SlimeOrange_00022.png
  artifactKey: Guid(71e28a77a7af8534fac50a85e98e6a18) Importer(2089858483,b0f066a214c2f5e87bad3c948f4d605d)
Start importing Assets/New Asssets/SlimeOrange/SlimeOrange_00022.png using Guid(71e28a77a7af8534fac50a85e98e6a18) Importer(2089858483,b0f066a214c2f5e87bad3c948f4d605d) (ScriptedImporter) -> (artifact id: '7f165570133b795539a42421b3fb7aa6') in 0.0166061 seconds
Number of updated asset objects reloaded before import = 0Number of asset objects unloaded after import = 3

========================================================================
Received Import Request.
  Time since last request: 0.000016 seconds.
  path: Assets/New Asssets/SlimeOrange/SlimeOrange_00002.png
  artifactKey: Guid(6b865c10e43b37242865567357df51f1) Importer(2089858483,b0f066a214c2f5e87bad3c948f4d605d)
Start importing Assets/New Asssets/SlimeOrange/SlimeOrange_00002.png using Guid(6b865c10e43b37242865567357df51f1) Importer(2089858483,b0f066a214c2f5e87bad3c948f4d605d) (ScriptedImporter) -> (artifact id: 'c23353746b65f45a986a96782386cc3d') in 0.0153578 seconds
Number of updated asset objects reloaded before import = 0Number of asset objects unloaded after import = 3

========================================================================
Received Import Request.
  Time since last request: 0.000032 seconds.
  path: Assets/New Asssets/SlimeOrange
  artifactKey: Guid(df1ba167d0e83de488042230fe73152e) Importer(2089858483,b0f066a214c2f5e87bad3c948f4d605d)
Start importing Assets/New Asssets/SlimeOrange using Guid(df1ba167d0e83de488042230fe73152e) Importer(2089858483,b0f066a214c2f5e87bad3c948f4d605d) (ScriptedImporter) -> (artifact id: '958036df9a982589f77fd73566cee50f') in 0.0117741 seconds
Number of updated asset objects reloaded before import = 0Number of asset objects unloaded after import = 1

========================================================================
Received Import Request.
  Time since last request: 282.740430 seconds.
  path: Packages/com.unity.render-pipelines.universal/Editor/SceneTemplates/Materials/White.mat
  artifactKey: Guid(f96821bbefeea864b9b418af4b8615ac) Importer(815301076,1909f56bfc062723c751e8b465ee728b)
Start importing Packages/com.unity.render-pipelines.universal/Editor/SceneTemplates/Materials/White.mat using Guid(f96821bbefeea864b9b418af4b8615ac) Importer(815301076,1909f56bfc062723c751e8b465ee728b) (PreviewImporter) -> (artifact id: '39fce654e8e4e1668ecdf460ba0d5c4f') in 0.3986286 seconds
Number of updated asset objects reloaded before import = 0Number of asset objects unloaded after import = 1

========================================================================
Received Import Request.
  Time since last request: 0.000050 seconds.
  path: Packages/com.unity.render-pipelines.universal/Shaders/2D/VFXSpriteLit.shadergraph
  artifactKey: Guid(24a73dccd7b6fad4798be282f96a21f4) Importer(815301076,1909f56bfc062723c751e8b465ee728b)
Start importing Packages/com.unity.render-pipelines.universal/Shaders/2D/VFXSpriteLit.shadergraph using Guid(24a73dccd7b6fad4798be282f96a21f4) Importer(815301076,1909f56bfc062723c751e8b465ee728b) (PreviewImporter) -> (artifact id: '427f0612bebccc1249150786ced5741c') in 0.2445168 seconds
Number of updated asset objects reloaded before import = 0Number of asset objects unloaded after import = 2

========================================================================
Received Import Request.
  Time since last request: 0.000059 seconds.
  path: Assets/TextMesh Pro/Shaders/TMP_SDF-URP Unlit.shadergraph
  artifactKey: Guid(124c112a6e8f1a54e8b0870e881b56d8) Importer(815301076,1909f56bfc062723c751e8b465ee728b)
Start importing Assets/TextMesh Pro/Shaders/TMP_SDF-URP Unlit.shadergraph using Guid(124c112a6e8f1a54e8b0870e881b56d8) Importer(815301076,1909f56bfc062723c751e8b465ee728b) (PreviewImporter) -> (artifact id: '4da51d5fb4f1b97aceb86c22ff6396bd') in 0.5711037 seconds
Number of updated asset objects reloaded before import = 0Number of asset objects unloaded after import = 3

========================================================================
Received Import Request.
  Time since last request: 0.000032 seconds.
  path: Packages/com.unity.render-pipelines.universal/Shaders/Nature/SpeedTree8_PBRLit.shadergraph
  artifactKey: Guid(9920c1f1781549a46ba081a2a15a16ec) Importer(815301076,1909f56bfc062723c751e8b465ee728b)
Start importing Packages/com.unity.render-pipelines.universal/Shaders/Nature/SpeedTree8_PBRLit.shadergraph using Guid(9920c1f1781549a46ba081a2a15a16ec) Importer(815301076,1909f56bfc062723c751e8b465ee728b) (PreviewImporter) -> (artifact id: 'd3e5a4647f2e007befb5465649db4928') in 0.8294866 seconds
Number of updated asset objects reloaded before import = 0Number of asset objects unloaded after import = 0

========================================================================
Received Import Request.
  Time since last request: 0.000060 seconds.
  path: Packages/com.unity.render-pipelines.core/Runtime/RenderPipelineResources/Mesh/SamplesFloorSpotlight.fbx
  artifactKey: Guid(1dbf28c1bb322474d981b2dc555e28b0) Importer(815301076,1909f56bfc062723c751e8b465ee728b)
Start importing Packages/com.unity.render-pipelines.core/Runtime/RenderPipelineResources/Mesh/SamplesFloorSpotlight.fbx using Guid(1dbf28c1bb322474d981b2dc555e28b0) Importer(815301076,1909f56bfc062723c751e8b465ee728b) (PreviewImporter) -> (artifact id: '7a86c54b6f45c508955a040380b3115a') in 0.1867745 seconds
Number of updated asset objects reloaded before import = 0Number of asset objects unloaded after import = 14

========================================================================
Received Import Request.
  Time since last request: 0.000050 seconds.
  path: Packages/com.unity.searcher/Editor/Resources/FlatSkin/Font/Roboto-Bold.ttf
  artifactKey: Guid(3750c318f40cab44a97d3a81beaefeb3) Importer(815301076,1909f56bfc062723c751e8b465ee728b)
Start importing Packages/com.unity.searcher/Editor/Resources/FlatSkin/Font/Roboto-Bold.ttf using Guid(3750c318f40cab44a97d3a81beaefeb3) Importer(815301076,1909f56bfc062723c751e8b465ee728b) (PreviewImporter) -> (artifact id: '32a428cc589b3fc5071d5e6666200094') in 0.0232994 seconds
Number of updated asset objects reloaded before import = 0Number of asset objects unloaded after import = 4

========================================================================
Received Import Request.
  Time since last request: 0.000043 seconds.
  path: Packages/com.unity.searcher/Editor/Resources/FlatSkin/Font/Roboto-BoldItalic.ttf
  artifactKey: Guid(dfb97a9307a577a41bcacba34b9a7e32) Importer(815301076,1909f56bfc062723c751e8b465ee728b)
Start importing Packages/com.unity.searcher/Editor/Resources/FlatSkin/Font/Roboto-BoldItalic.ttf using Guid(dfb97a9307a577a41bcacba34b9a7e32) Importer(815301076,1909f56bfc062723c751e8b465ee728b) (PreviewImporter) -> (artifact id: '01f043e1cbe8bd19d3f0cf06b6e22dcf') in 0.0114745 seconds
Number of updated asset objects reloaded before import = 0Number of asset objects unloaded after import = 4

========================================================================
Received Import Request.
  Time since last request: 0.000027 seconds.
  path: Assets/TextMesh Pro/Shaders/TMP_SDF-HDRP UNLIT.shadergraph
  artifactKey: Guid(f63d574838ccfb44f84acc05fed0af48) Importer(815301076,1909f56bfc062723c751e8b465ee728b)
Start importing Assets/TextMesh Pro/Shaders/TMP_SDF-HDRP UNLIT.shadergraph using Guid(f63d574838ccfb44f84acc05fed0af48) Importer(815301076,1909f56bfc062723c751e8b465ee728b) (PreviewImporter) -> (artifact id: '2e01fb172b967876e60a84c3fceb6b0e') in 0.0180498 seconds
Number of updated asset objects reloaded before import = 0Number of asset objects unloaded after import = 2

========================================================================
Received Import Request.
  Time since last request: 0.000027 seconds.
  path: Packages/com.unity.render-pipelines.universal/Editor/ShaderGraph/GraphTemplates/UITKFullTemplate.shadergraph
  artifactKey: Guid(3e01bbae25716b24ea9da11102b44902) Importer(815301076,1909f56bfc062723c751e8b465ee728b)
Start importing Packages/com.unity.render-pipelines.universal/Editor/ShaderGraph/GraphTemplates/UITKFullTemplate.shadergraph using Guid(3e01bbae25716b24ea9da11102b44902) Importer(815301076,1909f56bfc062723c751e8b465ee728b) (PreviewImporter) -> (artifact id: '98f239b6ba2a03229eb62d2b5683dea6') in 0.4447291 seconds
Number of updated asset objects reloaded before import = 0Number of asset objects unloaded after import = 2

========================================================================
Received Import Request.
  Time since last request: 0.000039 seconds.
  path: Packages/com.unity.searcher/Editor/Resources/FlatSkin/Font/Roboto-Thin.ttf
  artifactKey: Guid(19a9abb883540be48b75b951a927ae03) Importer(815301076,1909f56bfc062723c751e8b465ee728b)
Start importing Packages/com.unity.searcher/Editor/Resources/FlatSkin/Font/Roboto-Thin.ttf using Guid(19a9abb883540be48b75b951a927ae03) Importer(815301076,1909f56bfc062723c751e8b465ee728b) (PreviewImporter) -> (artifact id: '7b0aff04497c2c335ab0a373a57873d8') in 0.0123052 seconds
Number of updated asset objects reloaded before import = 0Number of asset objects unloaded after import = 4

========================================================================
Received Import Request.
  Time since last request: 0.000034 seconds.
  path: Packages/com.unity.render-pipelines.universal/Runtime/RendererFeatures/SurfaceCacheGI/FallbackMaterial.mat
  artifactKey: Guid(8a239b3da89050c4e89ac06b168fc684) Importer(815301076,1909f56bfc062723c751e8b465ee728b)
Start importing Packages/com.unity.render-pipelines.universal/Runtime/RendererFeatures/SurfaceCacheGI/FallbackMaterial.mat using Guid(8a239b3da89050c4e89ac06b168fc684) Importer(815301076,1909f56bfc062723c751e8b465ee728b) (PreviewImporter) -> (artifact id: '80584018d70e900eaf36daef57bbeb30') in 0.0077784 seconds
Number of updated asset objects reloaded before import = 0Number of asset objects unloaded after import = 1

========================================================================
Received Import Request.
  Time since last request: 0.000027 seconds.
  path: Packages/com.unity.render-pipelines.universal/Runtime/Materials/Decal.mat
  artifactKey: Guid(31d0dcc6f2dd4e4408d18036a2c93862) Importer(815301076,1909f56bfc062723c751e8b465ee728b)
Start importing Packages/com.unity.render-pipelines.universal/Runtime/Materials/Decal.mat using Guid(31d0dcc6f2dd4e4408d18036a2c93862) Importer(815301076,1909f56bfc062723c751e8b465ee728b) (PreviewImporter) -> (artifact id: '6eef2cf1d25bde8a64d1df5b45f44111') in 0.0085166 seconds
Number of updated asset objects reloaded before import = 0Number of asset objects unloaded after import = 0

========================================================================
Received Import Request.
  Time since last request: 0.000026 seconds.
  path: Packages/com.unity.searcher/Editor/Resources/FlatSkin/Font/Roboto-ThinItalic.ttf
  artifactKey: Guid(b2ea3b3f1765e544b9eb5bd1a93a91ce) Importer(815301076,1909f56bfc062723c751e8b465ee728b)
Start importing Packages/com.unity.searcher/Editor/Resources/FlatSkin/Font/Roboto-ThinItalic.ttf using Guid(b2ea3b3f1765e544b9eb5bd1a93a91ce) Importer(815301076,1909f56bfc062723c751e8b465ee728b) (PreviewImporter) -> (artifact id: '1b427a5e6e925fd7dc14a6ecbf2b95fa') in 0.0125027 seconds
Number of updated asset objects reloaded before import = 0Number of asset objects unloaded after import = 4

========================================================================
Received Import Request.
  Time since last request: 0.000023 seconds.
  path: Packages/com.unity.render-pipelines.universal/Runtime/Materials/PhysicalMaterial3DsMax/PhysicalMaterial3DsMaxTransparent.shadergraph
  artifactKey: Guid(1a207e3bee00db44b940e6f362a8e148) Importer(815301076,1909f56bfc062723c751e8b465ee728b)
Start importing Packages/com.unity.render-pipelines.universal/Runtime/Materials/PhysicalMaterial3DsMax/PhysicalMaterial3DsMaxTransparent.shadergraph using Guid(1a207e3bee00db44b940e6f362a8e148) Importer(815301076,1909f56bfc062723c751e8b465ee728b) (PreviewImporter) -> (artifact id: '3405c7ae58ac54db22cede0bbff98dba') in 0.3463927 seconds
Number of updated asset objects reloaded before import = 0Number of asset objects unloaded after import = 5

========================================================================
Received Import Request.
  Time since last request: 0.000039 seconds.
  path: Packages/com.unity.render-pipelines.universal/Shaders/AutodeskInteractive/AutodeskInteractive.shadergraph
  artifactKey: Guid(0e9d5a909a1f7e84882a534d0d11e49f) Importer(815301076,1909f56bfc062723c751e8b465ee728b)
Start importing Packages/com.unity.render-pipelines.universal/Shaders/AutodeskInteractive/AutodeskInteractive.shadergraph using Guid(0e9d5a909a1f7e84882a534d0d11e49f) Importer(815301076,1909f56bfc062723c751e8b465ee728b) (PreviewImporter) -> (artifact id: 'd19341b4e628d32b9c4c582a58c3ae6b') in 0.3681466 seconds
Number of updated asset objects reloaded before import = 0Number of asset objects unloaded after import = 0

========================================================================
Received Import Request.
  Time since last request: 0.000063 seconds.
  path: Packages/com.unity.render-pipelines.universal/Editor/ShaderGraph/GraphTemplates/2D/0_2D Sprite Lit.shadergraph
  artifactKey: Guid(bde135b320597544b9ac325092409f8b) Importer(815301076,1909f56bfc062723c751e8b465ee728b)
Start importing Packages/com.unity.render-pipelines.universal/Editor/ShaderGraph/GraphTemplates/2D/0_2D Sprite Lit.shadergraph using Guid(bde135b320597544b9ac325092409f8b) Importer(815301076,1909f56bfc062723c751e8b465ee728b) (PreviewImporter) -> (artifact id: '8c29873c91ff228db4998b2f350808f6') in 0.1919877 seconds
Number of updated asset objects reloaded before import = 0Number of asset objects unloaded after import = 2

========================================================================
Received Import Request.
  Time since last request: 0.000027 seconds.
  path: Packages/com.unity.shadergraph/GraphTemplates/Cross Pipeline/1_Lit Full.shadergraph
  artifactKey: Guid(aee84ce0dab81b049bb88017d78a63cd) Importer(815301076,1909f56bfc062723c751e8b465ee728b)
Start importing Packages/com.unity.shadergraph/GraphTemplates/Cross Pipeline/1_Lit Full.shadergraph using Guid(aee84ce0dab81b049bb88017d78a63cd) Importer(815301076,1909f56bfc062723c751e8b465ee728b) (PreviewImporter) -> (artifact id: '8f536d2a139064522a97ae72a864475a') in 0.3778626 seconds
Number of updated asset objects reloaded before import = 0Number of asset objects unloaded after import = 6

========================================================================
Received Import Request.
  Time since last request: 0.000045 seconds.
  path: Packages/com.unity.shadergraph/GraphTemplates/Cross Pipeline/2_Particle Lit.shadergraph
  artifactKey: Guid(a680d9a9f8b66514abbfd3ae1c8f77f7) Importer(815301076,1909f56bfc062723c751e8b465ee728b)
Start importing Packages/com.unity.shadergraph/GraphTemplates/Cross Pipeline/2_Particle Lit.shadergraph using Guid(a680d9a9f8b66514abbfd3ae1c8f77f7) Importer(815301076,1909f56bfc062723c751e8b465ee728b) (PreviewImporter) -> (artifact id: 'be22dabe623c357e86e7bda6542d3dad') in 0.3642544 seconds
Number of updated asset objects reloaded before import = 0Number of asset objects unloaded after import = 9

========================================================================
Received Import Request.
  Time since last request: 0.000037 seconds.
  path: Packages/com.unity.render-pipelines.universal/Editor/ShaderGraph/GraphTemplates/2D/1_2D Sprite Unlit.shadergraph
  artifactKey: Guid(25a0ebb4827f3cc47a1af2c79005f65b) Importer(815301076,1909f56bfc062723c751e8b465ee728b)
Start importing Packages/com.unity.render-pipelines.universal/Editor/ShaderGraph/GraphTemplates/2D/1_2D Sprite Unlit.shadergraph using Guid(25a0ebb4827f3cc47a1af2c79005f65b) Importer(815301076,1909f56bfc062723c751e8b465ee728b) (PreviewImporter) -> (artifact id: '06f3baa962f087b0fccbf7028f9c9628') in 0.203444 seconds
Number of updated asset objects reloaded before import = 0Number of asset objects unloaded after import = 2

========================================================================
Received Import Request.
  Time since last request: 0.000034 seconds.
  path: Packages/com.unity.shadergraph/GraphTemplates/Custom Render Texture.shadergraph
  artifactKey: Guid(7ef2cf71ad164fe479662ae612dff99e) Importer(815301076,1909f56bfc062723c751e8b465ee728b)
Start importing Packages/com.unity.shadergraph/GraphTemplates/Custom Render Texture.shadergraph using Guid(7ef2cf71ad164fe479662ae612dff99e) Importer(815301076,1909f56bfc062723c751e8b465ee728b) (PreviewImporter) -> (artifact id: '523092e5d71532ca205eff0b248ea5d3') in 0.0527571 seconds
Number of updated asset objects reloaded before import = 0Number of asset objects unloaded after import = 2

========================================================================
Received Import Request.
  Time since last request: 0.000023 seconds.
  path: Packages/com.unity.render-pipelines.universal/Shaders/Nature/SpeedTree9_URP.shadergraph
  artifactKey: Guid(cbd3e1cc4ae141c42a30e33b4d666a61) Importer(815301076,1909f56bfc062723c751e8b465ee728b)
Start importing Packages/com.unity.render-pipelines.universal/Shaders/Nature/SpeedTree9_URP.shadergraph using Guid(cbd3e1cc4ae141c42a30e33b4d666a61) Importer(815301076,1909f56bfc062723c751e8b465ee728b) (PreviewImporter) -> (artifact id: 'b251f898ceff18109404e6bad06638c2') in 0.5481779 seconds
Number of updated asset objects reloaded before import = 0Number of asset objects unloaded after import = 0

========================================================================
Received Import Request.
  Time since last request: 0.000042 seconds.
  path: Packages/com.unity.shadergraph/GraphTemplates/BuiltIn/BuiltIn Unlit Basic.shadergraph
  artifactKey: Guid(9618d41bb71f74048bb6cace8785b93d) Importer(815301076,1909f56bfc062723c751e8b465ee728b)
Start importing Packages/com.unity.shadergraph/GraphTemplates/BuiltIn/BuiltIn Unlit Basic.shadergraph using Guid(9618d41bb71f74048bb6cace8785b93d) Importer(815301076,1909f56bfc062723c751e8b465ee728b) (PreviewImporter) -> (artifact id: 'b1ea9f7d68c4504995e7fe538d13bde6') in 0.2480633 seconds
Number of updated asset objects reloaded before import = 0Number of asset objects unloaded after import = 2

========================================================================
Received Import Request.
  Time since last request: 0.000048 seconds.
  path: Packages/com.unity.shadergraph/GraphTemplates/Cross Pipeline/0_Lit Basic.shadergraph
  artifactKey: Guid(a2407126e3372f64cacb75ed466a5621) Importer(815301076,1909f56bfc062723c751e8b465ee728b)
Start importing Packages/com.unity.shadergraph/GraphTemplates/Cross Pipeline/0_Lit Basic.shadergraph using Guid(a2407126e3372f64cacb75ed466a5621) Importer(815301076,1909f56bfc062723c751e8b465ee728b) (PreviewImporter) -> (artifact id: 'b9fc634ac6ed1f0cde8b671301f07c0f') in 0.3601609 seconds
Number of updated asset objects reloaded before import = 0Number of asset objects unloaded after import = 7

========================================================================
Received Import Request.
  Time since last request: 0.000030 seconds.
  path: Packages/com.unity.render-pipelines.universal/Editor/SceneTemplates/Materials/Emissive.mat
  artifactKey: Guid(92f845725428c954b878da352f657fe5) Importer(815301076,1909f56bfc062723c751e8b465ee728b)
Start importing Packages/com.unity.render-pipelines.universal/Editor/SceneTemplates/Materials/Emissive.mat using Guid(92f845725428c954b878da352f657fe5) Importer(815301076,1909f56bfc062723c751e8b465ee728b) (PreviewImporter) -> (artifact id: 'ba5b37f22164921d6c2a4aa3dd1de252') in 0.0081861 seconds
Number of updated asset objects reloaded before import = 0Number of asset objects unloaded after import = 1

========================================================================
Received Import Request.
  Time since last request: 0.000033 seconds.
  path: Assets/TextMesh Pro/Shaders/TMP_SDF-HDRP LIT.shadergraph
  artifactKey: Guid(ca2ed216f98028c4dae6c5224a952b3c) Importer(815301076,1909f56bfc062723c751e8b465ee728b)
Start importing Assets/TextMesh Pro/Shaders/TMP_SDF-HDRP LIT.shadergraph using Guid(ca2ed216f98028c4dae6c5224a952b3c) Importer(815301076,1909f56bfc062723c751e8b465ee728b) (PreviewImporter) -> (artifact id: 'baa45078cfc99b908b90c4f7c07a7847') in 0.0091033 seconds
Number of updated asset objects reloaded before import = 0Number of asset objects unloaded after import = 2

========================================================================
Received Import Request.
  Time since last request: 0.000030 seconds.
  path: Assets/TextMesh Pro/Resources/Fonts & Materials/LiberationSans SDF - Outline.mat
  artifactKey: Guid(79459efec17a4d00a321bdcc27bbc385) Importer(815301076,1909f56bfc062723c751e8b465ee728b)
Start importing Assets/TextMesh Pro/Resources/Fonts & Materials/LiberationSans SDF - Outline.mat using Guid(79459efec17a4d00a321bdcc27bbc385) Importer(815301076,1909f56bfc062723c751e8b465ee728b) (PreviewImporter) -> (artifact id: 'f9aab84c672e2f43e3483d7cd3ec4ce7') in 0.0722572 seconds
Number of updated asset objects reloaded before import = 0Number of asset objects unloaded after import = 2

========================================================================
Received Import Request.
  Time since last request: 0.000029 seconds.
  path: Packages/com.unity.render-pipelines.universal/Editor/SceneTemplates/Materials/Ground.mat
  artifactKey: Guid(761d8e1f988ed2345a28312145c79c6e) Importer(815301076,1909f56bfc062723c751e8b465ee728b)
Start importing Packages/com.unity.render-pipelines.universal/Editor/SceneTemplates/Materials/Ground.mat using Guid(761d8e1f988ed2345a28312145c79c6e) Importer(815301076,1909f56bfc062723c751e8b465ee728b) (PreviewImporter) -> (artifact id: '0afb329b82f2d512ef203f21867fa2f7') in 0.0203926 seconds
Number of updated asset objects reloaded before import = 0Number of asset objects unloaded after import = 1

========================================================================
Received Import Request.
  Time since last request: 0.000037 seconds.
  path: Assets/TextMesh Pro/Resources/Fonts & Materials/LiberationSans SDF - Drop Shadow.mat
  artifactKey: Guid(e73a58f6e2794ae7b1b7e50b7fb811b0) Importer(815301076,1909f56bfc062723c751e8b465ee728b)
Start importing Assets/TextMesh Pro/Resources/Fonts & Materials/LiberationSans SDF - Drop Shadow.mat using Guid(e73a58f6e2794ae7b1b7e50b7fb811b0) Importer(815301076,1909f56bfc062723c751e8b465ee728b) (PreviewImporter) -> (artifact id: '2cbb464f79822ecdd0d0aa46fa6c930d') in 0.0701716 seconds
Number of updated asset objects reloaded before import = 0Number of asset objects unloaded after import = 2

========================================================================
Received Import Request.
  Time since last request: 0.000070 seconds.
  path: Packages/com.unity.render-pipelines.universal/Editor/SceneTemplates/Materials/Black.mat
  artifactKey: Guid(4f1ef37ae953c484bbc5d5e4049147e5) Importer(815301076,1909f56bfc062723c751e8b465ee728b)
Start importing Packages/com.unity.render-pipelines.universal/Editor/SceneTemplates/Materials/Black.mat using Guid(4f1ef37ae953c484bbc5d5e4049147e5) Importer(815301076,1909f56bfc062723c751e8b465ee728b) (PreviewImporter) -> (artifact id: 'b958691e44633695541fd2b81067165b') in 0.0162119 seconds
Number of updated asset objects reloaded before import = 0Number of asset objects unloaded after import = 1

========================================================================
Received Import Request.
  Time since last request: 0.000026 seconds.
  path: Packages/com.unity.render-pipelines.universal/Editor/ShaderGraph/GraphTemplates/Fullscreen Basic URP.shadergraph
  artifactKey: Guid(df41eefe8c13d444ca890dddbbc61f8d) Importer(815301076,1909f56bfc062723c751e8b465ee728b)
Start importing Packages/com.unity.render-pipelines.universal/Editor/ShaderGraph/GraphTemplates/Fullscreen Basic URP.shadergraph using Guid(df41eefe8c13d444ca890dddbbc61f8d) Importer(815301076,1909f56bfc062723c751e8b465ee728b) (PreviewImporter) -> (artifact id: '037c122a42b3dd1b4240679b9bf4a073') in 0.2057666 seconds
Number of updated asset objects reloaded before import = 0Number of asset objects unloaded after import = 2

========================================================================
Received Import Request.
  Time since last request: 246.847546 seconds.
  path: Assets/New Asssets/Plant Animations/Plant 3/Plant3_00033.png
  artifactKey: Guid(65c8db7e47f852f4298408554d687720) Importer(815301076,1909f56bfc062723c751e8b465ee728b)
Start importing Assets/New Asssets/Plant Animations/Plant 3/Plant3_00033.png using Guid(65c8db7e47f852f4298408554d687720) Importer(815301076,1909f56bfc062723c751e8b465ee728b) (PreviewImporter) -> (artifact id: '516036a179a85f8365bc69353e9ec358') in 0.0288694 seconds
Number of updated asset objects reloaded before import = 0Number of asset objects unloaded after import = 4

========================================================================
Received Import Request.
  Time since last request: 0.000033 seconds.
  path: Assets/New Asssets/Plant Animations/Plant 3/Plant3_00036.png
  artifactKey: Guid(f8ce4c23f5df1aa45911382a2bb26cad) Importer(815301076,1909f56bfc062723c751e8b465ee728b)
Start importing Assets/New Asssets/Plant Animations/Plant 3/Plant3_00036.png using Guid(f8ce4c23f5df1aa45911382a2bb26cad) Importer(815301076,1909f56bfc062723c751e8b465ee728b) (PreviewImporter) -> (artifact id: 'c85aae6029f61760e160c0d2b3144f8e') in 0.0309293 seconds
Number of updated asset objects reloaded before import = 0Number of asset objects unloaded after import = 4

========================================================================
Received Import Request.
  Time since last request: 2.767692 seconds.
  path: Assets/New Asssets/Plant Animations/Plant 3/Plant3_00049.png
  artifactKey: Guid(da9c0974d05f2f44f878818d984dd4c2) Importer(815301076,1909f56bfc062723c751e8b465ee728b)
Start importing Assets/New Asssets/Plant Animations/Plant 3/Plant3_00049.png using Guid(da9c0974d05f2f44f878818d984dd4c2) Importer(815301076,1909f56bfc062723c751e8b465ee728b) (PreviewImporter) -> (artifact id: 'b3f2f904673468c114333d3f9af64dd7') in 0.0238001 seconds
Number of updated asset objects reloaded before import = 0Number of asset objects unloaded after import = 4

========================================================================
Received Import Request.
  Time since last request: 0.319036 seconds.
  path: Assets/New Asssets/Plant Animations/Plant 3/Plant3_00053.png
  artifactKey: Guid(d3e19312c6d8c7e4ab8be11c9fe0a831) Importer(815301076,1909f56bfc062723c751e8b465ee728b)
Start importing Assets/New Asssets/Plant Animations/Plant 3/Plant3_00053.png using Guid(d3e19312c6d8c7e4ab8be11c9fe0a831) Importer(815301076,1909f56bfc062723c751e8b465ee728b) (PreviewImporter) -> (artifact id: 'e93150110303104bc73af26bf93d288d') in 0.0245385 seconds
Number of updated asset objects reloaded before import = 0Number of asset objects unloaded after import = 4

========================================================================
Received Import Request.
  Time since last request: 0.217330 seconds.
  path: Assets/New Asssets/Plant Animations/Plant 3/Plant3_00055.png
  artifactKey: Guid(24e32817acb08b044a3c9557d35b269c) Importer(815301076,1909f56bfc062723c751e8b465ee728b)
Start importing Assets/New Asssets/Plant Animations/Plant 3/Plant3_00055.png using Guid(24e32817acb08b044a3c9557d35b269c) Importer(815301076,1909f56bfc062723c751e8b465ee728b) (PreviewImporter) -> (artifact id: '0d14f14c8177ad1a9a3dc0a2c9078693') in 0.0213635 seconds
Number of updated asset objects reloaded before import = 0Number of asset objects unloaded after import = 4

========================================================================
Received Import Request.
  Time since last request: 0.264826 seconds.
  path: Assets/New Asssets/Plant Animations/Plant 3/Plant3_00058.png
  artifactKey: Guid(d7480d2426e91714ba36a6d87515d1e7) Importer(815301076,1909f56bfc062723c751e8b465ee728b)
Start importing Assets/New Asssets/Plant Animations/Plant 3/Plant3_00058.png using Guid(d7480d2426e91714ba36a6d87515d1e7) Importer(815301076,1909f56bfc062723c751e8b465ee728b) (PreviewImporter) -> (artifact id: '34bff603008afa113fe1a84a683c4630') in 0.0224749 seconds
Number of updated asset objects reloaded before import = 0Number of asset objects unloaded after import = 4

========================================================================
Received Import Request.
  Time since last request: 0.713743 seconds.
  path: Assets/New Asssets/Plant Animations/Plant 3/Plant3_00064.png
  artifactKey: Guid(aff45dd5981d549459c28ae9010e97d7) Importer(815301076,1909f56bfc062723c751e8b465ee728b)
Start importing Assets/New Asssets/Plant Animations/Plant 3/Plant3_00064.png using Guid(aff45dd5981d549459c28ae9010e97d7) Importer(815301076,1909f56bfc062723c751e8b465ee728b) (PreviewImporter) -> (artifact id: '4327f2bdf892c238d27c5bdb3a0b1e32') in 0.0236006 seconds
Number of updated asset objects reloaded before import = 0Number of asset objects unloaded after import = 4

========================================================================
Received Import Request.
  Time since last request: 0.305257 seconds.
  path: Assets/New Asssets/Plant Animations/Plant 3/Plant3_00069.png
  artifactKey: Guid(ef22eeef3ed222b43ac9a18603bbb5c3) Importer(815301076,1909f56bfc062723c751e8b465ee728b)
Start importing Assets/New Asssets/Plant Animations/Plant 3/Plant3_00069.png using Guid(ef22eeef3ed222b43ac9a18603bbb5c3) Importer(815301076,1909f56bfc062723c751e8b465ee728b) (PreviewImporter) -> (artifact id: '8facdae1a7527de50484741f97210b70') in 0.0263396 seconds
Number of updated asset objects reloaded before import = 0Number of asset objects unloaded after import = 4

========================================================================
Received Import Request.
  Time since last request: 1.053571 seconds.
  path: Assets/New Asssets/Plant Animations/Plant 3/Plant3_00076.png
  artifactKey: Guid(194efd304f27e954cb4d116e92905d0b) Importer(815301076,1909f56bfc062723c751e8b465ee728b)
Start importing Assets/New Asssets/Plant Animations/Plant 3/Plant3_00076.png using Guid(194efd304f27e954cb4d116e92905d0b) Importer(815301076,1909f56bfc062723c751e8b465ee728b) (PreviewImporter) -> (artifact id: 'a4a88f5787a289728b644cd06396cdc0') in 0.0227328 seconds
Number of updated asset objects reloaded before import = 0Number of asset objects unloaded after import = 4

========================================================================
Received Import Request.
  Time since last request: 0.000026 seconds.
  path: Assets/New Asssets/Plant Animations/Plant 3/Plant3_00088.png
  artifactKey: Guid(496c8199a6c79b34e97afe729aebec3a) Importer(815301076,1909f56bfc062723c751e8b465ee728b)
Start importing Assets/New Asssets/Plant Animations/Plant 3/Plant3_00088.png using Guid(496c8199a6c79b34e97afe729aebec3a) Importer(815301076,1909f56bfc062723c751e8b465ee728b) (PreviewImporter) -> (artifact id: '5be7309b6ad0fd54a955bf3200f774f7') in 0.0252596 seconds
Number of updated asset objects reloaded before import = 0Number of asset objects unloaded after import = 4

========================================================================
Received Import Request.
  Time since last request: 0.000030 seconds.
  path: Assets/New Asssets/Plant Animations/Plant 5/Plant5_00022.png
  artifactKey: Guid(87e9185d19dab8a48aaf5fcddda140ff) Importer(815301076,1909f56bfc062723c751e8b465ee728b)
Start importing Assets/New Asssets/Plant Animations/Plant 5/Plant5_00022.png using Guid(87e9185d19dab8a48aaf5fcddda140ff) Importer(815301076,1909f56bfc062723c751e8b465ee728b) (PreviewImporter) -> (artifact id: 'df23b66f4b68677a7f45cb281c646507') in 0.0265406 seconds
Number of updated asset objects reloaded before import = 0Number of asset objects unloaded after import = 3

========================================================================
Received Import Request.
  Time since last request: 0.000028 seconds.
  path: Assets/New Asssets/Plant Animations/Plant 5/Plant5_00023.png
  artifactKey: Guid(460a9e1433c5d4f42b645d42a2573fdd) Importer(815301076,1909f56bfc062723c751e8b465ee728b)
Start importing Assets/New Asssets/Plant Animations/Plant 5/Plant5_00023.png using Guid(460a9e1433c5d4f42b645d42a2573fdd) Importer(815301076,1909f56bfc062723c751e8b465ee728b) (PreviewImporter) -> (artifact id: 'eb13469d390645d4654dc462d937d4ad') in 0.0225866 seconds
Number of updated asset objects reloaded before import = 0Number of asset objects unloaded after import = 3

========================================================================
Received Import Request.
  Time since last request: 0.000036 seconds.
  path: Assets/New Asssets/SlimeOrange/SlimeOrange_00012.png
  artifactKey: Guid(5fd55b46da20fb645899ea491561ccd6) Importer(815301076,1909f56bfc062723c751e8b465ee728b)
Start importing Assets/New Asssets/SlimeOrange/SlimeOrange_00012.png using Guid(5fd55b46da20fb645899ea491561ccd6) Importer(815301076,1909f56bfc062723c751e8b465ee728b) (PreviewImporter) -> (artifact id: '38acb1249aa006ff832ca75eb4d8ac3c') in 0.0230394 seconds
Number of updated asset objects reloaded before import = 0Number of asset objects unloaded after import = 3

========================================================================
Received Import Request.
  Time since last request: 0.000032 seconds.
  path: Assets/New Asssets/SlimeGreen/SlimeBasic_00003.png
  artifactKey: Guid(a8e9fc86228ce0b4899886c960ecebf3) Importer(815301076,1909f56bfc062723c751e8b465ee728b)
Start importing Assets/New Asssets/SlimeGreen/SlimeBasic_00003.png using Guid(a8e9fc86228ce0b4899886c960ecebf3) Importer(815301076,1909f56bfc062723c751e8b465ee728b) (PreviewImporter) -> (artifact id: '05f0d9e87834f49ca563fe18c19e0f11') in 0.0232204 seconds
Number of updated asset objects reloaded before import = 0Number of asset objects unloaded after import = 3

========================================================================
Received Import Request.
  Time since last request: 0.000029 seconds.
  path: Assets/New Asssets/Plant Animations/Plant 7/Plant7_00009.png
  artifactKey: Guid(3704ee9171fb1824398ee749256f36b7) Importer(815301076,1909f56bfc062723c751e8b465ee728b)
Start importing Assets/New Asssets/Plant Animations/Plant 7/Plant7_00009.png using Guid(3704ee9171fb1824398ee749256f36b7) Importer(815301076,1909f56bfc062723c751e8b465ee728b) (PreviewImporter) -> (artifact id: 'e067112320bae05cb9d8f2751becc7a1') in 0.0207192 seconds
Number of updated asset objects reloaded before import = 0Number of asset objects unloaded after import = 3

========================================================================
Received Import Request.
  Time since last request: 0.000027 seconds.
  path: Assets/New Asssets/Plant Animations/Plant 4/Plant4_00020.png
  artifactKey: Guid(ed28eeb28e353f442b6836d86b41241f) Importer(815301076,1909f56bfc062723c751e8b465ee728b)
Start importing Assets/New Asssets/Plant Animations/Plant 4/Plant4_00020.png using Guid(ed28eeb28e353f442b6836d86b41241f) Importer(815301076,1909f56bfc062723c751e8b465ee728b) (PreviewImporter) -> (artifact id: '127c501ef6f25f814f4c5b6155f80677') in 0.0196085 seconds
Number of updated asset objects reloaded before import = 0Number of asset objects unloaded after import = 3

========================================================================
Received Import Request.
  Time since last request: 0.000027 seconds.
  path: Assets/New Asssets/Plant Animations/Plant 7/Plant7_00022.png
  artifactKey: Guid(9ab97afae8c16614e80ee22aea7b5741) Importer(815301076,1909f56bfc062723c751e8b465ee728b)
Start importing Assets/New Asssets/Plant Animations/Plant 7/Plant7_00022.png using Guid(9ab97afae8c16614e80ee22aea7b5741) Importer(815301076,1909f56bfc062723c751e8b465ee728b) (PreviewImporter) -> (artifact id: '819f41fa9d3393997bc5eafed082a4b3') in 0.020024 seconds
Number of updated asset objects reloaded before import = 0Number of asset objects unloaded after import = 3

========================================================================
Received Import Request.
  Time since last request: 0.000040 seconds.
  path: Assets/New Asssets/SlimeGreen/SlimeBasic_00027.png
  artifactKey: Guid(c5fd076a605a35f4fb8dec6f97b41f64) Importer(815301076,1909f56bfc062723c751e8b465ee728b)
Start importing Assets/New Asssets/SlimeGreen/SlimeBasic_00027.png using Guid(c5fd076a605a35f4fb8dec6f97b41f64) Importer(815301076,1909f56bfc062723c751e8b465ee728b) (PreviewImporter) -> (artifact id: '6596a4c0b98be6a1c5757b13fd90e8cf') in 0.0211625 seconds
Number of updated asset objects reloaded before import = 0Number of asset objects unloaded after import = 3

========================================================================
Received Import Request.
  Time since last request: 0.000024 seconds.
  path: Assets/New Asssets/Plant Animations/Plant 5/Plant5_00048.png
  artifactKey: Guid(06cf77189285f8a40a956321e93c2385) Importer(815301076,1909f56bfc062723c751e8b465ee728b)
Start importing Assets/New Asssets/Plant Animations/Plant 5/Plant5_00048.png using Guid(06cf77189285f8a40a956321e93c2385) Importer(815301076,1909f56bfc062723c751e8b465ee728b) (PreviewImporter) -> (artifact id: '0b6e50953725dffab33cadb7cf5f6a4a') in 0.0223173 seconds
Number of updated asset objects reloaded before import = 0Number of asset objects unloaded after import = 3

========================================================================
Received Import Request.
  Time since last request: 0.000041 seconds.
  path: Assets/New Asssets/Plant Animations/Plant 6/Plant6_00008.png
  artifactKey: Guid(5dc86c68345511541a8b42047cb9bbb4) Importer(815301076,1909f56bfc062723c751e8b465ee728b)
Start importing Assets/New Asssets/Plant Animations/Plant 6/Plant6_00008.png using Guid(5dc86c68345511541a8b42047cb9bbb4) Importer(815301076,1909f56bfc062723c751e8b465ee728b) (PreviewImporter) -> (artifact id: 'e45d5cad82aef25ab72de87153f8cefe') in 0.0216455 seconds
Number of updated asset objects reloaded before import = 0Number of asset objects unloaded after import = 3

========================================================================
Received Import Request.
  Time since last request: 0.000069 seconds.
  path: Assets/sprites/slime_purple.png
  artifactKey: Guid(90f19c8b031cefe4da7fc3108b860f38) Importer(815301076,1909f56bfc062723c751e8b465ee728b)
Start importing Assets/sprites/slime_purple.png using Guid(90f19c8b031cefe4da7fc3108b860f38) Importer(815301076,1909f56bfc062723c751e8b465ee728b) (PreviewImporter) -> (artifact id: '2838984db6e3b47366e15c63f299008b') in 0.0614824 seconds
Number of updated asset objects reloaded before import = 0Number of asset objects unloaded after import = 14

========================================================================
Received Import Request.
  Time since last request: 0.000048 seconds.
  path: Assets/New Asssets/SlimeGreen/SlimeBasic_00011.png
  artifactKey: Guid(f2a7414ed6d5f3d41b2e3132cbfc8828) Importer(815301076,1909f56bfc062723c751e8b465ee728b)
Start importing Assets/New Asssets/SlimeGreen/SlimeBasic_00011.png using Guid(f2a7414ed6d5f3d41b2e3132cbfc8828) Importer(815301076,1909f56bfc062723c751e8b465ee728b) (PreviewImporter) -> (artifact id: '47ddf9855a7bb32847907c28c73fd8d1') in 0.0239498 seconds
Number of updated asset objects reloaded before import = 0Number of asset objects unloaded after import = 3

========================================================================
Received Import Request.
  Time since last request: 0.000025 seconds.
  path: Assets/New Asssets/Plant Animations/Plant 6/Plant6_00013.png
  artifactKey: Guid(43abbc8ab4185944389472c0a9dd27b3) Importer(815301076,1909f56bfc062723c751e8b465ee728b)
Start importing Assets/New Asssets/Plant Animations/Plant 6/Plant6_00013.png using Guid(43abbc8ab4185944389472c0a9dd27b3) Importer(815301076,1909f56bfc062723c751e8b465ee728b) (PreviewImporter) -> (artifact id: 'ae5189269f9c625290a8ccddd075789e') in 0.0246522 seconds
Number of updated asset objects reloaded before import = 0Number of asset objects unloaded after import = 3

========================================================================
Received Import Request.
  Time since last request: 0.000029 seconds.
  path: Assets/New Asssets/SlimeGreen/SlimeBasic_00006.png
  artifactKey: Guid(3a5638e2fe39cb443a0acb1649893699) Importer(815301076,1909f56bfc062723c751e8b465ee728b)
Start importing Assets/New Asssets/SlimeGreen/SlimeBasic_00006.png using Guid(3a5638e2fe39cb443a0acb1649893699) Importer(815301076,1909f56bfc062723c751e8b465ee728b) (PreviewImporter) -> (artifact id: 'fe43d449ff2b86f672c6c7d5a557a6c7') in 0.023485 seconds
Number of updated asset objects reloaded before import = 0Number of asset objects unloaded after import = 3

========================================================================
Received Import Request.
  Time since last request: 0.000028 seconds.
  path: Assets/New Asssets/Plant Animations/Plant 5/Plant5_00007.png
  artifactKey: Guid(70df9c54918de064b810ee7aa29725c2) Importer(815301076,1909f56bfc062723c751e8b465ee728b)
Start importing Assets/New Asssets/Plant Animations/Plant 5/Plant5_00007.png using Guid(70df9c54918de064b810ee7aa29725c2) Importer(815301076,1909f56bfc062723c751e8b465ee728b) (PreviewImporter) -> (artifact id: 'd25fa15fac39c01c61accaba39eed840') in 0.0244306 seconds
Number of updated asset objects reloaded before import = 0Number of asset objects unloaded after import = 3

========================================================================
Received Import Request.
  Time since last request: 0.000046 seconds.
  path: Assets/New Asssets/Plant Animations/Plant 5/Plant5_00056.png
  artifactKey: Guid(d42f5b6fd40dee744bf900d9927b5970) Importer(815301076,1909f56bfc062723c751e8b465ee728b)
Start importing Assets/New Asssets/Plant Animations/Plant 5/Plant5_00056.png using Guid(d42f5b6fd40dee744bf900d9927b5970) Importer(815301076,1909f56bfc062723c751e8b465ee728b) (PreviewImporter) -> (artifact id: '399259b956b96372eeea14679258020a') in 0.0228881 seconds
Number of updated asset objects reloaded before import = 0Number of asset objects unloaded after import = 3

========================================================================
Received Import Request.
  Time since last request: 0.000026 seconds.
  path: Assets/New Asssets/Plant Animations/Plant 3/Plant3_00079.png
  artifactKey: Guid(5f46494c87a47324d981c4511592b11f) Importer(815301076,1909f56bfc062723c751e8b465ee728b)
Start importing Assets/New Asssets/Plant Animations/Plant 3/Plant3_00079.png using Guid(5f46494c87a47324d981c4511592b11f) Importer(815301076,1909f56bfc062723c751e8b465ee728b) (PreviewImporter) -> (artifact id: 'e76b9343fbbec9ccd6d7e10deb5d0821') in 0.0241693 seconds
Number of updated asset objects reloaded before import = 0Number of asset objects unloaded after import = 4

========================================================================
Received Import Request.
  Time since last request: 0.000030 seconds.
  path: Assets/New Asssets/Plant Animations/Plant 4/Plant4_00022.png
  artifactKey: Guid(95f4675f6058b4041aae4baee0928065) Importer(815301076,1909f56bfc062723c751e8b465ee728b)
Start importing Assets/New Asssets/Plant Animations/Plant 4/Plant4_00022.png using Guid(95f4675f6058b4041aae4baee0928065) Importer(815301076,1909f56bfc062723c751e8b465ee728b) (PreviewImporter) -> (artifact id: '700bb907dd6601f66a6f01a9a5e9a213') in 0.0184875 seconds
Number of updated asset objects reloaded before import = 0Number of asset objects unloaded after import = 3

========================================================================
Received Import Request.
  Time since last request: 0.000027 seconds.
  path: Assets/New Asssets/Plant Animations/Plant 6/Plant6_00037.png
  artifactKey: Guid(437004f736027ac46bf0bddef9388f65) Importer(815301076,1909f56bfc062723c751e8b465ee728b)
Start importing Assets/New Asssets/Plant Animations/Plant 6/Plant6_00037.png using Guid(437004f736027ac46bf0bddef9388f65) Importer(815301076,1909f56bfc062723c751e8b465ee728b) (PreviewImporter) -> (artifact id: 'ee184251757930c40c3d1592fa86c0b5') in 0.0215413 seconds
Number of updated asset objects reloaded before import = 0Number of asset objects unloaded after import = 3

========================================================================
Received Import Request.
  Time since last request: 0.000046 seconds.
  path: Assets/New Asssets/Plant Animations/Plant 7/Plant7_00042.png
  artifactKey: Guid(41f6ba0d13aaf0e46bfdcb15f24038fb) Importer(815301076,1909f56bfc062723c751e8b465ee728b)
Start importing Assets/New Asssets/Plant Animations/Plant 7/Plant7_00042.png using Guid(41f6ba0d13aaf0e46bfdcb15f24038fb) Importer(815301076,1909f56bfc062723c751e8b465ee728b) (PreviewImporter) -> (artifact id: 'e4bd623a695f02c684c073003ce7c3b8') in 0.0179895 seconds
Number of updated asset objects reloaded before import = 0Number of asset objects unloaded after import = 3

========================================================================
Received Import Request.
  Time since last request: 0.000023 seconds.
  path: Assets/New Asssets/Plant Animations/Plant 3/Plant3_00087.png
  artifactKey: Guid(d9f5ae741fea8f8438b319e1cc0b4ee4) Importer(815301076,1909f56bfc062723c751e8b465ee728b)
Start importing Assets/New Asssets/Plant Animations/Plant 3/Plant3_00087.png using Guid(d9f5ae741fea8f8438b319e1cc0b4ee4) Importer(815301076,1909f56bfc062723c751e8b465ee728b) (PreviewImporter) -> (artifact id: 'dc6849a159ab22b678247c59f9e5c0b4') in 0.0247991 seconds
Number of updated asset objects reloaded before import = 0Number of asset objects unloaded after import = 4

========================================================================
Received Import Request.
  Time since last request: 0.000025 seconds.
  path: Assets/New Asssets/Plant Animations/Plant 3/Plant3_00085.png
  artifactKey: Guid(2974b1c48c60aa548a827e1e4bfb1571) Importer(815301076,1909f56bfc062723c751e8b465ee728b)
Start importing Assets/New Asssets/Plant Animations/Plant 3/Plant3_00085.png using Guid(2974b1c48c60aa548a827e1e4bfb1571) Importer(815301076,1909f56bfc062723c751e8b465ee728b) (PreviewImporter) -> (artifact id: '9a6b769676246afdac069a9569fff1a8') in 0.0222462 seconds
Number of updated asset objects reloaded before import = 0Number of asset objects unloaded after import = 4

========================================================================
Received Import Request.
  Time since last request: 0.000022 seconds.
  path: Assets/New Asssets/SlimeOrange/SlimeOrange_00020.png
  artifactKey: Guid(94b447272454ca048a892484b2da31c3) Importer(815301076,1909f56bfc062723c751e8b465ee728b)
Start importing Assets/New Asssets/SlimeOrange/SlimeOrange_00020.png using Guid(94b447272454ca048a892484b2da31c3) Importer(815301076,1909f56bfc062723c751e8b465ee728b) (PreviewImporter) -> (artifact id: '516f10327f6e45df0bf1d32d17eee04a') in 0.0190512 seconds
Number of updated asset objects reloaded before import = 0Number of asset objects unloaded after import = 3

========================================================================
Received Import Request.
  Time since last request: 0.000066 seconds.
  path: Assets/New Asssets/SlimeGreen/SlimeBasic_00025.png
  artifactKey: Guid(46b22f634da57074284e95b02cdc6264) Importer(815301076,1909f56bfc062723c751e8b465ee728b)
Start importing Assets/New Asssets/SlimeGreen/SlimeBasic_00025.png using Guid(46b22f634da57074284e95b02cdc6264) Importer(815301076,1909f56bfc062723c751e8b465ee728b) (PreviewImporter) -> (artifact id: '62ef50b4ee83636b516d2d06befdb064') in 0.0177606 seconds
Number of updated asset objects reloaded before import = 0Number of asset objects unloaded after import = 3

========================================================================
Received Import Request.
  Time since last request: 0.000034 seconds.
  path: Assets/New Asssets/Plant Animations/Plant 7/Plant7_00004.png
  artifactKey: Guid(02fef6b966069df438329d0226e9c6fe) Importer(815301076,1909f56bfc062723c751e8b465ee728b)
Start importing Assets/New Asssets/Plant Animations/Plant 7/Plant7_00004.png using Guid(02fef6b966069df438329d0226e9c6fe) Importer(815301076,1909f56bfc062723c751e8b465ee728b) (PreviewImporter) -> (artifact id: '011f83c372df1e25747546281df029af') in 0.0173307 seconds
Number of updated asset objects reloaded before import = 0Number of asset objects unloaded after import = 3

========================================================================
Received Import Request.
  Time since last request: 0.000041 seconds.
  path: Assets/New Asssets/SlimeGreen/SlimeBasic_00024.png
  artifactKey: Guid(de5b5a4948763364ba553bb8de19b998) Importer(815301076,1909f56bfc062723c751e8b465ee728b)
Start importing Assets/New Asssets/SlimeGreen/SlimeBasic_00024.png using Guid(de5b5a4948763364ba553bb8de19b998) Importer(815301076,1909f56bfc062723c751e8b465ee728b) (PreviewImporter) -> (artifact id: '4d26d821dc2e223e2d86995ef2c8e476') in 0.0210082 seconds
Number of updated asset objects reloaded before import = 0Number of asset objects unloaded after import = 3

========================================================================
Received Import Request.
  Time since last request: 0.000026 seconds.
  path: Assets/New Asssets/Plant Animations/Plant 5/Plant5_00053.png
  artifactKey: Guid(5c50b035efc69f54baaba96395e22efa) Importer(815301076,1909f56bfc062723c751e8b465ee728b)
Start importing Assets/New Asssets/Plant Animations/Plant 5/Plant5_00053.png using Guid(5c50b035efc69f54baaba96395e22efa) Importer(815301076,1909f56bfc062723c751e8b465ee728b) (PreviewImporter) -> (artifact id: '120b4ca35e37a0a1cc551809ec6a02c4') in 0.0196303 seconds
Number of updated asset objects reloaded before import = 0Number of asset objects unloaded after import = 3

========================================================================
Received Import Request.
  Time since last request: 0.000033 seconds.
  path: Assets/New Asssets/Plant Animations/Plant 7/Plant7_00050.png
  artifactKey: Guid(001834147a363874ca2c976876711056) Importer(815301076,1909f56bfc062723c751e8b465ee728b)
Start importing Assets/New Asssets/Plant Animations/Plant 7/Plant7_00050.png using Guid(001834147a363874ca2c976876711056) Importer(815301076,1909f56bfc062723c751e8b465ee728b) (PreviewImporter) -> (artifact id: 'd97906ed10261696eabc7f7a8c13762a') in 0.0198768 seconds
Number of updated asset objects reloaded before import = 0Number of asset objects unloaded after import = 3

========================================================================
Received Import Request.
  Time since last request: 0.000034 seconds.
  path: Assets/New Asssets/Plant Animations/Plant 3/Plant3_00078.png
  artifactKey: Guid(b2ce21c703c484f40ab74e102579b736) Importer(815301076,1909f56bfc062723c751e8b465ee728b)
Start importing Assets/New Asssets/Plant Animations/Plant 3/Plant3_00078.png using Guid(b2ce21c703c484f40ab74e102579b736) Importer(815301076,1909f56bfc062723c751e8b465ee728b) (PreviewImporter) -> (artifact id: '35574dbc7832db3ac8ff6e52dbebdfa9') in 0.0243879 seconds
Number of updated asset objects reloaded before import = 0Number of asset objects unloaded after import = 4

========================================================================
Received Import Request.
  Time since last request: 0.000049 seconds.
  path: Assets/New Asssets/Plant Animations/Plant 8 Poison/PlantPosion_00004.png
  artifactKey: Guid(823d46f748512e34c8d0e79aa2708638) Importer(815301076,1909f56bfc062723c751e8b465ee728b)
Start importing Assets/New Asssets/Plant Animations/Plant 8 Poison/PlantPosion_00004.png using Guid(823d46f748512e34c8d0e79aa2708638) Importer(815301076,1909f56bfc062723c751e8b465ee728b) (PreviewImporter) -> (artifact id: '68e9bc554b3976fa82ac020aeb99a297') in 0.0218837 seconds
Number of updated asset objects reloaded before import = 0Number of asset objects unloaded after import = 3

========================================================================
Received Import Request.
  Time since last request: 0.000028 seconds.
  path: Assets/New Asssets/SlimeOrange/SlimeOrange_00000.png
  artifactKey: Guid(826044cf6c810bd428461b2a133e5ed0) Importer(815301076,1909f56bfc062723c751e8b465ee728b)
Start importing Assets/New Asssets/SlimeOrange/SlimeOrange_00000.png using Guid(826044cf6c810bd428461b2a133e5ed0) Importer(815301076,1909f56bfc062723c751e8b465ee728b) (PreviewImporter) -> (artifact id: '4c922c3e54e5dbb564d80e96f4fbb729') in 0.0211085 seconds
Number of updated asset objects reloaded before import = 0Number of asset objects unloaded after import = 3

========================================================================
Received Import Request.
  Time since last request: 0.000023 seconds.
  path: Assets/New Asssets/SlimeOrange/SlimeOrange_00024.png
  artifactKey: Guid(91adf26b91d167348870d996d8479b40) Importer(815301076,1909f56bfc062723c751e8b465ee728b)
Start importing Assets/New Asssets/SlimeOrange/SlimeOrange_00024.png using Guid(91adf26b91d167348870d996d8479b40) Importer(815301076,1909f56bfc062723c751e8b465ee728b) (PreviewImporter) -> (artifact id: '2d0c5815956276ffc09fb5dd721c848a') in 0.0223088 seconds
Number of updated asset objects reloaded before import = 0Number of asset objects unloaded after import = 3

========================================================================
Received Import Request.
  Time since last request: 0.000031 seconds.
  path: Assets/New Asssets/SlimeOrange/SlimeOrange_00023.png
  artifactKey: Guid(888c19da2ff23fb48933a84bdd7d7411) Importer(815301076,1909f56bfc062723c751e8b465ee728b)
Start importing Assets/New Asssets/SlimeOrange/SlimeOrange_00023.png using Guid(888c19da2ff23fb48933a84bdd7d7411) Importer(815301076,1909f56bfc062723c751e8b465ee728b) (PreviewImporter) -> (artifact id: '4962c35e56a009f94560f3046dc73572') in 0.0225001 seconds
Number of updated asset objects reloaded before import = 0Number of asset objects unloaded after import = 3

========================================================================
Received Import Request.
  Time since last request: 0.000036 seconds.
  path: Assets/New Asssets/Plant Animations/Plant 4/Plant4_00014.png
  artifactKey: Guid(639c572240ad125419d3740d2a241d69) Importer(815301076,1909f56bfc062723c751e8b465ee728b)
Start importing Assets/New Asssets/Plant Animations/Plant 4/Plant4_00014.png using Guid(639c572240ad125419d3740d2a241d69) Importer(815301076,1909f56bfc062723c751e8b465ee728b) (PreviewImporter) -> (artifact id: '8a5b23547c043d686b02d1f58cbd2a34') in 0.0209974 seconds
Number of updated asset objects reloaded before import = 0Number of asset objects unloaded after import = 3

========================================================================
Received Import Request.
  Time since last request: 0.000031 seconds.
  path: Assets/New Asssets/SlimeGreen/SlimeBasic_00017.png
  artifactKey: Guid(ba1eb3d5cba2c3745b7a29d25a740ba5) Importer(815301076,1909f56bfc062723c751e8b465ee728b)
Start importing Assets/New Asssets/SlimeGreen/SlimeBasic_00017.png using Guid(ba1eb3d5cba2c3745b7a29d25a740ba5) Importer(815301076,1909f56bfc062723c751e8b465ee728b) (PreviewImporter) -> (artifact id: '3bd1280aa963f66b3ca52319bf0559a6') in 0.0213348 seconds
Number of updated asset objects reloaded before import = 0Number of asset objects unloaded after import = 3

========================================================================
Received Import Request.
  Time since last request: 0.000022 seconds.
  path: Assets/New Asssets/Plant Animations/Plant 6/Plant6_00014.png
  artifactKey: Guid(b6c5f5cec06a51e4a982ea05ea653a53) Importer(815301076,1909f56bfc062723c751e8b465ee728b)
Start importing Assets/New Asssets/Plant Animations/Plant 6/Plant6_00014.png using Guid(b6c5f5cec06a51e4a982ea05ea653a53) Importer(815301076,1909f56bfc062723c751e8b465ee728b) (PreviewImporter) -> (artifact id: 'f9b40444e8888c636f6946df3ce43db5') in 0.0199216 seconds
Number of updated asset objects reloaded before import = 0Number of asset objects unloaded after import = 3

========================================================================
Received Import Request.
  Time since last request: 0.000033 seconds.
  path: Assets/New Asssets/Plant Animations/Plant 8 Poison/PlantPosion_00020.png
  artifactKey: Guid(f16689869cdcc77419c6097dd8bb894a) Importer(815301076,1909f56bfc062723c751e8b465ee728b)
Start importing Assets/New Asssets/Plant Animations/Plant 8 Poison/PlantPosion_00020.png using Guid(f16689869cdcc77419c6097dd8bb894a) Importer(815301076,1909f56bfc062723c751e8b465ee728b) (PreviewImporter) -> (artifact id: 'f7756fd88e95897d4ba78669997bfa9f') in 0.0210009 seconds
Number of updated asset objects reloaded before import = 0Number of asset objects unloaded after import = 3

========================================================================
Received Import Request.
  Time since last request: 0.000029 seconds.
  path: Assets/New Asssets/Plant Animations/Plant 5/Plant5_00058.png
  artifactKey: Guid(724a7e1737aae0444bc622f59b471def) Importer(815301076,1909f56bfc062723c751e8b465ee728b)
Start importing Assets/New Asssets/Plant Animations/Plant 5/Plant5_00058.png using Guid(724a7e1737aae0444bc622f59b471def) Importer(815301076,1909f56bfc062723c751e8b465ee728b) (PreviewImporter) -> (artifact id: '372ddc23a097be62af7c42ad1b390a3b') in 0.0188059 seconds
Number of updated asset objects reloaded before import = 0Number of asset objects unloaded after import = 3

========================================================================
Received Import Request.
  Time since last request: 0.000039 seconds.
  path: Assets/New Asssets/Plant Animations/Plant 8 Poison/PlantPosion_00002.png
  artifactKey: Guid(0441c639d14b81045bb1ea528d2e9b85) Importer(815301076,1909f56bfc062723c751e8b465ee728b)
Start importing Assets/New Asssets/Plant Animations/Plant 8 Poison/PlantPosion_00002.png using Guid(0441c639d14b81045bb1ea528d2e9b85) Importer(815301076,1909f56bfc062723c751e8b465ee728b) (PreviewImporter) -> (artifact id: '649d431a25982a1f3912d97732ef514b') in 0.0228028 seconds
Number of updated asset objects reloaded before import = 0Number of asset objects unloaded after import = 3

========================================================================
Received Import Request.
  Time since last request: 0.000027 seconds.
  path: Assets/New Asssets/Plant Animations/Plant 7/Plant7_00044.png
  artifactKey: Guid(b9647d39448af3b4397ba69017fde134) Importer(815301076,1909f56bfc062723c751e8b465ee728b)
Start importing Assets/New Asssets/Plant Animations/Plant 7/Plant7_00044.png using Guid(b9647d39448af3b4397ba69017fde134) Importer(815301076,1909f56bfc062723c751e8b465ee728b) (PreviewImporter) -> (artifact id: '38ad641fcb76fb6d5c6bcd4f0879a4ce') in 0.0185392 seconds
Number of updated asset objects reloaded before import = 0Number of asset objects unloaded after import = 3

========================================================================
Received Import Request.
  Time since last request: 0.000029 seconds.
  path: Assets/New Asssets/Plant Animations/Plant 5/Plant5_00054.png
  artifactKey: Guid(aefaf4e348f60c14d892f15238e0cf8a) Importer(815301076,1909f56bfc062723c751e8b465ee728b)
Start importing Assets/New Asssets/Plant Animations/Plant 5/Plant5_00054.png using Guid(aefaf4e348f60c14d892f15238e0cf8a) Importer(815301076,1909f56bfc062723c751e8b465ee728b) (PreviewImporter) -> (artifact id: '039c39f3ad3162bcd697244cb2ea2de7') in 0.0209598 seconds
Number of updated asset objects reloaded before import = 0Number of asset objects unloaded after import = 3

========================================================================
Received Import Request.
  Time since last request: 0.000030 seconds.
  path: Assets/New Asssets/Plant Animations/Plant 7/Plant7_00021.png
  artifactKey: Guid(798556c166107e047b3f796b9cdc3ab0) Importer(815301076,1909f56bfc062723c751e8b465ee728b)
Start importing Assets/New Asssets/Plant Animations/Plant 7/Plant7_00021.png using Guid(798556c166107e047b3f796b9cdc3ab0) Importer(815301076,1909f56bfc062723c751e8b465ee728b) (PreviewImporter) -> (artifact id: '7578fc1e7166c6fbd4b8a0627bfd0297') in 0.0186008 seconds
Number of updated asset objects reloaded before import = 0Number of asset objects unloaded after import = 3

========================================================================
Received Import Request.
  Time since last request: 0.000041 seconds.
  path: Assets/New Asssets/Plant Animations/Plant 7/Plant7_00005.png
  artifactKey: Guid(e02d188f88155ce4fb0140d2e06b317c) Importer(815301076,1909f56bfc062723c751e8b465ee728b)
Start importing Assets/New Asssets/Plant Animations/Plant 7/Plant7_00005.png using Guid(e02d188f88155ce4fb0140d2e06b317c) Importer(815301076,1909f56bfc062723c751e8b465ee728b) (PreviewImporter) -> (artifact id: 'e94c5b805a758f75118277b4458c6cd0') in 0.0183379 seconds
Number of updated asset objects reloaded before import = 0Number of asset objects unloaded after import = 3

========================================================================
Received Import Request.
  Time since last request: 0.000029 seconds.
  path: Assets/New Asssets/Plant Animations/Plant 8 Poison/PlantPosion_00018.png
  artifactKey: Guid(0540b9b3f24d38f45a4919b7bbd1bef7) Importer(815301076,1909f56bfc062723c751e8b465ee728b)
Start importing Assets/New Asssets/Plant Animations/Plant 8 Poison/PlantPosion_00018.png using Guid(0540b9b3f24d38f45a4919b7bbd1bef7) Importer(815301076,1909f56bfc062723c751e8b465ee728b) (PreviewImporter) -> (artifact id: '2cf238205070892e67ad49f4fc1ec092') in 0.0185007 seconds
Number of updated asset objects reloaded before import = 0Number of asset objects unloaded after import = 3

========================================================================
Received Import Request.
  Time since last request: 0.000029 seconds.
  path: Assets/New Asssets/Plant Animations/Plant 5/Plant5_00044.png
  artifactKey: Guid(53842783c07065a4695aeecde2b8b9bb) Importer(815301076,1909f56bfc062723c751e8b465ee728b)
Start importing Assets/New Asssets/Plant Animations/Plant 5/Plant5_00044.png using Guid(53842783c07065a4695aeecde2b8b9bb) Importer(815301076,1909f56bfc062723c751e8b465ee728b) (PreviewImporter) -> (artifact id: '9dd075da116b404384ee293f35d8f373') in 0.0200431 seconds
Number of updated asset objects reloaded before import = 0Number of asset objects unloaded after import = 3

========================================================================
Received Import Request.
  Time since last request: 0.000034 seconds.
  path: Assets/New Asssets/Plant Animations/Plant 8 Poison/PlantPosion_00025.png
  artifactKey: Guid(61d5972d7208ef2418c4399080c1d372) Importer(815301076,1909f56bfc062723c751e8b465ee728b)
Start importing Assets/New Asssets/Plant Animations/Plant 8 Poison/PlantPosion_00025.png using Guid(61d5972d7208ef2418c4399080c1d372) Importer(815301076,1909f56bfc062723c751e8b465ee728b) (PreviewImporter) -> (artifact id: '7aac42f313c306368a0ecc000b918683') in 0.0208955 seconds
Number of updated asset objects reloaded before import = 0Number of asset objects unloaded after import = 3

========================================================================
Received Import Request.
  Time since last request: 0.000024 seconds.
  path: Assets/New Asssets/Plant Animations/Plant 8 Poison/PlantPosion_00007.png
  artifactKey: Guid(5f5314f28e494ea498eb945f17c0b207) Importer(815301076,1909f56bfc062723c751e8b465ee728b)
Start importing Assets/New Asssets/Plant Animations/Plant 8 Poison/PlantPosion_00007.png using Guid(5f5314f28e494ea498eb945f17c0b207) Importer(815301076,1909f56bfc062723c751e8b465ee728b) (PreviewImporter) -> (artifact id: '63f9c16126d0014e3089acecb36a9e5c') in 0.0206951 seconds
Number of updated asset objects reloaded before import = 0Number of asset objects unloaded after import = 3

========================================================================
Received Import Request.
  Time since last request: 0.000057 seconds.
  path: Assets/New Asssets/Plant Animations/Plant 7/Plant7_00053.png
  artifactKey: Guid(1e768abe8391bc84d9a6d8e8692fabde) Importer(815301076,1909f56bfc062723c751e8b465ee728b)
Start importing Assets/New Asssets/Plant Animations/Plant 7/Plant7_00053.png using Guid(1e768abe8391bc84d9a6d8e8692fabde) Importer(815301076,1909f56bfc062723c751e8b465ee728b) (PreviewImporter) -> (artifact id: '9d28d072bb815494668fb9ff1a870692') in 0.0198438 seconds
Number of updated asset objects reloaded before import = 0Number of asset objects unloaded after import = 3

========================================================================
Received Import Request.
  Time since last request: 0.000021 seconds.
  path: Assets/New Asssets/Plant Animations/Plant 7/Plant7_00031.png
  artifactKey: Guid(673d0f070f3be9340bdc83dd4a3d163b) Importer(815301076,1909f56bfc062723c751e8b465ee728b)
Start importing Assets/New Asssets/Plant Animations/Plant 7/Plant7_00031.png using Guid(673d0f070f3be9340bdc83dd4a3d163b) Importer(815301076,1909f56bfc062723c751e8b465ee728b) (PreviewImporter) -> (artifact id: '55e6ea34966ce1c67fb0e6f3c83fdc84') in 0.0196936 seconds
Number of updated asset objects reloaded before import = 0Number of asset objects unloaded after import = 3

========================================================================
Received Import Request.
  Time since last request: 0.000043 seconds.
  path: Assets/New Asssets/Plant Animations/Plant 7/Plant7_00040.png
  artifactKey: Guid(f90f371c6b5ba43489c42332e076b67e) Importer(815301076,1909f56bfc062723c751e8b465ee728b)
Start importing Assets/New Asssets/Plant Animations/Plant 7/Plant7_00040.png using Guid(f90f371c6b5ba43489c42332e076b67e) Importer(815301076,1909f56bfc062723c751e8b465ee728b) (PreviewImporter) -> (artifact id: '0e6326a919c568f17320adce117f46c3') in 0.0182718 seconds
Number of updated asset objects reloaded before import = 0Number of asset objects unloaded after import = 3

========================================================================
Received Import Request.
  Time since last request: 0.000023 seconds.
  path: Assets/New Asssets/Plant Animations/Plant 7/Plant7_00054.png
  artifactKey: Guid(b2abb3981229f7b4f81f5fdf80f444b7) Importer(815301076,1909f56bfc062723c751e8b465ee728b)
Start importing Assets/New Asssets/Plant Animations/Plant 7/Plant7_00054.png using Guid(b2abb3981229f7b4f81f5fdf80f444b7) Importer(815301076,1909f56bfc062723c751e8b465ee728b) (PreviewImporter) -> (artifact id: '3b1df41a221ebc334c41b5155caf760c') in 0.0172445 seconds
Number of updated asset objects reloaded before import = 0Number of asset objects unloaded after import = 3

========================================================================
Received Import Request.
  Time since last request: 0.000025 seconds.
  path: Assets/New Asssets/Plant Animations/Plant 6/Plant6_00058.png
  artifactKey: Guid(5403da2ec5709af48ab6b6838866ab67) Importer(815301076,1909f56bfc062723c751e8b465ee728b)
Start importing Assets/New Asssets/Plant Animations/Plant 6/Plant6_00058.png using Guid(5403da2ec5709af48ab6b6838866ab67) Importer(815301076,1909f56bfc062723c751e8b465ee728b) (PreviewImporter) -> (artifact id: '31176d74c87409f5607573c64fb8abd5') in 0.0165731 seconds
Number of updated asset objects reloaded before import = 0Number of asset objects unloaded after import = 3

========================================================================
Received Import Request.
  Time since last request: 0.000036 seconds.
  path: Assets/New Asssets/Plant Animations/Plant 6/Plant6_00053.png
  artifactKey: Guid(d276817522d43d243ae0dd0892fdc7a6) Importer(815301076,1909f56bfc062723c751e8b465ee728b)
Start importing Assets/New Asssets/Plant Animations/Plant 6/Plant6_00053.png using Guid(d276817522d43d243ae0dd0892fdc7a6) Importer(815301076,1909f56bfc062723c751e8b465ee728b) (PreviewImporter) -> (artifact id: 'c964779df8e5975cd2a3374b1055c575') in 0.017988 seconds
Number of updated asset objects reloaded before import = 0Number of asset objects unloaded after import = 3

========================================================================
Received Import Request.
  Time since last request: 0.000023 seconds.
  path: Assets/New Asssets/Plant Animations/Plant 6/Plant6_00049.png
  artifactKey: Guid(b70ba4e2c6e76754d804d9cfcc3d8ca7) Importer(815301076,1909f56bfc062723c751e8b465ee728b)
Start importing Assets/New Asssets/Plant Animations/Plant 6/Plant6_00049.png using Guid(b70ba4e2c6e76754d804d9cfcc3d8ca7) Importer(815301076,1909f56bfc062723c751e8b465ee728b) (PreviewImporter) -> (artifact id: '3d9ef9d553aafdd8c6485bf8ee090c99') in 0.0167793 seconds
Number of updated asset objects reloaded before import = 0Number of asset objects unloaded after import = 3

========================================================================
Received Import Request.
  Time since last request: 0.000031 seconds.
  path: Assets/New Asssets/Plant Animations/Plant 6/Plant6_00052.png
  artifactKey: Guid(72052fa42ada03a4dbf94530eb9d5703) Importer(815301076,1909f56bfc062723c751e8b465ee728b)
Start importing Assets/New Asssets/Plant Animations/Plant 6/Plant6_00052.png using Guid(72052fa42ada03a4dbf94530eb9d5703) Importer(815301076,1909f56bfc062723c751e8b465ee728b) (PreviewImporter) -> (artifact id: '7531ac872747e0de20f2c0495da828fa') in 0.0180118 seconds
Number of updated asset objects reloaded before import = 0Number of asset objects unloaded after import = 3

========================================================================
Received Import Request.
  Time since last request: 0.000031 seconds.
  path: Assets/New Asssets/Plant Animations/Plant 7/Plant7_00057.png
  artifactKey: Guid(c6cf039d7dee6934cb6d011986a60c9e) Importer(815301076,1909f56bfc062723c751e8b465ee728b)
Start importing Assets/New Asssets/Plant Animations/Plant 7/Plant7_00057.png using Guid(c6cf039d7dee6934cb6d011986a60c9e) Importer(815301076,1909f56bfc062723c751e8b465ee728b) (PreviewImporter) -> (artifact id: 'f2323d847a4c1d778ec831a08103f127') in 0.0184941 seconds
Number of updated asset objects reloaded before import = 0Number of asset objects unloaded after import = 3

========================================================================
Received Import Request.
  Time since last request: 0.000037 seconds.
  path: Assets/New Asssets/Plant Animations/Plant 8 Poison/PlantPosion_00011.png
  artifactKey: Guid(c8c46e8899144e14b99622f3b93d672d) Importer(815301076,1909f56bfc062723c751e8b465ee728b)
Start importing Assets/New Asssets/Plant Animations/Plant 8 Poison/PlantPosion_00011.png using Guid(c8c46e8899144e14b99622f3b93d672d) Importer(815301076,1909f56bfc062723c751e8b465ee728b) (PreviewImporter) -> (artifact id: 'd424a5bdaf7cf11606b75b98bcffc8e8') in 0.0210966 seconds
Number of updated asset objects reloaded before import = 0Number of asset objects unloaded after import = 3

========================================================================
Received Import Request.
  Time since last request: 0.000032 seconds.
  path: Assets/New Asssets/Plant Animations/Plant 7/Plant7_00034.png
  artifactKey: Guid(0e4dc266bb19b9547b792f03b51e6203) Importer(815301076,1909f56bfc062723c751e8b465ee728b)
Start importing Assets/New Asssets/Plant Animations/Plant 7/Plant7_00034.png using Guid(0e4dc266bb19b9547b792f03b51e6203) Importer(815301076,1909f56bfc062723c751e8b465ee728b) (PreviewImporter) -> (artifact id: '2c12f870a92cdd4f108d4d56d2617c5b') in 0.0199199 seconds
Number of updated asset objects reloaded before import = 0Number of asset objects unloaded after import = 3

========================================================================
Received Import Request.
  Time since last request: 0.000030 seconds.
  path: Assets/New Asssets/Plant Animations/Plant 8 Poison/PlantPosion_00028.png
  artifactKey: Guid(3ee7d2647df712c4bb4b2f6d6ee9646f) Importer(815301076,1909f56bfc062723c751e8b465ee728b)
Start importing Assets/New Asssets/Plant Animations/Plant 8 Poison/PlantPosion_00028.png using Guid(3ee7d2647df712c4bb4b2f6d6ee9646f) Importer(815301076,1909f56bfc062723c751e8b465ee728b) (PreviewImporter) -> (artifact id: 'f178b6f8c0cbd4e6084131bd74265f71') in 0.0218839 seconds
Number of updated asset objects reloaded before import = 0Number of asset objects unloaded after import = 3

========================================================================
Received Import Request.
  Time since last request: 0.000023 seconds.
  path: Assets/New Asssets/Plant Animations/Plant 6/Plant6_00021.png
  artifactKey: Guid(d8a73567e5db7fa42826c598c3199739) Importer(815301076,1909f56bfc062723c751e8b465ee728b)
Start importing Assets/New Asssets/Plant Animations/Plant 6/Plant6_00021.png using Guid(d8a73567e5db7fa42826c598c3199739) Importer(815301076,1909f56bfc062723c751e8b465ee728b) (PreviewImporter) -> (artifact id: '9d45611c31cf310940a8e0979b02a0ba') in 0.0195755 seconds
Number of updated asset objects reloaded before import = 0Number of asset objects unloaded after import = 3

========================================================================
Received Import Request.
  Time since last request: 0.000030 seconds.
  path: Assets/New Asssets/Plant Animations/Plant 6/Plant6_00022.png
  artifactKey: Guid(d5777b8b3cf25a642a52e30ed400cb6a) Importer(815301076,1909f56bfc062723c751e8b465ee728b)
Start importing Assets/New Asssets/Plant Animations/Plant 6/Plant6_00022.png using Guid(d5777b8b3cf25a642a52e30ed400cb6a) Importer(815301076,1909f56bfc062723c751e8b465ee728b) (PreviewImporter) -> (artifact id: 'fde0a336bcbb01cb683b19c24e3bb125') in 0.0253327 seconds
Number of updated asset objects reloaded before import = 0Number of asset objects unloaded after import = 3

========================================================================
Received Import Request.
  Time since last request: 0.000058 seconds.
  path: Assets/New Asssets/Plant Animations/Plant 6/Plant6_00005.png
  artifactKey: Guid(45e6285621f98824688a09cdf7718f64) Importer(815301076,1909f56bfc062723c751e8b465ee728b)
Start importing Assets/New Asssets/Plant Animations/Plant 6/Plant6_00005.png using Guid(45e6285621f98824688a09cdf7718f64) Importer(815301076,1909f56bfc062723c751e8b465ee728b) (PreviewImporter) -> (artifact id: 'ca6acc5a0e973c0e72029422d6e526ee') in 0.0193143 seconds
Number of updated asset objects reloaded before import = 0Number of asset objects unloaded after import = 3

========================================================================
Received Import Request.
  Time since last request: 0.000033 seconds.
  path: Assets/New Asssets/Plant Animations/Plant 5/Plant5_00059.png
  artifactKey: Guid(75a8f6a2bf55d884f82cadca92488222) Importer(815301076,1909f56bfc062723c751e8b465ee728b)
Start importing Assets/New Asssets/Plant Animations/Plant 5/Plant5_00059.png using Guid(75a8f6a2bf55d884f82cadca92488222) Importer(815301076,1909f56bfc062723c751e8b465ee728b) (PreviewImporter) -> (artifact id: 'a4583b8d4d54194a192ddb0f36d48092') in 0.0191049 seconds
Number of updated asset objects reloaded before import = 0Number of asset objects unloaded after import = 3

========================================================================
Received Import Request.
  Time since last request: 0.000027 seconds.
  path: Assets/New Asssets/Plant Animations/Plant 5/Plant5_00034.png
  artifactKey: Guid(9ae4f1c5c65095c44a9fa2bdc97f4527) Importer(815301076,1909f56bfc062723c751e8b465ee728b)
Start importing Assets/New Asssets/Plant Animations/Plant 5/Plant5_00034.png using Guid(9ae4f1c5c65095c44a9fa2bdc97f4527) Importer(815301076,1909f56bfc062723c751e8b465ee728b) (PreviewImporter) -> (artifact id: '4a23b45927af33311ae78a4a809d7e17') in 0.0196659 seconds
Number of updated asset objects reloaded before import = 0Number of asset objects unloaded after import = 3

========================================================================
Received Import Request.
  Time since last request: 0.000025 seconds.
  path: Assets/New Asssets/Plant Animations/Plant 5/Plant5_00027.png
  artifactKey: Guid(ef6d437d738ca46459fdd24e54484eb3) Importer(815301076,1909f56bfc062723c751e8b465ee728b)
Start importing Assets/New Asssets/Plant Animations/Plant 5/Plant5_00027.png using Guid(ef6d437d738ca46459fdd24e54484eb3) Importer(815301076,1909f56bfc062723c751e8b465ee728b) (PreviewImporter) -> (artifact id: '48f439898de927d5f5336ca69362cef8') in 0.0202651 seconds
Number of updated asset objects reloaded before import = 0Number of asset objects unloaded after import = 3

========================================================================
Received Import Request.
  Time since last request: 0.000036 seconds.
  path: Assets/New Asssets/Plant Animations/Plant 5/Plant5_00029.png
  artifactKey: Guid(b3981f1580b4b8d4dbe6ea37d40e83ff) Importer(815301076,1909f56bfc062723c751e8b465ee728b)
Start importing Assets/New Asssets/Plant Animations/Plant 5/Plant5_00029.png using Guid(b3981f1580b4b8d4dbe6ea37d40e83ff) Importer(815301076,1909f56bfc062723c751e8b465ee728b) (PreviewImporter) -> (artifact id: '39751d1aa3af5dbb6a26d08cceb9dabb') in 0.0190099 seconds
Number of updated asset objects reloaded before import = 0Number of asset objects unloaded after import = 3

========================================================================
Received Import Request.
  Time since last request: 0.000051 seconds.
  path: Assets/New Asssets/Plant Animations/Plant 5/Plant5_00024.png
  artifactKey: Guid(1cc4969c774e9584197d35cf7d29255c) Importer(815301076,1909f56bfc062723c751e8b465ee728b)
Start importing Assets/New Asssets/Plant Animations/Plant 5/Plant5_00024.png using Guid(1cc4969c774e9584197d35cf7d29255c) Importer(815301076,1909f56bfc062723c751e8b465ee728b) (PreviewImporter) -> (artifact id: 'dbbd04a178df2e409b2ba09e8c12e96f') in 0.0198958 seconds
Number of updated asset objects reloaded before import = 0Number of asset objects unloaded after import = 3

========================================================================
Received Import Request.
  Time since last request: 0.000035 seconds.
  path: Assets/New Asssets/Plant Animations/Plant 5/Plant5_00009.png
  artifactKey: Guid(151e6e01b68d9ef4d987d0f00a2c0584) Importer(815301076,1909f56bfc062723c751e8b465ee728b)
Start importing Assets/New Asssets/Plant Animations/Plant 5/Plant5_00009.png using Guid(151e6e01b68d9ef4d987d0f00a2c0584) Importer(815301076,1909f56bfc062723c751e8b465ee728b) (PreviewImporter) -> (artifact id: '1932d0ae9c0c0a2c38cdc3076b1cf809') in 0.0213312 seconds
Number of updated asset objects reloaded before import = 0Number of asset objects unloaded after import = 3

========================================================================
Received Import Request.
  Time since last request: 0.000034 seconds.
  path: Assets/New Asssets/SlimeOrange/SlimeOrange_00027.png
  artifactKey: Guid(8e14b1cbdbd83174880d77f78d7d6aa1) Importer(815301076,1909f56bfc062723c751e8b465ee728b)
Start importing Assets/New Asssets/SlimeOrange/SlimeOrange_00027.png using Guid(8e14b1cbdbd83174880d77f78d7d6aa1) Importer(815301076,1909f56bfc062723c751e8b465ee728b) (PreviewImporter) -> (artifact id: '16cd045195262b14c142e6a9b22a6034') in 0.0190408 seconds
Number of updated asset objects reloaded before import = 0Number of asset objects unloaded after import = 3

========================================================================
Received Import Request.
  Time since last request: 0.000023 seconds.
  path: Assets/New Asssets/SlimeGreen/SlimeBasic_00007.png
  artifactKey: Guid(f2cdb4fed846c5542b50b9f119b0a0bd) Importer(815301076,1909f56bfc062723c751e8b465ee728b)
Start importing Assets/New Asssets/SlimeGreen/SlimeBasic_00007.png using Guid(f2cdb4fed846c5542b50b9f119b0a0bd) Importer(815301076,1909f56bfc062723c751e8b465ee728b) (PreviewImporter) -> (artifact id: 'c51ac46bcd11a6f04a5a64a23c2e1e9f') in 0.0256714 seconds
Number of updated asset objects reloaded before import = 0Number of asset objects unloaded after import = 3

========================================================================
Received Import Request.
  Time since last request: 0.000026 seconds.
  path: Assets/New Asssets/Plant Animations/Plant 6/Plant6_00036.png
  artifactKey: Guid(8c0572e9c8e191d4e96341987c3ccf9c) Importer(815301076,1909f56bfc062723c751e8b465ee728b)
Start importing Assets/New Asssets/Plant Animations/Plant 6/Plant6_00036.png using Guid(8c0572e9c8e191d4e96341987c3ccf9c) Importer(815301076,1909f56bfc062723c751e8b465ee728b) (PreviewImporter) -> (artifact id: '0bf3b0b0ab3af2cba583f6d14ffc4e9f') in 0.0198834 seconds
Number of updated asset objects reloaded before import = 0Number of asset objects unloaded after import = 3

========================================================================
Received Import Request.
  Time since last request: 0.000034 seconds.
  path: Assets/New Asssets/Plant Animations/Plant 5/Plant5_00026.png
  artifactKey: Guid(2d2b7073a04b9c1449dfb20aa7e87544) Importer(815301076,1909f56bfc062723c751e8b465ee728b)
Start importing Assets/New Asssets/Plant Animations/Plant 5/Plant5_00026.png using Guid(2d2b7073a04b9c1449dfb20aa7e87544) Importer(815301076,1909f56bfc062723c751e8b465ee728b) (PreviewImporter) -> (artifact id: '6dcb363d7c95a8d224712adf0fd4a004') in 0.0189371 seconds
Number of updated asset objects reloaded before import = 0Number of asset objects unloaded after import = 3

========================================================================
Received Import Request.
  Time since last request: 0.000026 seconds.
  path: Assets/New Asssets/Plant Animations/Plant 4/Plant4_00047.png
  artifactKey: Guid(99ed8ddcb7df01f479700b78d2934983) Importer(815301076,1909f56bfc062723c751e8b465ee728b)
Start importing Assets/New Asssets/Plant Animations/Plant 4/Plant4_00047.png using Guid(99ed8ddcb7df01f479700b78d2934983) Importer(815301076,1909f56bfc062723c751e8b465ee728b) (PreviewImporter) -> (artifact id: '32078614703a16869e2eacc2544884f6') in 0.0195017 seconds
Number of updated asset objects reloaded before import = 0Number of asset objects unloaded after import = 3

========================================================================
Received Import Request.
  Time since last request: 0.000032 seconds.
  path: Assets/New Asssets/Plant Animations/Plant 4/Plant4_00035.png
  artifactKey: Guid(6e1235c54fe97614cbb19c56ca2bd97a) Importer(815301076,1909f56bfc062723c751e8b465ee728b)
Start importing Assets/New Asssets/Plant Animations/Plant 4/Plant4_00035.png using Guid(6e1235c54fe97614cbb19c56ca2bd97a) Importer(815301076,1909f56bfc062723c751e8b465ee728b) (PreviewImporter) -> (artifact id: 'e3f950ad22ab6c62a2ba823b831d11a6') in 0.0189247 seconds
Number of updated asset objects reloaded before import = 0Number of asset objects unloaded after import = 3

========================================================================
Received Import Request.
  Time since last request: 0.000036 seconds.
  path: Assets/New Asssets/Plant Animations/Plant 4/Plant4_00051.png
  artifactKey: Guid(d0a12e215e40122449a80f3adf1cc122) Importer(815301076,1909f56bfc062723c751e8b465ee728b)
Start importing Assets/New Asssets/Plant Animations/Plant 4/Plant4_00051.png using Guid(d0a12e215e40122449a80f3adf1cc122) Importer(815301076,1909f56bfc062723c751e8b465ee728b) (PreviewImporter) -> (artifact id: '3868cbea62825bcaf3cd20c923994ce1') in 0.0187473 seconds
Number of updated asset objects reloaded before import = 0Number of asset objects unloaded after import = 3

========================================================================
Received Import Request.
  Time since last request: 0.000030 seconds.
  path: Assets/New Asssets/Plant Animations/Plant 4/Plant4_00049.png
  artifactKey: Guid(9b749a54e786b964c84ae20e0b0f973e) Importer(815301076,1909f56bfc062723c751e8b465ee728b)
Start importing Assets/New Asssets/Plant Animations/Plant 4/Plant4_00049.png using Guid(9b749a54e786b964c84ae20e0b0f973e) Importer(815301076,1909f56bfc062723c751e8b465ee728b) (PreviewImporter) -> (artifact id: '0c076f5391b12923e0eff9ecf92d8289') in 0.017499 seconds
Number of updated asset objects reloaded before import = 0Number of asset objects unloaded after import = 3

========================================================================
Received Import Request.
  Time since last request: 0.000033 seconds.
  path: Assets/New Asssets/Plant Animations/Plant 4/Plant4_00002.png
  artifactKey: Guid(2f4fd49e369ac1649a28796c93cf63f9) Importer(815301076,1909f56bfc062723c751e8b465ee728b)
Start importing Assets/New Asssets/Plant Animations/Plant 4/Plant4_00002.png using Guid(2f4fd49e369ac1649a28796c93cf63f9) Importer(815301076,1909f56bfc062723c751e8b465ee728b) (PreviewImporter) -> (artifact id: '554e475e9b7f580110076267d745954d') in 0.0194675 seconds
Number of updated asset objects reloaded before import = 0Number of asset objects unloaded after import = 3

========================================================================
Received Import Request.
  Time since last request: 0.000036 seconds.
  path: Assets/New Asssets/Plant Animations/Plant 4/Plant4_00013.png
  artifactKey: Guid(7244776c26a74b142ac4b7513ea6235f) Importer(815301076,1909f56bfc062723c751e8b465ee728b)
Start importing Assets/New Asssets/Plant Animations/Plant 4/Plant4_00013.png using Guid(7244776c26a74b142ac4b7513ea6235f) Importer(815301076,1909f56bfc062723c751e8b465ee728b) (PreviewImporter) -> (artifact id: '7eb097dedaa078093554d301cda2a5b0') in 0.0178816 seconds
Number of updated asset objects reloaded before import = 0Number of asset objects unloaded after import = 3

========================================================================
Received Import Request.
  Time since last request: 0.000048 seconds.
  path: Assets/New Asssets/Plant Animations/Plant 4/Plant4_00010.png
  artifactKey: Guid(cce497da95bba794094a7418d4435a7e) Importer(815301076,1909f56bfc062723c751e8b465ee728b)
Start importing Assets/New Asssets/Plant Animations/Plant 4/Plant4_00010.png using Guid(cce497da95bba794094a7418d4435a7e) Importer(815301076,1909f56bfc062723c751e8b465ee728b) (PreviewImporter) -> (artifact id: '0dbcb846e36571a3a5492145344a57a6') in 0.0227046 seconds
Number of updated asset objects reloaded before import = 0Number of asset objects unloaded after import = 3

========================================================================
Received Import Request.
  Time since last request: 0.000028 seconds.
  path: Assets/New Asssets/Plant Animations/Plant 4/Plant4_00004.png
  artifactKey: Guid(99b253610fbcfb846ab13f678db949b7) Importer(815301076,1909f56bfc062723c751e8b465ee728b)
Start importing Assets/New Asssets/Plant Animations/Plant 4/Plant4_00004.png using Guid(99b253610fbcfb846ab13f678db949b7) Importer(815301076,1909f56bfc062723c751e8b465ee728b) (PreviewImporter) -> (artifact id: '67623a59f5a489b5353be5d37de5c406') in 0.020069 seconds
Number of updated asset objects reloaded before import = 0Number of asset objects unloaded after import = 3

========================================================================
Received Import Request.
  Time since last request: 0.000049 seconds.
  path: Assets/New Asssets/Plant Animations/Plant 7/Plant7_00014.png
  artifactKey: Guid(6fd9f4eba1bd0354188b91294e25486f) Importer(815301076,1909f56bfc062723c751e8b465ee728b)
Start importing Assets/New Asssets/Plant Animations/Plant 7/Plant7_00014.png using Guid(6fd9f4eba1bd0354188b91294e25486f) Importer(815301076,1909f56bfc062723c751e8b465ee728b) (PreviewImporter) -> (artifact id: '96413c28815524f67dceb558c3d9c94b') in 0.0197707 seconds
Number of updated asset objects reloaded before import = 0Number of asset objects unloaded after import = 3

========================================================================
Received Import Request.
  Time since last request: 0.000025 seconds.
  path: Assets/New Asssets/Plant Animations/Plant 7/Plant7_00029.png
  artifactKey: Guid(bb8102dc31599624a800faf08aa565a6) Importer(815301076,1909f56bfc062723c751e8b465ee728b)
Start importing Assets/New Asssets/Plant Animations/Plant 7/Plant7_00029.png using Guid(bb8102dc31599624a800faf08aa565a6) Importer(815301076,1909f56bfc062723c751e8b465ee728b) (PreviewImporter) -> (artifact id: 'd51ad8f5bca650171719e123d2ac88a0') in 0.0198667 seconds
Number of updated asset objects reloaded before import = 0Number of asset objects unloaded after import = 3

========================================================================
Received Import Request.
  Time since last request: 0.000025 seconds.
  path: Assets/New Asssets/Plant Animations/Plant 7/Plant7_00038.png
  artifactKey: Guid(f6bdde89e456ba9418084e4ef11ea9f9) Importer(815301076,1909f56bfc062723c751e8b465ee728b)
Start importing Assets/New Asssets/Plant Animations/Plant 7/Plant7_00038.png using Guid(f6bdde89e456ba9418084e4ef11ea9f9) Importer(815301076,1909f56bfc062723c751e8b465ee728b) (PreviewImporter) -> (artifact id: '65f2d916b26eb50256b2a3effaa81a07') in 0.018097 seconds
Number of updated asset objects reloaded before import = 0Number of asset objects unloaded after import = 3

========================================================================
Received Import Request.
  Time since last request: 0.000034 seconds.
  path: Assets/New Asssets/Plant Animations/Plant 4/Plant4_00006.png
  artifactKey: Guid(719a0625495c40f4dbf8b95f2aeea8bb) Importer(815301076,1909f56bfc062723c751e8b465ee728b)
Start importing Assets/New Asssets/Plant Animations/Plant 4/Plant4_00006.png using Guid(719a0625495c40f4dbf8b95f2aeea8bb) Importer(815301076,1909f56bfc062723c751e8b465ee728b) (PreviewImporter) -> (artifact id: '8657f245c684d04e51d63499aafd2489') in 0.0238356 seconds
Number of updated asset objects reloaded before import = 0Number of asset objects unloaded after import = 3

========================================================================
Received Import Request.
  Time since last request: 0.000028 seconds.
  path: Assets/New Asssets/Plant Animations/Plant 3/Plant3_00028.png
  artifactKey: Guid(48bcc933a65b05b4d86f41e3704ad788) Importer(815301076,1909f56bfc062723c751e8b465ee728b)
Start importing Assets/New Asssets/Plant Animations/Plant 3/Plant3_00028.png using Guid(48bcc933a65b05b4d86f41e3704ad788) Importer(815301076,1909f56bfc062723c751e8b465ee728b) (PreviewImporter) -> (artifact id: 'eefb2121bb3ca268e2a2ac09a21f9840') in 0.0240851 seconds
Number of updated asset objects reloaded before import = 0Number of asset objects unloaded after import = 4

========================================================================
Received Import Request.
  Time since last request: 0.000033 seconds.
  path: Assets/New Asssets/Plant Animations/Plant 3/Plant3_00020.png
  artifactKey: Guid(d18843e1fe325e74d892f697e7c997aa) Importer(815301076,1909f56bfc062723c751e8b465ee728b)
Start importing Assets/New Asssets/Plant Animations/Plant 3/Plant3_00020.png using Guid(d18843e1fe325e74d892f697e7c997aa) Importer(815301076,1909f56bfc062723c751e8b465ee728b) (PreviewImporter) -> (artifact id: '9a69f6da85ed1f1d1b42e63ad73bc9d3') in 0.0238465 seconds
Number of updated asset objects reloaded before import = 0Number of asset objects unloaded after import = 4

========================================================================
Received Import Request.
  Time since last request: 0.000031 seconds.
  path: Assets/New Asssets/Plant Animations/Plant 3/Plant3_00017.png
  artifactKey: Guid(898298048f37d6d4d94807764fbe0a31) Importer(815301076,1909f56bfc062723c751e8b465ee728b)
Start importing Assets/New Asssets/Plant Animations/Plant 3/Plant3_00017.png using Guid(898298048f37d6d4d94807764fbe0a31) Importer(815301076,1909f56bfc062723c751e8b465ee728b) (PreviewImporter) -> (artifact id: 'fc4ba69a6abbbb11c70352ba1d23bdb5') in 0.0233034 seconds
Number of updated asset objects reloaded before import = 0Number of asset objects unloaded after import = 4

========================================================================
Received Import Request.
  Time since last request: 0.000030 seconds.
  path: Assets/New Asssets/Plant Animations/Plant 3/Plant3_00009.png
  artifactKey: Guid(6b4a90a3681a66344ac6e344e16ef9bc) Importer(815301076,1909f56bfc062723c751e8b465ee728b)
Start importing Assets/New Asssets/Plant Animations/Plant 3/Plant3_00009.png using Guid(6b4a90a3681a66344ac6e344e16ef9bc) Importer(815301076,1909f56bfc062723c751e8b465ee728b) (PreviewImporter) -> (artifact id: '3cc1b4b332f05a4b36883ea1689ea168') in 0.0269583 seconds
Number of updated asset objects reloaded before import = 0Number of asset objects unloaded after import = 4

========================================================================
Received Import Request.
  Time since last request: 0.000039 seconds.
  path: Assets/New Asssets/Plant Animations/Plant 3/Plant3_00005.png
  artifactKey: Guid(d228aa19d0a26d34c8baa1539e61c3ee) Importer(815301076,1909f56bfc062723c751e8b465ee728b)
Start importing Assets/New Asssets/Plant Animations/Plant 3/Plant3_00005.png using Guid(d228aa19d0a26d34c8baa1539e61c3ee) Importer(815301076,1909f56bfc062723c751e8b465ee728b) (PreviewImporter) -> (artifact id: '1b47b81f979e66fd1850e03296a63b24') in 0.0216208 seconds
Number of updated asset objects reloaded before import = 0Number of asset objects unloaded after import = 4

========================================================================
Received Import Request.
  Time since last request: 0.000031 seconds.
  path: Assets/New Asssets/Plant Animations/Plant 3/Plant3_00002.png
  artifactKey: Guid(0278721b3f4b90c4386d248922839f97) Importer(815301076,1909f56bfc062723c751e8b465ee728b)
Start importing Assets/New Asssets/Plant Animations/Plant 3/Plant3_00002.png using Guid(0278721b3f4b90c4386d248922839f97) Importer(815301076,1909f56bfc062723c751e8b465ee728b) (PreviewImporter) -> (artifact id: 'f2f036ff1497d31cc42cad363d0f8251') in 0.0231005 seconds
Number of updated asset objects reloaded before import = 0Number of asset objects unloaded after import = 4

========================================================================
Received Import Request.
  Time since last request: 0.000029 seconds.
  path: Assets/New Asssets/Plant Animations/Plant 3/Plant3_00014.png
  artifactKey: Guid(e4a6d5a1e4bb8964fa8b03841c9eedc2) Importer(815301076,1909f56bfc062723c751e8b465ee728b)
Start importing Assets/New Asssets/Plant Animations/Plant 3/Plant3_00014.png using Guid(e4a6d5a1e4bb8964fa8b03841c9eedc2) Importer(815301076,1909f56bfc062723c751e8b465ee728b) (PreviewImporter) -> (artifact id: '42a12b5499ff0fe8462e41af6502fa51') in 0.0240524 seconds
Number of updated asset objects reloaded before import = 0Number of asset objects unloaded after import = 4

========================================================================
Received Import Request.
  Time since last request: 0.000030 seconds.
  path: Assets/New Asssets/Plant Animations/Plant 6/Plant6_00040.png
  artifactKey: Guid(beaae6d3cc1124643ac192b30a8f7bc9) Importer(815301076,1909f56bfc062723c751e8b465ee728b)
Start importing Assets/New Asssets/Plant Animations/Plant 6/Plant6_00040.png using Guid(beaae6d3cc1124643ac192b30a8f7bc9) Importer(815301076,1909f56bfc062723c751e8b465ee728b) (PreviewImporter) -> (artifact id: '198e4ac9e8dcc11a885cb66789883904') in 0.0196479 seconds
Number of updated asset objects reloaded before import = 0Number of asset objects unloaded after import = 3

========================================================================
Received Import Request.
  Time since last request: 0.000023 seconds.
  path: Assets/New Asssets/SlimeGreen/SlimeBasic_00018.png
  artifactKey: Guid(5026638cdd189874d8acfecfdd5f2de7) Importer(815301076,1909f56bfc062723c751e8b465ee728b)
Start importing Assets/New Asssets/SlimeGreen/SlimeBasic_00018.png using Guid(5026638cdd189874d8acfecfdd5f2de7) Importer(815301076,1909f56bfc062723c751e8b465ee728b) (PreviewImporter) -> (artifact id: '870d1027decd1aec1e1a46bd25008383') in 0.0205903 seconds
Number of updated asset objects reloaded before import = 0Number of asset objects unloaded after import = 3

========================================================================
Received Import Request.
  Time since last request: 0.000029 seconds.
  path: Assets/New Asssets/SlimeOrange/SlimeOrange_00005.png
  artifactKey: Guid(a489380425f33ad448d5c6251d191a7a) Importer(815301076,1909f56bfc062723c751e8b465ee728b)
Start importing Assets/New Asssets/SlimeOrange/SlimeOrange_00005.png using Guid(a489380425f33ad448d5c6251d191a7a) Importer(815301076,1909f56bfc062723c751e8b465ee728b) (PreviewImporter) -> (artifact id: 'e5e4b56d480ed70037466b88ca8474e3') in 0.0186397 seconds
Number of updated asset objects reloaded before import = 0Number of asset objects unloaded after import = 3

========================================================================
Received Import Request.
  Time since last request: 0.000036 seconds.
  path: Assets/New Asssets/Plant Animations/Plant 8 Poison/PlantPosion_00024.png
  artifactKey: Guid(33d41318866915f4fa8eaae34283044e) Importer(815301076,1909f56bfc062723c751e8b465ee728b)
Start importing Assets/New Asssets/Plant Animations/Plant 8 Poison/PlantPosion_00024.png using Guid(33d41318866915f4fa8eaae34283044e) Importer(815301076,1909f56bfc062723c751e8b465ee728b) (PreviewImporter) -> (artifact id: '5e897b23157dead29ba1878a409f0fbd') in 0.0201053 seconds
Number of updated asset objects reloaded before import = 0Number of asset objects unloaded after import = 3

========================================================================
Received Import Request.
  Time since last request: 0.000023 seconds.
  path: Assets/New Asssets/Plant Animations/Plant 4/Plant4_00038.png
  artifactKey: Guid(349c9ef7623226b4eba0163916f01f8a) Importer(815301076,1909f56bfc062723c751e8b465ee728b)
Start importing Assets/New Asssets/Plant Animations/Plant 4/Plant4_00038.png using Guid(349c9ef7623226b4eba0163916f01f8a) Importer(815301076,1909f56bfc062723c751e8b465ee728b) (PreviewImporter) -> (artifact id: '841db940a1ce095498f1856bad0f2f57') in 0.019827 seconds
Number of updated asset objects reloaded before import = 0Number of asset objects unloaded after import = 3

========================================================================
Received Import Request.
  Time since last request: 0.000028 seconds.
  path: Assets/New Asssets/Plant Animations/Plant 7/Plant7_00011.png
  artifactKey: Guid(ad821ef2b64508244ad893c4de77279d) Importer(815301076,1909f56bfc062723c751e8b465ee728b)
Start importing Assets/New Asssets/Plant Animations/Plant 7/Plant7_00011.png using Guid(ad821ef2b64508244ad893c4de77279d) Importer(815301076,1909f56bfc062723c751e8b465ee728b) (PreviewImporter) -> (artifact id: '1c9c1a83d548c2621b365dd702edb0a4') in 0.0183959 seconds
Number of updated asset objects reloaded before import = 0Number of asset objects unloaded after import = 3

========================================================================
Received Import Request.
  Time since last request: 0.000024 seconds.
  path: Assets/New Asssets/Plant Animations/Plant 5/Plant5_00031.png
  artifactKey: Guid(191df0080fbf40b4ebbc0cd069b67436) Importer(815301076,1909f56bfc062723c751e8b465ee728b)
Start importing Assets/New Asssets/Plant Animations/Plant 5/Plant5_00031.png using Guid(191df0080fbf40b4ebbc0cd069b67436) Importer(815301076,1909f56bfc062723c751e8b465ee728b) (PreviewImporter) -> (artifact id: '181073202f934ed578ed84235b09b111') in 0.02052 seconds
Number of updated asset objects reloaded before import = 0Number of asset objects unloaded after import = 3

========================================================================
Received Import Request.
  Time since last request: 0.000028 seconds.
  path: Assets/New Asssets/Plant Animations/Plant 3/Plant3_00081.png
  artifactKey: Guid(c7636ceae9fc8be45b42bbe7fe0d36ff) Importer(815301076,1909f56bfc062723c751e8b465ee728b)
Start importing Assets/New Asssets/Plant Animations/Plant 3/Plant3_00081.png using Guid(c7636ceae9fc8be45b42bbe7fe0d36ff) Importer(815301076,1909f56bfc062723c751e8b465ee728b) (PreviewImporter) -> (artifact id: '7536ea4ee4ce97b2d1ecc350b536726b') in 0.022896 seconds
Number of updated asset objects reloaded before import = 0Number of asset objects unloaded after import = 4

========================================================================
Received Import Request.
  Time since last request: 0.000038 seconds.
  path: Assets/New Asssets/Plant Animations/Plant 7/Plant7_00032.png
  artifactKey: Guid(170da7b48001848498fc72b4430c6262) Importer(815301076,1909f56bfc062723c751e8b465ee728b)
Start importing Assets/New Asssets/Plant Animations/Plant 7/Plant7_00032.png using Guid(170da7b48001848498fc72b4430c6262) Importer(815301076,1909f56bfc062723c751e8b465ee728b) (PreviewImporter) -> (artifact id: '098167a2308d7216d2453ab09122540d') in 0.0181374 seconds
Number of updated asset objects reloaded before import = 0Number of asset objects unloaded after import = 3

========================================================================
Received Import Request.
  Time since last request: 0.000026 seconds.
  path: Assets/New Asssets/Plant Animations/Plant 2/Plant2_00086.png
  artifactKey: Guid(5a1dae0f8315f77499a0c5a62005f728) Importer(815301076,1909f56bfc062723c751e8b465ee728b)
Start importing Assets/New Asssets/Plant Animations/Plant 2/Plant2_00086.png using Guid(5a1dae0f8315f77499a0c5a62005f728) Importer(815301076,1909f56bfc062723c751e8b465ee728b) (PreviewImporter) -> (artifact id: 'a61927b161ef3bb243858dd39ecd9d4c') in 0.0255874 seconds
Number of updated asset objects reloaded before import = 0Number of asset objects unloaded after import = 5

========================================================================
Received Import Request.
  Time since last request: 0.000027 seconds.
  path: Assets/New Asssets/Plant Animations/Plant 3/Plant3_00024.png
  artifactKey: Guid(1a6efbc0d815afe428d0527b53b8b213) Importer(815301076,1909f56bfc062723c751e8b465ee728b)
Start importing Assets/New Asssets/Plant Animations/Plant 3/Plant3_00024.png using Guid(1a6efbc0d815afe428d0527b53b8b213) Importer(815301076,1909f56bfc062723c751e8b465ee728b) (PreviewImporter) -> (artifact id: 'd3a57a15018682ce4a9e30f6a8f1dabc') in 0.0232427 seconds
Number of updated asset objects reloaded before import = 0Number of asset objects unloaded after import = 4

========================================================================
Received Import Request.
  Time since last request: 0.000029 seconds.
  path: Assets/New Asssets/Plant Animations/Plant 2/Plant2_00080.png
  artifactKey: Guid(551c99f227cf17441a133936f5caa899) Importer(815301076,1909f56bfc062723c751e8b465ee728b)
Start importing Assets/New Asssets/Plant Animations/Plant 2/Plant2_00080.png using Guid(551c99f227cf17441a133936f5caa899) Importer(815301076,1909f56bfc062723c751e8b465ee728b) (PreviewImporter) -> (artifact id: '1f53fbf16b6b8e2c4e380034d1b07094') in 0.0258383 seconds
Number of updated asset objects reloaded before import = 0Number of asset objects unloaded after import = 5

========================================================================
Received Import Request.
  Time since last request: 0.000032 seconds.
  path: Assets/New Asssets/Plant Animations/Plant 2/Plant2_00073.png
  artifactKey: Guid(0128107b51c10b8478a4bdcaced7bed1) Importer(815301076,1909f56bfc062723c751e8b465ee728b)
Start importing Assets/New Asssets/Plant Animations/Plant 2/Plant2_00073.png using Guid(0128107b51c10b8478a4bdcaced7bed1) Importer(815301076,1909f56bfc062723c751e8b465ee728b) (PreviewImporter) -> (artifact id: '39d2c7d2b76532b01cbb319707dbd858') in 0.0245584 seconds
Number of updated asset objects reloaded before import = 0Number of asset objects unloaded after import = 5

========================================================================
Received Import Request.
  Time since last request: 0.000046 seconds.
  path: Assets/New Asssets/Plant Animations/Plant 2/Plant2_00084.png
  artifactKey: Guid(3801b08bae3c8e04a857fca35c52eac2) Importer(815301076,1909f56bfc062723c751e8b465ee728b)
Start importing Assets/New Asssets/Plant Animations/Plant 2/Plant2_00084.png using Guid(3801b08bae3c8e04a857fca35c52eac2) Importer(815301076,1909f56bfc062723c751e8b465ee728b) (PreviewImporter) -> (artifact id: '20470ad3c710774efe041e1baada88e7') in 0.0249029 seconds
Number of updated asset objects reloaded before import = 0Number of asset objects unloaded after import = 5

========================================================================
Received Import Request.
  Time since last request: 0.000024 seconds.
  path: Assets/New Asssets/Plant Animations/Plant 5/Plant5_00028.png
  artifactKey: Guid(b3d9de3e39097ad4ebeee1af089d9cc0) Importer(815301076,1909f56bfc062723c751e8b465ee728b)
Start importing Assets/New Asssets/Plant Animations/Plant 5/Plant5_00028.png using Guid(b3d9de3e39097ad4ebeee1af089d9cc0) Importer(815301076,1909f56bfc062723c751e8b465ee728b) (PreviewImporter) -> (artifact id: '8b0afd3d86a5a7180c2fbdb83a5184a2') in 0.019478 seconds
Number of updated asset objects reloaded before import = 0Number of asset objects unloaded after import = 3

========================================================================
Received Import Request.
  Time since last request: 0.000027 seconds.
  path: Assets/New Asssets/SlimeOrange/SlimeOrange_00022.png
  artifactKey: Guid(71e28a77a7af8534fac50a85e98e6a18) Importer(815301076,1909f56bfc062723c751e8b465ee728b)
Start importing Assets/New Asssets/SlimeOrange/SlimeOrange_00022.png using Guid(71e28a77a7af8534fac50a85e98e6a18) Importer(815301076,1909f56bfc062723c751e8b465ee728b) (PreviewImporter) -> (artifact id: 'a629d1370f14802c6ee0ff4e3889ed3d') in 0.0189224 seconds
Number of updated asset objects reloaded before import = 0Number of asset objects unloaded after import = 3

========================================================================
Received Import Request.
  Time since last request: 0.000030 seconds.
  path: Assets/New Asssets/Plant Animations/Plant 5/Plant5_00037.png
  artifactKey: Guid(f0a9b750f709c144794e749b544fe91f) Importer(815301076,1909f56bfc062723c751e8b465ee728b)
Start importing Assets/New Asssets/Plant Animations/Plant 5/Plant5_00037.png using Guid(f0a9b750f709c144794e749b544fe91f) Importer(815301076,1909f56bfc062723c751e8b465ee728b) (PreviewImporter) -> (artifact id: '085eb52405a982c02827eff30ac24cf3') in 0.0203171 seconds
Number of updated asset objects reloaded before import = 0Number of asset objects unloaded after import = 3

========================================================================
Received Import Request.
  Time since last request: 0.000034 seconds.
  path: Assets/New Asssets/Plant Animations/Plant 4/Plant4_00003.png
  artifactKey: Guid(f0e8c763e93125c4daa7a7be33580fe6) Importer(815301076,1909f56bfc062723c751e8b465ee728b)
Start importing Assets/New Asssets/Plant Animations/Plant 4/Plant4_00003.png using Guid(f0e8c763e93125c4daa7a7be33580fe6) Importer(815301076,1909f56bfc062723c751e8b465ee728b) (PreviewImporter) -> (artifact id: 'a5ae900672d92894a4f5ad7ea0e266ca') in 0.0188912 seconds
Number of updated asset objects reloaded before import = 0Number of asset objects unloaded after import = 3

========================================================================
Received Import Request.
  Time since last request: 0.001482 seconds.
  path: Assets/New Asssets/Plant Animations/Plant 2/Plant2_00067.png
  artifactKey: Guid(db1cceb8bbffd2248a679f07f179b6a0) Importer(815301076,1909f56bfc062723c751e8b465ee728b)
Start importing Assets/New Asssets/Plant Animations/Plant 2/Plant2_00067.png using Guid(db1cceb8bbffd2248a679f07f179b6a0) Importer(815301076,1909f56bfc062723c751e8b465ee728b) (PreviewImporter) -> (artifact id: '4e50cffa89b6e04ec7e730a4b5f1f6d2') in 0.0264679 seconds
Number of updated asset objects reloaded before import = 0Number of asset objects unloaded after import = 5

========================================================================
Received Import Request.
  Time since last request: 0.000022 seconds.
  path: Assets/New Asssets/Plant Animations/Plant 2/Plant2_00065.png
  artifactKey: Guid(d9894116bef62e441a1fec822e3f8022) Importer(815301076,1909f56bfc062723c751e8b465ee728b)
Start importing Assets/New Asssets/Plant Animations/Plant 2/Plant2_00065.png using Guid(d9894116bef62e441a1fec822e3f8022) Importer(815301076,1909f56bfc062723c751e8b465ee728b) (PreviewImporter) -> (artifact id: 'a26462159bd41c780a2c9d2fd91359a1') in 0.0251278 seconds
Number of updated asset objects reloaded before import = 0Number of asset objects unloaded after import = 5

========================================================================
Received Import Request.
  Time since last request: 0.000029 seconds.
  path: Assets/New Asssets/Plant Animations/Plant 2/Plant2_00054.png
  artifactKey: Guid(da1c09f9530767642871c34825817553) Importer(815301076,1909f56bfc062723c751e8b465ee728b)
Start importing Assets/New Asssets/Plant Animations/Plant 2/Plant2_00054.png using Guid(da1c09f9530767642871c34825817553) Importer(815301076,1909f56bfc062723c751e8b465ee728b) (PreviewImporter) -> (artifact id: '046a557424b6193d434cb1d4aa425e99') in 0.02601 seconds
Number of updated asset objects reloaded before import = 0Number of asset objects unloaded after import = 5

========================================================================
Received Import Request.
  Time since last request: 0.000034 seconds.
  path: Assets/New Asssets/Plant Animations/Plant 2/Plant2_00064.png
  artifactKey: Guid(061b3dc96b83ce0418d02c65c903662f) Importer(815301076,1909f56bfc062723c751e8b465ee728b)
Start importing Assets/New Asssets/Plant Animations/Plant 2/Plant2_00064.png using Guid(061b3dc96b83ce0418d02c65c903662f) Importer(815301076,1909f56bfc062723c751e8b465ee728b) (PreviewImporter) -> (artifact id: 'ab0d0d77a5536a2d96311012832de8a7') in 0.0240217 seconds
Number of updated asset objects reloaded before import = 0Number of asset objects unloaded after import = 5

========================================================================
Received Import Request.
  Time since last request: 0.000031 seconds.
  path: Assets/New Asssets/Plant Animations/Plant 2/Plant2_00059.png
  artifactKey: Guid(417037944b4612144bed2790c76a0032) Importer(815301076,1909f56bfc062723c751e8b465ee728b)
Start importing Assets/New Asssets/Plant Animations/Plant 2/Plant2_00059.png using Guid(417037944b4612144bed2790c76a0032) Importer(815301076,1909f56bfc062723c751e8b465ee728b) (PreviewImporter) -> (artifact id: '82a883ba3bc1f3fe82c68159f8bec511') in 0.0296441 seconds
Number of updated asset objects reloaded before import = 0Number of asset objects unloaded after import = 5

========================================================================
Received Import Request.
  Time since last request: 0.000022 seconds.
  path: Assets/New Asssets/Plant Animations/Plant 2/Plant2_00043.png
  artifactKey: Guid(745a439c7d5bacd489383b28c43ab0aa) Importer(815301076,1909f56bfc062723c751e8b465ee728b)
Start importing Assets/New Asssets/Plant Animations/Plant 2/Plant2_00043.png using Guid(745a439c7d5bacd489383b28c43ab0aa) Importer(815301076,1909f56bfc062723c751e8b465ee728b) (PreviewImporter) -> (artifact id: 'd1ac4c69a85eb8b1d438afdede5af35e') in 0.0239411 seconds
Number of updated asset objects reloaded before import = 0Number of asset objects unloaded after import = 5

========================================================================
Received Import Request.
  Time since last request: 0.000036 seconds.
  path: Assets/New Asssets/Plant Animations/Plant 2/Plant2_00044.png
  artifactKey: Guid(c8386649891081441b63fd955ea7eead) Importer(815301076,1909f56bfc062723c751e8b465ee728b)
Start importing Assets/New Asssets/Plant Animations/Plant 2/Plant2_00044.png using Guid(c8386649891081441b63fd955ea7eead) Importer(815301076,1909f56bfc062723c751e8b465ee728b) (PreviewImporter) -> (artifact id: '66524756b3f0651cb21cdc908a2b346d') in 0.0273432 seconds
Number of updated asset objects reloaded before import = 0Number of asset objects unloaded after import = 5

========================================================================
Received Import Request.
  Time since last request: 0.359264 seconds.
  path: Assets/New Asssets/Plant Animations/Plant 2/Plant2_00042.png
  artifactKey: Guid(d188cfb34d41cbe4db7eac1f381dcc78) Importer(815301076,1909f56bfc062723c751e8b465ee728b)
Start importing Assets/New Asssets/Plant Animations/Plant 2/Plant2_00042.png using Guid(d188cfb34d41cbe4db7eac1f381dcc78) Importer(815301076,1909f56bfc062723c751e8b465ee728b) (PreviewImporter) -> (artifact id: '6617d3bfe4c0c18717615775c71da71b') in 0.0247721 seconds
Number of updated asset objects reloaded before import = 0Number of asset objects unloaded after import = 5

========================================================================
Received Import Request.
  Time since last request: 0.000024 seconds.
  path: Assets/New Asssets/Plant Animations/Plant 2/Plant2_00037.png
  artifactKey: Guid(a460b6204a0d9114cb9af13eac2873b7) Importer(815301076,1909f56bfc062723c751e8b465ee728b)
Start importing Assets/New Asssets/Plant Animations/Plant 2/Plant2_00037.png using Guid(a460b6204a0d9114cb9af13eac2873b7) Importer(815301076,1909f56bfc062723c751e8b465ee728b) (PreviewImporter) -> (artifact id: 'b48a74fd81d01aa595c0ffcf507110a8') in 0.0308339 seconds
Number of updated asset objects reloaded before import = 0Number of asset objects unloaded after import = 5

========================================================================
Received Import Request.
  Time since last request: 0.000041 seconds.
  path: Assets/New Asssets/Plant Animations/Plant 2/Plant2_00029.png
  artifactKey: Guid(34306d4acb28cec4a8b3c6b71f757f5b) Importer(815301076,1909f56bfc062723c751e8b465ee728b)
Start importing Assets/New Asssets/Plant Animations/Plant 2/Plant2_00029.png using Guid(34306d4acb28cec4a8b3c6b71f757f5b) Importer(815301076,1909f56bfc062723c751e8b465ee728b) (PreviewImporter) -> (artifact id: 'eed7397fb90369ed39d828a3d91ec288') in 0.0281223 seconds
Number of updated asset objects reloaded before import = 0Number of asset objects unloaded after import = 5

========================================================================
Received Import Request.
  Time since last request: 0.000025 seconds.
  path: Assets/New Asssets/Plant Animations/Plant 2/Plant2_00025.png
  artifactKey: Guid(437d880b3ab2ecb4092668cc021cfdfd) Importer(815301076,1909f56bfc062723c751e8b465ee728b)
Start importing Assets/New Asssets/Plant Animations/Plant 2/Plant2_00025.png using Guid(437d880b3ab2ecb4092668cc021cfdfd) Importer(815301076,1909f56bfc062723c751e8b465ee728b) (PreviewImporter) -> (artifact id: '5d400cfe32f204be2775f079db7ee82a') in 0.0237939 seconds
Number of updated asset objects reloaded before import = 0Number of asset objects unloaded after import = 5

========================================================================
Received Import Request.
  Time since last request: 0.000022 seconds.
  path: Assets/New Asssets/Plant Animations/Plant 2/Plant2_00028.png
  artifactKey: Guid(6423dc47e5d25cb41be39bdcd6e7feab) Importer(815301076,1909f56bfc062723c751e8b465ee728b)
Start importing Assets/New Asssets/Plant Animations/Plant 2/Plant2_00028.png using Guid(6423dc47e5d25cb41be39bdcd6e7feab) Importer(815301076,1909f56bfc062723c751e8b465ee728b) (PreviewImporter) -> (artifact id: 'b4564351222077b3b3418936dee6c586') in 0.0266357 seconds
Number of updated asset objects reloaded before import = 0Number of asset objects unloaded after import = 5

========================================================================
Received Import Request.
  Time since last request: 0.122352 seconds.
  path: Assets/New Asssets/Plant Animations/Plant 2/Plant2_00018.png
  artifactKey: Guid(4e844bb313e926d408f9c6ec02da1282) Importer(815301076,1909f56bfc062723c751e8b465ee728b)
Start importing Assets/New Asssets/Plant Animations/Plant 2/Plant2_00018.png using Guid(4e844bb313e926d408f9c6ec02da1282) Importer(815301076,1909f56bfc062723c751e8b465ee728b) (PreviewImporter) -> (artifact id: '3170951fa32b989916bf4f44dc540a47') in 0.0243594 seconds
Number of updated asset objects reloaded before import = 0Number of asset objects unloaded after import = 5

========================================================================
Received Import Request.
  Time since last request: 0.000058 seconds.
  path: Assets/New Asssets/Plant Animations/Plant 2/Plant2_00011.png
  artifactKey: Guid(c7976b49767ce074dbcf3d47e407c6fc) Importer(815301076,1909f56bfc062723c751e8b465ee728b)
Start importing Assets/New Asssets/Plant Animations/Plant 2/Plant2_00011.png using Guid(c7976b49767ce074dbcf3d47e407c6fc) Importer(815301076,1909f56bfc062723c751e8b465ee728b) (PreviewImporter) -> (artifact id: 'dda20d2235d01a772471a0940bb1e080') in 0.0251625 seconds
Number of updated asset objects reloaded before import = 0Number of asset objects unloaded after import = 5

========================================================================
Received Import Request.
  Time since last request: 0.000028 seconds.
  path: Assets/New Asssets/Plant Animations/Plant 2/Plant2_00009.png
  artifactKey: Guid(8922caa4e43397c478194cd4180d9c29) Importer(815301076,1909f56bfc062723c751e8b465ee728b)
Start importing Assets/New Asssets/Plant Animations/Plant 2/Plant2_00009.png using Guid(8922caa4e43397c478194cd4180d9c29) Importer(815301076,1909f56bfc062723c751e8b465ee728b) (PreviewImporter) -> (artifact id: '5d286a39d5620cc61109ce9f1f903993') in 0.0229746 seconds
Number of updated asset objects reloaded before import = 0Number of asset objects unloaded after import = 5

========================================================================
Received Import Request.
  Time since last request: 0.000043 seconds.
  path: Assets/New Asssets/Plant Animations/Plant 2/Plant2_00005.png
  artifactKey: Guid(b0deddbeffeea3c489e21ca3405d5f34) Importer(815301076,1909f56bfc062723c751e8b465ee728b)
Start importing Assets/New Asssets/Plant Animations/Plant 2/Plant2_00005.png using Guid(b0deddbeffeea3c489e21ca3405d5f34) Importer(815301076,1909f56bfc062723c751e8b465ee728b) (PreviewImporter) -> (artifact id: '9764a9e3e6934dd8c5814075ab06a6a6') in 0.0229635 seconds
Number of updated asset objects reloaded before import = 0Number of asset objects unloaded after import = 5

========================================================================
Received Import Request.
  Time since last request: 0.000033 seconds.
  path: Assets/New Asssets/Plant Animations/Plant 1/Plant1_00088.png
  artifactKey: Guid(c581aca622e346f4e9d1b201e2ffb8ec) Importer(815301076,1909f56bfc062723c751e8b465ee728b)
Start importing Assets/New Asssets/Plant Animations/Plant 1/Plant1_00088.png using Guid(c581aca622e346f4e9d1b201e2ffb8ec) Importer(815301076,1909f56bfc062723c751e8b465ee728b) (PreviewImporter) -> (artifact id: '9f4e1967e21090744f2ce612a98403a5') in 0.0226946 seconds
Number of updated asset objects reloaded before import = 0Number of asset objects unloaded after import = 3

========================================================================
Received Import Request.
  Time since last request: 0.000024 seconds.
  path: Assets/New Asssets/Plant Animations/Plant 1/Plant1_00081.png
  artifactKey: Guid(9903d829b66255a46aba9f44c4b5950b) Importer(815301076,1909f56bfc062723c751e8b465ee728b)
Start importing Assets/New Asssets/Plant Animations/Plant 1/Plant1_00081.png using Guid(9903d829b66255a46aba9f44c4b5950b) Importer(815301076,1909f56bfc062723c751e8b465ee728b) (PreviewImporter) -> (artifact id: '93026fd13c16ce6f455039eabb2ca50c') in 0.0184871 seconds
Number of updated asset objects reloaded before import = 0Number of asset objects unloaded after import = 3

========================================================================
Received Import Request.
  Time since last request: 0.000020 seconds.
  path: Assets/New Asssets/Plant Animations/Plant 1/Plant1_00083.png
  artifactKey: Guid(ce2e3ff12c5f9e64fa33b05eb697da56) Importer(815301076,1909f56bfc062723c751e8b465ee728b)
Start importing Assets/New Asssets/Plant Animations/Plant 1/Plant1_00083.png using Guid(ce2e3ff12c5f9e64fa33b05eb697da56) Importer(815301076,1909f56bfc062723c751e8b465ee728b) (PreviewImporter) -> (artifact id: 'ddbc598a2fbe0e40be055bfe40b14cf4') in 0.0199877 seconds
Number of updated asset objects reloaded before import = 0Number of asset objects unloaded after import = 3

========================================================================
Received Import Request.
  Time since last request: 0.000025 seconds.
  path: Assets/New Asssets/Plant Animations/Plant 1/Plant1_00048.png
  artifactKey: Guid(94f601b085b85ee4d93a4c1bea061298) Importer(815301076,1909f56bfc062723c751e8b465ee728b)
Start importing Assets/New Asssets/Plant Animations/Plant 1/Plant1_00048.png using Guid(94f601b085b85ee4d93a4c1bea061298) Importer(815301076,1909f56bfc062723c751e8b465ee728b) (PreviewImporter) -> (artifact id: 'fe1c389a7be9133cc62490d3e84e452c') in 0.0209671 seconds
Number of updated asset objects reloaded before import = 0Number of asset objects unloaded after import = 3

========================================================================
Received Import Request.
  Time since last request: 0.000036 seconds.
  path: Assets/New Asssets/Plant Animations/Plant 1/Plant1_00029.png
  artifactKey: Guid(bececfc447876f043a87a253712795bd) Importer(815301076,1909f56bfc062723c751e8b465ee728b)
Start importing Assets/New Asssets/Plant Animations/Plant 1/Plant1_00029.png using Guid(bececfc447876f043a87a253712795bd) Importer(815301076,1909f56bfc062723c751e8b465ee728b) (PreviewImporter) -> (artifact id: '510f6a42b388c3740cb57b6d9282421f') in 0.0227573 seconds
Number of updated asset objects reloaded before import = 0Number of asset objects unloaded after import = 3

========================================================================
Received Import Request.
  Time since last request: 0.000027 seconds.
  path: Assets/New Asssets/Plant Animations/Plant 1/Plant1_00027.png
  artifactKey: Guid(9b3fd328401cd5241a337e7f941295bb) Importer(815301076,1909f56bfc062723c751e8b465ee728b)
Start importing Assets/New Asssets/Plant Animations/Plant 1/Plant1_00027.png using Guid(9b3fd328401cd5241a337e7f941295bb) Importer(815301076,1909f56bfc062723c751e8b465ee728b) (PreviewImporter) -> (artifact id: '6f84f328e26199c4dcb0084a1f9744f0') in 0.0195332 seconds
Number of updated asset objects reloaded before import = 0Number of asset objects unloaded after import = 3

========================================================================
Received Import Request.
  Time since last request: 0.000025 seconds.
  path: Assets/New Asssets/Plant Animations/Plant 1/Plant1_00007.png
  artifactKey: Guid(b4443f8960bcea644be7b5629fb15869) Importer(815301076,1909f56bfc062723c751e8b465ee728b)
Start importing Assets/New Asssets/Plant Animations/Plant 1/Plant1_00007.png using Guid(b4443f8960bcea644be7b5629fb15869) Importer(815301076,1909f56bfc062723c751e8b465ee728b) (PreviewImporter) -> (artifact id: '0c2b6276fb102786a9a3ccefc12c02db') in 0.0196104 seconds
Number of updated asset objects reloaded before import = 0Number of asset objects unloaded after import = 3

========================================================================
Received Import Request.
  Time since last request: 0.000025 seconds.
  path: Assets/New Asssets/Plant Animations/Plant 1/Plant1_00036.png
  artifactKey: Guid(bef02d41823280a45a21e774d486a1be) Importer(815301076,1909f56bfc062723c751e8b465ee728b)
Start importing Assets/New Asssets/Plant Animations/Plant 1/Plant1_00036.png using Guid(bef02d41823280a45a21e774d486a1be) Importer(815301076,1909f56bfc062723c751e8b465ee728b) (PreviewImporter) -> (artifact id: '0d39ec2122f03757381c7b4c0f24b5b2') in 0.0206062 seconds
Number of updated asset objects reloaded before import = 0Number of asset objects unloaded after import = 3

========================================================================
Received Import Request.
  Time since last request: 0.000026 seconds.
  path: Assets/New Asssets/Plant Animations/Plant 1/Plant1_00003.png
  artifactKey: Guid(b11d6d60ca4795242a4d57820ac0bdd3) Importer(815301076,1909f56bfc062723c751e8b465ee728b)
Start importing Assets/New Asssets/Plant Animations/Plant 1/Plant1_00003.png using Guid(b11d6d60ca4795242a4d57820ac0bdd3) Importer(815301076,1909f56bfc062723c751e8b465ee728b) (PreviewImporter) -> (artifact id: '52867747f9d6af918302e390044b0bf0') in 0.0219215 seconds
Number of updated asset objects reloaded before import = 0Number of asset objects unloaded after import = 3

========================================================================
Received Import Request.
  Time since last request: 0.000030 seconds.
  path: Assets/New Asssets/Plant Animations/Plant 1/Plant1_00005.png
  artifactKey: Guid(babc75919cac5fb4690c258bf3b94d2f) Importer(815301076,1909f56bfc062723c751e8b465ee728b)
Start importing Assets/New Asssets/Plant Animations/Plant 1/Plant1_00005.png using Guid(babc75919cac5fb4690c258bf3b94d2f) Importer(815301076,1909f56bfc062723c751e8b465ee728b) (PreviewImporter) -> (artifact id: 'b56d6a9adcdb66b7e02eb4d8f76531b8') in 0.0213867 seconds
Number of updated asset objects reloaded before import = 0Number of asset objects unloaded after import = 3

========================================================================
Received Import Request.
  Time since last request: 0.000031 seconds.
  path: Assets/New Asssets/Plant Animations/Plant Wind 1/Plant Wind 1_00017.png
  artifactKey: Guid(b9f875defafaa51418919f7b30f6e965) Importer(815301076,1909f56bfc062723c751e8b465ee728b)
Start importing Assets/New Asssets/Plant Animations/Plant Wind 1/Plant Wind 1_00017.png using Guid(b9f875defafaa51418919f7b30f6e965) Importer(815301076,1909f56bfc062723c751e8b465ee728b) (PreviewImporter) -> (artifact id: '3811860c649a76fd66eb7390904fb5b2') in 0.020001 seconds
Number of updated asset objects reloaded before import = 0Number of asset objects unloaded after import = 3

========================================================================
Received Import Request.
  Time since last request: 0.000022 seconds.
  path: Assets/New Asssets/Plant Animations/Plant 1/Plant1_00020.png
  artifactKey: Guid(b277428f42ae53c4c80b235f3ff2955a) Importer(815301076,1909f56bfc062723c751e8b465ee728b)
Start importing Assets/New Asssets/Plant Animations/Plant 1/Plant1_00020.png using Guid(b277428f42ae53c4c80b235f3ff2955a) Importer(815301076,1909f56bfc062723c751e8b465ee728b) (PreviewImporter) -> (artifact id: '67b6c132a951eaa5105f47fddfed7653') in 0.0209185 seconds
Number of updated asset objects reloaded before import = 0Number of asset objects unloaded after import = 3

========================================================================
Received Import Request.
  Time since last request: 0.000028 seconds.
  path: Assets/New Asssets/Plant Animations/Plant Wind 1/Plant Wind 1_00016.png
  artifactKey: Guid(b8e75fc29cb58b547998b15b555c0ee2) Importer(815301076,1909f56bfc062723c751e8b465ee728b)
Start importing Assets/New Asssets/Plant Animations/Plant Wind 1/Plant Wind 1_00016.png using Guid(b8e75fc29cb58b547998b15b555c0ee2) Importer(815301076,1909f56bfc062723c751e8b465ee728b) (PreviewImporter) -> (artifact id: 'fddae4826a6edef13818f13c19de9b55') in 0.0208152 seconds
Number of updated asset objects reloaded before import = 0Number of asset objects unloaded after import = 3

========================================================================
Received Import Request.
  Time since last request: 0.000028 seconds.
  path: Assets/New Asssets/Plant Animations/Plant Wind 1/Plant Wind 1_00002.png
  artifactKey: Guid(cdf4e43d9f1cdc84690d3d2417af0c6d) Importer(815301076,1909f56bfc062723c751e8b465ee728b)
Start importing Assets/New Asssets/Plant Animations/Plant Wind 1/Plant Wind 1_00002.png using Guid(cdf4e43d9f1cdc84690d3d2417af0c6d) Importer(815301076,1909f56bfc062723c751e8b465ee728b) (PreviewImporter) -> (artifact id: 'eb37ab51c2ef29538572d0d71c8c9b9e') in 0.0195923 seconds
Number of updated asset objects reloaded before import = 0Number of asset objects unloaded after import = 3

========================================================================
Received Import Request.
  Time since last request: 0.000036 seconds.
  path: Assets/New Asssets/Mossy Tileset/Mossy - MossyHills.png
  artifactKey: Guid(175816b25ca55ea49a7dc103e8d17369) Importer(815301076,1909f56bfc062723c751e8b465ee728b)
Start importing Assets/New Asssets/Mossy Tileset/Mossy - MossyHills.png using Guid(175816b25ca55ea49a7dc103e8d17369) Importer(815301076,1909f56bfc062723c751e8b465ee728b) (PreviewImporter) -> (artifact id: '57aa511cfca61404ce1273fc59637f3d') in 0.0575596 seconds
Number of updated asset objects reloaded before import = 0Number of asset objects unloaded after import = 13

========================================================================
Received Import Request.
  Time since last request: 0.000023 seconds.
  path: Assets/New Asssets/Plant Animations/Plant Wind 1/Plant Wind 1_00012.png
  artifactKey: Guid(d30aab3030f1dbe45907127703f5b83b) Importer(815301076,1909f56bfc062723c751e8b465ee728b)
Start importing Assets/New Asssets/Plant Animations/Plant Wind 1/Plant Wind 1_00012.png using Guid(d30aab3030f1dbe45907127703f5b83b) Importer(815301076,1909f56bfc062723c751e8b465ee728b) (PreviewImporter) -> (artifact id: 'bc2be378a8e03c4123ae1eb0112d1d7d') in 0.0249838 seconds
Number of updated asset objects reloaded before import = 0Number of asset objects unloaded after import = 3

========================================================================
Received Import Request.
  Time since last request: 0.000038 seconds.
  path: Assets/New Asssets/Plant Animations/Plant 2/Plant2_00004.png
  artifactKey: Guid(da74c7e70cbac4f4382f279b3114f7e8) Importer(815301076,1909f56bfc062723c751e8b465ee728b)
Start importing Assets/New Asssets/Plant Animations/Plant 2/Plant2_00004.png using Guid(da74c7e70cbac4f4382f279b3114f7e8) Importer(815301076,1909f56bfc062723c751e8b465ee728b) (PreviewImporter) -> (artifact id: '443ad3035c1432912db11794d4897784') in 0.0259013 seconds
Number of updated asset objects reloaded before import = 0Number of asset objects unloaded after import = 5

========================================================================
Received Import Request.
  Time since last request: 0.000032 seconds.
  path: Assets/New Asssets/Plant Animations/Plant Wind 1/Plant Wind 1_00001.png
  artifactKey: Guid(29b1459744a6d9e40b0e7c90924c24df) Importer(815301076,1909f56bfc062723c751e8b465ee728b)
Start importing Assets/New Asssets/Plant Animations/Plant Wind 1/Plant Wind 1_00001.png using Guid(29b1459744a6d9e40b0e7c90924c24df) Importer(815301076,1909f56bfc062723c751e8b465ee728b) (PreviewImporter) -> (artifact id: '4b46d1fd95cd3c27951c75e8390e7845') in 0.0191432 seconds
Number of updated asset objects reloaded before import = 0Number of asset objects unloaded after import = 3

========================================================================
Received Import Request.
  Time since last request: 0.000036 seconds.
  path: Assets/New Asssets/Plant Animations/Plant 1/Plant1_00085.png
  artifactKey: Guid(cbb8febc7531eff4b8d98c1bc3810720) Importer(815301076,1909f56bfc062723c751e8b465ee728b)
Start importing Assets/New Asssets/Plant Animations/Plant 1/Plant1_00085.png using Guid(cbb8febc7531eff4b8d98c1bc3810720) Importer(815301076,1909f56bfc062723c751e8b465ee728b) (PreviewImporter) -> (artifact id: 'dcd147fa021c53c57dbd6d75402877a2') in 0.0184673 seconds
Number of updated asset objects reloaded before import = 0Number of asset objects unloaded after import = 3

========================================================================
Received Import Request.
  Time since last request: 0.000023 seconds.
  path: Assets/New Asssets/Plant Animations/Plant 2/Plant2_00001.png
  artifactKey: Guid(96f65b1948b508f4eae3c9d314b62ff3) Importer(815301076,1909f56bfc062723c751e8b465ee728b)
Start importing Assets/New Asssets/Plant Animations/Plant 2/Plant2_00001.png using Guid(96f65b1948b508f4eae3c9d314b62ff3) Importer(815301076,1909f56bfc062723c751e8b465ee728b) (PreviewImporter) -> (artifact id: 'a99ca041d1fc603275f07fedf790516b') in 0.0253322 seconds
Number of updated asset objects reloaded before import = 0Number of asset objects unloaded after import = 5

========================================================================
Received Import Request.
  Time since last request: 0.000035 seconds.
  path: Assets/New Asssets/Plant Animations/Plant 1/Plant1_00014.png
  artifactKey: Guid(45bfade7c7d1518468d9bc9d8f3ce9d8) Importer(815301076,1909f56bfc062723c751e8b465ee728b)
Start importing Assets/New Asssets/Plant Animations/Plant 1/Plant1_00014.png using Guid(45bfade7c7d1518468d9bc9d8f3ce9d8) Importer(815301076,1909f56bfc062723c751e8b465ee728b) (PreviewImporter) -> (artifact id: '34aebe031d93939fb75fdc3168d92d5b') in 0.0174886 seconds
Number of updated asset objects reloaded before import = 0Number of asset objects unloaded after import = 3

========================================================================
Received Import Request.
  Time since last request: 0.000024 seconds.
  path: Assets/New Asssets/Plant Animations/Plant 1/Plant1_00026.png
  artifactKey: Guid(46aaad681eca0ec45bf799cfb8f0b9df) Importer(815301076,1909f56bfc062723c751e8b465ee728b)
Start importing Assets/New Asssets/Plant Animations/Plant 1/Plant1_00026.png using Guid(46aaad681eca0ec45bf799cfb8f0b9df) Importer(815301076,1909f56bfc062723c751e8b465ee728b) (PreviewImporter) -> (artifact id: '5cad809d1db7160955a661b6455d8f5d') in 0.0208603 seconds
Number of updated asset objects reloaded before import = 0Number of asset objects unloaded after import = 3

========================================================================
Received Import Request.
  Time since last request: 0.000028 seconds.
  path: Assets/New Asssets/Plant Animations/Plant 1/Plant1_00043.png
  artifactKey: Guid(f005f37701abd6d49832b315808f239a) Importer(815301076,1909f56bfc062723c751e8b465ee728b)
Start importing Assets/New Asssets/Plant Animations/Plant 1/Plant1_00043.png using Guid(f005f37701abd6d49832b315808f239a) Importer(815301076,1909f56bfc062723c751e8b465ee728b) (PreviewImporter) -> (artifact id: 'eae40398dcb5a9872b535ba5bfdca811') in 0.0212484 seconds
Number of updated asset objects reloaded before import = 0Number of asset objects unloaded after import = 3

========================================================================
Received Import Request.
  Time since last request: 0.000031 seconds.
  path: Assets/New Asssets/Mossy Tileset/Mossy - FloatingPlatforms.png
  artifactKey: Guid(69329dbc1b1386e4bb4ff58e47ecf094) Importer(815301076,1909f56bfc062723c751e8b465ee728b)
Start importing Assets/New Asssets/Mossy Tileset/Mossy - FloatingPlatforms.png using Guid(69329dbc1b1386e4bb4ff58e47ecf094) Importer(815301076,1909f56bfc062723c751e8b465ee728b) (PreviewImporter) -> (artifact id: '9c86e18378aea1d9ab9f657fcdb76829') in 0.0543083 seconds
Number of updated asset objects reloaded before import = 0Number of asset objects unloaded after import = 12

========================================================================
Received Import Request.
  Time since last request: 0.000023 seconds.
  path: Assets/New Asssets/Plant Animations/Plant 1/Plant1_00034.png
  artifactKey: Guid(2f16884b9aa68ca4fbe6715609c13ae1) Importer(815301076,1909f56bfc062723c751e8b465ee728b)
Start importing Assets/New Asssets/Plant Animations/Plant 1/Plant1_00034.png using Guid(2f16884b9aa68ca4fbe6715609c13ae1) Importer(815301076,1909f56bfc062723c751e8b465ee728b) (PreviewImporter) -> (artifact id: 'b6e7f8a5c6a8cddac5e0abfc0e1cb5e1') in 0.0183011 seconds
Number of updated asset objects reloaded before import = 0Number of asset objects unloaded after import = 3

========================================================================
Received Import Request.
  Time since last request: 0.000027 seconds.
  path: Assets/New Asssets/Plant Animations/Plant 1/Plant1_00025.png
  artifactKey: Guid(259e2a6c79970374898433a057e22a46) Importer(815301076,1909f56bfc062723c751e8b465ee728b)
Start importing Assets/New Asssets/Plant Animations/Plant 1/Plant1_00025.png using Guid(259e2a6c79970374898433a057e22a46) Importer(815301076,1909f56bfc062723c751e8b465ee728b) (PreviewImporter) -> (artifact id: 'b9c30e8b09f899d0c2c51a3d9daf2429') in 0.0188978 seconds
Number of updated asset objects reloaded before import = 0Number of asset objects unloaded after import = 3

========================================================================
Received Import Request.
  Time since last request: 0.449938 seconds.
  path: Assets/New Asssets/Plant Animations/PlantJump/JumpPlant_00013.png
  artifactKey: Guid(6a5b42b1c993a044b9e0da3369df4c3f) Importer(815301076,1909f56bfc062723c751e8b465ee728b)
Start importing Assets/New Asssets/Plant Animations/PlantJump/JumpPlant_00013.png using Guid(6a5b42b1c993a044b9e0da3369df4c3f) Importer(815301076,1909f56bfc062723c751e8b465ee728b) (PreviewImporter) -> (artifact id: 'a0fb78dee67bd45e49fd0e94ef8ccdaa') in 0.0190281 seconds
Number of updated asset objects reloaded before import = 0Number of asset objects unloaded after import = 3

========================================================================
Received Import Request.
  Time since last request: 0.000036 seconds.
  path: Assets/New Asssets/Plant Animations/PlantJump/JumpPlant_00017.png
  artifactKey: Guid(30a6af1098dd4494c8084e89f3d5a13d) Importer(815301076,1909f56bfc062723c751e8b465ee728b)
Start importing Assets/New Asssets/Plant Animations/PlantJump/JumpPlant_00017.png using Guid(30a6af1098dd4494c8084e89f3d5a13d) Importer(815301076,1909f56bfc062723c751e8b465ee728b) (PreviewImporter) -> (artifact id: '2f441f55e8a563ded6ca58814a5b595b') in 0.0222292 seconds
Number of updated asset objects reloaded before import = 0Number of asset objects unloaded after import = 3

========================================================================
Received Import Request.
  Time since last request: 0.000024 seconds.
  path: Assets/New Asssets/Plant Animations/PlantJump/JumpPlant_00008.png
  artifactKey: Guid(18a8ec919127c2845b409b27ae973767) Importer(815301076,1909f56bfc062723c751e8b465ee728b)
Start importing Assets/New Asssets/Plant Animations/PlantJump/JumpPlant_00008.png using Guid(18a8ec919127c2845b409b27ae973767) Importer(815301076,1909f56bfc062723c751e8b465ee728b) (PreviewImporter) -> (artifact id: 'f25de96d498445f894facaa07dbe0b39') in 0.0224516 seconds
Number of updated asset objects reloaded before import = 0Number of asset objects unloaded after import = 3

========================================================================
Received Import Request.
  Time since last request: 0.000028 seconds.
  path: Assets/New Asssets/Plant Animations/PlantJump2/JumpPlant 2_00009.png
  artifactKey: Guid(824b9433f97384e41b7145e2d6b4e792) Importer(815301076,1909f56bfc062723c751e8b465ee728b)
Start importing Assets/New Asssets/Plant Animations/PlantJump2/JumpPlant 2_00009.png using Guid(824b9433f97384e41b7145e2d6b4e792) Importer(815301076,1909f56bfc062723c751e8b465ee728b) (PreviewImporter) -> (artifact id: '927a31a08858389275f6b30c06f8ac71') in 0.0204544 seconds
Number of updated asset objects reloaded before import = 0Number of asset objects unloaded after import = 3

========================================================================
Received Import Request.
  Time since last request: 0.000033 seconds.
  path: Assets/New Asssets/Plant Animations/PlantJump2/JumpPlant 2_00012.png
  artifactKey: Guid(a7efaed504001064490c841117fbec8d) Importer(815301076,1909f56bfc062723c751e8b465ee728b)
Start importing Assets/New Asssets/Plant Animations/PlantJump2/JumpPlant 2_00012.png using Guid(a7efaed504001064490c841117fbec8d) Importer(815301076,1909f56bfc062723c751e8b465ee728b) (PreviewImporter) -> (artifact id: 'c6613d95c9667fbe444fb45f09c6d16b') in 0.0220068 seconds
Number of updated asset objects reloaded before import = 0Number of asset objects unloaded after import = 3

========================================================================
Received Import Request.
  Time since last request: 0.000023 seconds.
  path: Assets/New Asssets/BlueWizard/2BlueWizardJump/Dash2/DashBlue_00006.png
  artifactKey: Guid(512b990ccab449f46bebea7abf2ffc38) Importer(815301076,1909f56bfc062723c751e8b465ee728b)
Start importing Assets/New Asssets/BlueWizard/2BlueWizardJump/Dash2/DashBlue_00006.png using Guid(512b990ccab449f46bebea7abf2ffc38) Importer(815301076,1909f56bfc062723c751e8b465ee728b) (PreviewImporter) -> (artifact id: '104f3b19579b79ac359e6ea6d226ba37') in 0.0200238 seconds
Number of updated asset objects reloaded before import = 0Number of asset objects unloaded after import = 3

========================================================================
Received Import Request.
  Time since last request: 0.000023 seconds.
  path: Assets/New Asssets/BlueWizard/2BlueWizardJump/Dash3/Dash3_00013.png
  artifactKey: Guid(b42cb1b022c94e440a58c54dd7821073) Importer(815301076,1909f56bfc062723c751e8b465ee728b)
Start importing Assets/New Asssets/BlueWizard/2BlueWizardJump/Dash3/Dash3_00013.png using Guid(b42cb1b022c94e440a58c54dd7821073) Importer(815301076,1909f56bfc062723c751e8b465ee728b) (PreviewImporter) -> (artifact id: 'f955affceb69153527b1872cbaf0ff0f') in 0.0188988 seconds
Number of updated asset objects reloaded before import = 0Number of asset objects unloaded after import = 3

========================================================================
Received Import Request.
  Time since last request: 0.000030 seconds.
  path: Assets/New Asssets/BlueWizard/2BlueWizardJump/Dash3/Dash3_00007.png
  artifactKey: Guid(568da59f20320d649b461329efcf42a9) Importer(815301076,1909f56bfc062723c751e8b465ee728b)
Start importing Assets/New Asssets/BlueWizard/2BlueWizardJump/Dash3/Dash3_00007.png using Guid(568da59f20320d649b461329efcf42a9) Importer(815301076,1909f56bfc062723c751e8b465ee728b) (PreviewImporter) -> (artifact id: '0f172ac2318ac2b25a6c07804b3746e7') in 0.0192232 seconds
Number of updated asset objects reloaded before import = 0Number of asset objects unloaded after import = 3

========================================================================
Received Import Request.
  Time since last request: 0.000029 seconds.
  path: Assets/New Asssets/BlueWizard/2BlueWizardJump/Dash2/DashBlue_00012.png
  artifactKey: Guid(6a165bc931b1ae6419932a6baeeb9d3c) Importer(815301076,1909f56bfc062723c751e8b465ee728b)
Start importing Assets/New Asssets/BlueWizard/2BlueWizardJump/Dash2/DashBlue_00012.png using Guid(6a165bc931b1ae6419932a6baeeb9d3c) Importer(815301076,1909f56bfc062723c751e8b465ee728b) (PreviewImporter) -> (artifact id: 'e87081781f4b07b8d9731915bb29fa7f') in 0.0200597 seconds
Number of updated asset objects reloaded before import = 0Number of asset objects unloaded after import = 3

========================================================================
Received Import Request.
  Time since last request: 0.000035 seconds.
  path: Assets/New Asssets/BlueWizard/2BlueWizardJump/Dash2/DashBlue_00004.png
  artifactKey: Guid(9e7a633a90398174ea191bf7b2da77d7) Importer(815301076,1909f56bfc062723c751e8b465ee728b)
Start importing Assets/New Asssets/BlueWizard/2BlueWizardJump/Dash2/DashBlue_00004.png using Guid(9e7a633a90398174ea191bf7b2da77d7) Importer(815301076,1909f56bfc062723c751e8b465ee728b) (PreviewImporter) -> (artifact id: '438377819526b22dd7da2d0b25322138') in 0.0216376 seconds
Number of updated asset objects reloaded before import = 0Number of asset objects unloaded after import = 3

========================================================================
Received Import Request.
  Time since last request: 0.000024 seconds.
  path: Assets/New Asssets/Plant Animations/PlantJump2/JumpPlant 2_00007.png
  artifactKey: Guid(54b0165615f60c542bf14c208d0356a0) Importer(815301076,1909f56bfc062723c751e8b465ee728b)
Start importing Assets/New Asssets/Plant Animations/PlantJump2/JumpPlant 2_00007.png using Guid(54b0165615f60c542bf14c208d0356a0) Importer(815301076,1909f56bfc062723c751e8b465ee728b) (PreviewImporter) -> (artifact id: 'b2861eb0e255412e64541ae7e1ba2eb0') in 0.0177409 seconds
Number of updated asset objects reloaded before import = 0Number of asset objects unloaded after import = 3

========================================================================
Received Import Request.
  Time since last request: 0.000024 seconds.
  path: Assets/New Asssets/BlueWizard/2BlueWizardJump/Dash2/DashBlue_00001.png
  artifactKey: Guid(0b1257d5adaf33a4a927e52962df9ac0) Importer(815301076,1909f56bfc062723c751e8b465ee728b)
Start importing Assets/New Asssets/BlueWizard/2BlueWizardJump/Dash2/DashBlue_00001.png using Guid(0b1257d5adaf33a4a927e52962df9ac0) Importer(815301076,1909f56bfc062723c751e8b465ee728b) (PreviewImporter) -> (artifact id: 'c868d2c8322435cf84f8fa4d4628ab63') in 0.0206426 seconds
Number of updated asset objects reloaded before import = 0Number of asset objects unloaded after import = 3

========================================================================
Received Import Request.
  Time since last request: 0.000033 seconds.
  path: Assets/New Asssets/Plant Animations/PlantJump2/JumpPlant 2_00013.png
  artifactKey: Guid(57f92839900a1064f8976935c1b5dc8f) Importer(815301076,1909f56bfc062723c751e8b465ee728b)
Start importing Assets/New Asssets/Plant Animations/PlantJump2/JumpPlant 2_00013.png using Guid(57f92839900a1064f8976935c1b5dc8f) Importer(815301076,1909f56bfc062723c751e8b465ee728b) (PreviewImporter) -> (artifact id: '2cc8be010ef76d0ab071e3a7dcdfbaf8') in 0.0226494 seconds
Number of updated asset objects reloaded before import = 0Number of asset objects unloaded after import = 3

========================================================================
Received Import Request.
  Time since last request: 0.000026 seconds.
  path: Assets/New Asssets/BlueWizard/2BlueWizardJump/Dash3/Dash3_00002.png
  artifactKey: Guid(56a520fa626096141b0f114d409650be) Importer(815301076,1909f56bfc062723c751e8b465ee728b)
Start importing Assets/New Asssets/BlueWizard/2BlueWizardJump/Dash3/Dash3_00002.png using Guid(56a520fa626096141b0f114d409650be) Importer(815301076,1909f56bfc062723c751e8b465ee728b) (PreviewImporter) -> (artifact id: '6784684a18f34009f04c5241d00ce3f5') in 0.0219629 seconds
Number of updated asset objects reloaded before import = 0Number of asset objects unloaded after import = 3

========================================================================
Received Import Request.
  Time since last request: 0.000031 seconds.
  path: Assets/New Asssets/BlueWizard/2BlueWizardJump/Dash3/Dash3_00011.png
  artifactKey: Guid(04642ef1f74c26440a500d012b4ea234) Importer(815301076,1909f56bfc062723c751e8b465ee728b)
Start importing Assets/New Asssets/BlueWizard/2BlueWizardJump/Dash3/Dash3_00011.png using Guid(04642ef1f74c26440a500d012b4ea234) Importer(815301076,1909f56bfc062723c751e8b465ee728b) (PreviewImporter) -> (artifact id: '3a8f2793e2c7b06d5c4b01c09fccf787') in 0.0217387 seconds
Number of updated asset objects reloaded before import = 0Number of asset objects unloaded after import = 3

========================================================================
Received Import Request.
  Time since last request: 0.000035 seconds.
  path: Assets/New Asssets/BlueWizard/2BlueWizardJump/Dash2/DashBlue_00003.png
  artifactKey: Guid(e1993808f034e6e46a19fcc4999a3f46) Importer(815301076,1909f56bfc062723c751e8b465ee728b)
Start importing Assets/New Asssets/BlueWizard/2BlueWizardJump/Dash2/DashBlue_00003.png using Guid(e1993808f034e6e46a19fcc4999a3f46) Importer(815301076,1909f56bfc062723c751e8b465ee728b) (PreviewImporter) -> (artifact id: '91596fa47770d4b9d029f5f500eaeaa5') in 0.0220334 seconds
Number of updated asset objects reloaded before import = 0Number of asset objects unloaded after import = 3

========================================================================
Received Import Request.
  Time since last request: 0.000022 seconds.
  path: Assets/New Asssets/Plant Animations/PlantJump/JumpPlant_00009.png
  artifactKey: Guid(6fd9e1c8e8fca5a4e973b9586d6ccfb7) Importer(815301076,1909f56bfc062723c751e8b465ee728b)
Start importing Assets/New Asssets/Plant Animations/PlantJump/JumpPlant_00009.png using Guid(6fd9e1c8e8fca5a4e973b9586d6ccfb7) Importer(815301076,1909f56bfc062723c751e8b465ee728b) (PreviewImporter) -> (artifact id: 'a8a711a9fa67e8f681d97fbcb0a31aa7') in 0.0236789 seconds
Number of updated asset objects reloaded before import = 0Number of asset objects unloaded after import = 3

========================================================================
Received Import Request.
  Time since last request: 0.000036 seconds.
  path: Assets/New Asssets/Plant Animations/PlantJump2/JumpPlant 2_00008.png
  artifactKey: Guid(cb020619f6ac42749abf7328ade72978) Importer(815301076,1909f56bfc062723c751e8b465ee728b)
Start importing Assets/New Asssets/Plant Animations/PlantJump2/JumpPlant 2_00008.png using Guid(cb020619f6ac42749abf7328ade72978) Importer(815301076,1909f56bfc062723c751e8b465ee728b) (PreviewImporter) -> (artifact id: 'c592577c3ec3d413d6ab352aa49efbdb') in 0.0218445 seconds
Number of updated asset objects reloaded before import = 0Number of asset objects unloaded after import = 3

Editor requested this worker to shutdown with reason: Scaling down because of idle timeout
AssetImportWorker is now disconnected from the server
Process exiting
Exiting without the bug reporter. Application will terminate with return code 0